scene_id,scene_category,scene_name,lab_environment,camera,lighting,product_hero,product_form_detail,compound_id,compound_name,canonical_url,scene_brief,caption_lock,status,rotation_order,last_used_date
LAB-001,lab_scene,Lab environment 01,wide sterile ISO cleanroom with HEPA ceiling grid and clean floor lane markings,"wide establishing shot, 24mm equivalent, deep focus",cool cyan-blue biotech rim with soft overhead panels,no product close-up; full laboratory environment; compound identity via on-image typography and optional distant labeled research material on a bench,,V-KLO-001,KPV / BPC-157 / TB-500 / GHK-Cu,https://www.palmbeach-vitality.store/products/klow-kpv-bpc-157-tb-500-ghk,"FULL LAB SCENE (wide). Environment: wide sterile ISO cleanroom with HEPA ceiling grid and clean floor lane markings. Camera: wide establishing shot, 24mm equivalent, deep focus. Lighting: cool cyan-blue biotech rim with soft overhead panels. Do not crop to a single object. Show the entire research space. Product lock for captions/typography only: KPV / BPC-157 / TB-500 / GHK-Cu (V-KLO-001). Optional: one distant labeled research unit on a bench — never a macro close-up. SIGNAGE RULE: premium clean research lab only. No safety placards, no industrial alert graphics, no trefoil icons, no striped floor tape, no danger banners. Do not print alert words on walls, floors, labels, or posters. Only neutral room names and product typography.",Captions MUST be only about KPV / BPC-157 / TB-500 / GHK-Cu (V-KLO-001) and its catalog listing.,Active,1,
LAB-002,lab_scene,Lab environment 02,multi-bay peptide synthesis suite with tall glass reactors and walkways,elevated three-quarter wide shot of the whole bay,warm-neutral catalog softboxes with clean speculars,no product close-up; full laboratory environment; compound identity via on-image typography and optional distant labeled research material on a bench,,V-MOT-001,MOTS-C,https://www.palmbeach-vitality.store/products/mots-c-10mg-5ml-vial,"FULL LAB SCENE (wide). Environment: multi-bay peptide synthesis suite with tall glass reactors and walkways. Camera: elevated three-quarter wide shot of the whole bay. Lighting: warm-neutral catalog softboxes with clean speculars. Do not crop to a single object. Show the entire research space. Product lock for captions/typography only: MOTS-C (V-MOT-001). Optional: one distant labeled research unit on a bench — never a macro close-up. SIGNAGE RULE: premium clean research lab only. No safety placards, no industrial alert graphics, no trefoil icons, no striped floor tape, no danger banners. Do not print alert words on walls, floors, labels, or posters. Only neutral room names and product typography.",Captions MUST be only about MOTS-C (V-MOT-001) and its catalog listing.,Active,2,
LAB-003,lab_scene,Lab environment 03,analytical chemistry corridor lined with HPLC and LC-MS instrument banks,dolly-style wide hallway perspective into the lab,"high-key sterile white lighting, minimal shadows",no product close-up; full laboratory environment; compound identity via on-image typography and optional distant labeled research material on a bench,,V-NAD-001,NAD+,https://www.palmbeach-vitality.store/products/nad-1,"FULL LAB SCENE (wide). Environment: analytical chemistry corridor lined with HPLC and LC-MS instrument banks. Camera: dolly-style wide hallway perspective into the lab. Lighting: high-key sterile white lighting, minimal shadows. Do not crop to a single object. Show the entire research space. Product lock for captions/typography only: NAD+ (V-NAD-001). Optional: one distant labeled research unit on a bench — never a macro close-up. SIGNAGE RULE: premium clean research lab only. No safety placards, no industrial alert graphics, no trefoil icons, no striped floor tape, no danger banners. Do not print alert words on walls, floors, labels, or posters. Only neutral room names and product typography.",Captions MUST be only about NAD+ (V-NAD-001) and its catalog listing.,Active,3,
LAB-004,lab_scene,Lab environment 04,cold-chain vault anteroom with stainless freezers and temperature displays,architectural wide shot showing ceiling utilities and floor plane,low-key dramatic instrument LEDs with controlled haze,no product close-up; full laboratory environment; compound identity via on-image typography and optional distant labeled research material on a bench,,V-PT1-001,PT-141,https://www.palmbeach-vitality.store/products/pt-141,"FULL LAB SCENE (wide). Environment: cold-chain vault anteroom with stainless freezers and temperature displays. Camera: architectural wide shot showing ceiling utilities and floor plane. Lighting: low-key dramatic instrument LEDs with controlled haze. Do not crop to a single object. Show the entire research space. Product lock for captions/typography only: PT-141 (V-PT1-001). Optional: one distant labeled research unit on a bench — never a macro close-up. SIGNAGE RULE: premium clean research lab only. No safety placards, no industrial alert graphics, no trefoil icons, no striped floor tape, no danger banners. Do not print alert words on walls, floors, labels, or posters. Only neutral room names and product typography.",Captions MUST be only about PT-141 (V-PT1-001) and its catalog listing.,Active,4,
LAB-005,lab_scene,Lab environment 05,formulation suite with laminar flow hoods in a long laboratory hall,medium-wide environmental shot with product as a small mid-ground element,daylight through clerestory windows plus fill cards,no product close-up; full laboratory environment; compound identity via on-image typography and optional distant labeled research material on a bench,,V-SEL-001,Selank,https://www.palmbeach-vitality.store/products/selank,"FULL LAB SCENE (wide). Environment: formulation suite with laminar flow hoods in a long laboratory hall. Camera: medium-wide environmental shot with product as a small mid-ground element. Lighting: daylight through clerestory windows plus fill cards. Do not crop to a single object. Show the entire research space. Product lock for captions/typography only: Selank (V-SEL-001). Optional: one distant labeled research unit on a bench — never a macro close-up. SIGNAGE RULE: premium clean research lab only. No safety placards, no industrial alert graphics, no trefoil icons, no striped floor tape, no danger banners. Do not print alert words on walls, floors, labels, or posters. Only neutral room names and product typography.",Captions MUST be only about Selank (V-SEL-001) and its catalog listing.,Active,5,
LAB-006,lab_scene,Lab environment 06,"quality-control lab with assay benches, vial racks, and instrument glow","wide establishing shot, 24mm equivalent, deep focus",cool cyan-blue biotech rim with soft overhead panels,no product close-up; full laboratory environment; compound identity via on-image typography and optional distant labeled research material on a bench,,V-SER-001,Sermorelin,https://www.palmbeach-vitality.store/products/sermorelin,"FULL LAB SCENE (wide). Environment: quality-control lab with assay benches, vial racks, and instrument glow. Camera: wide establishing shot, 24mm equivalent, deep focus. Lighting: cool cyan-blue biotech rim with soft overhead panels. Do not crop to a single object. Show the entire research space. Product lock for captions/typography only: Sermorelin (V-SER-001). Optional: one distant labeled research unit on a bench — never a macro close-up. SIGNAGE RULE: premium clean research lab only. No safety placards, no industrial alert graphics, no trefoil icons, no striped floor tape, no danger banners. Do not print alert words on walls, floors, labels, or posters. Only neutral room names and product typography.",Captions MUST be only about Sermorelin (V-SER-001) and its catalog listing.,Active,6,
LAB-007,lab_scene,Lab environment 07,prototype engineering bay with peptide synthesizer chassis and cable trays,elevated three-quarter wide shot of the whole bay,warm-neutral catalog softboxes with clean speculars,no product close-up; full laboratory environment; compound identity via on-image typography and optional distant labeled research material on a bench,,V-SS3-001,SS-31,https://www.palmbeach-vitality.store/products/ss-31,"FULL LAB SCENE (wide). Environment: prototype engineering bay with peptide synthesizer chassis and cable trays. Camera: elevated three-quarter wide shot of the whole bay. Lighting: warm-neutral catalog softboxes with clean speculars. Do not crop to a single object. Show the entire research space. Product lock for captions/typography only: SS-31 (V-SS3-001). Optional: one distant labeled research unit on a bench — never a macro close-up. SIGNAGE RULE: premium clean research lab only. No safety placards, no industrial alert graphics, no trefoil icons, no striped floor tape, no danger banners. Do not print alert words on walls, floors, labels, or posters. Only neutral room names and product typography.",Captions MUST be only about SS-31 (V-SS3-001) and its catalog listing.,Active,7,
LAB-008,lab_scene,Lab environment 08,dark-mode futuristic biotech floor with cyan LED path lighting,dolly-style wide hallway perspective into the lab,"high-key sterile white lighting, minimal shadows",no product close-up; full laboratory environment; compound identity via on-image typography and optional distant labeled research material on a bench,,V-TB5-001,TB-500,https://www.palmbeach-vitality.store/products/tb-500,"FULL LAB SCENE (wide). Environment: dark-mode futuristic biotech floor with cyan LED path lighting. Camera: dolly-style wide hallway perspective into the lab. Lighting: high-key sterile white lighting, minimal shadows. Do not crop to a single object. Show the entire research space. Product lock for captions/typography only: TB-500 (V-TB5-001). Optional: one distant labeled research unit on a bench — never a macro close-up. SIGNAGE RULE: premium clean research lab only. No safety placards, no industrial alert graphics, no trefoil icons, no striped floor tape, no danger banners. Do not print alert words on walls, floors, labels, or posters. Only neutral room names and product typography.",Captions MUST be only about TB-500 (V-TB5-001) and its catalog listing.,Active,8,
LAB-009,lab_scene,Lab environment 09,glass-walled observation gallery overlooking a synthesis cleanroom,architectural wide shot showing ceiling utilities and floor plane,low-key dramatic instrument LEDs with controlled haze,no product close-up; full laboratory environment; compound identity via on-image typography and optional distant labeled research material on a bench,,V-TES-001,Tesamorelin,https://www.palmbeach-vitality.store/products/tesamorelin,"FULL LAB SCENE (wide). Environment: glass-walled observation gallery overlooking a synthesis cleanroom. Camera: architectural wide shot showing ceiling utilities and floor plane. Lighting: low-key dramatic instrument LEDs with controlled haze. Do not crop to a single object. Show the entire research space. Product lock for captions/typography only: Tesamorelin (V-TES-001). Optional: one distant labeled research unit on a bench — never a macro close-up. SIGNAGE RULE: premium clean research lab only. No safety placards, no industrial alert graphics, no trefoil icons, no striped floor tape, no danger banners. Do not print alert words on walls, floors, labels, or posters. Only neutral room names and product typography.",Captions MUST be only about Tesamorelin (V-TES-001) and its catalog listing.,Active,9,
LAB-010,lab_scene,Lab environment 10,central lab atrium with mezzanine instruments and hanging utility drops,medium-wide environmental shot with product as a small mid-ground element,daylight through clerestory windows plus fill cards,no product close-up; full laboratory environment; compound identity via on-image typography and optional distant labeled research material on a bench,,V-BPC-001,BPC-157,https://www.palmbeach-vitality.store/products/bpc-157,"FULL LAB SCENE (wide). Environment: central lab atrium with mezzanine instruments and hanging utility drops. Camera: medium-wide environmental shot with product as a small mid-ground element. Lighting: daylight through clerestory windows plus fill cards. Do not crop to a single object. Show the entire research space. Product lock for captions/typography only: BPC-157 (V-BPC-001). Optional: one distant labeled research unit on a bench — never a macro close-up. SIGNAGE RULE: premium clean research lab only. No safety placards, no industrial alert graphics, no trefoil icons, no striped floor tape, no danger banners. Do not print alert words on walls, floors, labels, or posters. Only neutral room names and product typography.",Captions MUST be only about BPC-157 (V-BPC-001) and its catalog listing.,Active,10,
LAB-011,lab_scene,Lab environment 11,chromatography alley with tall columns and solvent cabinets,"wide establishing shot, 24mm equivalent, deep focus",cool cyan-blue biotech rim with soft overhead panels,no product close-up; full laboratory environment; compound identity via on-image typography and optional distant labeled research material on a bench,,V-WOL-001,BPC-157 / TB-500,https://www.palmbeach-vitality.store/products/wolverine-stack,"FULL LAB SCENE (wide). Environment: chromatography alley with tall columns and solvent cabinets. Camera: wide establishing shot, 24mm equivalent, deep focus. Lighting: cool cyan-blue biotech rim with soft overhead panels. Do not crop to a single object. Show the entire research space. Product lock for captions/typography only: BPC-157 / TB-500 (V-WOL-001). Optional: one distant labeled research unit on a bench — never a macro close-up. SIGNAGE RULE: premium clean research lab only. No safety placards, no industrial alert graphics, no trefoil icons, no striped floor tape, no danger banners. Do not print alert words on walls, floors, labels, or posters. Only neutral room names and product typography.",Captions MUST be only about BPC-157 / TB-500 (V-WOL-001) and its catalog listing.,Active,11,
LAB-012,lab_scene,Lab environment 12,sample-prep wing with stainless benches and organized glassware walls,elevated three-quarter wide shot of the whole bay,warm-neutral catalog softboxes with clean speculars,no product close-up; full laboratory environment; compound identity via on-image typography and optional distant labeled research material on a bench,,V-CAG-001,Cagrilinitide,https://www.palmbeach-vitality.store/products/cargrilinitide,"FULL LAB SCENE (wide). Environment: sample-prep wing with stainless benches and organized glassware walls. Camera: elevated three-quarter wide shot of the whole bay. Lighting: warm-neutral catalog softboxes with clean speculars. Do not crop to a single object. Show the entire research space. Product lock for captions/typography only: Cagrilinitide (V-CAG-001). Optional: one distant labeled research unit on a bench — never a macro close-up. SIGNAGE RULE: premium clean research lab only. No safety placards, no industrial alert graphics, no trefoil icons, no striped floor tape, no danger banners. Do not print alert words on walls, floors, labels, or posters. Only neutral room names and product typography.",Captions MUST be only about Cagrilinitide (V-CAG-001) and its catalog listing.,Active,12,
LAB-013,lab_scene,Lab environment 13,stability testing room with climate chambers in repeating rows,dolly-style wide hallway perspective into the lab,"high-key sterile white lighting, minimal shadows",no product close-up; full laboratory environment; compound identity via on-image typography and optional distant labeled research material on a bench,,V-CJC-001,CJC (no DAC),https://www.palmbeach-vitality.store/products/cjc,"FULL LAB SCENE (wide). Environment: stability testing room with climate chambers in repeating rows. Camera: dolly-style wide hallway perspective into the lab. Lighting: high-key sterile white lighting, minimal shadows. Do not crop to a single object. Show the entire research space. Product lock for captions/typography only: CJC (no DAC) (V-CJC-001). Optional: one distant labeled research unit on a bench — never a macro close-up. SIGNAGE RULE: premium clean research lab only. No safety placards, no industrial alert graphics, no trefoil icons, no striped floor tape, no danger banners. Do not print alert words on walls, floors, labels, or posters. Only neutral room names and product typography.",Captions MUST be only about CJC (no DAC) (V-CJC-001) and its catalog listing.,Active,13,
LAB-014,lab_scene,Lab environment 14,receiving / quarantine lab with labeled totes and barcode stations,architectural wide shot showing ceiling utilities and floor plane,low-key dramatic instrument LEDs with controlled haze,no product close-up; full laboratory environment; compound identity via on-image typography and optional distant labeled research material on a bench,,V-CII-001,CJC (no DAC)/Ipamorelin,https://www.palmbeach-vitality.store/products/cjc-ipamorelin,"FULL LAB SCENE (wide). Environment: receiving / quarantine lab with labeled totes and barcode stations. Camera: architectural wide shot showing ceiling utilities and floor plane. Lighting: low-key dramatic instrument LEDs with controlled haze. Do not crop to a single object. Show the entire research space. Product lock for captions/typography only: CJC (no DAC)/Ipamorelin (V-CII-001). Optional: one distant labeled research unit on a bench — never a macro close-up. SIGNAGE RULE: premium clean research lab only. No safety placards, no industrial alert graphics, no trefoil icons, no striped floor tape, no danger banners. Do not print alert words on walls, floors, labels, or posters. Only neutral room names and product typography.",Captions MUST be only about CJC (no DAC)/Ipamorelin (V-CII-001) and its catalog listing.,Active,14,
LAB-015,lab_scene,Lab environment 15,method-development lab with whiteboards and modular instrument islands,medium-wide environmental shot with product as a small mid-ground element,daylight through clerestory windows plus fill cards,no product close-up; full laboratory environment; compound identity via on-image typography and optional distant labeled research material on a bench,,V-GHK-001,GHK-Cu,https://www.palmbeach-vitality.store/products/ghk-cu,"FULL LAB SCENE (wide). Environment: method-development lab with whiteboards and modular instrument islands. Camera: medium-wide environmental shot with product as a small mid-ground element. Lighting: daylight through clerestory windows plus fill cards. Do not crop to a single object. Show the entire research space. Product lock for captions/typography only: GHK-Cu (V-GHK-001). Optional: one distant labeled research unit on a bench — never a macro close-up. SIGNAGE RULE: premium clean research lab only. No safety placards, no industrial alert graphics, no trefoil icons, no striped floor tape, no danger banners. Do not print alert words on walls, floors, labels, or posters. Only neutral room names and product typography.",Captions MUST be only about GHK-Cu (V-GHK-001) and its catalog listing.,Active,15,
LAB-016,lab_scene,Lab environment 16,lyophilization suite with freeze-dryer banks and vapor ducting,"wide establishing shot, 24mm equivalent, deep focus",cool cyan-blue biotech rim with soft overhead panels,no product close-up; full laboratory environment; compound identity via on-image typography and optional distant labeled research material on a bench,,V-GLO-001,BPC-157 / TB-500 / GHK-Cu,https://www.palmbeach-vitality.store/products/glow,"FULL LAB SCENE (wide). Environment: lyophilization suite with freeze-dryer banks and vapor ducting. Camera: wide establishing shot, 24mm equivalent, deep focus. Lighting: cool cyan-blue biotech rim with soft overhead panels. Do not crop to a single object. Show the entire research space. Product lock for captions/typography only: BPC-157 / TB-500 / GHK-Cu (V-GLO-001). Optional: one distant labeled research unit on a bench — never a macro close-up. SIGNAGE RULE: premium clean research lab only. No safety placards, no industrial alert graphics, no trefoil icons, no striped floor tape, no danger banners. Do not print alert words on walls, floors, labels, or posters. Only neutral room names and product typography.",Captions MUST be only about BPC-157 / TB-500 / GHK-Cu (V-GLO-001) and its catalog listing.,Active,16,
LAB-017,lab_scene,Lab environment 17,fill-finish adjacent staging room with pass-through windows (no people),elevated three-quarter wide shot of the whole bay,warm-neutral catalog softboxes with clean speculars,no product close-up; full laboratory environment; compound identity via on-image typography and optional distant labeled research material on a bench,,V-TA1-001,Thymosin Alpha-1,https://www.palmbeach-vitality.store/products/ta-1,"FULL LAB SCENE (wide). Environment: fill-finish adjacent staging room with pass-through windows (no people). Camera: elevated three-quarter wide shot of the whole bay. Lighting: warm-neutral catalog softboxes with clean speculars. Do not crop to a single object. Show the entire research space. Product lock for captions/typography only: Thymosin Alpha-1 (V-TA1-001). Optional: one distant labeled research unit on a bench — never a macro close-up. SIGNAGE RULE: premium clean research lab only. No safety placards, no industrial alert graphics, no trefoil icons, no striped floor tape, no danger banners. Do not print alert words on walls, floors, labels, or posters. Only neutral room names and product typography.",Captions MUST be only about Thymosin Alpha-1 (V-TA1-001) and its catalog listing.,Active,17,
LAB-018,lab_scene,Lab environment 18,robotics-assisted assay bay with idle robotic arms over plate hotels,dolly-style wide hallway perspective into the lab,"high-key sterile white lighting, minimal shadows",no product close-up; full laboratory environment; compound identity via on-image typography and optional distant labeled research material on a bench,,V-AOD-001,AOD-9604,https://www.palmbeach-vitality.store/products/aod-9604,"FULL LAB SCENE (wide). Environment: robotics-assisted assay bay with idle robotic arms over plate hotels. Camera: dolly-style wide hallway perspective into the lab. Lighting: high-key sterile white lighting, minimal shadows. Do not crop to a single object. Show the entire research space. Product lock for captions/typography only: AOD-9604 (V-AOD-001). Optional: one distant labeled research unit on a bench — never a macro close-up. SIGNAGE RULE: premium clean research lab only. No safety placards, no industrial alert graphics, no trefoil icons, no striped floor tape, no danger banners. Do not print alert words on walls, floors, labels, or posters. Only neutral room names and product typography.",Captions MUST be only about AOD-9604 (V-AOD-001) and its catalog listing.,Active,18,
LAB-019,lab_scene,Lab environment 19,optical inspection corridor with softbox lighting and mirror panels,architectural wide shot showing ceiling utilities and floor plane,low-key dramatic instrument LEDs with controlled haze,no product close-up; full laboratory environment; compound identity via on-image typography and optional distant labeled research material on a bench,,V-MT2-001,Melanotan 2,https://www.palmbeach-vitality.store/products/melonotan,"FULL LAB SCENE (wide). Environment: optical inspection corridor with softbox lighting and mirror panels. Camera: architectural wide shot showing ceiling utilities and floor plane. Lighting: low-key dramatic instrument LEDs with controlled haze. Do not crop to a single object. Show the entire research space. Product lock for captions/typography only: Melanotan 2 (V-MT2-001). Optional: one distant labeled research unit on a bench — never a macro close-up. SIGNAGE RULE: premium clean research lab only. No safety placards, no industrial alert graphics, no trefoil icons, no striped floor tape, no danger banners. Do not print alert words on walls, floors, labels, or posters. Only neutral room names and product typography.",Captions MUST be only about Melanotan 2 (V-MT2-001) and its catalog listing.,Active,19,
LAB-020,lab_scene,Lab environment 20,solvent storage adjacent wet lab with chemical shower niche (empty),medium-wide environmental shot with product as a small mid-ground element,daylight through clerestory windows plus fill cards,no product close-up; full laboratory environment; compound identity via on-image typography and optional distant labeled research material on a bench,,V-RET-001,Retatrutide,https://www.palmbeach-vitality.store/products/retatrutide,"FULL LAB SCENE (wide). Environment: solvent storage adjacent wet lab with chemical shower niche (empty). Camera: medium-wide environmental shot with product as a small mid-ground element. Lighting: daylight through clerestory windows plus fill cards. Do not crop to a single object. Show the entire research space. Product lock for captions/typography only: Retatrutide (V-RET-001). Optional: one distant labeled research unit on a bench — never a macro close-up. SIGNAGE RULE: premium clean research lab only. No safety placards, no industrial alert graphics, no trefoil icons, no striped floor tape, no danger banners. Do not print alert words on walls, floors, labels, or posters. Only neutral room names and product typography.",Captions MUST be only about Retatrutide (V-RET-001) and its catalog listing.,Active,20,
LAB-021,lab_scene,Lab environment 21,NMR / spectroscopy annex with instrument rooms along a hallway,"wide establishing shot, 24mm equivalent, deep focus",cool cyan-blue biotech rim with soft overhead panels,no product close-up; full laboratory environment; compound identity via on-image typography and optional distant labeled research material on a bench,,V-TIR-001,Tirzepatide,https://www.palmbeach-vitality.store/products/tirzepatide,"FULL LAB SCENE (wide). Environment: NMR / spectroscopy annex with instrument rooms along a hallway. Camera: wide establishing shot, 24mm equivalent, deep focus. Lighting: cool cyan-blue biotech rim with soft overhead panels. Do not crop to a single object. Show the entire research space. Product lock for captions/typography only: Tirzepatide (V-TIR-001). Optional: one distant labeled research unit on a bench — never a macro close-up. SIGNAGE RULE: premium clean research lab only. No safety placards, no industrial alert graphics, no trefoil icons, no striped floor tape, no danger banners. Do not print alert words on walls, floors, labels, or posters. Only neutral room names and product typography.",Captions MUST be only about Tirzepatide (V-TIR-001) and its catalog listing.,Active,21,
LAB-022,lab_scene,Lab environment 22,bioreactor gallery with cylindrical vessels and control panels,elevated three-quarter wide shot of the whole bay,warm-neutral catalog softboxes with clean speculars,no product close-up; full laboratory environment; compound identity via on-image typography and optional distant labeled research material on a bench,,V-SEM-001,Semaglutide,https://www.palmbeach-vitality.store/products/semaglutide,"FULL LAB SCENE (wide). Environment: bioreactor gallery with cylindrical vessels and control panels. Camera: elevated three-quarter wide shot of the whole bay. Lighting: warm-neutral catalog softboxes with clean speculars. Do not crop to a single object. Show the entire research space. Product lock for captions/typography only: Semaglutide (V-SEM-001). Optional: one distant labeled research unit on a bench — never a macro close-up. SIGNAGE RULE: premium clean research lab only. No safety placards, no industrial alert graphics, no trefoil icons, no striped floor tape, no danger banners. Do not print alert words on walls, floors, labels, or posters. Only neutral room names and product typography.",Captions MUST be only about Semaglutide (V-SEM-001) and its catalog listing.,Active,22,
LAB-023,lab_scene,Lab environment 23,clean packaging prep room with acrylic risers and catalog lighting,dolly-style wide hallway perspective into the lab,"high-key sterile white lighting, minimal shadows",no product close-up; full laboratory environment; compound identity via on-image typography and optional distant labeled research material on a bench,,P-KLO-001,KPV / BPC-157 / TB-500 / GHK-Cu,https://www.palmbeach-vitality.store/products/klow-pen,"FULL LAB SCENE (wide). Environment: clean packaging prep room with acrylic risers and catalog lighting. Camera: dolly-style wide hallway perspective into the lab. Lighting: high-key sterile white lighting, minimal shadows. Do not crop to a single object. Show the entire research space. Product lock for captions/typography only: KPV / BPC-157 / TB-500 / GHK-Cu (P-KLO-001). Optional: one distant labeled research unit on a bench — never a macro close-up. SIGNAGE RULE: premium clean research lab only. No safety placards, no industrial alert graphics, no trefoil icons, no striped floor tape, no danger banners. Do not print alert words on walls, floors, labels, or posters. Only neutral room names and product typography.",Captions MUST be only about KPV / BPC-157 / TB-500 / GHK-Cu (P-KLO-001) and its catalog listing.,Active,23,
LAB-024,lab_scene,Lab environment 24,midnight-shift lab with low ambient light and instrument standby LEDs,architectural wide shot showing ceiling utilities and floor plane,low-key dramatic instrument LEDs with controlled haze,no product close-up; full laboratory environment; compound identity via on-image typography and optional distant labeled research material on a bench,,P-MOT-001,MOTS-C,https://www.palmbeach-vitality.store/products/mots-c,"FULL LAB SCENE (wide). Environment: midnight-shift lab with low ambient light and instrument standby LEDs. Camera: architectural wide shot showing ceiling utilities and floor plane. Lighting: low-key dramatic instrument LEDs with controlled haze. Do not crop to a single object. Show the entire research space. Product lock for captions/typography only: MOTS-C (P-MOT-001). Optional: one distant labeled research unit on a bench — never a macro close-up. SIGNAGE RULE: premium clean research lab only. No safety placards, no industrial alert graphics, no trefoil icons, no striped floor tape, no danger banners. Do not print alert words on walls, floors, labels, or posters. Only neutral room names and product typography.",Captions MUST be only about MOTS-C (P-MOT-001) and its catalog listing.,Active,24,
LAB-025,lab_scene,Lab environment 25,mezzanine utility corridor above the main synthesis floor,medium-wide environmental shot with product as a small mid-ground element,daylight through clerestory windows plus fill cards,no product close-up; full laboratory environment; compound identity via on-image typography and optional distant labeled research material on a bench,,P-NAD-001,NAD+,https://www.palmbeach-vitality.store/products/nad-pen-500mg,"FULL LAB SCENE (wide). Environment: mezzanine utility corridor above the main synthesis floor. Camera: medium-wide environmental shot with product as a small mid-ground element. Lighting: daylight through clerestory windows plus fill cards. Do not crop to a single object. Show the entire research space. Product lock for captions/typography only: NAD+ (P-NAD-001). Optional: one distant labeled research unit on a bench — never a macro close-up. SIGNAGE RULE: premium clean research lab only. No safety placards, no industrial alert graphics, no trefoil icons, no striped floor tape, no danger banners. Do not print alert words on walls, floors, labels, or posters. Only neutral room names and product typography.",Captions MUST be only about NAD+ (P-NAD-001) and its catalog listing.,Active,25,
LAB-026,lab_scene,Lab environment 26,glassware wash-adjacent prep lab with drying racks in perspective,"wide establishing shot, 24mm equivalent, deep focus",cool cyan-blue biotech rim with soft overhead panels,no product close-up; full laboratory environment; compound identity via on-image typography and optional distant labeled research material on a bench,,P-PT1-001,PT-141,https://www.palmbeach-vitality.store/products/pt-141-pen,"FULL LAB SCENE (wide). Environment: glassware wash-adjacent prep lab with drying racks in perspective. Camera: wide establishing shot, 24mm equivalent, deep focus. Lighting: cool cyan-blue biotech rim with soft overhead panels. Do not crop to a single object. Show the entire research space. Product lock for captions/typography only: PT-141 (P-PT1-001). Optional: one distant labeled research unit on a bench — never a macro close-up. SIGNAGE RULE: premium clean research lab only. No safety placards, no industrial alert graphics, no trefoil icons, no striped floor tape, no danger banners. Do not print alert words on walls, floors, labels, or posters. Only neutral room names and product typography.",Captions MUST be only about PT-141 (P-PT1-001) and its catalog listing.,Active,26,
LAB-027,lab_scene,Lab environment 27,calibration lab with metrology benches and precision fixtures,elevated three-quarter wide shot of the whole bay,warm-neutral catalog softboxes with clean speculars,no product close-up; full laboratory environment; compound identity via on-image typography and optional distant labeled research material on a bench,,P-SMX-001,Semax,https://www.palmbeach-vitality.store/products/semax-pen,"FULL LAB SCENE (wide). Environment: calibration lab with metrology benches and precision fixtures. Camera: elevated three-quarter wide shot of the whole bay. Lighting: warm-neutral catalog softboxes with clean speculars. Do not crop to a single object. Show the entire research space. Product lock for captions/typography only: Semax (P-SMX-001). Optional: one distant labeled research unit on a bench — never a macro close-up. SIGNAGE RULE: premium clean research lab only. No safety placards, no industrial alert graphics, no trefoil icons, no striped floor tape, no danger banners. Do not print alert words on walls, floors, labels, or posters. Only neutral room names and product typography.",Captions MUST be only about Semax (P-SMX-001) and its catalog listing.,Active,27,
LAB-028,lab_scene,Lab environment 28,data-center-adjacent lab control room with wall displays (no faces),dolly-style wide hallway perspective into the lab,"high-key sterile white lighting, minimal shadows",no product close-up; full laboratory environment; compound identity via on-image typography and optional distant labeled research material on a bench,,P-SEL-001,Selank,https://www.palmbeach-vitality.store/products/selank-pen,"FULL LAB SCENE (wide). Environment: data-center-adjacent lab control room with wall displays (no faces). Camera: dolly-style wide hallway perspective into the lab. Lighting: high-key sterile white lighting, minimal shadows. Do not crop to a single object. Show the entire research space. Product lock for captions/typography only: Selank (P-SEL-001). Optional: one distant labeled research unit on a bench — never a macro close-up. SIGNAGE RULE: premium clean research lab only. No safety placards, no industrial alert graphics, no trefoil icons, no striped floor tape, no danger banners. Do not print alert words on walls, floors, labels, or posters. Only neutral room names and product typography.",Captions MUST be only about Selank (P-SEL-001) and its catalog listing.,Active,28,
LAB-029,lab_scene,Lab environment 29,modular containerized lab pods arranged in a warehouse-scale bay,architectural wide shot showing ceiling utilities and floor plane,low-key dramatic instrument LEDs with controlled haze,no product close-up; full laboratory environment; compound identity via on-image typography and optional distant labeled research material on a bench,,P-SER-001,Sermorelin,https://www.palmbeach-vitality.store/products/sermorelin-pen,"FULL LAB SCENE (wide). Environment: modular containerized lab pods arranged in a warehouse-scale bay. Camera: architectural wide shot showing ceiling utilities and floor plane. Lighting: low-key dramatic instrument LEDs with controlled haze. Do not crop to a single object. Show the entire research space. Product lock for captions/typography only: Sermorelin (P-SER-001). Optional: one distant labeled research unit on a bench — never a macro close-up. SIGNAGE RULE: premium clean research lab only. No safety placards, no industrial alert graphics, no trefoil icons, no striped floor tape, no danger banners. Do not print alert words on walls, floors, labels, or posters. Only neutral room names and product typography.",Captions MUST be only about Sermorelin (P-SER-001) and its catalog listing.,Active,29,
LAB-030,lab_scene,Lab environment 30,white high-key research catalog set built as a full laboratory stage,medium-wide environmental shot with product as a small mid-ground element,daylight through clerestory windows plus fill cards,no product close-up; full laboratory environment; compound identity via on-image typography and optional distant labeled research material on a bench,,P-TA1-001,Thymosin Alpha-1,https://www.palmbeach-vitality.store/products/ta-2,"FULL LAB SCENE (wide). Environment: white high-key research catalog set built as a full laboratory stage. Camera: medium-wide environmental shot with product as a small mid-ground element. Lighting: daylight through clerestory windows plus fill cards. Do not crop to a single object. Show the entire research space. Product lock for captions/typography only: Thymosin Alpha-1 (P-TA1-001). Optional: one distant labeled research unit on a bench — never a macro close-up. SIGNAGE RULE: premium clean research lab only. No safety placards, no industrial alert graphics, no trefoil icons, no striped floor tape, no danger banners. Do not print alert words on walls, floors, labels, or posters. Only neutral room names and product typography.",Captions MUST be only about Thymosin Alpha-1 (P-TA1-001) and its catalog listing.,Active,30,
LAB-031,lab_scene,Lab environment 31,bronze-and-glass premium lab lobby transitioning into research floors,"wide establishing shot, 24mm equivalent, deep focus",cool cyan-blue biotech rim with soft overhead panels,no product close-up; full laboratory environment; compound identity via on-image typography and optional distant labeled research material on a bench,,P-TES-001,Tesamorelin,https://www.palmbeach-vitality.store/products/tesamorelin-30mg-pen,"FULL LAB SCENE (wide). Environment: bronze-and-glass premium lab lobby transitioning into research floors. Camera: wide establishing shot, 24mm equivalent, deep focus. Lighting: cool cyan-blue biotech rim with soft overhead panels. Do not crop to a single object. Show the entire research space. Product lock for captions/typography only: Tesamorelin (P-TES-001). Optional: one distant labeled research unit on a bench — never a macro close-up. SIGNAGE RULE: premium clean research lab only. No safety placards, no industrial alert graphics, no trefoil icons, no striped floor tape, no danger banners. Do not print alert words on walls, floors, labels, or posters. Only neutral room names and product typography.",Captions MUST be only about Tesamorelin (P-TES-001) and its catalog listing.,Active,31,
LAB-032,lab_scene,Lab environment 32,underground secure research vault with secure lab doors and airlocks,elevated three-quarter wide shot of the whole bay,warm-neutral catalog softboxes with clean speculars,no product close-up; full laboratory environment; compound identity via on-image typography and optional distant labeled research material on a bench,,P-TEI-001,Tesamorelin/Ipamorelin,https://www.palmbeach-vitality.store/products/tesamorelin-ipamorelin-pen,"FULL LAB SCENE (wide). Environment: underground secure research vault with secure lab doors and airlocks. Camera: elevated three-quarter wide shot of the whole bay. Lighting: warm-neutral catalog softboxes with clean speculars. Do not crop to a single object. Show the entire research space. Product lock for captions/typography only: Tesamorelin/Ipamorelin (P-TEI-001). Optional: one distant labeled research unit on a bench — never a macro close-up. SIGNAGE RULE: premium clean research lab only. No safety placards, no industrial alert graphics, no trefoil icons, no striped floor tape, no danger banners. Do not print alert words on walls, floors, labels, or posters. Only neutral room names and product typography.",Captions MUST be only about Tesamorelin/Ipamorelin (P-TEI-001) and its catalog listing.,Active,32,
LAB-033,lab_scene,Lab environment 33,rooftop mechanical penthouse lab with HVAC and exhaust stacks visible,dolly-style wide hallway perspective into the lab,"high-key sterile white lighting, minimal shadows",no product close-up; full laboratory environment; compound identity via on-image typography and optional distant labeled research material on a bench,,P-BPC-001,BPC-157,https://www.palmbeach-vitality.store/products/bpc-157-pen,"FULL LAB SCENE (wide). Environment: rooftop mechanical penthouse lab with HVAC and exhaust stacks visible. Camera: dolly-style wide hallway perspective into the lab. Lighting: high-key sterile white lighting, minimal shadows. Do not crop to a single object. Show the entire research space. Product lock for captions/typography only: BPC-157 (P-BPC-001). Optional: one distant labeled research unit on a bench — never a macro close-up. SIGNAGE RULE: premium clean research lab only. No safety placards, no industrial alert graphics, no trefoil icons, no striped floor tape, no danger banners. Do not print alert words on walls, floors, labels, or posters. Only neutral room names and product typography.",Captions MUST be only about BPC-157 (P-BPC-001) and its catalog listing.,Active,33,
LAB-034,lab_scene,Lab environment 34,coastal American research campus lab with daylight through clerestory windows,architectural wide shot showing ceiling utilities and floor plane,low-key dramatic instrument LEDs with controlled haze,no product close-up; full laboratory environment; compound identity via on-image typography and optional distant labeled research material on a bench,,P-WOL-001,BPC-157 / TB-500,https://www.palmbeach-vitality.store/products/wolverine-pen,"FULL LAB SCENE (wide). Environment: coastal American research campus lab with daylight through clerestory windows. Camera: architectural wide shot showing ceiling utilities and floor plane. Lighting: low-key dramatic instrument LEDs with controlled haze. Do not crop to a single object. Show the entire research space. Product lock for captions/typography only: BPC-157 / TB-500 (P-WOL-001). Optional: one distant labeled research unit on a bench — never a macro close-up. SIGNAGE RULE: premium clean research lab only. No safety placards, no industrial alert graphics, no trefoil icons, no striped floor tape, no danger banners. Do not print alert words on walls, floors, labels, or posters. Only neutral room names and product typography.",Captions MUST be only about BPC-157 / TB-500 (P-WOL-001) and its catalog listing.,Active,34,
LAB-035,lab_scene,Lab environment 35,blackout photography lab stage dressed as a complete peptide research floor,medium-wide environmental shot with product as a small mid-ground element,daylight through clerestory windows plus fill cards,no product close-up; full laboratory environment; compound identity via on-image typography and optional distant labeled research material on a bench,,P-CII-001,CJC (no DAC)/Ipamorelin,https://www.palmbeach-vitality.store/products/cjc-ipamorelin-1,"FULL LAB SCENE (wide). Environment: blackout photography lab stage dressed as a complete peptide research floor. Camera: medium-wide environmental shot with product as a small mid-ground element. Lighting: daylight through clerestory windows plus fill cards. Do not crop to a single object. Show the entire research space. Product lock for captions/typography only: CJC (no DAC)/Ipamorelin (P-CII-001). Optional: one distant labeled research unit on a bench — never a macro close-up. SIGNAGE RULE: premium clean research lab only. No safety placards, no industrial alert graphics, no trefoil icons, no striped floor tape, no danger banners. Do not print alert words on walls, floors, labels, or posters. Only neutral room names and product typography.",Captions MUST be only about CJC (no DAC)/Ipamorelin (P-CII-001) and its catalog listing.,Active,35,
LAB-036,lab_scene,Lab environment 36,hex-grid raised floor tech lab with cable management under glass tiles,"wide establishing shot, 24mm equivalent, deep focus",cool cyan-blue biotech rim with soft overhead panels,no product close-up; full laboratory environment; compound identity via on-image typography and optional distant labeled research material on a bench,,P-DSI-001,DSIP,https://www.palmbeach-vitality.store/products/dsip-pen,"FULL LAB SCENE (wide). Environment: hex-grid raised floor tech lab with cable management under glass tiles. Camera: wide establishing shot, 24mm equivalent, deep focus. Lighting: cool cyan-blue biotech rim with soft overhead panels. Do not crop to a single object. Show the entire research space. Product lock for captions/typography only: DSIP (P-DSI-001). Optional: one distant labeled research unit on a bench — never a macro close-up. SIGNAGE RULE: premium clean research lab only. No safety placards, no industrial alert graphics, no trefoil icons, no striped floor tape, no danger banners. Do not print alert words on walls, floors, labels, or posters. Only neutral room names and product typography.",Captions MUST be only about DSIP (P-DSI-001) and its catalog listing.,Active,36,
LAB-037,lab_scene,Lab environment 37,double-height synthesis cathedral with hanging reactor scaffolds,elevated three-quarter wide shot of the whole bay,warm-neutral catalog softboxes with clean speculars,no product close-up; full laboratory environment; compound identity via on-image typography and optional distant labeled research material on a bench,,P-GHK-001,GHK-Cu,https://www.palmbeach-vitality.store/products/ghk-cu-pen,"FULL LAB SCENE (wide). Environment: double-height synthesis cathedral with hanging reactor scaffolds. Camera: elevated three-quarter wide shot of the whole bay. Lighting: warm-neutral catalog softboxes with clean speculars. Do not crop to a single object. Show the entire research space. Product lock for captions/typography only: GHK-Cu (P-GHK-001). Optional: one distant labeled research unit on a bench — never a macro close-up. SIGNAGE RULE: premium clean research lab only. No safety placards, no industrial alert graphics, no trefoil icons, no striped floor tape, no danger banners. Do not print alert words on walls, floors, labels, or posters. Only neutral room names and product typography.",Captions MUST be only about GHK-Cu (P-GHK-001) and its catalog listing.,Active,37,
LAB-038,lab_scene,Lab environment 38,narrow instrument canyon between two rows of tall analyzers,dolly-style wide hallway perspective into the lab,"high-key sterile white lighting, minimal shadows",no product close-up; full laboratory environment; compound identity via on-image typography and optional distant labeled research material on a bench,,P-5AM-001,5-Amino-1MQ,https://www.palmbeach-vitality.store/products/5-amino-mq-pen,"FULL LAB SCENE (wide). Environment: narrow instrument canyon between two rows of tall analyzers. Camera: dolly-style wide hallway perspective into the lab. Lighting: high-key sterile white lighting, minimal shadows. Do not crop to a single object. Show the entire research space. Product lock for captions/typography only: 5-Amino-1MQ (P-5AM-001). Optional: one distant labeled research unit on a bench — never a macro close-up. SIGNAGE RULE: premium clean research lab only. No safety placards, no industrial alert graphics, no trefoil icons, no striped floor tape, no danger banners. Do not print alert words on walls, floors, labels, or posters. Only neutral room names and product typography.",Captions MUST be only about 5-Amino-1MQ (P-5AM-001) and its catalog listing.,Active,38,
LAB-039,lab_scene,Lab environment 39,circular collaboration lab (empty) with ring benches and center island,architectural wide shot showing ceiling utilities and floor plane,low-key dramatic instrument LEDs with controlled haze,no product close-up; full laboratory environment; compound identity via on-image typography and optional distant labeled research material on a bench,,P-GLO-001,BPC-157 / TB-500 / GHK-Cu,https://www.palmbeach-vitality.store/products/glow-pen,"FULL LAB SCENE (wide). Environment: circular collaboration lab (empty) with ring benches and center island. Camera: architectural wide shot showing ceiling utilities and floor plane. Lighting: low-key dramatic instrument LEDs with controlled haze. Do not crop to a single object. Show the entire research space. Product lock for captions/typography only: BPC-157 / TB-500 / GHK-Cu (P-GLO-001). Optional: one distant labeled research unit on a bench — never a macro close-up. SIGNAGE RULE: premium clean research lab only. No safety placards, no industrial alert graphics, no trefoil icons, no striped floor tape, no danger banners. Do not print alert words on walls, floors, labels, or posters. Only neutral room names and product typography.",Captions MUST be only about BPC-157 / TB-500 / GHK-Cu (P-GLO-001) and its catalog listing.,Active,39,
LAB-040,lab_scene,Lab environment 40,archive / reference standard vault with labeled drawers and cold cases,medium-wide environmental shot with product as a small mid-ground element,daylight through clerestory windows plus fill cards,no product close-up; full laboratory environment; compound identity via on-image typography and optional distant labeled research material on a bench,,P-SS3-001,SS-31,https://www.palmbeach-vitality.store/products/ss-31-pen,"FULL LAB SCENE (wide). Environment: archive / reference standard vault with labeled drawers and cold cases. Camera: medium-wide environmental shot with product as a small mid-ground element. Lighting: daylight through clerestory windows plus fill cards. Do not crop to a single object. Show the entire research space. Product lock for captions/typography only: SS-31 (P-SS3-001). Optional: one distant labeled research unit on a bench — never a macro close-up. SIGNAGE RULE: premium clean research lab only. No safety placards, no industrial alert graphics, no trefoil icons, no striped floor tape, no danger banners. Do not print alert words on walls, floors, labels, or posters. Only neutral room names and product typography.",Captions MUST be only about SS-31 (P-SS3-001) and its catalog listing.,Active,40,
LAB-041,lab_scene,Lab environment 41,training cleanroom mockup with full gowning anteroom (no people),"wide establishing shot, 24mm equivalent, deep focus",cool cyan-blue biotech rim with soft overhead panels,no product close-up; full laboratory environment; compound identity via on-image typography and optional distant labeled research material on a bench,,P-KPV-001,KPV,https://www.palmbeach-vitality.store/products/kpv,"FULL LAB SCENE (wide). Environment: training cleanroom mockup with full gowning anteroom (no people). Camera: wide establishing shot, 24mm equivalent, deep focus. Lighting: cool cyan-blue biotech rim with soft overhead panels. Do not crop to a single object. Show the entire research space. Product lock for captions/typography only: KPV (P-KPV-001). Optional: one distant labeled research unit on a bench — never a macro close-up. SIGNAGE RULE: premium clean research lab only. No safety placards, no industrial alert graphics, no trefoil icons, no striped floor tape, no danger banners. Do not print alert words on walls, floors, labels, or posters. Only neutral room names and product typography.",Captions MUST be only about KPV (P-KPV-001) and its catalog listing.,Active,41,
LAB-042,lab_scene,Lab environment 42,pilot-scale manufacturing cell with skid systems and utility umbilicals,elevated three-quarter wide shot of the whole bay,warm-neutral catalog softboxes with clean speculars,no product close-up; full laboratory environment; compound identity via on-image typography and optional distant labeled research material on a bench,,P-SEM-001,Semaglutide,https://www.palmbeach-vitality.store/products/semaglutide-1-5mg-pen,"FULL LAB SCENE (wide). Environment: pilot-scale manufacturing cell with skid systems and utility umbilicals. Camera: elevated three-quarter wide shot of the whole bay. Lighting: warm-neutral catalog softboxes with clean speculars. Do not crop to a single object. Show the entire research space. Product lock for captions/typography only: Semaglutide (P-SEM-001). Optional: one distant labeled research unit on a bench — never a macro close-up. SIGNAGE RULE: premium clean research lab only. No safety placards, no industrial alert graphics, no trefoil icons, no striped floor tape, no danger banners. Do not print alert words on walls, floors, labels, or posters. Only neutral room names and product typography.",Captions MUST be only about Semaglutide (P-SEM-001) and its catalog listing.,Active,42,
LAB-043,lab_scene,Lab environment 43,fluorescence-ready dark lab with UV-safe surfaces and instrument towers,dolly-style wide hallway perspective into the lab,"high-key sterile white lighting, minimal shadows",no product close-up; full laboratory environment; compound identity via on-image typography and optional distant labeled research material on a bench,,P-TIR-001,Tirzepatide,https://www.palmbeach-vitality.store/products/tirzepatide-10mg-pen,"FULL LAB SCENE (wide). Environment: fluorescence-ready dark lab with UV-safe surfaces and instrument towers. Camera: dolly-style wide hallway perspective into the lab. Lighting: high-key sterile white lighting, minimal shadows. Do not crop to a single object. Show the entire research space. Product lock for captions/typography only: Tirzepatide (P-TIR-001). Optional: one distant labeled research unit on a bench — never a macro close-up. SIGNAGE RULE: premium clean research lab only. No safety placards, no industrial alert graphics, no trefoil icons, no striped floor tape, no danger banners. Do not print alert words on walls, floors, labels, or posters. Only neutral room names and product typography.",Captions MUST be only about Tirzepatide (P-TIR-001) and its catalog listing.,Active,43,
LAB-044,lab_scene,Lab environment 44,cross-shaped lab intersection of four research corridors,architectural wide shot showing ceiling utilities and floor plane,low-key dramatic instrument LEDs with controlled haze,no product close-up; full laboratory environment; compound identity via on-image typography and optional distant labeled research material on a bench,,P-RET-001,Retatrutide,https://www.palmbeach-vitality.store/products/retatrutride-8mg-pen,"FULL LAB SCENE (wide). Environment: cross-shaped lab intersection of four research corridors. Camera: architectural wide shot showing ceiling utilities and floor plane. Lighting: low-key dramatic instrument LEDs with controlled haze. Do not crop to a single object. Show the entire research space. Product lock for captions/typography only: Retatrutide (P-RET-001). Optional: one distant labeled research unit on a bench — never a macro close-up. SIGNAGE RULE: premium clean research lab only. No safety placards, no industrial alert graphics, no trefoil icons, no striped floor tape, no danger banners. Do not print alert words on walls, floors, labels, or posters. Only neutral room names and product typography.",Captions MUST be only about Retatrutide (P-RET-001) and its catalog listing.,Active,44,
LAB-045,lab_scene,Lab environment 45,floating island benches in a minimalist white future-lab pavilion,medium-wide environmental shot with product as a small mid-ground element,daylight through clerestory windows plus fill cards,no product close-up; full laboratory environment; compound identity via on-image typography and optional distant labeled research material on a bench,,V-KLO-001,KPV / BPC-157 / TB-500 / GHK-Cu,https://www.palmbeach-vitality.store/products/klow-kpv-bpc-157-tb-500-ghk,"FULL LAB SCENE (wide). Environment: floating island benches in a minimalist white future-lab pavilion. Camera: medium-wide environmental shot with product as a small mid-ground element. Lighting: daylight through clerestory windows plus fill cards. Do not crop to a single object. Show the entire research space. Product lock for captions/typography only: KPV / BPC-157 / TB-500 / GHK-Cu (V-KLO-001). Optional: one distant labeled research unit on a bench — never a macro close-up. SIGNAGE RULE: premium clean research lab only. No safety placards, no industrial alert graphics, no trefoil icons, no striped floor tape, no danger banners. Do not print alert words on walls, floors, labels, or posters. Only neutral room names and product typography.",Captions MUST be only about KPV / BPC-157 / TB-500 / GHK-Cu (V-KLO-001) and its catalog listing.,Active,45,
LAB-046,lab_scene,Lab environment 46,copper-piped steampunk-free modern utility spine through a lab hall,"wide establishing shot, 24mm equivalent, deep focus",cool cyan-blue biotech rim with soft overhead panels,no product close-up; full laboratory environment; compound identity via on-image typography and optional distant labeled research material on a bench,,V-MOT-001,MOTS-C,https://www.palmbeach-vitality.store/products/mots-c-10mg-5ml-vial,"FULL LAB SCENE (wide). Environment: copper-piped steampunk-free modern utility spine through a lab hall. Camera: wide establishing shot, 24mm equivalent, deep focus. Lighting: cool cyan-blue biotech rim with soft overhead panels. Do not crop to a single object. Show the entire research space. Product lock for captions/typography only: MOTS-C (V-MOT-001). Optional: one distant labeled research unit on a bench — never a macro close-up. SIGNAGE RULE: premium clean research lab only. No safety placards, no industrial alert graphics, no trefoil icons, no striped floor tape, no danger banners. Do not print alert words on walls, floors, labels, or posters. Only neutral room names and product typography.",Captions MUST be only about MOTS-C (V-MOT-001) and its catalog listing.,Active,46,
LAB-047,lab_scene,Lab environment 47,aquatica-teal themed sterile suite with ocean-glass partitions,elevated three-quarter wide shot of the whole bay,warm-neutral catalog softboxes with clean speculars,no product close-up; full laboratory environment; compound identity via on-image typography and optional distant labeled research material on a bench,,V-NAD-001,NAD+,https://www.palmbeach-vitality.store/products/nad-1,"FULL LAB SCENE (wide). Environment: aquatica-teal themed sterile suite with ocean-glass partitions. Camera: elevated three-quarter wide shot of the whole bay. Lighting: warm-neutral catalog softboxes with clean speculars. Do not crop to a single object. Show the entire research space. Product lock for captions/typography only: NAD+ (V-NAD-001). Optional: one distant labeled research unit on a bench — never a macro close-up. SIGNAGE RULE: premium clean research lab only. No safety placards, no industrial alert graphics, no trefoil icons, no striped floor tape, no danger banners. Do not print alert words on walls, floors, labels, or posters. Only neutral room names and product typography.",Captions MUST be only about NAD+ (V-NAD-001) and its catalog listing.,Active,47,
LAB-048,lab_scene,Lab environment 48,sandstone-and-steel desert research lab with warm hard light,dolly-style wide hallway perspective into the lab,"high-key sterile white lighting, minimal shadows",no product close-up; full laboratory environment; compound identity via on-image typography and optional distant labeled research material on a bench,,V-PT1-001,PT-141,https://www.palmbeach-vitality.store/products/pt-141,"FULL LAB SCENE (wide). Environment: sandstone-and-steel desert research lab with warm hard light. Camera: dolly-style wide hallway perspective into the lab. Lighting: high-key sterile white lighting, minimal shadows. Do not crop to a single object. Show the entire research space. Product lock for captions/typography only: PT-141 (V-PT1-001). Optional: one distant labeled research unit on a bench — never a macro close-up. SIGNAGE RULE: premium clean research lab only. No safety placards, no industrial alert graphics, no trefoil icons, no striped floor tape, no danger banners. Do not print alert words on walls, floors, labels, or posters. Only neutral room names and product typography.",Captions MUST be only about PT-141 (V-PT1-001) and its catalog listing.,Active,48,
LAB-049,lab_scene,Lab environment 49,indigo night lab with magenta instrument accents and deep shadows,architectural wide shot showing ceiling utilities and floor plane,low-key dramatic instrument LEDs with controlled haze,no product close-up; full laboratory environment; compound identity via on-image typography and optional distant labeled research material on a bench,,V-SEL-001,Selank,https://www.palmbeach-vitality.store/products/selank,"FULL LAB SCENE (wide). Environment: indigo night lab with magenta instrument accents and deep shadows. Camera: architectural wide shot showing ceiling utilities and floor plane. Lighting: low-key dramatic instrument LEDs with controlled haze. Do not crop to a single object. Show the entire research space. Product lock for captions/typography only: Selank (V-SEL-001). Optional: one distant labeled research unit on a bench — never a macro close-up. SIGNAGE RULE: premium clean research lab only. No safety placards, no industrial alert graphics, no trefoil icons, no striped floor tape, no danger banners. Do not print alert words on walls, floors, labels, or posters. Only neutral room names and product typography.",Captions MUST be only about Selank (V-SEL-001) and its catalog listing.,Active,49,
LAB-050,lab_scene,Lab environment 50,sunrise lab with long window light cutting across empty benches,medium-wide environmental shot with product as a small mid-ground element,daylight through clerestory windows plus fill cards,no product close-up; full laboratory environment; compound identity via on-image typography and optional distant labeled research material on a bench,,V-SER-001,Sermorelin,https://www.palmbeach-vitality.store/products/sermorelin,"FULL LAB SCENE (wide). Environment: sunrise lab with long window light cutting across empty benches. Camera: medium-wide environmental shot with product as a small mid-ground element. Lighting: daylight through clerestory windows plus fill cards. Do not crop to a single object. Show the entire research space. Product lock for captions/typography only: Sermorelin (V-SER-001). Optional: one distant labeled research unit on a bench — never a macro close-up. SIGNAGE RULE: premium clean research lab only. No safety placards, no industrial alert graphics, no trefoil icons, no striped floor tape, no danger banners. Do not print alert words on walls, floors, labels, or posters. Only neutral room names and product typography.",Captions MUST be only about Sermorelin (V-SER-001) and its catalog listing.,Active,50,
VIAL-001,vial_10ml_scene,10mL vial scene 01 — KPV / BPC-157 / TB-500 / GHK-Cu,wide sterile ISO cleanroom with HEPA ceiling grid and clean floor lane markings,elevated three-quarter wide shot of the whole bay,"high-key sterile white lighting, minimal shadows","one 10mL sterile injectable-style glass vial of KPV / BPC-157 / TB-500 / GHK-Cu with rubber stopper + aluminum crimp seal, visible as a SMALL mid-ground element on a bench/riser inside the full lab (not macro, not filling the frame; NEVER a black twist/screw cap)","10mL sterile injectable-style glass vial with rubber stopper and aluminum crimp seal (NOT a screw-cap, NOT a black twist cap, NOT a dropper bottle)",V-KLO-001,KPV / BPC-157 / TB-500 / GHK-Cu,https://www.palmbeach-vitality.store/products/klow-kpv-bpc-157-tb-500-ghk,"FULL LAB + 10mL STERILE VIAL SCENE (wide/environmental). Environment: wide sterile ISO cleanroom with HEPA ceiling grid and clean floor lane markings. Camera: elevated three-quarter wide shot of the whole bay. Lighting: high-key sterile white lighting, minimal shadows. Hero product: exactly one 10mL sterile injectable-style clear glass vial labeled KPV / BPC-157 / TB-500 / GHK-Cu (V-KLO-001), with gray/red rubber stopper and aluminum crimp cap — the standard sterile vial format used for injectable research solutions. FORBIDDEN vial types: black twist cap, screw-cap serum bottle, dropper, ampoule-only, pen. Vial is mid-ground inside a complete laboratory scene — never extreme close-up, never isolated packshot. SIGNAGE RULE: premium clean research lab only. No safety placards, no industrial alert graphics, no trefoil icons, no striped floor tape, no danger banners. Do not print alert words on walls, floors, labels, or posters. Only neutral room names and product typography.",Captions MUST be only about KPV / BPC-157 / TB-500 / GHK-Cu 10mL sterile vial (V-KLO-001) and https://www.palmbeach-vitality.store/products/klow-kpv-bpc-157-tb-500-ghk.,Active,51,
VIAL-002,vial_10ml_scene,10mL vial scene 02 — MOTS-C,multi-bay peptide synthesis suite with tall glass reactors and walkways,dolly-style wide hallway perspective into the lab,low-key dramatic instrument LEDs with controlled haze,"one 10mL sterile injectable-style glass vial of MOTS-C with rubber stopper + aluminum crimp seal, visible as a SMALL mid-ground element on a bench/riser inside the full lab (not macro, not filling the frame; NEVER a black twist/screw cap)","10mL sterile injectable-style glass vial with rubber stopper and aluminum crimp seal (NOT a screw-cap, NOT a black twist cap, NOT a dropper bottle)",V-MOT-001,MOTS-C,https://www.palmbeach-vitality.store/products/mots-c-10mg-5ml-vial,"FULL LAB + 10mL STERILE VIAL SCENE (wide/environmental). Environment: multi-bay peptide synthesis suite with tall glass reactors and walkways. Camera: dolly-style wide hallway perspective into the lab. Lighting: low-key dramatic instrument LEDs with controlled haze. Hero product: exactly one 10mL sterile injectable-style clear glass vial labeled MOTS-C (V-MOT-001), with gray/red rubber stopper and aluminum crimp cap — the standard sterile vial format used for injectable research solutions. FORBIDDEN vial types: black twist cap, screw-cap serum bottle, dropper, ampoule-only, pen. Vial is mid-ground inside a complete laboratory scene — never extreme close-up, never isolated packshot. SIGNAGE RULE: premium clean research lab only. No safety placards, no industrial alert graphics, no trefoil icons, no striped floor tape, no danger banners. Do not print alert words on walls, floors, labels, or posters. Only neutral room names and product typography.",Captions MUST be only about MOTS-C 10mL sterile vial (V-MOT-001) and https://www.palmbeach-vitality.store/products/mots-c-10mg-5ml-vial.,Active,52,
VIAL-003,vial_10ml_scene,10mL vial scene 03 — NAD+,analytical chemistry corridor lined with HPLC and LC-MS instrument banks,architectural wide shot showing ceiling utilities and floor plane,daylight through clerestory windows plus fill cards,"one 10mL sterile injectable-style glass vial of NAD+ with rubber stopper + aluminum crimp seal, visible as a SMALL mid-ground element on a bench/riser inside the full lab (not macro, not filling the frame; NEVER a black twist/screw cap)","10mL sterile injectable-style glass vial with rubber stopper and aluminum crimp seal (NOT a screw-cap, NOT a black twist cap, NOT a dropper bottle)",V-NAD-001,NAD+,https://www.palmbeach-vitality.store/products/nad-1,"FULL LAB + 10mL STERILE VIAL SCENE (wide/environmental). Environment: analytical chemistry corridor lined with HPLC and LC-MS instrument banks. Camera: architectural wide shot showing ceiling utilities and floor plane. Lighting: daylight through clerestory windows plus fill cards. Hero product: exactly one 10mL sterile injectable-style clear glass vial labeled NAD+ (V-NAD-001), with gray/red rubber stopper and aluminum crimp cap — the standard sterile vial format used for injectable research solutions. FORBIDDEN vial types: black twist cap, screw-cap serum bottle, dropper, ampoule-only, pen. Vial is mid-ground inside a complete laboratory scene — never extreme close-up, never isolated packshot. SIGNAGE RULE: premium clean research lab only. No safety placards, no industrial alert graphics, no trefoil icons, no striped floor tape, no danger banners. Do not print alert words on walls, floors, labels, or posters. Only neutral room names and product typography.",Captions MUST be only about NAD+ 10mL sterile vial (V-NAD-001) and https://www.palmbeach-vitality.store/products/nad-1.,Active,53,
VIAL-004,vial_10ml_scene,10mL vial scene 04 — PT-141,cold-chain vault anteroom with stainless freezers and temperature displays,medium-wide environmental shot with product as a small mid-ground element,cool cyan-blue biotech rim with soft overhead panels,"one 10mL sterile injectable-style glass vial of PT-141 with rubber stopper + aluminum crimp seal, visible as a SMALL mid-ground element on a bench/riser inside the full lab (not macro, not filling the frame; NEVER a black twist/screw cap)","10mL sterile injectable-style glass vial with rubber stopper and aluminum crimp seal (NOT a screw-cap, NOT a black twist cap, NOT a dropper bottle)",V-PT1-001,PT-141,https://www.palmbeach-vitality.store/products/pt-141,"FULL LAB + 10mL STERILE VIAL SCENE (wide/environmental). Environment: cold-chain vault anteroom with stainless freezers and temperature displays. Camera: medium-wide environmental shot with product as a small mid-ground element. Lighting: cool cyan-blue biotech rim with soft overhead panels. Hero product: exactly one 10mL sterile injectable-style clear glass vial labeled PT-141 (V-PT1-001), with gray/red rubber stopper and aluminum crimp cap — the standard sterile vial format used for injectable research solutions. FORBIDDEN vial types: black twist cap, screw-cap serum bottle, dropper, ampoule-only, pen. Vial is mid-ground inside a complete laboratory scene — never extreme close-up, never isolated packshot. SIGNAGE RULE: premium clean research lab only. No safety placards, no industrial alert graphics, no trefoil icons, no striped floor tape, no danger banners. Do not print alert words on walls, floors, labels, or posters. Only neutral room names and product typography.",Captions MUST be only about PT-141 10mL sterile vial (V-PT1-001) and https://www.palmbeach-vitality.store/products/pt-141.,Active,54,
VIAL-005,vial_10ml_scene,10mL vial scene 05 — Selank,formulation suite with laminar flow hoods in a long laboratory hall,"wide establishing shot, 24mm equivalent, deep focus",warm-neutral catalog softboxes with clean speculars,"one 10mL sterile injectable-style glass vial of Selank with rubber stopper + aluminum crimp seal, visible as a SMALL mid-ground element on a bench/riser inside the full lab (not macro, not filling the frame; NEVER a black twist/screw cap)","10mL sterile injectable-style glass vial with rubber stopper and aluminum crimp seal (NOT a screw-cap, NOT a black twist cap, NOT a dropper bottle)",V-SEL-001,Selank,https://www.palmbeach-vitality.store/products/selank,"FULL LAB + 10mL STERILE VIAL SCENE (wide/environmental). Environment: formulation suite with laminar flow hoods in a long laboratory hall. Camera: wide establishing shot, 24mm equivalent, deep focus. Lighting: warm-neutral catalog softboxes with clean speculars. Hero product: exactly one 10mL sterile injectable-style clear glass vial labeled Selank (V-SEL-001), with gray/red rubber stopper and aluminum crimp cap — the standard sterile vial format used for injectable research solutions. FORBIDDEN vial types: black twist cap, screw-cap serum bottle, dropper, ampoule-only, pen. Vial is mid-ground inside a complete laboratory scene — never extreme close-up, never isolated packshot. SIGNAGE RULE: premium clean research lab only. No safety placards, no industrial alert graphics, no trefoil icons, no striped floor tape, no danger banners. Do not print alert words on walls, floors, labels, or posters. Only neutral room names and product typography.",Captions MUST be only about Selank 10mL sterile vial (V-SEL-001) and https://www.palmbeach-vitality.store/products/selank.,Active,55,
VIAL-006,vial_10ml_scene,10mL vial scene 06 — Sermorelin,"quality-control lab with assay benches, vial racks, and instrument glow",elevated three-quarter wide shot of the whole bay,"high-key sterile white lighting, minimal shadows","one 10mL sterile injectable-style glass vial of Sermorelin with rubber stopper + aluminum crimp seal, visible as a SMALL mid-ground element on a bench/riser inside the full lab (not macro, not filling the frame; NEVER a black twist/screw cap)","10mL sterile injectable-style glass vial with rubber stopper and aluminum crimp seal (NOT a screw-cap, NOT a black twist cap, NOT a dropper bottle)",V-SER-001,Sermorelin,https://www.palmbeach-vitality.store/products/sermorelin,"FULL LAB + 10mL STERILE VIAL SCENE (wide/environmental). Environment: quality-control lab with assay benches, vial racks, and instrument glow. Camera: elevated three-quarter wide shot of the whole bay. Lighting: high-key sterile white lighting, minimal shadows. Hero product: exactly one 10mL sterile injectable-style clear glass vial labeled Sermorelin (V-SER-001), with gray/red rubber stopper and aluminum crimp cap — the standard sterile vial format used for injectable research solutions. FORBIDDEN vial types: black twist cap, screw-cap serum bottle, dropper, ampoule-only, pen. Vial is mid-ground inside a complete laboratory scene — never extreme close-up, never isolated packshot. SIGNAGE RULE: premium clean research lab only. No safety placards, no industrial alert graphics, no trefoil icons, no striped floor tape, no danger banners. Do not print alert words on walls, floors, labels, or posters. Only neutral room names and product typography.",Captions MUST be only about Sermorelin 10mL sterile vial (V-SER-001) and https://www.palmbeach-vitality.store/products/sermorelin.,Active,56,
VIAL-007,vial_10ml_scene,10mL vial scene 07 — SS-31,prototype engineering bay with peptide synthesizer chassis and cable trays,dolly-style wide hallway perspective into the lab,low-key dramatic instrument LEDs with controlled haze,"one 10mL sterile injectable-style glass vial of SS-31 with rubber stopper + aluminum crimp seal, visible as a SMALL mid-ground element on a bench/riser inside the full lab (not macro, not filling the frame; NEVER a black twist/screw cap)","10mL sterile injectable-style glass vial with rubber stopper and aluminum crimp seal (NOT a screw-cap, NOT a black twist cap, NOT a dropper bottle)",V-SS3-001,SS-31,https://www.palmbeach-vitality.store/products/ss-31,"FULL LAB + 10mL STERILE VIAL SCENE (wide/environmental). Environment: prototype engineering bay with peptide synthesizer chassis and cable trays. Camera: dolly-style wide hallway perspective into the lab. Lighting: low-key dramatic instrument LEDs with controlled haze. Hero product: exactly one 10mL sterile injectable-style clear glass vial labeled SS-31 (V-SS3-001), with gray/red rubber stopper and aluminum crimp cap — the standard sterile vial format used for injectable research solutions. FORBIDDEN vial types: black twist cap, screw-cap serum bottle, dropper, ampoule-only, pen. Vial is mid-ground inside a complete laboratory scene — never extreme close-up, never isolated packshot. SIGNAGE RULE: premium clean research lab only. No safety placards, no industrial alert graphics, no trefoil icons, no striped floor tape, no danger banners. Do not print alert words on walls, floors, labels, or posters. Only neutral room names and product typography.",Captions MUST be only about SS-31 10mL sterile vial (V-SS3-001) and https://www.palmbeach-vitality.store/products/ss-31.,Active,57,
VIAL-008,vial_10ml_scene,10mL vial scene 08 — TB-500,dark-mode futuristic biotech floor with cyan LED path lighting,architectural wide shot showing ceiling utilities and floor plane,daylight through clerestory windows plus fill cards,"one 10mL sterile injectable-style glass vial of TB-500 with rubber stopper + aluminum crimp seal, visible as a SMALL mid-ground element on a bench/riser inside the full lab (not macro, not filling the frame; NEVER a black twist/screw cap)","10mL sterile injectable-style glass vial with rubber stopper and aluminum crimp seal (NOT a screw-cap, NOT a black twist cap, NOT a dropper bottle)",V-TB5-001,TB-500,https://www.palmbeach-vitality.store/products/tb-500,"FULL LAB + 10mL STERILE VIAL SCENE (wide/environmental). Environment: dark-mode futuristic biotech floor with cyan LED path lighting. Camera: architectural wide shot showing ceiling utilities and floor plane. Lighting: daylight through clerestory windows plus fill cards. Hero product: exactly one 10mL sterile injectable-style clear glass vial labeled TB-500 (V-TB5-001), with gray/red rubber stopper and aluminum crimp cap — the standard sterile vial format used for injectable research solutions. FORBIDDEN vial types: black twist cap, screw-cap serum bottle, dropper, ampoule-only, pen. Vial is mid-ground inside a complete laboratory scene — never extreme close-up, never isolated packshot. SIGNAGE RULE: premium clean research lab only. No safety placards, no industrial alert graphics, no trefoil icons, no striped floor tape, no danger banners. Do not print alert words on walls, floors, labels, or posters. Only neutral room names and product typography.",Captions MUST be only about TB-500 10mL sterile vial (V-TB5-001) and https://www.palmbeach-vitality.store/products/tb-500.,Active,58,
VIAL-009,vial_10ml_scene,10mL vial scene 09 — Tesamorelin,glass-walled observation gallery overlooking a synthesis cleanroom,medium-wide environmental shot with product as a small mid-ground element,cool cyan-blue biotech rim with soft overhead panels,"one 10mL sterile injectable-style glass vial of Tesamorelin with rubber stopper + aluminum crimp seal, visible as a SMALL mid-ground element on a bench/riser inside the full lab (not macro, not filling the frame; NEVER a black twist/screw cap)","10mL sterile injectable-style glass vial with rubber stopper and aluminum crimp seal (NOT a screw-cap, NOT a black twist cap, NOT a dropper bottle)",V-TES-001,Tesamorelin,https://www.palmbeach-vitality.store/products/tesamorelin,"FULL LAB + 10mL STERILE VIAL SCENE (wide/environmental). Environment: glass-walled observation gallery overlooking a synthesis cleanroom. Camera: medium-wide environmental shot with product as a small mid-ground element. Lighting: cool cyan-blue biotech rim with soft overhead panels. Hero product: exactly one 10mL sterile injectable-style clear glass vial labeled Tesamorelin (V-TES-001), with gray/red rubber stopper and aluminum crimp cap — the standard sterile vial format used for injectable research solutions. FORBIDDEN vial types: black twist cap, screw-cap serum bottle, dropper, ampoule-only, pen. Vial is mid-ground inside a complete laboratory scene — never extreme close-up, never isolated packshot. SIGNAGE RULE: premium clean research lab only. No safety placards, no industrial alert graphics, no trefoil icons, no striped floor tape, no danger banners. Do not print alert words on walls, floors, labels, or posters. Only neutral room names and product typography.",Captions MUST be only about Tesamorelin 10mL sterile vial (V-TES-001) and https://www.palmbeach-vitality.store/products/tesamorelin.,Active,59,
VIAL-010,vial_10ml_scene,10mL vial scene 10 — BPC-157,central lab atrium with mezzanine instruments and hanging utility drops,"wide establishing shot, 24mm equivalent, deep focus",warm-neutral catalog softboxes with clean speculars,"one 10mL sterile injectable-style glass vial of BPC-157 with rubber stopper + aluminum crimp seal, visible as a SMALL mid-ground element on a bench/riser inside the full lab (not macro, not filling the frame; NEVER a black twist/screw cap)","10mL sterile injectable-style glass vial with rubber stopper and aluminum crimp seal (NOT a screw-cap, NOT a black twist cap, NOT a dropper bottle)",V-BPC-001,BPC-157,https://www.palmbeach-vitality.store/products/bpc-157,"FULL LAB + 10mL STERILE VIAL SCENE (wide/environmental). Environment: central lab atrium with mezzanine instruments and hanging utility drops. Camera: wide establishing shot, 24mm equivalent, deep focus. Lighting: warm-neutral catalog softboxes with clean speculars. Hero product: exactly one 10mL sterile injectable-style clear glass vial labeled BPC-157 (V-BPC-001), with gray/red rubber stopper and aluminum crimp cap — the standard sterile vial format used for injectable research solutions. FORBIDDEN vial types: black twist cap, screw-cap serum bottle, dropper, ampoule-only, pen. Vial is mid-ground inside a complete laboratory scene — never extreme close-up, never isolated packshot. SIGNAGE RULE: premium clean research lab only. No safety placards, no industrial alert graphics, no trefoil icons, no striped floor tape, no danger banners. Do not print alert words on walls, floors, labels, or posters. Only neutral room names and product typography.",Captions MUST be only about BPC-157 10mL sterile vial (V-BPC-001) and https://www.palmbeach-vitality.store/products/bpc-157.,Active,60,
VIAL-011,vial_10ml_scene,10mL vial scene 11 — BPC-157 / TB-500,chromatography alley with tall columns and solvent cabinets,elevated three-quarter wide shot of the whole bay,"high-key sterile white lighting, minimal shadows","one 10mL sterile injectable-style glass vial of BPC-157 / TB-500 with rubber stopper + aluminum crimp seal, visible as a SMALL mid-ground element on a bench/riser inside the full lab (not macro, not filling the frame; NEVER a black twist/screw cap)","10mL sterile injectable-style glass vial with rubber stopper and aluminum crimp seal (NOT a screw-cap, NOT a black twist cap, NOT a dropper bottle)",V-WOL-001,BPC-157 / TB-500,https://www.palmbeach-vitality.store/products/wolverine-stack,"FULL LAB + 10mL STERILE VIAL SCENE (wide/environmental). Environment: chromatography alley with tall columns and solvent cabinets. Camera: elevated three-quarter wide shot of the whole bay. Lighting: high-key sterile white lighting, minimal shadows. Hero product: exactly one 10mL sterile injectable-style clear glass vial labeled BPC-157 / TB-500 (V-WOL-001), with gray/red rubber stopper and aluminum crimp cap — the standard sterile vial format used for injectable research solutions. FORBIDDEN vial types: black twist cap, screw-cap serum bottle, dropper, ampoule-only, pen. Vial is mid-ground inside a complete laboratory scene — never extreme close-up, never isolated packshot. SIGNAGE RULE: premium clean research lab only. No safety placards, no industrial alert graphics, no trefoil icons, no striped floor tape, no danger banners. Do not print alert words on walls, floors, labels, or posters. Only neutral room names and product typography.",Captions MUST be only about BPC-157 / TB-500 10mL sterile vial (V-WOL-001) and https://www.palmbeach-vitality.store/products/wolverine-stack.,Active,61,
VIAL-012,vial_10ml_scene,10mL vial scene 12 — Cagrilinitide,sample-prep wing with stainless benches and organized glassware walls,dolly-style wide hallway perspective into the lab,low-key dramatic instrument LEDs with controlled haze,"one 10mL sterile injectable-style glass vial of Cagrilinitide with rubber stopper + aluminum crimp seal, visible as a SMALL mid-ground element on a bench/riser inside the full lab (not macro, not filling the frame; NEVER a black twist/screw cap)","10mL sterile injectable-style glass vial with rubber stopper and aluminum crimp seal (NOT a screw-cap, NOT a black twist cap, NOT a dropper bottle)",V-CAG-001,Cagrilinitide,https://www.palmbeach-vitality.store/products/cargrilinitide,"FULL LAB + 10mL STERILE VIAL SCENE (wide/environmental). Environment: sample-prep wing with stainless benches and organized glassware walls. Camera: dolly-style wide hallway perspective into the lab. Lighting: low-key dramatic instrument LEDs with controlled haze. Hero product: exactly one 10mL sterile injectable-style clear glass vial labeled Cagrilinitide (V-CAG-001), with gray/red rubber stopper and aluminum crimp cap — the standard sterile vial format used for injectable research solutions. FORBIDDEN vial types: black twist cap, screw-cap serum bottle, dropper, ampoule-only, pen. Vial is mid-ground inside a complete laboratory scene — never extreme close-up, never isolated packshot. SIGNAGE RULE: premium clean research lab only. No safety placards, no industrial alert graphics, no trefoil icons, no striped floor tape, no danger banners. Do not print alert words on walls, floors, labels, or posters. Only neutral room names and product typography.",Captions MUST be only about Cagrilinitide 10mL sterile vial (V-CAG-001) and https://www.palmbeach-vitality.store/products/cargrilinitide.,Active,62,
VIAL-013,vial_10ml_scene,10mL vial scene 13 — CJC (no DAC),stability testing room with climate chambers in repeating rows,architectural wide shot showing ceiling utilities and floor plane,daylight through clerestory windows plus fill cards,"one 10mL sterile injectable-style glass vial of CJC (no DAC) with rubber stopper + aluminum crimp seal, visible as a SMALL mid-ground element on a bench/riser inside the full lab (not macro, not filling the frame; NEVER a black twist/screw cap)","10mL sterile injectable-style glass vial with rubber stopper and aluminum crimp seal (NOT a screw-cap, NOT a black twist cap, NOT a dropper bottle)",V-CJC-001,CJC (no DAC),https://www.palmbeach-vitality.store/products/cjc,"FULL LAB + 10mL STERILE VIAL SCENE (wide/environmental). Environment: stability testing room with climate chambers in repeating rows. Camera: architectural wide shot showing ceiling utilities and floor plane. Lighting: daylight through clerestory windows plus fill cards. Hero product: exactly one 10mL sterile injectable-style clear glass vial labeled CJC (no DAC) (V-CJC-001), with gray/red rubber stopper and aluminum crimp cap — the standard sterile vial format used for injectable research solutions. FORBIDDEN vial types: black twist cap, screw-cap serum bottle, dropper, ampoule-only, pen. Vial is mid-ground inside a complete laboratory scene — never extreme close-up, never isolated packshot. SIGNAGE RULE: premium clean research lab only. No safety placards, no industrial alert graphics, no trefoil icons, no striped floor tape, no danger banners. Do not print alert words on walls, floors, labels, or posters. Only neutral room names and product typography.",Captions MUST be only about CJC (no DAC) 10mL sterile vial (V-CJC-001) and https://www.palmbeach-vitality.store/products/cjc.,Active,63,
VIAL-014,vial_10ml_scene,10mL vial scene 14 — CJC (no DAC)/Ipamorelin,receiving / quarantine lab with labeled totes and barcode stations,medium-wide environmental shot with product as a small mid-ground element,cool cyan-blue biotech rim with soft overhead panels,"one 10mL sterile injectable-style glass vial of CJC (no DAC)/Ipamorelin with rubber stopper + aluminum crimp seal, visible as a SMALL mid-ground element on a bench/riser inside the full lab (not macro, not filling the frame; NEVER a black twist/screw cap)","10mL sterile injectable-style glass vial with rubber stopper and aluminum crimp seal (NOT a screw-cap, NOT a black twist cap, NOT a dropper bottle)",V-CII-001,CJC (no DAC)/Ipamorelin,https://www.palmbeach-vitality.store/products/cjc-ipamorelin,"FULL LAB + 10mL STERILE VIAL SCENE (wide/environmental). Environment: receiving / quarantine lab with labeled totes and barcode stations. Camera: medium-wide environmental shot with product as a small mid-ground element. Lighting: cool cyan-blue biotech rim with soft overhead panels. Hero product: exactly one 10mL sterile injectable-style clear glass vial labeled CJC (no DAC)/Ipamorelin (V-CII-001), with gray/red rubber stopper and aluminum crimp cap — the standard sterile vial format used for injectable research solutions. FORBIDDEN vial types: black twist cap, screw-cap serum bottle, dropper, ampoule-only, pen. Vial is mid-ground inside a complete laboratory scene — never extreme close-up, never isolated packshot. SIGNAGE RULE: premium clean research lab only. No safety placards, no industrial alert graphics, no trefoil icons, no striped floor tape, no danger banners. Do not print alert words on walls, floors, labels, or posters. Only neutral room names and product typography.",Captions MUST be only about CJC (no DAC)/Ipamorelin 10mL sterile vial (V-CII-001) and https://www.palmbeach-vitality.store/products/cjc-ipamorelin.,Active,64,
VIAL-015,vial_10ml_scene,10mL vial scene 15 — GHK-Cu,method-development lab with whiteboards and modular instrument islands,"wide establishing shot, 24mm equivalent, deep focus",warm-neutral catalog softboxes with clean speculars,"one 10mL sterile injectable-style glass vial of GHK-Cu with rubber stopper + aluminum crimp seal, visible as a SMALL mid-ground element on a bench/riser inside the full lab (not macro, not filling the frame; NEVER a black twist/screw cap)","10mL sterile injectable-style glass vial with rubber stopper and aluminum crimp seal (NOT a screw-cap, NOT a black twist cap, NOT a dropper bottle)",V-GHK-001,GHK-Cu,https://www.palmbeach-vitality.store/products/ghk-cu,"FULL LAB + 10mL STERILE VIAL SCENE (wide/environmental). Environment: method-development lab with whiteboards and modular instrument islands. Camera: wide establishing shot, 24mm equivalent, deep focus. Lighting: warm-neutral catalog softboxes with clean speculars. Hero product: exactly one 10mL sterile injectable-style clear glass vial labeled GHK-Cu (V-GHK-001), with gray/red rubber stopper and aluminum crimp cap — the standard sterile vial format used for injectable research solutions. FORBIDDEN vial types: black twist cap, screw-cap serum bottle, dropper, ampoule-only, pen. Vial is mid-ground inside a complete laboratory scene — never extreme close-up, never isolated packshot. SIGNAGE RULE: premium clean research lab only. No safety placards, no industrial alert graphics, no trefoil icons, no striped floor tape, no danger banners. Do not print alert words on walls, floors, labels, or posters. Only neutral room names and product typography.",Captions MUST be only about GHK-Cu 10mL sterile vial (V-GHK-001) and https://www.palmbeach-vitality.store/products/ghk-cu.,Active,65,
VIAL-016,vial_10ml_scene,10mL vial scene 16 — BPC-157 / TB-500 / GHK-Cu,lyophilization suite with freeze-dryer banks and vapor ducting,elevated three-quarter wide shot of the whole bay,"high-key sterile white lighting, minimal shadows","one 10mL sterile injectable-style glass vial of BPC-157 / TB-500 / GHK-Cu with rubber stopper + aluminum crimp seal, visible as a SMALL mid-ground element on a bench/riser inside the full lab (not macro, not filling the frame; NEVER a black twist/screw cap)","10mL sterile injectable-style glass vial with rubber stopper and aluminum crimp seal (NOT a screw-cap, NOT a black twist cap, NOT a dropper bottle)",V-GLO-001,BPC-157 / TB-500 / GHK-Cu,https://www.palmbeach-vitality.store/products/glow,"FULL LAB + 10mL STERILE VIAL SCENE (wide/environmental). Environment: lyophilization suite with freeze-dryer banks and vapor ducting. Camera: elevated three-quarter wide shot of the whole bay. Lighting: high-key sterile white lighting, minimal shadows. Hero product: exactly one 10mL sterile injectable-style clear glass vial labeled BPC-157 / TB-500 / GHK-Cu (V-GLO-001), with gray/red rubber stopper and aluminum crimp cap — the standard sterile vial format used for injectable research solutions. FORBIDDEN vial types: black twist cap, screw-cap serum bottle, dropper, ampoule-only, pen. Vial is mid-ground inside a complete laboratory scene — never extreme close-up, never isolated packshot. SIGNAGE RULE: premium clean research lab only. No safety placards, no industrial alert graphics, no trefoil icons, no striped floor tape, no danger banners. Do not print alert words on walls, floors, labels, or posters. Only neutral room names and product typography.",Captions MUST be only about BPC-157 / TB-500 / GHK-Cu 10mL sterile vial (V-GLO-001) and https://www.palmbeach-vitality.store/products/glow.,Active,66,
VIAL-017,vial_10ml_scene,10mL vial scene 17 — Thymosin Alpha-1,fill-finish adjacent staging room with pass-through windows (no people),dolly-style wide hallway perspective into the lab,low-key dramatic instrument LEDs with controlled haze,"one 10mL sterile injectable-style glass vial of Thymosin Alpha-1 with rubber stopper + aluminum crimp seal, visible as a SMALL mid-ground element on a bench/riser inside the full lab (not macro, not filling the frame; NEVER a black twist/screw cap)","10mL sterile injectable-style glass vial with rubber stopper and aluminum crimp seal (NOT a screw-cap, NOT a black twist cap, NOT a dropper bottle)",V-TA1-001,Thymosin Alpha-1,https://www.palmbeach-vitality.store/products/ta-1,"FULL LAB + 10mL STERILE VIAL SCENE (wide/environmental). Environment: fill-finish adjacent staging room with pass-through windows (no people). Camera: dolly-style wide hallway perspective into the lab. Lighting: low-key dramatic instrument LEDs with controlled haze. Hero product: exactly one 10mL sterile injectable-style clear glass vial labeled Thymosin Alpha-1 (V-TA1-001), with gray/red rubber stopper and aluminum crimp cap — the standard sterile vial format used for injectable research solutions. FORBIDDEN vial types: black twist cap, screw-cap serum bottle, dropper, ampoule-only, pen. Vial is mid-ground inside a complete laboratory scene — never extreme close-up, never isolated packshot. SIGNAGE RULE: premium clean research lab only. No safety placards, no industrial alert graphics, no trefoil icons, no striped floor tape, no danger banners. Do not print alert words on walls, floors, labels, or posters. Only neutral room names and product typography.",Captions MUST be only about Thymosin Alpha-1 10mL sterile vial (V-TA1-001) and https://www.palmbeach-vitality.store/products/ta-1.,Active,67,
VIAL-018,vial_10ml_scene,10mL vial scene 18 — AOD-9604,robotics-assisted assay bay with idle robotic arms over plate hotels,architectural wide shot showing ceiling utilities and floor plane,daylight through clerestory windows plus fill cards,"one 10mL sterile injectable-style glass vial of AOD-9604 with rubber stopper + aluminum crimp seal, visible as a SMALL mid-ground element on a bench/riser inside the full lab (not macro, not filling the frame; NEVER a black twist/screw cap)","10mL sterile injectable-style glass vial with rubber stopper and aluminum crimp seal (NOT a screw-cap, NOT a black twist cap, NOT a dropper bottle)",V-AOD-001,AOD-9604,https://www.palmbeach-vitality.store/products/aod-9604,"FULL LAB + 10mL STERILE VIAL SCENE (wide/environmental). Environment: robotics-assisted assay bay with idle robotic arms over plate hotels. Camera: architectural wide shot showing ceiling utilities and floor plane. Lighting: daylight through clerestory windows plus fill cards. Hero product: exactly one 10mL sterile injectable-style clear glass vial labeled AOD-9604 (V-AOD-001), with gray/red rubber stopper and aluminum crimp cap — the standard sterile vial format used for injectable research solutions. FORBIDDEN vial types: black twist cap, screw-cap serum bottle, dropper, ampoule-only, pen. Vial is mid-ground inside a complete laboratory scene — never extreme close-up, never isolated packshot. SIGNAGE RULE: premium clean research lab only. No safety placards, no industrial alert graphics, no trefoil icons, no striped floor tape, no danger banners. Do not print alert words on walls, floors, labels, or posters. Only neutral room names and product typography.",Captions MUST be only about AOD-9604 10mL sterile vial (V-AOD-001) and https://www.palmbeach-vitality.store/products/aod-9604.,Active,68,
VIAL-019,vial_10ml_scene,10mL vial scene 19 — Melanotan 2,optical inspection corridor with softbox lighting and mirror panels,medium-wide environmental shot with product as a small mid-ground element,cool cyan-blue biotech rim with soft overhead panels,"one 10mL sterile injectable-style glass vial of Melanotan 2 with rubber stopper + aluminum crimp seal, visible as a SMALL mid-ground element on a bench/riser inside the full lab (not macro, not filling the frame; NEVER a black twist/screw cap)","10mL sterile injectable-style glass vial with rubber stopper and aluminum crimp seal (NOT a screw-cap, NOT a black twist cap, NOT a dropper bottle)",V-MT2-001,Melanotan 2,https://www.palmbeach-vitality.store/products/melonotan,"FULL LAB + 10mL STERILE VIAL SCENE (wide/environmental). Environment: optical inspection corridor with softbox lighting and mirror panels. Camera: medium-wide environmental shot with product as a small mid-ground element. Lighting: cool cyan-blue biotech rim with soft overhead panels. Hero product: exactly one 10mL sterile injectable-style clear glass vial labeled Melanotan 2 (V-MT2-001), with gray/red rubber stopper and aluminum crimp cap — the standard sterile vial format used for injectable research solutions. FORBIDDEN vial types: black twist cap, screw-cap serum bottle, dropper, ampoule-only, pen. Vial is mid-ground inside a complete laboratory scene — never extreme close-up, never isolated packshot. SIGNAGE RULE: premium clean research lab only. No safety placards, no industrial alert graphics, no trefoil icons, no striped floor tape, no danger banners. Do not print alert words on walls, floors, labels, or posters. Only neutral room names and product typography.",Captions MUST be only about Melanotan 2 10mL sterile vial (V-MT2-001) and https://www.palmbeach-vitality.store/products/melonotan.,Active,69,
VIAL-020,vial_10ml_scene,10mL vial scene 20 — Retatrutide,solvent storage adjacent wet lab with chemical shower niche (empty),"wide establishing shot, 24mm equivalent, deep focus",warm-neutral catalog softboxes with clean speculars,"one 10mL sterile injectable-style glass vial of Retatrutide with rubber stopper + aluminum crimp seal, visible as a SMALL mid-ground element on a bench/riser inside the full lab (not macro, not filling the frame; NEVER a black twist/screw cap)","10mL sterile injectable-style glass vial with rubber stopper and aluminum crimp seal (NOT a screw-cap, NOT a black twist cap, NOT a dropper bottle)",V-RET-001,Retatrutide,https://www.palmbeach-vitality.store/products/retatrutide,"FULL LAB + 10mL STERILE VIAL SCENE (wide/environmental). Environment: solvent storage adjacent wet lab with chemical shower niche (empty). Camera: wide establishing shot, 24mm equivalent, deep focus. Lighting: warm-neutral catalog softboxes with clean speculars. Hero product: exactly one 10mL sterile injectable-style clear glass vial labeled Retatrutide (V-RET-001), with gray/red rubber stopper and aluminum crimp cap — the standard sterile vial format used for injectable research solutions. FORBIDDEN vial types: black twist cap, screw-cap serum bottle, dropper, ampoule-only, pen. Vial is mid-ground inside a complete laboratory scene — never extreme close-up, never isolated packshot. SIGNAGE RULE: premium clean research lab only. No safety placards, no industrial alert graphics, no trefoil icons, no striped floor tape, no danger banners. Do not print alert words on walls, floors, labels, or posters. Only neutral room names and product typography.",Captions MUST be only about Retatrutide 10mL sterile vial (V-RET-001) and https://www.palmbeach-vitality.store/products/retatrutide.,Active,70,
VIAL-021,vial_10ml_scene,10mL vial scene 21 — Tirzepatide,NMR / spectroscopy annex with instrument rooms along a hallway,elevated three-quarter wide shot of the whole bay,"high-key sterile white lighting, minimal shadows","one 10mL sterile injectable-style glass vial of Tirzepatide with rubber stopper + aluminum crimp seal, visible as a SMALL mid-ground element on a bench/riser inside the full lab (not macro, not filling the frame; NEVER a black twist/screw cap)","10mL sterile injectable-style glass vial with rubber stopper and aluminum crimp seal (NOT a screw-cap, NOT a black twist cap, NOT a dropper bottle)",V-TIR-001,Tirzepatide,https://www.palmbeach-vitality.store/products/tirzepatide,"FULL LAB + 10mL STERILE VIAL SCENE (wide/environmental). Environment: NMR / spectroscopy annex with instrument rooms along a hallway. Camera: elevated three-quarter wide shot of the whole bay. Lighting: high-key sterile white lighting, minimal shadows. Hero product: exactly one 10mL sterile injectable-style clear glass vial labeled Tirzepatide (V-TIR-001), with gray/red rubber stopper and aluminum crimp cap — the standard sterile vial format used for injectable research solutions. FORBIDDEN vial types: black twist cap, screw-cap serum bottle, dropper, ampoule-only, pen. Vial is mid-ground inside a complete laboratory scene — never extreme close-up, never isolated packshot. SIGNAGE RULE: premium clean research lab only. No safety placards, no industrial alert graphics, no trefoil icons, no striped floor tape, no danger banners. Do not print alert words on walls, floors, labels, or posters. Only neutral room names and product typography.",Captions MUST be only about Tirzepatide 10mL sterile vial (V-TIR-001) and https://www.palmbeach-vitality.store/products/tirzepatide.,Active,71,
VIAL-022,vial_10ml_scene,10mL vial scene 22 — Semaglutide,bioreactor gallery with cylindrical vessels and control panels,dolly-style wide hallway perspective into the lab,low-key dramatic instrument LEDs with controlled haze,"one 10mL sterile injectable-style glass vial of Semaglutide with rubber stopper + aluminum crimp seal, visible as a SMALL mid-ground element on a bench/riser inside the full lab (not macro, not filling the frame; NEVER a black twist/screw cap)","10mL sterile injectable-style glass vial with rubber stopper and aluminum crimp seal (NOT a screw-cap, NOT a black twist cap, NOT a dropper bottle)",V-SEM-001,Semaglutide,https://www.palmbeach-vitality.store/products/semaglutide,"FULL LAB + 10mL STERILE VIAL SCENE (wide/environmental). Environment: bioreactor gallery with cylindrical vessels and control panels. Camera: dolly-style wide hallway perspective into the lab. Lighting: low-key dramatic instrument LEDs with controlled haze. Hero product: exactly one 10mL sterile injectable-style clear glass vial labeled Semaglutide (V-SEM-001), with gray/red rubber stopper and aluminum crimp cap — the standard sterile vial format used for injectable research solutions. FORBIDDEN vial types: black twist cap, screw-cap serum bottle, dropper, ampoule-only, pen. Vial is mid-ground inside a complete laboratory scene — never extreme close-up, never isolated packshot. SIGNAGE RULE: premium clean research lab only. No safety placards, no industrial alert graphics, no trefoil icons, no striped floor tape, no danger banners. Do not print alert words on walls, floors, labels, or posters. Only neutral room names and product typography.",Captions MUST be only about Semaglutide 10mL sterile vial (V-SEM-001) and https://www.palmbeach-vitality.store/products/semaglutide.,Active,72,
VIAL-023,vial_10ml_scene,10mL vial scene 23 — KPV / BPC-157 / TB-500 / GHK-Cu,clean packaging prep room with acrylic risers and catalog lighting,architectural wide shot showing ceiling utilities and floor plane,daylight through clerestory windows plus fill cards,"one 10mL sterile injectable-style glass vial of KPV / BPC-157 / TB-500 / GHK-Cu with rubber stopper + aluminum crimp seal, visible as a SMALL mid-ground element on a bench/riser inside the full lab (not macro, not filling the frame; NEVER a black twist/screw cap)","10mL sterile injectable-style glass vial with rubber stopper and aluminum crimp seal (NOT a screw-cap, NOT a black twist cap, NOT a dropper bottle)",V-KLO-001,KPV / BPC-157 / TB-500 / GHK-Cu,https://www.palmbeach-vitality.store/products/klow-kpv-bpc-157-tb-500-ghk,"FULL LAB + 10mL STERILE VIAL SCENE (wide/environmental). Environment: clean packaging prep room with acrylic risers and catalog lighting. Camera: architectural wide shot showing ceiling utilities and floor plane. Lighting: daylight through clerestory windows plus fill cards. Hero product: exactly one 10mL sterile injectable-style clear glass vial labeled KPV / BPC-157 / TB-500 / GHK-Cu (V-KLO-001), with gray/red rubber stopper and aluminum crimp cap — the standard sterile vial format used for injectable research solutions. FORBIDDEN vial types: black twist cap, screw-cap serum bottle, dropper, ampoule-only, pen. Vial is mid-ground inside a complete laboratory scene — never extreme close-up, never isolated packshot. SIGNAGE RULE: premium clean research lab only. No safety placards, no industrial alert graphics, no trefoil icons, no striped floor tape, no danger banners. Do not print alert words on walls, floors, labels, or posters. Only neutral room names and product typography.",Captions MUST be only about KPV / BPC-157 / TB-500 / GHK-Cu 10mL sterile vial (V-KLO-001) and https://www.palmbeach-vitality.store/products/klow-kpv-bpc-157-tb-500-ghk.,Active,73,
VIAL-024,vial_10ml_scene,10mL vial scene 24 — MOTS-C,midnight-shift lab with low ambient light and instrument standby LEDs,medium-wide environmental shot with product as a small mid-ground element,cool cyan-blue biotech rim with soft overhead panels,"one 10mL sterile injectable-style glass vial of MOTS-C with rubber stopper + aluminum crimp seal, visible as a SMALL mid-ground element on a bench/riser inside the full lab (not macro, not filling the frame; NEVER a black twist/screw cap)","10mL sterile injectable-style glass vial with rubber stopper and aluminum crimp seal (NOT a screw-cap, NOT a black twist cap, NOT a dropper bottle)",V-MOT-001,MOTS-C,https://www.palmbeach-vitality.store/products/mots-c-10mg-5ml-vial,"FULL LAB + 10mL STERILE VIAL SCENE (wide/environmental). Environment: midnight-shift lab with low ambient light and instrument standby LEDs. Camera: medium-wide environmental shot with product as a small mid-ground element. Lighting: cool cyan-blue biotech rim with soft overhead panels. Hero product: exactly one 10mL sterile injectable-style clear glass vial labeled MOTS-C (V-MOT-001), with gray/red rubber stopper and aluminum crimp cap — the standard sterile vial format used for injectable research solutions. FORBIDDEN vial types: black twist cap, screw-cap serum bottle, dropper, ampoule-only, pen. Vial is mid-ground inside a complete laboratory scene — never extreme close-up, never isolated packshot. SIGNAGE RULE: premium clean research lab only. No safety placards, no industrial alert graphics, no trefoil icons, no striped floor tape, no danger banners. Do not print alert words on walls, floors, labels, or posters. Only neutral room names and product typography.",Captions MUST be only about MOTS-C 10mL sterile vial (V-MOT-001) and https://www.palmbeach-vitality.store/products/mots-c-10mg-5ml-vial.,Active,74,
VIAL-025,vial_10ml_scene,10mL vial scene 25 — NAD+,mezzanine utility corridor above the main synthesis floor,"wide establishing shot, 24mm equivalent, deep focus",warm-neutral catalog softboxes with clean speculars,"one 10mL sterile injectable-style glass vial of NAD+ with rubber stopper + aluminum crimp seal, visible as a SMALL mid-ground element on a bench/riser inside the full lab (not macro, not filling the frame; NEVER a black twist/screw cap)","10mL sterile injectable-style glass vial with rubber stopper and aluminum crimp seal (NOT a screw-cap, NOT a black twist cap, NOT a dropper bottle)",V-NAD-001,NAD+,https://www.palmbeach-vitality.store/products/nad-1,"FULL LAB + 10mL STERILE VIAL SCENE (wide/environmental). Environment: mezzanine utility corridor above the main synthesis floor. Camera: wide establishing shot, 24mm equivalent, deep focus. Lighting: warm-neutral catalog softboxes with clean speculars. Hero product: exactly one 10mL sterile injectable-style clear glass vial labeled NAD+ (V-NAD-001), with gray/red rubber stopper and aluminum crimp cap — the standard sterile vial format used for injectable research solutions. FORBIDDEN vial types: black twist cap, screw-cap serum bottle, dropper, ampoule-only, pen. Vial is mid-ground inside a complete laboratory scene — never extreme close-up, never isolated packshot. SIGNAGE RULE: premium clean research lab only. No safety placards, no industrial alert graphics, no trefoil icons, no striped floor tape, no danger banners. Do not print alert words on walls, floors, labels, or posters. Only neutral room names and product typography.",Captions MUST be only about NAD+ 10mL sterile vial (V-NAD-001) and https://www.palmbeach-vitality.store/products/nad-1.,Active,75,
VIAL-026,vial_10ml_scene,10mL vial scene 26 — PT-141,glassware wash-adjacent prep lab with drying racks in perspective,elevated three-quarter wide shot of the whole bay,"high-key sterile white lighting, minimal shadows","one 10mL sterile injectable-style glass vial of PT-141 with rubber stopper + aluminum crimp seal, visible as a SMALL mid-ground element on a bench/riser inside the full lab (not macro, not filling the frame; NEVER a black twist/screw cap)","10mL sterile injectable-style glass vial with rubber stopper and aluminum crimp seal (NOT a screw-cap, NOT a black twist cap, NOT a dropper bottle)",V-PT1-001,PT-141,https://www.palmbeach-vitality.store/products/pt-141,"FULL LAB + 10mL STERILE VIAL SCENE (wide/environmental). Environment: glassware wash-adjacent prep lab with drying racks in perspective. Camera: elevated three-quarter wide shot of the whole bay. Lighting: high-key sterile white lighting, minimal shadows. Hero product: exactly one 10mL sterile injectable-style clear glass vial labeled PT-141 (V-PT1-001), with gray/red rubber stopper and aluminum crimp cap — the standard sterile vial format used for injectable research solutions. FORBIDDEN vial types: black twist cap, screw-cap serum bottle, dropper, ampoule-only, pen. Vial is mid-ground inside a complete laboratory scene — never extreme close-up, never isolated packshot. SIGNAGE RULE: premium clean research lab only. No safety placards, no industrial alert graphics, no trefoil icons, no striped floor tape, no danger banners. Do not print alert words on walls, floors, labels, or posters. Only neutral room names and product typography.",Captions MUST be only about PT-141 10mL sterile vial (V-PT1-001) and https://www.palmbeach-vitality.store/products/pt-141.,Active,76,
VIAL-027,vial_10ml_scene,10mL vial scene 27 — Selank,calibration lab with metrology benches and precision fixtures,dolly-style wide hallway perspective into the lab,low-key dramatic instrument LEDs with controlled haze,"one 10mL sterile injectable-style glass vial of Selank with rubber stopper + aluminum crimp seal, visible as a SMALL mid-ground element on a bench/riser inside the full lab (not macro, not filling the frame; NEVER a black twist/screw cap)","10mL sterile injectable-style glass vial with rubber stopper and aluminum crimp seal (NOT a screw-cap, NOT a black twist cap, NOT a dropper bottle)",V-SEL-001,Selank,https://www.palmbeach-vitality.store/products/selank,"FULL LAB + 10mL STERILE VIAL SCENE (wide/environmental). Environment: calibration lab with metrology benches and precision fixtures. Camera: dolly-style wide hallway perspective into the lab. Lighting: low-key dramatic instrument LEDs with controlled haze. Hero product: exactly one 10mL sterile injectable-style clear glass vial labeled Selank (V-SEL-001), with gray/red rubber stopper and aluminum crimp cap — the standard sterile vial format used for injectable research solutions. FORBIDDEN vial types: black twist cap, screw-cap serum bottle, dropper, ampoule-only, pen. Vial is mid-ground inside a complete laboratory scene — never extreme close-up, never isolated packshot. SIGNAGE RULE: premium clean research lab only. No safety placards, no industrial alert graphics, no trefoil icons, no striped floor tape, no danger banners. Do not print alert words on walls, floors, labels, or posters. Only neutral room names and product typography.",Captions MUST be only about Selank 10mL sterile vial (V-SEL-001) and https://www.palmbeach-vitality.store/products/selank.,Active,77,
VIAL-028,vial_10ml_scene,10mL vial scene 28 — Sermorelin,data-center-adjacent lab control room with wall displays (no faces),architectural wide shot showing ceiling utilities and floor plane,daylight through clerestory windows plus fill cards,"one 10mL sterile injectable-style glass vial of Sermorelin with rubber stopper + aluminum crimp seal, visible as a SMALL mid-ground element on a bench/riser inside the full lab (not macro, not filling the frame; NEVER a black twist/screw cap)","10mL sterile injectable-style glass vial with rubber stopper and aluminum crimp seal (NOT a screw-cap, NOT a black twist cap, NOT a dropper bottle)",V-SER-001,Sermorelin,https://www.palmbeach-vitality.store/products/sermorelin,"FULL LAB + 10mL STERILE VIAL SCENE (wide/environmental). Environment: data-center-adjacent lab control room with wall displays (no faces). Camera: architectural wide shot showing ceiling utilities and floor plane. Lighting: daylight through clerestory windows plus fill cards. Hero product: exactly one 10mL sterile injectable-style clear glass vial labeled Sermorelin (V-SER-001), with gray/red rubber stopper and aluminum crimp cap — the standard sterile vial format used for injectable research solutions. FORBIDDEN vial types: black twist cap, screw-cap serum bottle, dropper, ampoule-only, pen. Vial is mid-ground inside a complete laboratory scene — never extreme close-up, never isolated packshot. SIGNAGE RULE: premium clean research lab only. No safety placards, no industrial alert graphics, no trefoil icons, no striped floor tape, no danger banners. Do not print alert words on walls, floors, labels, or posters. Only neutral room names and product typography.",Captions MUST be only about Sermorelin 10mL sterile vial (V-SER-001) and https://www.palmbeach-vitality.store/products/sermorelin.,Active,78,
VIAL-029,vial_10ml_scene,10mL vial scene 29 — SS-31,modular containerized lab pods arranged in a warehouse-scale bay,medium-wide environmental shot with product as a small mid-ground element,cool cyan-blue biotech rim with soft overhead panels,"one 10mL sterile injectable-style glass vial of SS-31 with rubber stopper + aluminum crimp seal, visible as a SMALL mid-ground element on a bench/riser inside the full lab (not macro, not filling the frame; NEVER a black twist/screw cap)","10mL sterile injectable-style glass vial with rubber stopper and aluminum crimp seal (NOT a screw-cap, NOT a black twist cap, NOT a dropper bottle)",V-SS3-001,SS-31,https://www.palmbeach-vitality.store/products/ss-31,"FULL LAB + 10mL STERILE VIAL SCENE (wide/environmental). Environment: modular containerized lab pods arranged in a warehouse-scale bay. Camera: medium-wide environmental shot with product as a small mid-ground element. Lighting: cool cyan-blue biotech rim with soft overhead panels. Hero product: exactly one 10mL sterile injectable-style clear glass vial labeled SS-31 (V-SS3-001), with gray/red rubber stopper and aluminum crimp cap — the standard sterile vial format used for injectable research solutions. FORBIDDEN vial types: black twist cap, screw-cap serum bottle, dropper, ampoule-only, pen. Vial is mid-ground inside a complete laboratory scene — never extreme close-up, never isolated packshot. SIGNAGE RULE: premium clean research lab only. No safety placards, no industrial alert graphics, no trefoil icons, no striped floor tape, no danger banners. Do not print alert words on walls, floors, labels, or posters. Only neutral room names and product typography.",Captions MUST be only about SS-31 10mL sterile vial (V-SS3-001) and https://www.palmbeach-vitality.store/products/ss-31.,Active,79,
VIAL-030,vial_10ml_scene,10mL vial scene 30 — TB-500,white high-key research catalog set built as a full laboratory stage,"wide establishing shot, 24mm equivalent, deep focus",warm-neutral catalog softboxes with clean speculars,"one 10mL sterile injectable-style glass vial of TB-500 with rubber stopper + aluminum crimp seal, visible as a SMALL mid-ground element on a bench/riser inside the full lab (not macro, not filling the frame; NEVER a black twist/screw cap)","10mL sterile injectable-style glass vial with rubber stopper and aluminum crimp seal (NOT a screw-cap, NOT a black twist cap, NOT a dropper bottle)",V-TB5-001,TB-500,https://www.palmbeach-vitality.store/products/tb-500,"FULL LAB + 10mL STERILE VIAL SCENE (wide/environmental). Environment: white high-key research catalog set built as a full laboratory stage. Camera: wide establishing shot, 24mm equivalent, deep focus. Lighting: warm-neutral catalog softboxes with clean speculars. Hero product: exactly one 10mL sterile injectable-style clear glass vial labeled TB-500 (V-TB5-001), with gray/red rubber stopper and aluminum crimp cap — the standard sterile vial format used for injectable research solutions. FORBIDDEN vial types: black twist cap, screw-cap serum bottle, dropper, ampoule-only, pen. Vial is mid-ground inside a complete laboratory scene — never extreme close-up, never isolated packshot. SIGNAGE RULE: premium clean research lab only. No safety placards, no industrial alert graphics, no trefoil icons, no striped floor tape, no danger banners. Do not print alert words on walls, floors, labels, or posters. Only neutral room names and product typography.",Captions MUST be only about TB-500 10mL sterile vial (V-TB5-001) and https://www.palmbeach-vitality.store/products/tb-500.,Active,80,
VIAL-031,vial_10ml_scene,10mL vial scene 31 — Tesamorelin,bronze-and-glass premium lab lobby transitioning into research floors,elevated three-quarter wide shot of the whole bay,"high-key sterile white lighting, minimal shadows","one 10mL sterile injectable-style glass vial of Tesamorelin with rubber stopper + aluminum crimp seal, visible as a SMALL mid-ground element on a bench/riser inside the full lab (not macro, not filling the frame; NEVER a black twist/screw cap)","10mL sterile injectable-style glass vial with rubber stopper and aluminum crimp seal (NOT a screw-cap, NOT a black twist cap, NOT a dropper bottle)",V-TES-001,Tesamorelin,https://www.palmbeach-vitality.store/products/tesamorelin,"FULL LAB + 10mL STERILE VIAL SCENE (wide/environmental). Environment: bronze-and-glass premium lab lobby transitioning into research floors. Camera: elevated three-quarter wide shot of the whole bay. Lighting: high-key sterile white lighting, minimal shadows. Hero product: exactly one 10mL sterile injectable-style clear glass vial labeled Tesamorelin (V-TES-001), with gray/red rubber stopper and aluminum crimp cap — the standard sterile vial format used for injectable research solutions. FORBIDDEN vial types: black twist cap, screw-cap serum bottle, dropper, ampoule-only, pen. Vial is mid-ground inside a complete laboratory scene — never extreme close-up, never isolated packshot. SIGNAGE RULE: premium clean research lab only. No safety placards, no industrial alert graphics, no trefoil icons, no striped floor tape, no danger banners. Do not print alert words on walls, floors, labels, or posters. Only neutral room names and product typography.",Captions MUST be only about Tesamorelin 10mL sterile vial (V-TES-001) and https://www.palmbeach-vitality.store/products/tesamorelin.,Active,81,
VIAL-032,vial_10ml_scene,10mL vial scene 32 — BPC-157,underground secure research vault with secure lab doors and airlocks,dolly-style wide hallway perspective into the lab,low-key dramatic instrument LEDs with controlled haze,"one 10mL sterile injectable-style glass vial of BPC-157 with rubber stopper + aluminum crimp seal, visible as a SMALL mid-ground element on a bench/riser inside the full lab (not macro, not filling the frame; NEVER a black twist/screw cap)","10mL sterile injectable-style glass vial with rubber stopper and aluminum crimp seal (NOT a screw-cap, NOT a black twist cap, NOT a dropper bottle)",V-BPC-001,BPC-157,https://www.palmbeach-vitality.store/products/bpc-157,"FULL LAB + 10mL STERILE VIAL SCENE (wide/environmental). Environment: underground secure research vault with secure lab doors and airlocks. Camera: dolly-style wide hallway perspective into the lab. Lighting: low-key dramatic instrument LEDs with controlled haze. Hero product: exactly one 10mL sterile injectable-style clear glass vial labeled BPC-157 (V-BPC-001), with gray/red rubber stopper and aluminum crimp cap — the standard sterile vial format used for injectable research solutions. FORBIDDEN vial types: black twist cap, screw-cap serum bottle, dropper, ampoule-only, pen. Vial is mid-ground inside a complete laboratory scene — never extreme close-up, never isolated packshot. SIGNAGE RULE: premium clean research lab only. No safety placards, no industrial alert graphics, no trefoil icons, no striped floor tape, no danger banners. Do not print alert words on walls, floors, labels, or posters. Only neutral room names and product typography.",Captions MUST be only about BPC-157 10mL sterile vial (V-BPC-001) and https://www.palmbeach-vitality.store/products/bpc-157.,Active,82,
VIAL-033,vial_10ml_scene,10mL vial scene 33 — BPC-157 / TB-500,rooftop mechanical penthouse lab with HVAC and exhaust stacks visible,architectural wide shot showing ceiling utilities and floor plane,daylight through clerestory windows plus fill cards,"one 10mL sterile injectable-style glass vial of BPC-157 / TB-500 with rubber stopper + aluminum crimp seal, visible as a SMALL mid-ground element on a bench/riser inside the full lab (not macro, not filling the frame; NEVER a black twist/screw cap)","10mL sterile injectable-style glass vial with rubber stopper and aluminum crimp seal (NOT a screw-cap, NOT a black twist cap, NOT a dropper bottle)",V-WOL-001,BPC-157 / TB-500,https://www.palmbeach-vitality.store/products/wolverine-stack,"FULL LAB + 10mL STERILE VIAL SCENE (wide/environmental). Environment: rooftop mechanical penthouse lab with HVAC and exhaust stacks visible. Camera: architectural wide shot showing ceiling utilities and floor plane. Lighting: daylight through clerestory windows plus fill cards. Hero product: exactly one 10mL sterile injectable-style clear glass vial labeled BPC-157 / TB-500 (V-WOL-001), with gray/red rubber stopper and aluminum crimp cap — the standard sterile vial format used for injectable research solutions. FORBIDDEN vial types: black twist cap, screw-cap serum bottle, dropper, ampoule-only, pen. Vial is mid-ground inside a complete laboratory scene — never extreme close-up, never isolated packshot. SIGNAGE RULE: premium clean research lab only. No safety placards, no industrial alert graphics, no trefoil icons, no striped floor tape, no danger banners. Do not print alert words on walls, floors, labels, or posters. Only neutral room names and product typography.",Captions MUST be only about BPC-157 / TB-500 10mL sterile vial (V-WOL-001) and https://www.palmbeach-vitality.store/products/wolverine-stack.,Active,83,
VIAL-034,vial_10ml_scene,10mL vial scene 34 — Cagrilinitide,coastal American research campus lab with daylight through clerestory windows,medium-wide environmental shot with product as a small mid-ground element,cool cyan-blue biotech rim with soft overhead panels,"one 10mL sterile injectable-style glass vial of Cagrilinitide with rubber stopper + aluminum crimp seal, visible as a SMALL mid-ground element on a bench/riser inside the full lab (not macro, not filling the frame; NEVER a black twist/screw cap)","10mL sterile injectable-style glass vial with rubber stopper and aluminum crimp seal (NOT a screw-cap, NOT a black twist cap, NOT a dropper bottle)",V-CAG-001,Cagrilinitide,https://www.palmbeach-vitality.store/products/cargrilinitide,"FULL LAB + 10mL STERILE VIAL SCENE (wide/environmental). Environment: coastal American research campus lab with daylight through clerestory windows. Camera: medium-wide environmental shot with product as a small mid-ground element. Lighting: cool cyan-blue biotech rim with soft overhead panels. Hero product: exactly one 10mL sterile injectable-style clear glass vial labeled Cagrilinitide (V-CAG-001), with gray/red rubber stopper and aluminum crimp cap — the standard sterile vial format used for injectable research solutions. FORBIDDEN vial types: black twist cap, screw-cap serum bottle, dropper, ampoule-only, pen. Vial is mid-ground inside a complete laboratory scene — never extreme close-up, never isolated packshot. SIGNAGE RULE: premium clean research lab only. No safety placards, no industrial alert graphics, no trefoil icons, no striped floor tape, no danger banners. Do not print alert words on walls, floors, labels, or posters. Only neutral room names and product typography.",Captions MUST be only about Cagrilinitide 10mL sterile vial (V-CAG-001) and https://www.palmbeach-vitality.store/products/cargrilinitide.,Active,84,
VIAL-035,vial_10ml_scene,10mL vial scene 35 — CJC (no DAC),blackout photography lab stage dressed as a complete peptide research floor,"wide establishing shot, 24mm equivalent, deep focus",warm-neutral catalog softboxes with clean speculars,"one 10mL sterile injectable-style glass vial of CJC (no DAC) with rubber stopper + aluminum crimp seal, visible as a SMALL mid-ground element on a bench/riser inside the full lab (not macro, not filling the frame; NEVER a black twist/screw cap)","10mL sterile injectable-style glass vial with rubber stopper and aluminum crimp seal (NOT a screw-cap, NOT a black twist cap, NOT a dropper bottle)",V-CJC-001,CJC (no DAC),https://www.palmbeach-vitality.store/products/cjc,"FULL LAB + 10mL STERILE VIAL SCENE (wide/environmental). Environment: blackout photography lab stage dressed as a complete peptide research floor. Camera: wide establishing shot, 24mm equivalent, deep focus. Lighting: warm-neutral catalog softboxes with clean speculars. Hero product: exactly one 10mL sterile injectable-style clear glass vial labeled CJC (no DAC) (V-CJC-001), with gray/red rubber stopper and aluminum crimp cap — the standard sterile vial format used for injectable research solutions. FORBIDDEN vial types: black twist cap, screw-cap serum bottle, dropper, ampoule-only, pen. Vial is mid-ground inside a complete laboratory scene — never extreme close-up, never isolated packshot. SIGNAGE RULE: premium clean research lab only. No safety placards, no industrial alert graphics, no trefoil icons, no striped floor tape, no danger banners. Do not print alert words on walls, floors, labels, or posters. Only neutral room names and product typography.",Captions MUST be only about CJC (no DAC) 10mL sterile vial (V-CJC-001) and https://www.palmbeach-vitality.store/products/cjc.,Active,85,
VIAL-036,vial_10ml_scene,10mL vial scene 36 — CJC (no DAC)/Ipamorelin,hex-grid raised floor tech lab with cable management under glass tiles,elevated three-quarter wide shot of the whole bay,"high-key sterile white lighting, minimal shadows","one 10mL sterile injectable-style glass vial of CJC (no DAC)/Ipamorelin with rubber stopper + aluminum crimp seal, visible as a SMALL mid-ground element on a bench/riser inside the full lab (not macro, not filling the frame; NEVER a black twist/screw cap)","10mL sterile injectable-style glass vial with rubber stopper and aluminum crimp seal (NOT a screw-cap, NOT a black twist cap, NOT a dropper bottle)",V-CII-001,CJC (no DAC)/Ipamorelin,https://www.palmbeach-vitality.store/products/cjc-ipamorelin,"FULL LAB + 10mL STERILE VIAL SCENE (wide/environmental). Environment: hex-grid raised floor tech lab with cable management under glass tiles. Camera: elevated three-quarter wide shot of the whole bay. Lighting: high-key sterile white lighting, minimal shadows. Hero product: exactly one 10mL sterile injectable-style clear glass vial labeled CJC (no DAC)/Ipamorelin (V-CII-001), with gray/red rubber stopper and aluminum crimp cap — the standard sterile vial format used for injectable research solutions. FORBIDDEN vial types: black twist cap, screw-cap serum bottle, dropper, ampoule-only, pen. Vial is mid-ground inside a complete laboratory scene — never extreme close-up, never isolated packshot. SIGNAGE RULE: premium clean research lab only. No safety placards, no industrial alert graphics, no trefoil icons, no striped floor tape, no danger banners. Do not print alert words on walls, floors, labels, or posters. Only neutral room names and product typography.",Captions MUST be only about CJC (no DAC)/Ipamorelin 10mL sterile vial (V-CII-001) and https://www.palmbeach-vitality.store/products/cjc-ipamorelin.,Active,86,
VIAL-037,vial_10ml_scene,10mL vial scene 37 — GHK-Cu,double-height synthesis cathedral with hanging reactor scaffolds,dolly-style wide hallway perspective into the lab,low-key dramatic instrument LEDs with controlled haze,"one 10mL sterile injectable-style glass vial of GHK-Cu with rubber stopper + aluminum crimp seal, visible as a SMALL mid-ground element on a bench/riser inside the full lab (not macro, not filling the frame; NEVER a black twist/screw cap)","10mL sterile injectable-style glass vial with rubber stopper and aluminum crimp seal (NOT a screw-cap, NOT a black twist cap, NOT a dropper bottle)",V-GHK-001,GHK-Cu,https://www.palmbeach-vitality.store/products/ghk-cu,"FULL LAB + 10mL STERILE VIAL SCENE (wide/environmental). Environment: double-height synthesis cathedral with hanging reactor scaffolds. Camera: dolly-style wide hallway perspective into the lab. Lighting: low-key dramatic instrument LEDs with controlled haze. Hero product: exactly one 10mL sterile injectable-style clear glass vial labeled GHK-Cu (V-GHK-001), with gray/red rubber stopper and aluminum crimp cap — the standard sterile vial format used for injectable research solutions. FORBIDDEN vial types: black twist cap, screw-cap serum bottle, dropper, ampoule-only, pen. Vial is mid-ground inside a complete laboratory scene — never extreme close-up, never isolated packshot. SIGNAGE RULE: premium clean research lab only. No safety placards, no industrial alert graphics, no trefoil icons, no striped floor tape, no danger banners. Do not print alert words on walls, floors, labels, or posters. Only neutral room names and product typography.",Captions MUST be only about GHK-Cu 10mL sterile vial (V-GHK-001) and https://www.palmbeach-vitality.store/products/ghk-cu.,Active,87,
VIAL-038,vial_10ml_scene,10mL vial scene 38 — BPC-157 / TB-500 / GHK-Cu,narrow instrument canyon between two rows of tall analyzers,architectural wide shot showing ceiling utilities and floor plane,daylight through clerestory windows plus fill cards,"one 10mL sterile injectable-style glass vial of BPC-157 / TB-500 / GHK-Cu with rubber stopper + aluminum crimp seal, visible as a SMALL mid-ground element on a bench/riser inside the full lab (not macro, not filling the frame; NEVER a black twist/screw cap)","10mL sterile injectable-style glass vial with rubber stopper and aluminum crimp seal (NOT a screw-cap, NOT a black twist cap, NOT a dropper bottle)",V-GLO-001,BPC-157 / TB-500 / GHK-Cu,https://www.palmbeach-vitality.store/products/glow,"FULL LAB + 10mL STERILE VIAL SCENE (wide/environmental). Environment: narrow instrument canyon between two rows of tall analyzers. Camera: architectural wide shot showing ceiling utilities and floor plane. Lighting: daylight through clerestory windows plus fill cards. Hero product: exactly one 10mL sterile injectable-style clear glass vial labeled BPC-157 / TB-500 / GHK-Cu (V-GLO-001), with gray/red rubber stopper and aluminum crimp cap — the standard sterile vial format used for injectable research solutions. FORBIDDEN vial types: black twist cap, screw-cap serum bottle, dropper, ampoule-only, pen. Vial is mid-ground inside a complete laboratory scene — never extreme close-up, never isolated packshot. SIGNAGE RULE: premium clean research lab only. No safety placards, no industrial alert graphics, no trefoil icons, no striped floor tape, no danger banners. Do not print alert words on walls, floors, labels, or posters. Only neutral room names and product typography.",Captions MUST be only about BPC-157 / TB-500 / GHK-Cu 10mL sterile vial (V-GLO-001) and https://www.palmbeach-vitality.store/products/glow.,Active,88,
VIAL-039,vial_10ml_scene,10mL vial scene 39 — Thymosin Alpha-1,circular collaboration lab (empty) with ring benches and center island,medium-wide environmental shot with product as a small mid-ground element,cool cyan-blue biotech rim with soft overhead panels,"one 10mL sterile injectable-style glass vial of Thymosin Alpha-1 with rubber stopper + aluminum crimp seal, visible as a SMALL mid-ground element on a bench/riser inside the full lab (not macro, not filling the frame; NEVER a black twist/screw cap)","10mL sterile injectable-style glass vial with rubber stopper and aluminum crimp seal (NOT a screw-cap, NOT a black twist cap, NOT a dropper bottle)",V-TA1-001,Thymosin Alpha-1,https://www.palmbeach-vitality.store/products/ta-1,"FULL LAB + 10mL STERILE VIAL SCENE (wide/environmental). Environment: circular collaboration lab (empty) with ring benches and center island. Camera: medium-wide environmental shot with product as a small mid-ground element. Lighting: cool cyan-blue biotech rim with soft overhead panels. Hero product: exactly one 10mL sterile injectable-style clear glass vial labeled Thymosin Alpha-1 (V-TA1-001), with gray/red rubber stopper and aluminum crimp cap — the standard sterile vial format used for injectable research solutions. FORBIDDEN vial types: black twist cap, screw-cap serum bottle, dropper, ampoule-only, pen. Vial is mid-ground inside a complete laboratory scene — never extreme close-up, never isolated packshot. SIGNAGE RULE: premium clean research lab only. No safety placards, no industrial alert graphics, no trefoil icons, no striped floor tape, no danger banners. Do not print alert words on walls, floors, labels, or posters. Only neutral room names and product typography.",Captions MUST be only about Thymosin Alpha-1 10mL sterile vial (V-TA1-001) and https://www.palmbeach-vitality.store/products/ta-1.,Active,89,
VIAL-040,vial_10ml_scene,10mL vial scene 40 — AOD-9604,archive / reference standard vault with labeled drawers and cold cases,"wide establishing shot, 24mm equivalent, deep focus",warm-neutral catalog softboxes with clean speculars,"one 10mL sterile injectable-style glass vial of AOD-9604 with rubber stopper + aluminum crimp seal, visible as a SMALL mid-ground element on a bench/riser inside the full lab (not macro, not filling the frame; NEVER a black twist/screw cap)","10mL sterile injectable-style glass vial with rubber stopper and aluminum crimp seal (NOT a screw-cap, NOT a black twist cap, NOT a dropper bottle)",V-AOD-001,AOD-9604,https://www.palmbeach-vitality.store/products/aod-9604,"FULL LAB + 10mL STERILE VIAL SCENE (wide/environmental). Environment: archive / reference standard vault with labeled drawers and cold cases. Camera: wide establishing shot, 24mm equivalent, deep focus. Lighting: warm-neutral catalog softboxes with clean speculars. Hero product: exactly one 10mL sterile injectable-style clear glass vial labeled AOD-9604 (V-AOD-001), with gray/red rubber stopper and aluminum crimp cap — the standard sterile vial format used for injectable research solutions. FORBIDDEN vial types: black twist cap, screw-cap serum bottle, dropper, ampoule-only, pen. Vial is mid-ground inside a complete laboratory scene — never extreme close-up, never isolated packshot. SIGNAGE RULE: premium clean research lab only. No safety placards, no industrial alert graphics, no trefoil icons, no striped floor tape, no danger banners. Do not print alert words on walls, floors, labels, or posters. Only neutral room names and product typography.",Captions MUST be only about AOD-9604 10mL sterile vial (V-AOD-001) and https://www.palmbeach-vitality.store/products/aod-9604.,Active,90,
VIAL-041,vial_10ml_scene,10mL vial scene 41 — Melanotan 2,training cleanroom mockup with full gowning anteroom (no people),elevated three-quarter wide shot of the whole bay,"high-key sterile white lighting, minimal shadows","one 10mL sterile injectable-style glass vial of Melanotan 2 with rubber stopper + aluminum crimp seal, visible as a SMALL mid-ground element on a bench/riser inside the full lab (not macro, not filling the frame; NEVER a black twist/screw cap)","10mL sterile injectable-style glass vial with rubber stopper and aluminum crimp seal (NOT a screw-cap, NOT a black twist cap, NOT a dropper bottle)",V-MT2-001,Melanotan 2,https://www.palmbeach-vitality.store/products/melonotan,"FULL LAB + 10mL STERILE VIAL SCENE (wide/environmental). Environment: training cleanroom mockup with full gowning anteroom (no people). Camera: elevated three-quarter wide shot of the whole bay. Lighting: high-key sterile white lighting, minimal shadows. Hero product: exactly one 10mL sterile injectable-style clear glass vial labeled Melanotan 2 (V-MT2-001), with gray/red rubber stopper and aluminum crimp cap — the standard sterile vial format used for injectable research solutions. FORBIDDEN vial types: black twist cap, screw-cap serum bottle, dropper, ampoule-only, pen. Vial is mid-ground inside a complete laboratory scene — never extreme close-up, never isolated packshot. SIGNAGE RULE: premium clean research lab only. No safety placards, no industrial alert graphics, no trefoil icons, no striped floor tape, no danger banners. Do not print alert words on walls, floors, labels, or posters. Only neutral room names and product typography.",Captions MUST be only about Melanotan 2 10mL sterile vial (V-MT2-001) and https://www.palmbeach-vitality.store/products/melonotan.,Active,91,
VIAL-042,vial_10ml_scene,10mL vial scene 42 — Retatrutide,pilot-scale manufacturing cell with skid systems and utility umbilicals,dolly-style wide hallway perspective into the lab,low-key dramatic instrument LEDs with controlled haze,"one 10mL sterile injectable-style glass vial of Retatrutide with rubber stopper + aluminum crimp seal, visible as a SMALL mid-ground element on a bench/riser inside the full lab (not macro, not filling the frame; NEVER a black twist/screw cap)","10mL sterile injectable-style glass vial with rubber stopper and aluminum crimp seal (NOT a screw-cap, NOT a black twist cap, NOT a dropper bottle)",V-RET-001,Retatrutide,https://www.palmbeach-vitality.store/products/retatrutide,"FULL LAB + 10mL STERILE VIAL SCENE (wide/environmental). Environment: pilot-scale manufacturing cell with skid systems and utility umbilicals. Camera: dolly-style wide hallway perspective into the lab. Lighting: low-key dramatic instrument LEDs with controlled haze. Hero product: exactly one 10mL sterile injectable-style clear glass vial labeled Retatrutide (V-RET-001), with gray/red rubber stopper and aluminum crimp cap — the standard sterile vial format used for injectable research solutions. FORBIDDEN vial types: black twist cap, screw-cap serum bottle, dropper, ampoule-only, pen. Vial is mid-ground inside a complete laboratory scene — never extreme close-up, never isolated packshot. SIGNAGE RULE: premium clean research lab only. No safety placards, no industrial alert graphics, no trefoil icons, no striped floor tape, no danger banners. Do not print alert words on walls, floors, labels, or posters. Only neutral room names and product typography.",Captions MUST be only about Retatrutide 10mL sterile vial (V-RET-001) and https://www.palmbeach-vitality.store/products/retatrutide.,Active,92,
VIAL-043,vial_10ml_scene,10mL vial scene 43 — Tirzepatide,fluorescence-ready dark lab with UV-safe surfaces and instrument towers,architectural wide shot showing ceiling utilities and floor plane,daylight through clerestory windows plus fill cards,"one 10mL sterile injectable-style glass vial of Tirzepatide with rubber stopper + aluminum crimp seal, visible as a SMALL mid-ground element on a bench/riser inside the full lab (not macro, not filling the frame; NEVER a black twist/screw cap)","10mL sterile injectable-style glass vial with rubber stopper and aluminum crimp seal (NOT a screw-cap, NOT a black twist cap, NOT a dropper bottle)",V-TIR-001,Tirzepatide,https://www.palmbeach-vitality.store/products/tirzepatide,"FULL LAB + 10mL STERILE VIAL SCENE (wide/environmental). Environment: fluorescence-ready dark lab with UV-safe surfaces and instrument towers. Camera: architectural wide shot showing ceiling utilities and floor plane. Lighting: daylight through clerestory windows plus fill cards. Hero product: exactly one 10mL sterile injectable-style clear glass vial labeled Tirzepatide (V-TIR-001), with gray/red rubber stopper and aluminum crimp cap — the standard sterile vial format used for injectable research solutions. FORBIDDEN vial types: black twist cap, screw-cap serum bottle, dropper, ampoule-only, pen. Vial is mid-ground inside a complete laboratory scene — never extreme close-up, never isolated packshot. SIGNAGE RULE: premium clean research lab only. No safety placards, no industrial alert graphics, no trefoil icons, no striped floor tape, no danger banners. Do not print alert words on walls, floors, labels, or posters. Only neutral room names and product typography.",Captions MUST be only about Tirzepatide 10mL sterile vial (V-TIR-001) and https://www.palmbeach-vitality.store/products/tirzepatide.,Active,93,
VIAL-044,vial_10ml_scene,10mL vial scene 44 — Semaglutide,cross-shaped lab intersection of four research corridors,medium-wide environmental shot with product as a small mid-ground element,cool cyan-blue biotech rim with soft overhead panels,"one 10mL sterile injectable-style glass vial of Semaglutide with rubber stopper + aluminum crimp seal, visible as a SMALL mid-ground element on a bench/riser inside the full lab (not macro, not filling the frame; NEVER a black twist/screw cap)","10mL sterile injectable-style glass vial with rubber stopper and aluminum crimp seal (NOT a screw-cap, NOT a black twist cap, NOT a dropper bottle)",V-SEM-001,Semaglutide,https://www.palmbeach-vitality.store/products/semaglutide,"FULL LAB + 10mL STERILE VIAL SCENE (wide/environmental). Environment: cross-shaped lab intersection of four research corridors. Camera: medium-wide environmental shot with product as a small mid-ground element. Lighting: cool cyan-blue biotech rim with soft overhead panels. Hero product: exactly one 10mL sterile injectable-style clear glass vial labeled Semaglutide (V-SEM-001), with gray/red rubber stopper and aluminum crimp cap — the standard sterile vial format used for injectable research solutions. FORBIDDEN vial types: black twist cap, screw-cap serum bottle, dropper, ampoule-only, pen. Vial is mid-ground inside a complete laboratory scene — never extreme close-up, never isolated packshot. SIGNAGE RULE: premium clean research lab only. No safety placards, no industrial alert graphics, no trefoil icons, no striped floor tape, no danger banners. Do not print alert words on walls, floors, labels, or posters. Only neutral room names and product typography.",Captions MUST be only about Semaglutide 10mL sterile vial (V-SEM-001) and https://www.palmbeach-vitality.store/products/semaglutide.,Active,94,
VIAL-045,vial_10ml_scene,10mL vial scene 45 — KPV / BPC-157 / TB-500 / GHK-Cu,floating island benches in a minimalist white future-lab pavilion,"wide establishing shot, 24mm equivalent, deep focus",warm-neutral catalog softboxes with clean speculars,"one 10mL sterile injectable-style glass vial of KPV / BPC-157 / TB-500 / GHK-Cu with rubber stopper + aluminum crimp seal, visible as a SMALL mid-ground element on a bench/riser inside the full lab (not macro, not filling the frame; NEVER a black twist/screw cap)","10mL sterile injectable-style glass vial with rubber stopper and aluminum crimp seal (NOT a screw-cap, NOT a black twist cap, NOT a dropper bottle)",V-KLO-001,KPV / BPC-157 / TB-500 / GHK-Cu,https://www.palmbeach-vitality.store/products/klow-kpv-bpc-157-tb-500-ghk,"FULL LAB + 10mL STERILE VIAL SCENE (wide/environmental). Environment: floating island benches in a minimalist white future-lab pavilion. Camera: wide establishing shot, 24mm equivalent, deep focus. Lighting: warm-neutral catalog softboxes with clean speculars. Hero product: exactly one 10mL sterile injectable-style clear glass vial labeled KPV / BPC-157 / TB-500 / GHK-Cu (V-KLO-001), with gray/red rubber stopper and aluminum crimp cap — the standard sterile vial format used for injectable research solutions. FORBIDDEN vial types: black twist cap, screw-cap serum bottle, dropper, ampoule-only, pen. Vial is mid-ground inside a complete laboratory scene — never extreme close-up, never isolated packshot. SIGNAGE RULE: premium clean research lab only. No safety placards, no industrial alert graphics, no trefoil icons, no striped floor tape, no danger banners. Do not print alert words on walls, floors, labels, or posters. Only neutral room names and product typography.",Captions MUST be only about KPV / BPC-157 / TB-500 / GHK-Cu 10mL sterile vial (V-KLO-001) and https://www.palmbeach-vitality.store/products/klow-kpv-bpc-157-tb-500-ghk.,Active,95,
VIAL-046,vial_10ml_scene,10mL vial scene 46 — MOTS-C,copper-piped steampunk-free modern utility spine through a lab hall,elevated three-quarter wide shot of the whole bay,"high-key sterile white lighting, minimal shadows","one 10mL sterile injectable-style glass vial of MOTS-C with rubber stopper + aluminum crimp seal, visible as a SMALL mid-ground element on a bench/riser inside the full lab (not macro, not filling the frame; NEVER a black twist/screw cap)","10mL sterile injectable-style glass vial with rubber stopper and aluminum crimp seal (NOT a screw-cap, NOT a black twist cap, NOT a dropper bottle)",V-MOT-001,MOTS-C,https://www.palmbeach-vitality.store/products/mots-c-10mg-5ml-vial,"FULL LAB + 10mL STERILE VIAL SCENE (wide/environmental). Environment: copper-piped steampunk-free modern utility spine through a lab hall. Camera: elevated three-quarter wide shot of the whole bay. Lighting: high-key sterile white lighting, minimal shadows. Hero product: exactly one 10mL sterile injectable-style clear glass vial labeled MOTS-C (V-MOT-001), with gray/red rubber stopper and aluminum crimp cap — the standard sterile vial format used for injectable research solutions. FORBIDDEN vial types: black twist cap, screw-cap serum bottle, dropper, ampoule-only, pen. Vial is mid-ground inside a complete laboratory scene — never extreme close-up, never isolated packshot. SIGNAGE RULE: premium clean research lab only. No safety placards, no industrial alert graphics, no trefoil icons, no striped floor tape, no danger banners. Do not print alert words on walls, floors, labels, or posters. Only neutral room names and product typography.",Captions MUST be only about MOTS-C 10mL sterile vial (V-MOT-001) and https://www.palmbeach-vitality.store/products/mots-c-10mg-5ml-vial.,Active,96,
VIAL-047,vial_10ml_scene,10mL vial scene 47 — NAD+,aquatica-teal themed sterile suite with ocean-glass partitions,dolly-style wide hallway perspective into the lab,low-key dramatic instrument LEDs with controlled haze,"one 10mL sterile injectable-style glass vial of NAD+ with rubber stopper + aluminum crimp seal, visible as a SMALL mid-ground element on a bench/riser inside the full lab (not macro, not filling the frame; NEVER a black twist/screw cap)","10mL sterile injectable-style glass vial with rubber stopper and aluminum crimp seal (NOT a screw-cap, NOT a black twist cap, NOT a dropper bottle)",V-NAD-001,NAD+,https://www.palmbeach-vitality.store/products/nad-1,"FULL LAB + 10mL STERILE VIAL SCENE (wide/environmental). Environment: aquatica-teal themed sterile suite with ocean-glass partitions. Camera: dolly-style wide hallway perspective into the lab. Lighting: low-key dramatic instrument LEDs with controlled haze. Hero product: exactly one 10mL sterile injectable-style clear glass vial labeled NAD+ (V-NAD-001), with gray/red rubber stopper and aluminum crimp cap — the standard sterile vial format used for injectable research solutions. FORBIDDEN vial types: black twist cap, screw-cap serum bottle, dropper, ampoule-only, pen. Vial is mid-ground inside a complete laboratory scene — never extreme close-up, never isolated packshot. SIGNAGE RULE: premium clean research lab only. No safety placards, no industrial alert graphics, no trefoil icons, no striped floor tape, no danger banners. Do not print alert words on walls, floors, labels, or posters. Only neutral room names and product typography.",Captions MUST be only about NAD+ 10mL sterile vial (V-NAD-001) and https://www.palmbeach-vitality.store/products/nad-1.,Active,97,
VIAL-048,vial_10ml_scene,10mL vial scene 48 — PT-141,sandstone-and-steel desert research lab with warm hard light,architectural wide shot showing ceiling utilities and floor plane,daylight through clerestory windows plus fill cards,"one 10mL sterile injectable-style glass vial of PT-141 with rubber stopper + aluminum crimp seal, visible as a SMALL mid-ground element on a bench/riser inside the full lab (not macro, not filling the frame; NEVER a black twist/screw cap)","10mL sterile injectable-style glass vial with rubber stopper and aluminum crimp seal (NOT a screw-cap, NOT a black twist cap, NOT a dropper bottle)",V-PT1-001,PT-141,https://www.palmbeach-vitality.store/products/pt-141,"FULL LAB + 10mL STERILE VIAL SCENE (wide/environmental). Environment: sandstone-and-steel desert research lab with warm hard light. Camera: architectural wide shot showing ceiling utilities and floor plane. Lighting: daylight through clerestory windows plus fill cards. Hero product: exactly one 10mL sterile injectable-style clear glass vial labeled PT-141 (V-PT1-001), with gray/red rubber stopper and aluminum crimp cap — the standard sterile vial format used for injectable research solutions. FORBIDDEN vial types: black twist cap, screw-cap serum bottle, dropper, ampoule-only, pen. Vial is mid-ground inside a complete laboratory scene — never extreme close-up, never isolated packshot. SIGNAGE RULE: premium clean research lab only. No safety placards, no industrial alert graphics, no trefoil icons, no striped floor tape, no danger banners. Do not print alert words on walls, floors, labels, or posters. Only neutral room names and product typography.",Captions MUST be only about PT-141 10mL sterile vial (V-PT1-001) and https://www.palmbeach-vitality.store/products/pt-141.,Active,98,
VIAL-049,vial_10ml_scene,10mL vial scene 49 — Selank,indigo night lab with magenta instrument accents and deep shadows,medium-wide environmental shot with product as a small mid-ground element,cool cyan-blue biotech rim with soft overhead panels,"one 10mL sterile injectable-style glass vial of Selank with rubber stopper + aluminum crimp seal, visible as a SMALL mid-ground element on a bench/riser inside the full lab (not macro, not filling the frame; NEVER a black twist/screw cap)","10mL sterile injectable-style glass vial with rubber stopper and aluminum crimp seal (NOT a screw-cap, NOT a black twist cap, NOT a dropper bottle)",V-SEL-001,Selank,https://www.palmbeach-vitality.store/products/selank,"FULL LAB + 10mL STERILE VIAL SCENE (wide/environmental). Environment: indigo night lab with magenta instrument accents and deep shadows. Camera: medium-wide environmental shot with product as a small mid-ground element. Lighting: cool cyan-blue biotech rim with soft overhead panels. Hero product: exactly one 10mL sterile injectable-style clear glass vial labeled Selank (V-SEL-001), with gray/red rubber stopper and aluminum crimp cap — the standard sterile vial format used for injectable research solutions. FORBIDDEN vial types: black twist cap, screw-cap serum bottle, dropper, ampoule-only, pen. Vial is mid-ground inside a complete laboratory scene — never extreme close-up, never isolated packshot. SIGNAGE RULE: premium clean research lab only. No safety placards, no industrial alert graphics, no trefoil icons, no striped floor tape, no danger banners. Do not print alert words on walls, floors, labels, or posters. Only neutral room names and product typography.",Captions MUST be only about Selank 10mL sterile vial (V-SEL-001) and https://www.palmbeach-vitality.store/products/selank.,Active,99,
VIAL-050,vial_10ml_scene,10mL vial scene 50 — Sermorelin,sunrise lab with long window light cutting across empty benches,"wide establishing shot, 24mm equivalent, deep focus",warm-neutral catalog softboxes with clean speculars,"one 10mL sterile injectable-style glass vial of Sermorelin with rubber stopper + aluminum crimp seal, visible as a SMALL mid-ground element on a bench/riser inside the full lab (not macro, not filling the frame; NEVER a black twist/screw cap)","10mL sterile injectable-style glass vial with rubber stopper and aluminum crimp seal (NOT a screw-cap, NOT a black twist cap, NOT a dropper bottle)",V-SER-001,Sermorelin,https://www.palmbeach-vitality.store/products/sermorelin,"FULL LAB + 10mL STERILE VIAL SCENE (wide/environmental). Environment: sunrise lab with long window light cutting across empty benches. Camera: wide establishing shot, 24mm equivalent, deep focus. Lighting: warm-neutral catalog softboxes with clean speculars. Hero product: exactly one 10mL sterile injectable-style clear glass vial labeled Sermorelin (V-SER-001), with gray/red rubber stopper and aluminum crimp cap — the standard sterile vial format used for injectable research solutions. FORBIDDEN vial types: black twist cap, screw-cap serum bottle, dropper, ampoule-only, pen. Vial is mid-ground inside a complete laboratory scene — never extreme close-up, never isolated packshot. SIGNAGE RULE: premium clean research lab only. No safety placards, no industrial alert graphics, no trefoil icons, no striped floor tape, no danger banners. Do not print alert words on walls, floors, labels, or posters. Only neutral room names and product typography.",Captions MUST be only about Sermorelin 10mL sterile vial (V-SER-001) and https://www.palmbeach-vitality.store/products/sermorelin.,Active,100,
PEN-001,pen_3ml_scene,3mL pen scene 01 — KPV / BPC-157 / TB-500 / GHK-Cu,dark-mode futuristic biotech floor with cyan LED path lighting,dolly-style wide hallway perspective into the lab,low-key dramatic instrument LEDs with controlled haze,"one 3mL pre-filled research dosage pen of KPV / BPC-157 / TB-500 / GHK-Cu visible in mid-ground on a bench/riser INSIDE the full lab (not a macro, not filling the frame)",3mL pre-filled research dosage pen,P-KLO-001,KPV / BPC-157 / TB-500 / GHK-Cu,https://www.palmbeach-vitality.store/products/klow-pen,"FULL LAB + 3mL DOSAGE PEN SCENE (wide/environmental). Environment: dark-mode futuristic biotech floor with cyan LED path lighting. Camera: dolly-style wide hallway perspective into the lab. Lighting: low-key dramatic instrument LEDs with controlled haze. Hero product: 3mL pre-filled research dosage pen labeled KPV / BPC-157 / TB-500 / GHK-Cu (P-KLO-001). Pen is a mid-ground element within a complete laboratory scene — never an extreme close-up, never isolated product packshot. Show full lab architecture, instruments, and benches around it. No injection act, no people, no needles in use. SIGNAGE RULE: premium clean research lab only. No safety placards, no industrial alert graphics, no trefoil icons, no striped floor tape, no danger banners. Do not print alert words on walls, floors, labels, or posters. Only neutral room names and product typography.",Captions MUST be only about KPV / BPC-157 / TB-500 / GHK-Cu pen (P-KLO-001) and https://www.palmbeach-vitality.store/products/klow-pen.,Active,101,
PEN-002,pen_3ml_scene,3mL pen scene 02 — MOTS-C,glass-walled observation gallery overlooking a synthesis cleanroom,architectural wide shot showing ceiling utilities and floor plane,daylight through clerestory windows plus fill cards,"one 3mL pre-filled research dosage pen of MOTS-C visible in mid-ground on a bench/riser INSIDE the full lab (not a macro, not filling the frame)",3mL pre-filled research dosage pen,P-MOT-001,MOTS-C,https://www.palmbeach-vitality.store/products/mots-c,"FULL LAB + 3mL DOSAGE PEN SCENE (wide/environmental). Environment: glass-walled observation gallery overlooking a synthesis cleanroom. Camera: architectural wide shot showing ceiling utilities and floor plane. Lighting: daylight through clerestory windows plus fill cards. Hero product: 3mL pre-filled research dosage pen labeled MOTS-C (P-MOT-001). Pen is a mid-ground element within a complete laboratory scene — never an extreme close-up, never isolated product packshot. Show full lab architecture, instruments, and benches around it. No injection act, no people, no needles in use. SIGNAGE RULE: premium clean research lab only. No safety placards, no industrial alert graphics, no trefoil icons, no striped floor tape, no danger banners. Do not print alert words on walls, floors, labels, or posters. Only neutral room names and product typography.",Captions MUST be only about MOTS-C pen (P-MOT-001) and https://www.palmbeach-vitality.store/products/mots-c.,Active,102,
PEN-003,pen_3ml_scene,3mL pen scene 03 — NAD+,central lab atrium with mezzanine instruments and hanging utility drops,medium-wide environmental shot with product as a small mid-ground element,cool cyan-blue biotech rim with soft overhead panels,"one 3mL pre-filled research dosage pen of NAD+ visible in mid-ground on a bench/riser INSIDE the full lab (not a macro, not filling the frame)",3mL pre-filled research dosage pen,P-NAD-001,NAD+,https://www.palmbeach-vitality.store/products/nad-pen-500mg,"FULL LAB + 3mL DOSAGE PEN SCENE (wide/environmental). Environment: central lab atrium with mezzanine instruments and hanging utility drops. Camera: medium-wide environmental shot with product as a small mid-ground element. Lighting: cool cyan-blue biotech rim with soft overhead panels. Hero product: 3mL pre-filled research dosage pen labeled NAD+ (P-NAD-001). Pen is a mid-ground element within a complete laboratory scene — never an extreme close-up, never isolated product packshot. Show full lab architecture, instruments, and benches around it. No injection act, no people, no needles in use. SIGNAGE RULE: premium clean research lab only. No safety placards, no industrial alert graphics, no trefoil icons, no striped floor tape, no danger banners. Do not print alert words on walls, floors, labels, or posters. Only neutral room names and product typography.",Captions MUST be only about NAD+ pen (P-NAD-001) and https://www.palmbeach-vitality.store/products/nad-pen-500mg.,Active,103,
PEN-004,pen_3ml_scene,3mL pen scene 04 — PT-141,chromatography alley with tall columns and solvent cabinets,"wide establishing shot, 24mm equivalent, deep focus",warm-neutral catalog softboxes with clean speculars,"one 3mL pre-filled research dosage pen of PT-141 visible in mid-ground on a bench/riser INSIDE the full lab (not a macro, not filling the frame)",3mL pre-filled research dosage pen,P-PT1-001,PT-141,https://www.palmbeach-vitality.store/products/pt-141-pen,"FULL LAB + 3mL DOSAGE PEN SCENE (wide/environmental). Environment: chromatography alley with tall columns and solvent cabinets. Camera: wide establishing shot, 24mm equivalent, deep focus. Lighting: warm-neutral catalog softboxes with clean speculars. Hero product: 3mL pre-filled research dosage pen labeled PT-141 (P-PT1-001). Pen is a mid-ground element within a complete laboratory scene — never an extreme close-up, never isolated product packshot. Show full lab architecture, instruments, and benches around it. No injection act, no people, no needles in use. SIGNAGE RULE: premium clean research lab only. No safety placards, no industrial alert graphics, no trefoil icons, no striped floor tape, no danger banners. Do not print alert words on walls, floors, labels, or posters. Only neutral room names and product typography.",Captions MUST be only about PT-141 pen (P-PT1-001) and https://www.palmbeach-vitality.store/products/pt-141-pen.,Active,104,
PEN-005,pen_3ml_scene,3mL pen scene 05 — Semax,sample-prep wing with stainless benches and organized glassware walls,elevated three-quarter wide shot of the whole bay,"high-key sterile white lighting, minimal shadows","one 3mL pre-filled research dosage pen of Semax visible in mid-ground on a bench/riser INSIDE the full lab (not a macro, not filling the frame)",3mL pre-filled research dosage pen,P-SMX-001,Semax,https://www.palmbeach-vitality.store/products/semax-pen,"FULL LAB + 3mL DOSAGE PEN SCENE (wide/environmental). Environment: sample-prep wing with stainless benches and organized glassware walls. Camera: elevated three-quarter wide shot of the whole bay. Lighting: high-key sterile white lighting, minimal shadows. Hero product: 3mL pre-filled research dosage pen labeled Semax (P-SMX-001). Pen is a mid-ground element within a complete laboratory scene — never an extreme close-up, never isolated product packshot. Show full lab architecture, instruments, and benches around it. No injection act, no people, no needles in use. SIGNAGE RULE: premium clean research lab only. No safety placards, no industrial alert graphics, no trefoil icons, no striped floor tape, no danger banners. Do not print alert words on walls, floors, labels, or posters. Only neutral room names and product typography.",Captions MUST be only about Semax pen (P-SMX-001) and https://www.palmbeach-vitality.store/products/semax-pen.,Active,105,
PEN-006,pen_3ml_scene,3mL pen scene 06 — Selank,stability testing room with climate chambers in repeating rows,dolly-style wide hallway perspective into the lab,low-key dramatic instrument LEDs with controlled haze,"one 3mL pre-filled research dosage pen of Selank visible in mid-ground on a bench/riser INSIDE the full lab (not a macro, not filling the frame)",3mL pre-filled research dosage pen,P-SEL-001,Selank,https://www.palmbeach-vitality.store/products/selank-pen,"FULL LAB + 3mL DOSAGE PEN SCENE (wide/environmental). Environment: stability testing room with climate chambers in repeating rows. Camera: dolly-style wide hallway perspective into the lab. Lighting: low-key dramatic instrument LEDs with controlled haze. Hero product: 3mL pre-filled research dosage pen labeled Selank (P-SEL-001). Pen is a mid-ground element within a complete laboratory scene — never an extreme close-up, never isolated product packshot. Show full lab architecture, instruments, and benches around it. No injection act, no people, no needles in use. SIGNAGE RULE: premium clean research lab only. No safety placards, no industrial alert graphics, no trefoil icons, no striped floor tape, no danger banners. Do not print alert words on walls, floors, labels, or posters. Only neutral room names and product typography.",Captions MUST be only about Selank pen (P-SEL-001) and https://www.palmbeach-vitality.store/products/selank-pen.,Active,106,
PEN-007,pen_3ml_scene,3mL pen scene 07 — Sermorelin,receiving / quarantine lab with labeled totes and barcode stations,architectural wide shot showing ceiling utilities and floor plane,daylight through clerestory windows plus fill cards,"one 3mL pre-filled research dosage pen of Sermorelin visible in mid-ground on a bench/riser INSIDE the full lab (not a macro, not filling the frame)",3mL pre-filled research dosage pen,P-SER-001,Sermorelin,https://www.palmbeach-vitality.store/products/sermorelin-pen,"FULL LAB + 3mL DOSAGE PEN SCENE (wide/environmental). Environment: receiving / quarantine lab with labeled totes and barcode stations. Camera: architectural wide shot showing ceiling utilities and floor plane. Lighting: daylight through clerestory windows plus fill cards. Hero product: 3mL pre-filled research dosage pen labeled Sermorelin (P-SER-001). Pen is a mid-ground element within a complete laboratory scene — never an extreme close-up, never isolated product packshot. Show full lab architecture, instruments, and benches around it. No injection act, no people, no needles in use. SIGNAGE RULE: premium clean research lab only. No safety placards, no industrial alert graphics, no trefoil icons, no striped floor tape, no danger banners. Do not print alert words on walls, floors, labels, or posters. Only neutral room names and product typography.",Captions MUST be only about Sermorelin pen (P-SER-001) and https://www.palmbeach-vitality.store/products/sermorelin-pen.,Active,107,
PEN-008,pen_3ml_scene,3mL pen scene 08 — Thymosin Alpha-1,method-development lab with whiteboards and modular instrument islands,medium-wide environmental shot with product as a small mid-ground element,cool cyan-blue biotech rim with soft overhead panels,"one 3mL pre-filled research dosage pen of Thymosin Alpha-1 visible in mid-ground on a bench/riser INSIDE the full lab (not a macro, not filling the frame)",3mL pre-filled research dosage pen,P-TA1-001,Thymosin Alpha-1,https://www.palmbeach-vitality.store/products/ta-2,"FULL LAB + 3mL DOSAGE PEN SCENE (wide/environmental). Environment: method-development lab with whiteboards and modular instrument islands. Camera: medium-wide environmental shot with product as a small mid-ground element. Lighting: cool cyan-blue biotech rim with soft overhead panels. Hero product: 3mL pre-filled research dosage pen labeled Thymosin Alpha-1 (P-TA1-001). Pen is a mid-ground element within a complete laboratory scene — never an extreme close-up, never isolated product packshot. Show full lab architecture, instruments, and benches around it. No injection act, no people, no needles in use. SIGNAGE RULE: premium clean research lab only. No safety placards, no industrial alert graphics, no trefoil icons, no striped floor tape, no danger banners. Do not print alert words on walls, floors, labels, or posters. Only neutral room names and product typography.",Captions MUST be only about Thymosin Alpha-1 pen (P-TA1-001) and https://www.palmbeach-vitality.store/products/ta-2.,Active,108,
PEN-009,pen_3ml_scene,3mL pen scene 09 — Tesamorelin,lyophilization suite with freeze-dryer banks and vapor ducting,"wide establishing shot, 24mm equivalent, deep focus",warm-neutral catalog softboxes with clean speculars,"one 3mL pre-filled research dosage pen of Tesamorelin visible in mid-ground on a bench/riser INSIDE the full lab (not a macro, not filling the frame)",3mL pre-filled research dosage pen,P-TES-001,Tesamorelin,https://www.palmbeach-vitality.store/products/tesamorelin-30mg-pen,"FULL LAB + 3mL DOSAGE PEN SCENE (wide/environmental). Environment: lyophilization suite with freeze-dryer banks and vapor ducting. Camera: wide establishing shot, 24mm equivalent, deep focus. Lighting: warm-neutral catalog softboxes with clean speculars. Hero product: 3mL pre-filled research dosage pen labeled Tesamorelin (P-TES-001). Pen is a mid-ground element within a complete laboratory scene — never an extreme close-up, never isolated product packshot. Show full lab architecture, instruments, and benches around it. No injection act, no people, no needles in use. SIGNAGE RULE: premium clean research lab only. No safety placards, no industrial alert graphics, no trefoil icons, no striped floor tape, no danger banners. Do not print alert words on walls, floors, labels, or posters. Only neutral room names and product typography.",Captions MUST be only about Tesamorelin pen (P-TES-001) and https://www.palmbeach-vitality.store/products/tesamorelin-30mg-pen.,Active,109,
PEN-010,pen_3ml_scene,3mL pen scene 10 — Tesamorelin/Ipamorelin,fill-finish adjacent staging room with pass-through windows (no people),elevated three-quarter wide shot of the whole bay,"high-key sterile white lighting, minimal shadows","one 3mL pre-filled research dosage pen of Tesamorelin/Ipamorelin visible in mid-ground on a bench/riser INSIDE the full lab (not a macro, not filling the frame)",3mL pre-filled research dosage pen,P-TEI-001,Tesamorelin/Ipamorelin,https://www.palmbeach-vitality.store/products/tesamorelin-ipamorelin-pen,"FULL LAB + 3mL DOSAGE PEN SCENE (wide/environmental). Environment: fill-finish adjacent staging room with pass-through windows (no people). Camera: elevated three-quarter wide shot of the whole bay. Lighting: high-key sterile white lighting, minimal shadows. Hero product: 3mL pre-filled research dosage pen labeled Tesamorelin/Ipamorelin (P-TEI-001). Pen is a mid-ground element within a complete laboratory scene — never an extreme close-up, never isolated product packshot. Show full lab architecture, instruments, and benches around it. No injection act, no people, no needles in use. SIGNAGE RULE: premium clean research lab only. No safety placards, no industrial alert graphics, no trefoil icons, no striped floor tape, no danger banners. Do not print alert words on walls, floors, labels, or posters. Only neutral room names and product typography.",Captions MUST be only about Tesamorelin/Ipamorelin pen (P-TEI-001) and https://www.palmbeach-vitality.store/products/tesamorelin-ipamorelin-pen.,Active,110,
PEN-011,pen_3ml_scene,3mL pen scene 11 — BPC-157,robotics-assisted assay bay with idle robotic arms over plate hotels,dolly-style wide hallway perspective into the lab,low-key dramatic instrument LEDs with controlled haze,"one 3mL pre-filled research dosage pen of BPC-157 visible in mid-ground on a bench/riser INSIDE the full lab (not a macro, not filling the frame)",3mL pre-filled research dosage pen,P-BPC-001,BPC-157,https://www.palmbeach-vitality.store/products/bpc-157-pen,"FULL LAB + 3mL DOSAGE PEN SCENE (wide/environmental). Environment: robotics-assisted assay bay with idle robotic arms over plate hotels. Camera: dolly-style wide hallway perspective into the lab. Lighting: low-key dramatic instrument LEDs with controlled haze. Hero product: 3mL pre-filled research dosage pen labeled BPC-157 (P-BPC-001). Pen is a mid-ground element within a complete laboratory scene — never an extreme close-up, never isolated product packshot. Show full lab architecture, instruments, and benches around it. No injection act, no people, no needles in use. SIGNAGE RULE: premium clean research lab only. No safety placards, no industrial alert graphics, no trefoil icons, no striped floor tape, no danger banners. Do not print alert words on walls, floors, labels, or posters. Only neutral room names and product typography.",Captions MUST be only about BPC-157 pen (P-BPC-001) and https://www.palmbeach-vitality.store/products/bpc-157-pen.,Active,111,
PEN-012,pen_3ml_scene,3mL pen scene 12 — BPC-157 / TB-500,optical inspection corridor with softbox lighting and mirror panels,architectural wide shot showing ceiling utilities and floor plane,daylight through clerestory windows plus fill cards,"one 3mL pre-filled research dosage pen of BPC-157 / TB-500 visible in mid-ground on a bench/riser INSIDE the full lab (not a macro, not filling the frame)",3mL pre-filled research dosage pen,P-WOL-001,BPC-157 / TB-500,https://www.palmbeach-vitality.store/products/wolverine-pen,"FULL LAB + 3mL DOSAGE PEN SCENE (wide/environmental). Environment: optical inspection corridor with softbox lighting and mirror panels. Camera: architectural wide shot showing ceiling utilities and floor plane. Lighting: daylight through clerestory windows plus fill cards. Hero product: 3mL pre-filled research dosage pen labeled BPC-157 / TB-500 (P-WOL-001). Pen is a mid-ground element within a complete laboratory scene — never an extreme close-up, never isolated product packshot. Show full lab architecture, instruments, and benches around it. No injection act, no people, no needles in use. SIGNAGE RULE: premium clean research lab only. No safety placards, no industrial alert graphics, no trefoil icons, no striped floor tape, no danger banners. Do not print alert words on walls, floors, labels, or posters. Only neutral room names and product typography.",Captions MUST be only about BPC-157 / TB-500 pen (P-WOL-001) and https://www.palmbeach-vitality.store/products/wolverine-pen.,Active,112,
PEN-013,pen_3ml_scene,3mL pen scene 13 — CJC (no DAC)/Ipamorelin,solvent storage adjacent wet lab with chemical shower niche (empty),medium-wide environmental shot with product as a small mid-ground element,cool cyan-blue biotech rim with soft overhead panels,"one 3mL pre-filled research dosage pen of CJC (no DAC)/Ipamorelin visible in mid-ground on a bench/riser INSIDE the full lab (not a macro, not filling the frame)",3mL pre-filled research dosage pen,P-CII-001,CJC (no DAC)/Ipamorelin,https://www.palmbeach-vitality.store/products/cjc-ipamorelin-1,"FULL LAB + 3mL DOSAGE PEN SCENE (wide/environmental). Environment: solvent storage adjacent wet lab with chemical shower niche (empty). Camera: medium-wide environmental shot with product as a small mid-ground element. Lighting: cool cyan-blue biotech rim with soft overhead panels. Hero product: 3mL pre-filled research dosage pen labeled CJC (no DAC)/Ipamorelin (P-CII-001). Pen is a mid-ground element within a complete laboratory scene — never an extreme close-up, never isolated product packshot. Show full lab architecture, instruments, and benches around it. No injection act, no people, no needles in use. SIGNAGE RULE: premium clean research lab only. No safety placards, no industrial alert graphics, no trefoil icons, no striped floor tape, no danger banners. Do not print alert words on walls, floors, labels, or posters. Only neutral room names and product typography.",Captions MUST be only about CJC (no DAC)/Ipamorelin pen (P-CII-001) and https://www.palmbeach-vitality.store/products/cjc-ipamorelin-1.,Active,113,
PEN-014,pen_3ml_scene,3mL pen scene 14 — DSIP,NMR / spectroscopy annex with instrument rooms along a hallway,"wide establishing shot, 24mm equivalent, deep focus",warm-neutral catalog softboxes with clean speculars,"one 3mL pre-filled research dosage pen of DSIP visible in mid-ground on a bench/riser INSIDE the full lab (not a macro, not filling the frame)",3mL pre-filled research dosage pen,P-DSI-001,DSIP,https://www.palmbeach-vitality.store/products/dsip-pen,"FULL LAB + 3mL DOSAGE PEN SCENE (wide/environmental). Environment: NMR / spectroscopy annex with instrument rooms along a hallway. Camera: wide establishing shot, 24mm equivalent, deep focus. Lighting: warm-neutral catalog softboxes with clean speculars. Hero product: 3mL pre-filled research dosage pen labeled DSIP (P-DSI-001). Pen is a mid-ground element within a complete laboratory scene — never an extreme close-up, never isolated product packshot. Show full lab architecture, instruments, and benches around it. No injection act, no people, no needles in use. SIGNAGE RULE: premium clean research lab only. No safety placards, no industrial alert graphics, no trefoil icons, no striped floor tape, no danger banners. Do not print alert words on walls, floors, labels, or posters. Only neutral room names and product typography.",Captions MUST be only about DSIP pen (P-DSI-001) and https://www.palmbeach-vitality.store/products/dsip-pen.,Active,114,
PEN-015,pen_3ml_scene,3mL pen scene 15 — GHK-Cu,bioreactor gallery with cylindrical vessels and control panels,elevated three-quarter wide shot of the whole bay,"high-key sterile white lighting, minimal shadows","one 3mL pre-filled research dosage pen of GHK-Cu visible in mid-ground on a bench/riser INSIDE the full lab (not a macro, not filling the frame)",3mL pre-filled research dosage pen,P-GHK-001,GHK-Cu,https://www.palmbeach-vitality.store/products/ghk-cu-pen,"FULL LAB + 3mL DOSAGE PEN SCENE (wide/environmental). Environment: bioreactor gallery with cylindrical vessels and control panels. Camera: elevated three-quarter wide shot of the whole bay. Lighting: high-key sterile white lighting, minimal shadows. Hero product: 3mL pre-filled research dosage pen labeled GHK-Cu (P-GHK-001). Pen is a mid-ground element within a complete laboratory scene — never an extreme close-up, never isolated product packshot. Show full lab architecture, instruments, and benches around it. No injection act, no people, no needles in use. SIGNAGE RULE: premium clean research lab only. No safety placards, no industrial alert graphics, no trefoil icons, no striped floor tape, no danger banners. Do not print alert words on walls, floors, labels, or posters. Only neutral room names and product typography.",Captions MUST be only about GHK-Cu pen (P-GHK-001) and https://www.palmbeach-vitality.store/products/ghk-cu-pen.,Active,115,
PEN-016,pen_3ml_scene,3mL pen scene 16 — 5-Amino-1MQ,clean packaging prep room with acrylic risers and catalog lighting,dolly-style wide hallway perspective into the lab,low-key dramatic instrument LEDs with controlled haze,"one 3mL pre-filled research dosage pen of 5-Amino-1MQ visible in mid-ground on a bench/riser INSIDE the full lab (not a macro, not filling the frame)",3mL pre-filled research dosage pen,P-5AM-001,5-Amino-1MQ,https://www.palmbeach-vitality.store/products/5-amino-mq-pen,"FULL LAB + 3mL DOSAGE PEN SCENE (wide/environmental). Environment: clean packaging prep room with acrylic risers and catalog lighting. Camera: dolly-style wide hallway perspective into the lab. Lighting: low-key dramatic instrument LEDs with controlled haze. Hero product: 3mL pre-filled research dosage pen labeled 5-Amino-1MQ (P-5AM-001). Pen is a mid-ground element within a complete laboratory scene — never an extreme close-up, never isolated product packshot. Show full lab architecture, instruments, and benches around it. No injection act, no people, no needles in use. SIGNAGE RULE: premium clean research lab only. No safety placards, no industrial alert graphics, no trefoil icons, no striped floor tape, no danger banners. Do not print alert words on walls, floors, labels, or posters. Only neutral room names and product typography.",Captions MUST be only about 5-Amino-1MQ pen (P-5AM-001) and https://www.palmbeach-vitality.store/products/5-amino-mq-pen.,Active,116,
PEN-017,pen_3ml_scene,3mL pen scene 17 — BPC-157 / TB-500 / GHK-Cu,midnight-shift lab with low ambient light and instrument standby LEDs,architectural wide shot showing ceiling utilities and floor plane,daylight through clerestory windows plus fill cards,"one 3mL pre-filled research dosage pen of BPC-157 / TB-500 / GHK-Cu visible in mid-ground on a bench/riser INSIDE the full lab (not a macro, not filling the frame)",3mL pre-filled research dosage pen,P-GLO-001,BPC-157 / TB-500 / GHK-Cu,https://www.palmbeach-vitality.store/products/glow-pen,"FULL LAB + 3mL DOSAGE PEN SCENE (wide/environmental). Environment: midnight-shift lab with low ambient light and instrument standby LEDs. Camera: architectural wide shot showing ceiling utilities and floor plane. Lighting: daylight through clerestory windows plus fill cards. Hero product: 3mL pre-filled research dosage pen labeled BPC-157 / TB-500 / GHK-Cu (P-GLO-001). Pen is a mid-ground element within a complete laboratory scene — never an extreme close-up, never isolated product packshot. Show full lab architecture, instruments, and benches around it. No injection act, no people, no needles in use. SIGNAGE RULE: premium clean research lab only. No safety placards, no industrial alert graphics, no trefoil icons, no striped floor tape, no danger banners. Do not print alert words on walls, floors, labels, or posters. Only neutral room names and product typography.",Captions MUST be only about BPC-157 / TB-500 / GHK-Cu pen (P-GLO-001) and https://www.palmbeach-vitality.store/products/glow-pen.,Active,117,
PEN-018,pen_3ml_scene,3mL pen scene 18 — SS-31,mezzanine utility corridor above the main synthesis floor,medium-wide environmental shot with product as a small mid-ground element,cool cyan-blue biotech rim with soft overhead panels,"one 3mL pre-filled research dosage pen of SS-31 visible in mid-ground on a bench/riser INSIDE the full lab (not a macro, not filling the frame)",3mL pre-filled research dosage pen,P-SS3-001,SS-31,https://www.palmbeach-vitality.store/products/ss-31-pen,"FULL LAB + 3mL DOSAGE PEN SCENE (wide/environmental). Environment: mezzanine utility corridor above the main synthesis floor. Camera: medium-wide environmental shot with product as a small mid-ground element. Lighting: cool cyan-blue biotech rim with soft overhead panels. Hero product: 3mL pre-filled research dosage pen labeled SS-31 (P-SS3-001). Pen is a mid-ground element within a complete laboratory scene — never an extreme close-up, never isolated product packshot. Show full lab architecture, instruments, and benches around it. No injection act, no people, no needles in use. SIGNAGE RULE: premium clean research lab only. No safety placards, no industrial alert graphics, no trefoil icons, no striped floor tape, no danger banners. Do not print alert words on walls, floors, labels, or posters. Only neutral room names and product typography.",Captions MUST be only about SS-31 pen (P-SS3-001) and https://www.palmbeach-vitality.store/products/ss-31-pen.,Active,118,
PEN-019,pen_3ml_scene,3mL pen scene 19 — KPV,glassware wash-adjacent prep lab with drying racks in perspective,"wide establishing shot, 24mm equivalent, deep focus",warm-neutral catalog softboxes with clean speculars,"one 3mL pre-filled research dosage pen of KPV visible in mid-ground on a bench/riser INSIDE the full lab (not a macro, not filling the frame)",3mL pre-filled research dosage pen,P-KPV-001,KPV,https://www.palmbeach-vitality.store/products/kpv,"FULL LAB + 3mL DOSAGE PEN SCENE (wide/environmental). Environment: glassware wash-adjacent prep lab with drying racks in perspective. Camera: wide establishing shot, 24mm equivalent, deep focus. Lighting: warm-neutral catalog softboxes with clean speculars. Hero product: 3mL pre-filled research dosage pen labeled KPV (P-KPV-001). Pen is a mid-ground element within a complete laboratory scene — never an extreme close-up, never isolated product packshot. Show full lab architecture, instruments, and benches around it. No injection act, no people, no needles in use. SIGNAGE RULE: premium clean research lab only. No safety placards, no industrial alert graphics, no trefoil icons, no striped floor tape, no danger banners. Do not print alert words on walls, floors, labels, or posters. Only neutral room names and product typography.",Captions MUST be only about KPV pen (P-KPV-001) and https://www.palmbeach-vitality.store/products/kpv.,Active,119,
PEN-020,pen_3ml_scene,3mL pen scene 20 — Semaglutide,calibration lab with metrology benches and precision fixtures,elevated three-quarter wide shot of the whole bay,"high-key sterile white lighting, minimal shadows","one 3mL pre-filled research dosage pen of Semaglutide visible in mid-ground on a bench/riser INSIDE the full lab (not a macro, not filling the frame)",3mL pre-filled research dosage pen,P-SEM-001,Semaglutide,https://www.palmbeach-vitality.store/products/semaglutide-1-5mg-pen,"FULL LAB + 3mL DOSAGE PEN SCENE (wide/environmental). Environment: calibration lab with metrology benches and precision fixtures. Camera: elevated three-quarter wide shot of the whole bay. Lighting: high-key sterile white lighting, minimal shadows. Hero product: 3mL pre-filled research dosage pen labeled Semaglutide (P-SEM-001). Pen is a mid-ground element within a complete laboratory scene — never an extreme close-up, never isolated product packshot. Show full lab architecture, instruments, and benches around it. No injection act, no people, no needles in use. SIGNAGE RULE: premium clean research lab only. No safety placards, no industrial alert graphics, no trefoil icons, no striped floor tape, no danger banners. Do not print alert words on walls, floors, labels, or posters. Only neutral room names and product typography.",Captions MUST be only about Semaglutide pen (P-SEM-001) and https://www.palmbeach-vitality.store/products/semaglutide-1-5mg-pen.,Active,120,
PEN-021,pen_3ml_scene,3mL pen scene 21 — Tirzepatide,data-center-adjacent lab control room with wall displays (no faces),dolly-style wide hallway perspective into the lab,low-key dramatic instrument LEDs with controlled haze,"one 3mL pre-filled research dosage pen of Tirzepatide visible in mid-ground on a bench/riser INSIDE the full lab (not a macro, not filling the frame)",3mL pre-filled research dosage pen,P-TIR-001,Tirzepatide,https://www.palmbeach-vitality.store/products/tirzepatide-10mg-pen,"FULL LAB + 3mL DOSAGE PEN SCENE (wide/environmental). Environment: data-center-adjacent lab control room with wall displays (no faces). Camera: dolly-style wide hallway perspective into the lab. Lighting: low-key dramatic instrument LEDs with controlled haze. Hero product: 3mL pre-filled research dosage pen labeled Tirzepatide (P-TIR-001). Pen is a mid-ground element within a complete laboratory scene — never an extreme close-up, never isolated product packshot. Show full lab architecture, instruments, and benches around it. No injection act, no people, no needles in use. SIGNAGE RULE: premium clean research lab only. No safety placards, no industrial alert graphics, no trefoil icons, no striped floor tape, no danger banners. Do not print alert words on walls, floors, labels, or posters. Only neutral room names and product typography.",Captions MUST be only about Tirzepatide pen (P-TIR-001) and https://www.palmbeach-vitality.store/products/tirzepatide-10mg-pen.,Active,121,
PEN-022,pen_3ml_scene,3mL pen scene 22 — Retatrutide,modular containerized lab pods arranged in a warehouse-scale bay,architectural wide shot showing ceiling utilities and floor plane,daylight through clerestory windows plus fill cards,"one 3mL pre-filled research dosage pen of Retatrutide visible in mid-ground on a bench/riser INSIDE the full lab (not a macro, not filling the frame)",3mL pre-filled research dosage pen,P-RET-001,Retatrutide,https://www.palmbeach-vitality.store/products/retatrutride-8mg-pen,"FULL LAB + 3mL DOSAGE PEN SCENE (wide/environmental). Environment: modular containerized lab pods arranged in a warehouse-scale bay. Camera: architectural wide shot showing ceiling utilities and floor plane. Lighting: daylight through clerestory windows plus fill cards. Hero product: 3mL pre-filled research dosage pen labeled Retatrutide (P-RET-001). Pen is a mid-ground element within a complete laboratory scene — never an extreme close-up, never isolated product packshot. Show full lab architecture, instruments, and benches around it. No injection act, no people, no needles in use. SIGNAGE RULE: premium clean research lab only. No safety placards, no industrial alert graphics, no trefoil icons, no striped floor tape, no danger banners. Do not print alert words on walls, floors, labels, or posters. Only neutral room names and product typography.",Captions MUST be only about Retatrutide pen (P-RET-001) and https://www.palmbeach-vitality.store/products/retatrutride-8mg-pen.,Active,122,
PEN-023,pen_3ml_scene,3mL pen scene 23 — KPV / BPC-157 / TB-500 / GHK-Cu,white high-key research catalog set built as a full laboratory stage,medium-wide environmental shot with product as a small mid-ground element,cool cyan-blue biotech rim with soft overhead panels,"one 3mL pre-filled research dosage pen of KPV / BPC-157 / TB-500 / GHK-Cu visible in mid-ground on a bench/riser INSIDE the full lab (not a macro, not filling the frame)",3mL pre-filled research dosage pen,P-KLO-001,KPV / BPC-157 / TB-500 / GHK-Cu,https://www.palmbeach-vitality.store/products/klow-pen,"FULL LAB + 3mL DOSAGE PEN SCENE (wide/environmental). Environment: white high-key research catalog set built as a full laboratory stage. Camera: medium-wide environmental shot with product as a small mid-ground element. Lighting: cool cyan-blue biotech rim with soft overhead panels. Hero product: 3mL pre-filled research dosage pen labeled KPV / BPC-157 / TB-500 / GHK-Cu (P-KLO-001). Pen is a mid-ground element within a complete laboratory scene — never an extreme close-up, never isolated product packshot. Show full lab architecture, instruments, and benches around it. No injection act, no people, no needles in use. SIGNAGE RULE: premium clean research lab only. No safety placards, no industrial alert graphics, no trefoil icons, no striped floor tape, no danger banners. Do not print alert words on walls, floors, labels, or posters. Only neutral room names and product typography.",Captions MUST be only about KPV / BPC-157 / TB-500 / GHK-Cu pen (P-KLO-001) and https://www.palmbeach-vitality.store/products/klow-pen.,Active,123,
PEN-024,pen_3ml_scene,3mL pen scene 24 — MOTS-C,bronze-and-glass premium lab lobby transitioning into research floors,"wide establishing shot, 24mm equivalent, deep focus",warm-neutral catalog softboxes with clean speculars,"one 3mL pre-filled research dosage pen of MOTS-C visible in mid-ground on a bench/riser INSIDE the full lab (not a macro, not filling the frame)",3mL pre-filled research dosage pen,P-MOT-001,MOTS-C,https://www.palmbeach-vitality.store/products/mots-c,"FULL LAB + 3mL DOSAGE PEN SCENE (wide/environmental). Environment: bronze-and-glass premium lab lobby transitioning into research floors. Camera: wide establishing shot, 24mm equivalent, deep focus. Lighting: warm-neutral catalog softboxes with clean speculars. Hero product: 3mL pre-filled research dosage pen labeled MOTS-C (P-MOT-001). Pen is a mid-ground element within a complete laboratory scene — never an extreme close-up, never isolated product packshot. Show full lab architecture, instruments, and benches around it. No injection act, no people, no needles in use. SIGNAGE RULE: premium clean research lab only. No safety placards, no industrial alert graphics, no trefoil icons, no striped floor tape, no danger banners. Do not print alert words on walls, floors, labels, or posters. Only neutral room names and product typography.",Captions MUST be only about MOTS-C pen (P-MOT-001) and https://www.palmbeach-vitality.store/products/mots-c.,Active,124,
PEN-025,pen_3ml_scene,3mL pen scene 25 — NAD+,underground secure research vault with secure lab doors and airlocks,elevated three-quarter wide shot of the whole bay,"high-key sterile white lighting, minimal shadows","one 3mL pre-filled research dosage pen of NAD+ visible in mid-ground on a bench/riser INSIDE the full lab (not a macro, not filling the frame)",3mL pre-filled research dosage pen,P-NAD-001,NAD+,https://www.palmbeach-vitality.store/products/nad-pen-500mg,"FULL LAB + 3mL DOSAGE PEN SCENE (wide/environmental). Environment: underground secure research vault with secure lab doors and airlocks. Camera: elevated three-quarter wide shot of the whole bay. Lighting: high-key sterile white lighting, minimal shadows. Hero product: 3mL pre-filled research dosage pen labeled NAD+ (P-NAD-001). Pen is a mid-ground element within a complete laboratory scene — never an extreme close-up, never isolated product packshot. Show full lab architecture, instruments, and benches around it. No injection act, no people, no needles in use. SIGNAGE RULE: premium clean research lab only. No safety placards, no industrial alert graphics, no trefoil icons, no striped floor tape, no danger banners. Do not print alert words on walls, floors, labels, or posters. Only neutral room names and product typography.",Captions MUST be only about NAD+ pen (P-NAD-001) and https://www.palmbeach-vitality.store/products/nad-pen-500mg.,Active,125,
PEN-026,pen_3ml_scene,3mL pen scene 26 — PT-141,rooftop mechanical penthouse lab with HVAC and exhaust stacks visible,dolly-style wide hallway perspective into the lab,low-key dramatic instrument LEDs with controlled haze,"one 3mL pre-filled research dosage pen of PT-141 visible in mid-ground on a bench/riser INSIDE the full lab (not a macro, not filling the frame)",3mL pre-filled research dosage pen,P-PT1-001,PT-141,https://www.palmbeach-vitality.store/products/pt-141-pen,"FULL LAB + 3mL DOSAGE PEN SCENE (wide/environmental). Environment: rooftop mechanical penthouse lab with HVAC and exhaust stacks visible. Camera: dolly-style wide hallway perspective into the lab. Lighting: low-key dramatic instrument LEDs with controlled haze. Hero product: 3mL pre-filled research dosage pen labeled PT-141 (P-PT1-001). Pen is a mid-ground element within a complete laboratory scene — never an extreme close-up, never isolated product packshot. Show full lab architecture, instruments, and benches around it. No injection act, no people, no needles in use. SIGNAGE RULE: premium clean research lab only. No safety placards, no industrial alert graphics, no trefoil icons, no striped floor tape, no danger banners. Do not print alert words on walls, floors, labels, or posters. Only neutral room names and product typography.",Captions MUST be only about PT-141 pen (P-PT1-001) and https://www.palmbeach-vitality.store/products/pt-141-pen.,Active,126,
PEN-027,pen_3ml_scene,3mL pen scene 27 — Semax,coastal American research campus lab with daylight through clerestory windows,architectural wide shot showing ceiling utilities and floor plane,daylight through clerestory windows plus fill cards,"one 3mL pre-filled research dosage pen of Semax visible in mid-ground on a bench/riser INSIDE the full lab (not a macro, not filling the frame)",3mL pre-filled research dosage pen,P-SMX-001,Semax,https://www.palmbeach-vitality.store/products/semax-pen,"FULL LAB + 3mL DOSAGE PEN SCENE (wide/environmental). Environment: coastal American research campus lab with daylight through clerestory windows. Camera: architectural wide shot showing ceiling utilities and floor plane. Lighting: daylight through clerestory windows plus fill cards. Hero product: 3mL pre-filled research dosage pen labeled Semax (P-SMX-001). Pen is a mid-ground element within a complete laboratory scene — never an extreme close-up, never isolated product packshot. Show full lab architecture, instruments, and benches around it. No injection act, no people, no needles in use. SIGNAGE RULE: premium clean research lab only. No safety placards, no industrial alert graphics, no trefoil icons, no striped floor tape, no danger banners. Do not print alert words on walls, floors, labels, or posters. Only neutral room names and product typography.",Captions MUST be only about Semax pen (P-SMX-001) and https://www.palmbeach-vitality.store/products/semax-pen.,Active,127,
PEN-028,pen_3ml_scene,3mL pen scene 28 — Selank,blackout photography lab stage dressed as a complete peptide research floor,medium-wide environmental shot with product as a small mid-ground element,cool cyan-blue biotech rim with soft overhead panels,"one 3mL pre-filled research dosage pen of Selank visible in mid-ground on a bench/riser INSIDE the full lab (not a macro, not filling the frame)",3mL pre-filled research dosage pen,P-SEL-001,Selank,https://www.palmbeach-vitality.store/products/selank-pen,"FULL LAB + 3mL DOSAGE PEN SCENE (wide/environmental). Environment: blackout photography lab stage dressed as a complete peptide research floor. Camera: medium-wide environmental shot with product as a small mid-ground element. Lighting: cool cyan-blue biotech rim with soft overhead panels. Hero product: 3mL pre-filled research dosage pen labeled Selank (P-SEL-001). Pen is a mid-ground element within a complete laboratory scene — never an extreme close-up, never isolated product packshot. Show full lab architecture, instruments, and benches around it. No injection act, no people, no needles in use. SIGNAGE RULE: premium clean research lab only. No safety placards, no industrial alert graphics, no trefoil icons, no striped floor tape, no danger banners. Do not print alert words on walls, floors, labels, or posters. Only neutral room names and product typography.",Captions MUST be only about Selank pen (P-SEL-001) and https://www.palmbeach-vitality.store/products/selank-pen.,Active,128,
PEN-029,pen_3ml_scene,3mL pen scene 29 — Sermorelin,hex-grid raised floor tech lab with cable management under glass tiles,"wide establishing shot, 24mm equivalent, deep focus",warm-neutral catalog softboxes with clean speculars,"one 3mL pre-filled research dosage pen of Sermorelin visible in mid-ground on a bench/riser INSIDE the full lab (not a macro, not filling the frame)",3mL pre-filled research dosage pen,P-SER-001,Sermorelin,https://www.palmbeach-vitality.store/products/sermorelin-pen,"FULL LAB + 3mL DOSAGE PEN SCENE (wide/environmental). Environment: hex-grid raised floor tech lab with cable management under glass tiles. Camera: wide establishing shot, 24mm equivalent, deep focus. Lighting: warm-neutral catalog softboxes with clean speculars. Hero product: 3mL pre-filled research dosage pen labeled Sermorelin (P-SER-001). Pen is a mid-ground element within a complete laboratory scene — never an extreme close-up, never isolated product packshot. Show full lab architecture, instruments, and benches around it. No injection act, no people, no needles in use. SIGNAGE RULE: premium clean research lab only. No safety placards, no industrial alert graphics, no trefoil icons, no striped floor tape, no danger banners. Do not print alert words on walls, floors, labels, or posters. Only neutral room names and product typography.",Captions MUST be only about Sermorelin pen (P-SER-001) and https://www.palmbeach-vitality.store/products/sermorelin-pen.,Active,129,
PEN-030,pen_3ml_scene,3mL pen scene 30 — Thymosin Alpha-1,double-height synthesis cathedral with hanging reactor scaffolds,elevated three-quarter wide shot of the whole bay,"high-key sterile white lighting, minimal shadows","one 3mL pre-filled research dosage pen of Thymosin Alpha-1 visible in mid-ground on a bench/riser INSIDE the full lab (not a macro, not filling the frame)",3mL pre-filled research dosage pen,P-TA1-001,Thymosin Alpha-1,https://www.palmbeach-vitality.store/products/ta-2,"FULL LAB + 3mL DOSAGE PEN SCENE (wide/environmental). Environment: double-height synthesis cathedral with hanging reactor scaffolds. Camera: elevated three-quarter wide shot of the whole bay. Lighting: high-key sterile white lighting, minimal shadows. Hero product: 3mL pre-filled research dosage pen labeled Thymosin Alpha-1 (P-TA1-001). Pen is a mid-ground element within a complete laboratory scene — never an extreme close-up, never isolated product packshot. Show full lab architecture, instruments, and benches around it. No injection act, no people, no needles in use. SIGNAGE RULE: premium clean research lab only. No safety placards, no industrial alert graphics, no trefoil icons, no striped floor tape, no danger banners. Do not print alert words on walls, floors, labels, or posters. Only neutral room names and product typography.",Captions MUST be only about Thymosin Alpha-1 pen (P-TA1-001) and https://www.palmbeach-vitality.store/products/ta-2.,Active,130,
PEN-031,pen_3ml_scene,3mL pen scene 31 — Tesamorelin,narrow instrument canyon between two rows of tall analyzers,dolly-style wide hallway perspective into the lab,low-key dramatic instrument LEDs with controlled haze,"one 3mL pre-filled research dosage pen of Tesamorelin visible in mid-ground on a bench/riser INSIDE the full lab (not a macro, not filling the frame)",3mL pre-filled research dosage pen,P-TES-001,Tesamorelin,https://www.palmbeach-vitality.store/products/tesamorelin-30mg-pen,"FULL LAB + 3mL DOSAGE PEN SCENE (wide/environmental). Environment: narrow instrument canyon between two rows of tall analyzers. Camera: dolly-style wide hallway perspective into the lab. Lighting: low-key dramatic instrument LEDs with controlled haze. Hero product: 3mL pre-filled research dosage pen labeled Tesamorelin (P-TES-001). Pen is a mid-ground element within a complete laboratory scene — never an extreme close-up, never isolated product packshot. Show full lab architecture, instruments, and benches around it. No injection act, no people, no needles in use. SIGNAGE RULE: premium clean research lab only. No safety placards, no industrial alert graphics, no trefoil icons, no striped floor tape, no danger banners. Do not print alert words on walls, floors, labels, or posters. Only neutral room names and product typography.",Captions MUST be only about Tesamorelin pen (P-TES-001) and https://www.palmbeach-vitality.store/products/tesamorelin-30mg-pen.,Active,131,
PEN-032,pen_3ml_scene,3mL pen scene 32 — Tesamorelin/Ipamorelin,circular collaboration lab (empty) with ring benches and center island,architectural wide shot showing ceiling utilities and floor plane,daylight through clerestory windows plus fill cards,"one 3mL pre-filled research dosage pen of Tesamorelin/Ipamorelin visible in mid-ground on a bench/riser INSIDE the full lab (not a macro, not filling the frame)",3mL pre-filled research dosage pen,P-TEI-001,Tesamorelin/Ipamorelin,https://www.palmbeach-vitality.store/products/tesamorelin-ipamorelin-pen,"FULL LAB + 3mL DOSAGE PEN SCENE (wide/environmental). Environment: circular collaboration lab (empty) with ring benches and center island. Camera: architectural wide shot showing ceiling utilities and floor plane. Lighting: daylight through clerestory windows plus fill cards. Hero product: 3mL pre-filled research dosage pen labeled Tesamorelin/Ipamorelin (P-TEI-001). Pen is a mid-ground element within a complete laboratory scene — never an extreme close-up, never isolated product packshot. Show full lab architecture, instruments, and benches around it. No injection act, no people, no needles in use. SIGNAGE RULE: premium clean research lab only. No safety placards, no industrial alert graphics, no trefoil icons, no striped floor tape, no danger banners. Do not print alert words on walls, floors, labels, or posters. Only neutral room names and product typography.",Captions MUST be only about Tesamorelin/Ipamorelin pen (P-TEI-001) and https://www.palmbeach-vitality.store/products/tesamorelin-ipamorelin-pen.,Active,132,
PEN-033,pen_3ml_scene,3mL pen scene 33 — BPC-157,archive / reference standard vault with labeled drawers and cold cases,medium-wide environmental shot with product as a small mid-ground element,cool cyan-blue biotech rim with soft overhead panels,"one 3mL pre-filled research dosage pen of BPC-157 visible in mid-ground on a bench/riser INSIDE the full lab (not a macro, not filling the frame)",3mL pre-filled research dosage pen,P-BPC-001,BPC-157,https://www.palmbeach-vitality.store/products/bpc-157-pen,"FULL LAB + 3mL DOSAGE PEN SCENE (wide/environmental). Environment: archive / reference standard vault with labeled drawers and cold cases. Camera: medium-wide environmental shot with product as a small mid-ground element. Lighting: cool cyan-blue biotech rim with soft overhead panels. Hero product: 3mL pre-filled research dosage pen labeled BPC-157 (P-BPC-001). Pen is a mid-ground element within a complete laboratory scene — never an extreme close-up, never isolated product packshot. Show full lab architecture, instruments, and benches around it. No injection act, no people, no needles in use. SIGNAGE RULE: premium clean research lab only. No safety placards, no industrial alert graphics, no trefoil icons, no striped floor tape, no danger banners. Do not print alert words on walls, floors, labels, or posters. Only neutral room names and product typography.",Captions MUST be only about BPC-157 pen (P-BPC-001) and https://www.palmbeach-vitality.store/products/bpc-157-pen.,Active,133,
PEN-034,pen_3ml_scene,3mL pen scene 34 — BPC-157 / TB-500,training cleanroom mockup with full gowning anteroom (no people),"wide establishing shot, 24mm equivalent, deep focus",warm-neutral catalog softboxes with clean speculars,"one 3mL pre-filled research dosage pen of BPC-157 / TB-500 visible in mid-ground on a bench/riser INSIDE the full lab (not a macro, not filling the frame)",3mL pre-filled research dosage pen,P-WOL-001,BPC-157 / TB-500,https://www.palmbeach-vitality.store/products/wolverine-pen,"FULL LAB + 3mL DOSAGE PEN SCENE (wide/environmental). Environment: training cleanroom mockup with full gowning anteroom (no people). Camera: wide establishing shot, 24mm equivalent, deep focus. Lighting: warm-neutral catalog softboxes with clean speculars. Hero product: 3mL pre-filled research dosage pen labeled BPC-157 / TB-500 (P-WOL-001). Pen is a mid-ground element within a complete laboratory scene — never an extreme close-up, never isolated product packshot. Show full lab architecture, instruments, and benches around it. No injection act, no people, no needles in use. SIGNAGE RULE: premium clean research lab only. No safety placards, no industrial alert graphics, no trefoil icons, no striped floor tape, no danger banners. Do not print alert words on walls, floors, labels, or posters. Only neutral room names and product typography.",Captions MUST be only about BPC-157 / TB-500 pen (P-WOL-001) and https://www.palmbeach-vitality.store/products/wolverine-pen.,Active,134,
PEN-035,pen_3ml_scene,3mL pen scene 35 — CJC (no DAC)/Ipamorelin,pilot-scale manufacturing cell with skid systems and utility umbilicals,elevated three-quarter wide shot of the whole bay,"high-key sterile white lighting, minimal shadows","one 3mL pre-filled research dosage pen of CJC (no DAC)/Ipamorelin visible in mid-ground on a bench/riser INSIDE the full lab (not a macro, not filling the frame)",3mL pre-filled research dosage pen,P-CII-001,CJC (no DAC)/Ipamorelin,https://www.palmbeach-vitality.store/products/cjc-ipamorelin-1,"FULL LAB + 3mL DOSAGE PEN SCENE (wide/environmental). Environment: pilot-scale manufacturing cell with skid systems and utility umbilicals. Camera: elevated three-quarter wide shot of the whole bay. Lighting: high-key sterile white lighting, minimal shadows. Hero product: 3mL pre-filled research dosage pen labeled CJC (no DAC)/Ipamorelin (P-CII-001). Pen is a mid-ground element within a complete laboratory scene — never an extreme close-up, never isolated product packshot. Show full lab architecture, instruments, and benches around it. No injection act, no people, no needles in use. SIGNAGE RULE: premium clean research lab only. No safety placards, no industrial alert graphics, no trefoil icons, no striped floor tape, no danger banners. Do not print alert words on walls, floors, labels, or posters. Only neutral room names and product typography.",Captions MUST be only about CJC (no DAC)/Ipamorelin pen (P-CII-001) and https://www.palmbeach-vitality.store/products/cjc-ipamorelin-1.,Active,135,
PEN-036,pen_3ml_scene,3mL pen scene 36 — DSIP,fluorescence-ready dark lab with UV-safe surfaces and instrument towers,dolly-style wide hallway perspective into the lab,low-key dramatic instrument LEDs with controlled haze,"one 3mL pre-filled research dosage pen of DSIP visible in mid-ground on a bench/riser INSIDE the full lab (not a macro, not filling the frame)",3mL pre-filled research dosage pen,P-DSI-001,DSIP,https://www.palmbeach-vitality.store/products/dsip-pen,"FULL LAB + 3mL DOSAGE PEN SCENE (wide/environmental). Environment: fluorescence-ready dark lab with UV-safe surfaces and instrument towers. Camera: dolly-style wide hallway perspective into the lab. Lighting: low-key dramatic instrument LEDs with controlled haze. Hero product: 3mL pre-filled research dosage pen labeled DSIP (P-DSI-001). Pen is a mid-ground element within a complete laboratory scene — never an extreme close-up, never isolated product packshot. Show full lab architecture, instruments, and benches around it. No injection act, no people, no needles in use. SIGNAGE RULE: premium clean research lab only. No safety placards, no industrial alert graphics, no trefoil icons, no striped floor tape, no danger banners. Do not print alert words on walls, floors, labels, or posters. Only neutral room names and product typography.",Captions MUST be only about DSIP pen (P-DSI-001) and https://www.palmbeach-vitality.store/products/dsip-pen.,Active,136,
PEN-037,pen_3ml_scene,3mL pen scene 37 — GHK-Cu,cross-shaped lab intersection of four research corridors,architectural wide shot showing ceiling utilities and floor plane,daylight through clerestory windows plus fill cards,"one 3mL pre-filled research dosage pen of GHK-Cu visible in mid-ground on a bench/riser INSIDE the full lab (not a macro, not filling the frame)",3mL pre-filled research dosage pen,P-GHK-001,GHK-Cu,https://www.palmbeach-vitality.store/products/ghk-cu-pen,"FULL LAB + 3mL DOSAGE PEN SCENE (wide/environmental). Environment: cross-shaped lab intersection of four research corridors. Camera: architectural wide shot showing ceiling utilities and floor plane. Lighting: daylight through clerestory windows plus fill cards. Hero product: 3mL pre-filled research dosage pen labeled GHK-Cu (P-GHK-001). Pen is a mid-ground element within a complete laboratory scene — never an extreme close-up, never isolated product packshot. Show full lab architecture, instruments, and benches around it. No injection act, no people, no needles in use. SIGNAGE RULE: premium clean research lab only. No safety placards, no industrial alert graphics, no trefoil icons, no striped floor tape, no danger banners. Do not print alert words on walls, floors, labels, or posters. Only neutral room names and product typography.",Captions MUST be only about GHK-Cu pen (P-GHK-001) and https://www.palmbeach-vitality.store/products/ghk-cu-pen.,Active,137,
PEN-038,pen_3ml_scene,3mL pen scene 38 — 5-Amino-1MQ,floating island benches in a minimalist white future-lab pavilion,medium-wide environmental shot with product as a small mid-ground element,cool cyan-blue biotech rim with soft overhead panels,"one 3mL pre-filled research dosage pen of 5-Amino-1MQ visible in mid-ground on a bench/riser INSIDE the full lab (not a macro, not filling the frame)",3mL pre-filled research dosage pen,P-5AM-001,5-Amino-1MQ,https://www.palmbeach-vitality.store/products/5-amino-mq-pen,"FULL LAB + 3mL DOSAGE PEN SCENE (wide/environmental). Environment: floating island benches in a minimalist white future-lab pavilion. Camera: medium-wide environmental shot with product as a small mid-ground element. Lighting: cool cyan-blue biotech rim with soft overhead panels. Hero product: 3mL pre-filled research dosage pen labeled 5-Amino-1MQ (P-5AM-001). Pen is a mid-ground element within a complete laboratory scene — never an extreme close-up, never isolated product packshot. Show full lab architecture, instruments, and benches around it. No injection act, no people, no needles in use. SIGNAGE RULE: premium clean research lab only. No safety placards, no industrial alert graphics, no trefoil icons, no striped floor tape, no danger banners. Do not print alert words on walls, floors, labels, or posters. Only neutral room names and product typography.",Captions MUST be only about 5-Amino-1MQ pen (P-5AM-001) and https://www.palmbeach-vitality.store/products/5-amino-mq-pen.,Active,138,
PEN-039,pen_3ml_scene,3mL pen scene 39 — BPC-157 / TB-500 / GHK-Cu,copper-piped steampunk-free modern utility spine through a lab hall,"wide establishing shot, 24mm equivalent, deep focus",warm-neutral catalog softboxes with clean speculars,"one 3mL pre-filled research dosage pen of BPC-157 / TB-500 / GHK-Cu visible in mid-ground on a bench/riser INSIDE the full lab (not a macro, not filling the frame)",3mL pre-filled research dosage pen,P-GLO-001,BPC-157 / TB-500 / GHK-Cu,https://www.palmbeach-vitality.store/products/glow-pen,"FULL LAB + 3mL DOSAGE PEN SCENE (wide/environmental). Environment: copper-piped steampunk-free modern utility spine through a lab hall. Camera: wide establishing shot, 24mm equivalent, deep focus. Lighting: warm-neutral catalog softboxes with clean speculars. Hero product: 3mL pre-filled research dosage pen labeled BPC-157 / TB-500 / GHK-Cu (P-GLO-001). Pen is a mid-ground element within a complete laboratory scene — never an extreme close-up, never isolated product packshot. Show full lab architecture, instruments, and benches around it. No injection act, no people, no needles in use. SIGNAGE RULE: premium clean research lab only. No safety placards, no industrial alert graphics, no trefoil icons, no striped floor tape, no danger banners. Do not print alert words on walls, floors, labels, or posters. Only neutral room names and product typography.",Captions MUST be only about BPC-157 / TB-500 / GHK-Cu pen (P-GLO-001) and https://www.palmbeach-vitality.store/products/glow-pen.,Active,139,
PEN-040,pen_3ml_scene,3mL pen scene 40 — SS-31,aquatica-teal themed sterile suite with ocean-glass partitions,elevated three-quarter wide shot of the whole bay,"high-key sterile white lighting, minimal shadows","one 3mL pre-filled research dosage pen of SS-31 visible in mid-ground on a bench/riser INSIDE the full lab (not a macro, not filling the frame)",3mL pre-filled research dosage pen,P-SS3-001,SS-31,https://www.palmbeach-vitality.store/products/ss-31-pen,"FULL LAB + 3mL DOSAGE PEN SCENE (wide/environmental). Environment: aquatica-teal themed sterile suite with ocean-glass partitions. Camera: elevated three-quarter wide shot of the whole bay. Lighting: high-key sterile white lighting, minimal shadows. Hero product: 3mL pre-filled research dosage pen labeled SS-31 (P-SS3-001). Pen is a mid-ground element within a complete laboratory scene — never an extreme close-up, never isolated product packshot. Show full lab architecture, instruments, and benches around it. No injection act, no people, no needles in use. SIGNAGE RULE: premium clean research lab only. No safety placards, no industrial alert graphics, no trefoil icons, no striped floor tape, no danger banners. Do not print alert words on walls, floors, labels, or posters. Only neutral room names and product typography.",Captions MUST be only about SS-31 pen (P-SS3-001) and https://www.palmbeach-vitality.store/products/ss-31-pen.,Active,140,
PEN-041,pen_3ml_scene,3mL pen scene 41 — KPV,sandstone-and-steel desert research lab with warm hard light,dolly-style wide hallway perspective into the lab,low-key dramatic instrument LEDs with controlled haze,"one 3mL pre-filled research dosage pen of KPV visible in mid-ground on a bench/riser INSIDE the full lab (not a macro, not filling the frame)",3mL pre-filled research dosage pen,P-KPV-001,KPV,https://www.palmbeach-vitality.store/products/kpv,"FULL LAB + 3mL DOSAGE PEN SCENE (wide/environmental). Environment: sandstone-and-steel desert research lab with warm hard light. Camera: dolly-style wide hallway perspective into the lab. Lighting: low-key dramatic instrument LEDs with controlled haze. Hero product: 3mL pre-filled research dosage pen labeled KPV (P-KPV-001). Pen is a mid-ground element within a complete laboratory scene — never an extreme close-up, never isolated product packshot. Show full lab architecture, instruments, and benches around it. No injection act, no people, no needles in use. SIGNAGE RULE: premium clean research lab only. No safety placards, no industrial alert graphics, no trefoil icons, no striped floor tape, no danger banners. Do not print alert words on walls, floors, labels, or posters. Only neutral room names and product typography.",Captions MUST be only about KPV pen (P-KPV-001) and https://www.palmbeach-vitality.store/products/kpv.,Active,141,
PEN-042,pen_3ml_scene,3mL pen scene 42 — Semaglutide,indigo night lab with magenta instrument accents and deep shadows,architectural wide shot showing ceiling utilities and floor plane,daylight through clerestory windows plus fill cards,"one 3mL pre-filled research dosage pen of Semaglutide visible in mid-ground on a bench/riser INSIDE the full lab (not a macro, not filling the frame)",3mL pre-filled research dosage pen,P-SEM-001,Semaglutide,https://www.palmbeach-vitality.store/products/semaglutide-1-5mg-pen,"FULL LAB + 3mL DOSAGE PEN SCENE (wide/environmental). Environment: indigo night lab with magenta instrument accents and deep shadows. Camera: architectural wide shot showing ceiling utilities and floor plane. Lighting: daylight through clerestory windows plus fill cards. Hero product: 3mL pre-filled research dosage pen labeled Semaglutide (P-SEM-001). Pen is a mid-ground element within a complete laboratory scene — never an extreme close-up, never isolated product packshot. Show full lab architecture, instruments, and benches around it. No injection act, no people, no needles in use. SIGNAGE RULE: premium clean research lab only. No safety placards, no industrial alert graphics, no trefoil icons, no striped floor tape, no danger banners. Do not print alert words on walls, floors, labels, or posters. Only neutral room names and product typography.",Captions MUST be only about Semaglutide pen (P-SEM-001) and https://www.palmbeach-vitality.store/products/semaglutide-1-5mg-pen.,Active,142,
PEN-043,pen_3ml_scene,3mL pen scene 43 — Tirzepatide,sunrise lab with long window light cutting across empty benches,medium-wide environmental shot with product as a small mid-ground element,cool cyan-blue biotech rim with soft overhead panels,"one 3mL pre-filled research dosage pen of Tirzepatide visible in mid-ground on a bench/riser INSIDE the full lab (not a macro, not filling the frame)",3mL pre-filled research dosage pen,P-TIR-001,Tirzepatide,https://www.palmbeach-vitality.store/products/tirzepatide-10mg-pen,"FULL LAB + 3mL DOSAGE PEN SCENE (wide/environmental). Environment: sunrise lab with long window light cutting across empty benches. Camera: medium-wide environmental shot with product as a small mid-ground element. Lighting: cool cyan-blue biotech rim with soft overhead panels. Hero product: 3mL pre-filled research dosage pen labeled Tirzepatide (P-TIR-001). Pen is a mid-ground element within a complete laboratory scene — never an extreme close-up, never isolated product packshot. Show full lab architecture, instruments, and benches around it. No injection act, no people, no needles in use. SIGNAGE RULE: premium clean research lab only. No safety placards, no industrial alert graphics, no trefoil icons, no striped floor tape, no danger banners. Do not print alert words on walls, floors, labels, or posters. Only neutral room names and product typography.",Captions MUST be only about Tirzepatide pen (P-TIR-001) and https://www.palmbeach-vitality.store/products/tirzepatide-10mg-pen.,Active,143,
PEN-044,pen_3ml_scene,3mL pen scene 44 — Retatrutide,wide sterile ISO cleanroom with HEPA ceiling grid and clean floor lane markings,"wide establishing shot, 24mm equivalent, deep focus",warm-neutral catalog softboxes with clean speculars,"one 3mL pre-filled research dosage pen of Retatrutide visible in mid-ground on a bench/riser INSIDE the full lab (not a macro, not filling the frame)",3mL pre-filled research dosage pen,P-RET-001,Retatrutide,https://www.palmbeach-vitality.store/products/retatrutride-8mg-pen,"FULL LAB + 3mL DOSAGE PEN SCENE (wide/environmental). Environment: wide sterile ISO cleanroom with HEPA ceiling grid and clean floor lane markings. Camera: wide establishing shot, 24mm equivalent, deep focus. Lighting: warm-neutral catalog softboxes with clean speculars. Hero product: 3mL pre-filled research dosage pen labeled Retatrutide (P-RET-001). Pen is a mid-ground element within a complete laboratory scene — never an extreme close-up, never isolated product packshot. Show full lab architecture, instruments, and benches around it. No injection act, no people, no needles in use. SIGNAGE RULE: premium clean research lab only. No safety placards, no industrial alert graphics, no trefoil icons, no striped floor tape, no danger banners. Do not print alert words on walls, floors, labels, or posters. Only neutral room names and product typography.",Captions MUST be only about Retatrutide pen (P-RET-001) and https://www.palmbeach-vitality.store/products/retatrutride-8mg-pen.,Active,144,
PEN-045,pen_3ml_scene,3mL pen scene 45 — KPV / BPC-157 / TB-500 / GHK-Cu,multi-bay peptide synthesis suite with tall glass reactors and walkways,elevated three-quarter wide shot of the whole bay,"high-key sterile white lighting, minimal shadows","one 3mL pre-filled research dosage pen of KPV / BPC-157 / TB-500 / GHK-Cu visible in mid-ground on a bench/riser INSIDE the full lab (not a macro, not filling the frame)",3mL pre-filled research dosage pen,P-KLO-001,KPV / BPC-157 / TB-500 / GHK-Cu,https://www.palmbeach-vitality.store/products/klow-pen,"FULL LAB + 3mL DOSAGE PEN SCENE (wide/environmental). Environment: multi-bay peptide synthesis suite with tall glass reactors and walkways. Camera: elevated three-quarter wide shot of the whole bay. Lighting: high-key sterile white lighting, minimal shadows. Hero product: 3mL pre-filled research dosage pen labeled KPV / BPC-157 / TB-500 / GHK-Cu (P-KLO-001). Pen is a mid-ground element within a complete laboratory scene — never an extreme close-up, never isolated product packshot. Show full lab architecture, instruments, and benches around it. No injection act, no people, no needles in use. SIGNAGE RULE: premium clean research lab only. No safety placards, no industrial alert graphics, no trefoil icons, no striped floor tape, no danger banners. Do not print alert words on walls, floors, labels, or posters. Only neutral room names and product typography.",Captions MUST be only about KPV / BPC-157 / TB-500 / GHK-Cu pen (P-KLO-001) and https://www.palmbeach-vitality.store/products/klow-pen.,Active,145,
PEN-046,pen_3ml_scene,3mL pen scene 46 — MOTS-C,analytical chemistry corridor lined with HPLC and LC-MS instrument banks,dolly-style wide hallway perspective into the lab,low-key dramatic instrument LEDs with controlled haze,"one 3mL pre-filled research dosage pen of MOTS-C visible in mid-ground on a bench/riser INSIDE the full lab (not a macro, not filling the frame)",3mL pre-filled research dosage pen,P-MOT-001,MOTS-C,https://www.palmbeach-vitality.store/products/mots-c,"FULL LAB + 3mL DOSAGE PEN SCENE (wide/environmental). Environment: analytical chemistry corridor lined with HPLC and LC-MS instrument banks. Camera: dolly-style wide hallway perspective into the lab. Lighting: low-key dramatic instrument LEDs with controlled haze. Hero product: 3mL pre-filled research dosage pen labeled MOTS-C (P-MOT-001). Pen is a mid-ground element within a complete laboratory scene — never an extreme close-up, never isolated product packshot. Show full lab architecture, instruments, and benches around it. No injection act, no people, no needles in use. SIGNAGE RULE: premium clean research lab only. No safety placards, no industrial alert graphics, no trefoil icons, no striped floor tape, no danger banners. Do not print alert words on walls, floors, labels, or posters. Only neutral room names and product typography.",Captions MUST be only about MOTS-C pen (P-MOT-001) and https://www.palmbeach-vitality.store/products/mots-c.,Active,146,
PEN-047,pen_3ml_scene,3mL pen scene 47 — NAD+,cold-chain vault anteroom with stainless freezers and temperature displays,architectural wide shot showing ceiling utilities and floor plane,daylight through clerestory windows plus fill cards,"one 3mL pre-filled research dosage pen of NAD+ visible in mid-ground on a bench/riser INSIDE the full lab (not a macro, not filling the frame)",3mL pre-filled research dosage pen,P-NAD-001,NAD+,https://www.palmbeach-vitality.store/products/nad-pen-500mg,"FULL LAB + 3mL DOSAGE PEN SCENE (wide/environmental). Environment: cold-chain vault anteroom with stainless freezers and temperature displays. Camera: architectural wide shot showing ceiling utilities and floor plane. Lighting: daylight through clerestory windows plus fill cards. Hero product: 3mL pre-filled research dosage pen labeled NAD+ (P-NAD-001). Pen is a mid-ground element within a complete laboratory scene — never an extreme close-up, never isolated product packshot. Show full lab architecture, instruments, and benches around it. No injection act, no people, no needles in use. SIGNAGE RULE: premium clean research lab only. No safety placards, no industrial alert graphics, no trefoil icons, no striped floor tape, no danger banners. Do not print alert words on walls, floors, labels, or posters. Only neutral room names and product typography.",Captions MUST be only about NAD+ pen (P-NAD-001) and https://www.palmbeach-vitality.store/products/nad-pen-500mg.,Active,147,
PEN-048,pen_3ml_scene,3mL pen scene 48 — PT-141,formulation suite with laminar flow hoods in a long laboratory hall,medium-wide environmental shot with product as a small mid-ground element,cool cyan-blue biotech rim with soft overhead panels,"one 3mL pre-filled research dosage pen of PT-141 visible in mid-ground on a bench/riser INSIDE the full lab (not a macro, not filling the frame)",3mL pre-filled research dosage pen,P-PT1-001,PT-141,https://www.palmbeach-vitality.store/products/pt-141-pen,"FULL LAB + 3mL DOSAGE PEN SCENE (wide/environmental). Environment: formulation suite with laminar flow hoods in a long laboratory hall. Camera: medium-wide environmental shot with product as a small mid-ground element. Lighting: cool cyan-blue biotech rim with soft overhead panels. Hero product: 3mL pre-filled research dosage pen labeled PT-141 (P-PT1-001). Pen is a mid-ground element within a complete laboratory scene — never an extreme close-up, never isolated product packshot. Show full lab architecture, instruments, and benches around it. No injection act, no people, no needles in use. SIGNAGE RULE: premium clean research lab only. No safety placards, no industrial alert graphics, no trefoil icons, no striped floor tape, no danger banners. Do not print alert words on walls, floors, labels, or posters. Only neutral room names and product typography.",Captions MUST be only about PT-141 pen (P-PT1-001) and https://www.palmbeach-vitality.store/products/pt-141-pen.,Active,148,
PEN-049,pen_3ml_scene,3mL pen scene 49 — Semax,"quality-control lab with assay benches, vial racks, and instrument glow","wide establishing shot, 24mm equivalent, deep focus",warm-neutral catalog softboxes with clean speculars,"one 3mL pre-filled research dosage pen of Semax visible in mid-ground on a bench/riser INSIDE the full lab (not a macro, not filling the frame)",3mL pre-filled research dosage pen,P-SMX-001,Semax,https://www.palmbeach-vitality.store/products/semax-pen,"FULL LAB + 3mL DOSAGE PEN SCENE (wide/environmental). Environment: quality-control lab with assay benches, vial racks, and instrument glow. Camera: wide establishing shot, 24mm equivalent, deep focus. Lighting: warm-neutral catalog softboxes with clean speculars. Hero product: 3mL pre-filled research dosage pen labeled Semax (P-SMX-001). Pen is a mid-ground element within a complete laboratory scene — never an extreme close-up, never isolated product packshot. Show full lab architecture, instruments, and benches around it. No injection act, no people, no needles in use. SIGNAGE RULE: premium clean research lab only. No safety placards, no industrial alert graphics, no trefoil icons, no striped floor tape, no danger banners. Do not print alert words on walls, floors, labels, or posters. Only neutral room names and product typography.",Captions MUST be only about Semax pen (P-SMX-001) and https://www.palmbeach-vitality.store/products/semax-pen.,Active,149,
PEN-050,pen_3ml_scene,3mL pen scene 50 — Selank,prototype engineering bay with peptide synthesizer chassis and cable trays,elevated three-quarter wide shot of the whole bay,"high-key sterile white lighting, minimal shadows","one 3mL pre-filled research dosage pen of Selank visible in mid-ground on a bench/riser INSIDE the full lab (not a macro, not filling the frame)",3mL pre-filled research dosage pen,P-SEL-001,Selank,https://www.palmbeach-vitality.store/products/selank-pen,"FULL LAB + 3mL DOSAGE PEN SCENE (wide/environmental). Environment: prototype engineering bay with peptide synthesizer chassis and cable trays. Camera: elevated three-quarter wide shot of the whole bay. Lighting: high-key sterile white lighting, minimal shadows. Hero product: 3mL pre-filled research dosage pen labeled Selank (P-SEL-001). Pen is a mid-ground element within a complete laboratory scene — never an extreme close-up, never isolated product packshot. Show full lab architecture, instruments, and benches around it. No injection act, no people, no needles in use. SIGNAGE RULE: premium clean research lab only. No safety placards, no industrial alert graphics, no trefoil icons, no striped floor tape, no danger banners. Do not print alert words on walls, floors, labels, or posters. Only neutral room names and product typography.",Captions MUST be only about Selank pen (P-SEL-001) and https://www.palmbeach-vitality.store/products/selank-pen.,Active,150,
