"scene_id","scene_category","scene_name","lab_environment","camera","lighting","product_hero","product_form_detail","compound_id","compound_name","canonical_url","scene_brief","caption_lock","status","rotation_order","last_used_date"
"LAB-023","lab_scene","Pharma cleanroom 023","environmental monitoring ante-room with settle-plate prep benches — bay 11","wide EM ante-room","soft daylight sterile panels","no product close-up; full pharmaceutical cleanroom; compound via typography / optional distant labeled sterile vial","","V-BPC-001","BPC-157","https://www.palmbeach-vitality.store/products/bpc-157","FULL PHARMA LAB SCENE (wide). Photoreal PHARMACEUTICAL MANUFACTURING cleanroom (GMP / sterile injectables aesthetic). Looks like a real pharma fill-finish or sterile manufacturing suite — stainless, HEPA, classified grades, sanitary finishes — not a generic sci-fi biotech set, not a university teaching lab. Environment: environmental monitoring ante-room with settle-plate prep benches — bay 11. Camera: wide EM ante-room. Lighting: soft daylight sterile panels. Do not crop to a single object. Show the entire pharmaceutical cleanroom. Product lock for captions/typography only: BPC-157 (V-BPC-001). Optional: one distant labeled 10mL sterile crimp-seal vial on a clean bench — never a macro close-up. SIGNAGE RULE: premium pharmaceutical cleanroom only. No cartoon hazard graphics, no biohazard trefoils, no striped danger tape as decor, no alert-word posters. Neutral room IDs and GMP status panels only.","Captions MUST be only about BPC-157 (V-BPC-001) and its catalog listing.","Active","1",""
"LAB-111","vial_10ml_scene","Pharma lab + 10mL vial 111","pharmaceutical cleanroom gowning bench corridor with step-over benches — bay 1","wide gowning corridor","high-key sterile white","10mL sterile crimp-seal injectable vial mid-ground in pharmaceutical cleanroom; never twist/screw cap; not extreme macro","10mL sterile injectable-style glass vial with rubber stopper and aluminum crimp seal (NOT screw-cap, NOT black twist cap)","V-WOL-001","BPC-157 / TB-500","https://www.palmbeach-vitality.store/products/wolverine-stack","FULL PHARMA LAB + 10mL STERILE VIAL SCENE. Photoreal PHARMACEUTICAL MANUFACTURING cleanroom (GMP / sterile injectables aesthetic). Looks like a real pharma fill-finish or sterile manufacturing suite — stainless, HEPA, classified grades, sanitary finishes — not a generic sci-fi biotech set, not a university teaching lab. Environment: pharmaceutical cleanroom gowning bench corridor with step-over benches — bay 1. Camera: wide gowning corridor. Lighting: high-key sterile white. Show the full pharmaceutical cleanroom; place one 10mL sterile injectable-style glass vial (rubber stopper + aluminum crimp seal only; NEVER black twist/screw cap) mid-ground on a clean bench. Not a close-up. Product lock: BPC-157 / TB-500 (V-WOL-001). SIGNAGE RULE: premium pharmaceutical cleanroom only. No cartoon hazard graphics, no biohazard trefoils, no striped danger tape as decor, no alert-word posters. Neutral room IDs and GMP status panels only.","Captions MUST be only about BPC-157 / TB-500 (V-WOL-001) and its catalog listing.","Active","2",""
"LAB-201","pen_3ml_scene","Pharma lab + 3mL pen 201","Grade B gowning airlock into Grade A/B processing with interlocking doors — bay 3","wide shot through airlock into processing suite","high-key sterile cleanroom lighting","LOCKED PBV slightly elongated 3mL research pen (gray body, clear left cap, crimson red ring + ribbed dial, white DNA-helix label) mid-ground in pharmaceutical cleanroom; not extreme macro; not spa/lifestyle backdrop","LOCKED PBV research pen hardware (exact every time; slightly elongated longer 3mL barrel): light gray/off-white matte elongated barrel; clear transparent plastic tip-cap on left; bright crimson red accent ring mid-barrel; white wrap-around label with red stylized DNA double-helix graphic on the left of the label; compound name in large red sans-serif on the label with smaller secondary line like '8mg 3ml pen' or '3ml pen'; bright crimson red textured/ribbed dial on the right end. Color family: standard peptide — RED accents (not GLP blue). Same longer silhouette/proportions as Palm Beach Vitality research pen template — ONLY the label text changes per compound. Never invent a different pen shape, dial, or wrong accent color.","P-KLO-001","KPV / BPC-157 / TB-500 / GHK-Cu","https://www.palmbeach-vitality.store/products/klow-pen","FULL PHARMA LAB + LOCKED PBV 3mL RESEARCH PEN SCENE. Photoreal PHARMACEUTICAL MANUFACTURING cleanroom (GMP / sterile injectables aesthetic). Looks like a real pharma fill-finish or sterile manufacturing suite — stainless, HEPA, classified grades, sanitary finishes — not a generic sci-fi biotech set, not a university teaching lab, NOT a spa/bathroom/lifestyle marble set. Environment: Grade B gowning airlock into Grade A/B processing with interlocking doors — bay 3. Camera: wide shot through airlock into processing suite. Lighting: high-key sterile cleanroom lighting. Show the full pharmaceutical cleanroom; place ONE locked PBV research pen mid-ground on a clean bench. Not a close-up. PEN HARDWARE LOCK (must match exactly): slightly elongated longer light gray/off-white matte 3mL barrel; clear transparent left tip-cap; bright crimson red mid accent ring; white wrap label with red DNA helix graphic; label text 'KPV / BPC-157 / TB-500 / GHK-Cu' in large red type plus a smaller '3ml pen' secondary line; bright crimson red ribbed dial on right. ACCENT COLOR LOCK: RED for this peptide (NOT blue). Blue is reserved for Semaglutide, Tirzepatide, and Retatrutide only. Same longer hardware as Palm Beach Vitality research pen template — only label name changes. Product lock: KPV / BPC-157 / TB-500 / GHK-Cu (P-KLO-001). SIGNAGE RULE: premium pharmaceutical cleanroom only. No cartoon hazard graphics, no biohazard trefoils, no striped danger tape as decor, no alert-word posters. Neutral room IDs and GMP status panels only.","Captions MUST be only about KPV / BPC-157 / TB-500 / GHK-Cu (P-KLO-001) and its catalog listing.","Active","3",""
"LAB-015","lab_scene","Pharma cleanroom 015","aseptic vial filling machine cell with stoppering station under unidirectional airflow — bay 4","three-quarter wide of filler cell","bright clean pharmaceutical catalog light","no product close-up; full pharmaceutical cleanroom; compound via typography / optional distant labeled sterile vial","","V-MOT-001","MOTS-C","https://www.palmbeach-vitality.store/products/mots-c-10mg-5ml-vial","FULL PHARMA LAB SCENE (wide). Photoreal PHARMACEUTICAL MANUFACTURING cleanroom (GMP / sterile injectables aesthetic). Looks like a real pharma fill-finish or sterile manufacturing suite — stainless, HEPA, classified grades, sanitary finishes — not a generic sci-fi biotech set, not a university teaching lab. Environment: aseptic vial filling machine cell with stoppering station under unidirectional airflow — bay 4. Camera: three-quarter wide of filler cell. Lighting: bright clean pharmaceutical catalog light. Do not crop to a single object. Show the entire pharmaceutical cleanroom. Product lock for captions/typography only: MOTS-C (V-MOT-001). Optional: one distant labeled 10mL sterile crimp-seal vial on a clean bench — never a macro close-up. SIGNAGE RULE: premium pharmaceutical cleanroom only. No cartoon hazard graphics, no biohazard trefoils, no striped danger tape as decor, no alert-word posters. Neutral room IDs and GMP status panels only.","Captions MUST be only about MOTS-C (V-MOT-001) and its catalog listing.","Active","4",""
"LAB-103","vial_10ml_scene","Pharma lab + 10mL vial 103","QC microbiology clean suite with laminar hoods and incubation banks — bay 11","wide QC micro suite","soft daylight-balanced sterile panels","10mL sterile crimp-seal injectable vial mid-ground in pharmaceutical cleanroom; never twist/screw cap; not extreme macro","10mL sterile injectable-style glass vial with rubber stopper and aluminum crimp seal (NOT screw-cap, NOT black twist cap)","V-NAD-001","NAD+","https://www.palmbeach-vitality.store/products/nad-1","FULL PHARMA LAB + 10mL STERILE VIAL SCENE. Photoreal PHARMACEUTICAL MANUFACTURING cleanroom (GMP / sterile injectables aesthetic). Looks like a real pharma fill-finish or sterile manufacturing suite — stainless, HEPA, classified grades, sanitary finishes — not a generic sci-fi biotech set, not a university teaching lab. Environment: QC microbiology clean suite with laminar hoods and incubation banks — bay 11. Camera: wide QC micro suite. Lighting: soft daylight-balanced sterile panels. Show the full pharmaceutical cleanroom; place one 10mL sterile injectable-style glass vial (rubber stopper + aluminum crimp seal only; NEVER black twist/screw cap) mid-ground on a clean bench. Not a close-up. Product lock: NAD+ (V-NAD-001). SIGNAGE RULE: premium pharmaceutical cleanroom only. No cartoon hazard graphics, no biohazard trefoils, no striped danger tape as decor, no alert-word posters. Neutral room IDs and GMP status panels only.","Captions MUST be only about NAD+ (V-NAD-001) and its catalog listing.","Active","5",""
"LAB-204","pen_3ml_scene","Pharma lab + 3mL pen 204","HPLC / UPLC analytical QC lab for release testing of injectables — bay 12","wide instrument alley establishing shot","cool instrument-panel glow with soft overhead","LOCKED PBV slightly elongated 3mL research pen (gray body, clear left cap, crimson red ring + ribbed dial, white DNA-helix label) mid-ground in pharmaceutical cleanroom; not extreme macro; not spa/lifestyle backdrop","LOCKED PBV research pen hardware (exact every time; slightly elongated longer 3mL barrel): light gray/off-white matte elongated barrel; clear transparent plastic tip-cap on left; bright crimson red accent ring mid-barrel; white wrap-around label with red stylized DNA double-helix graphic on the left of the label; compound name in large red sans-serif on the label with smaller secondary line like '8mg 3ml pen' or '3ml pen'; bright crimson red textured/ribbed dial on the right end. Color family: standard peptide — RED accents (not GLP blue). Same longer silhouette/proportions as Palm Beach Vitality research pen template — ONLY the label text changes per compound. Never invent a different pen shape, dial, or wrong accent color.","P-PT1-001","PT-141","https://www.palmbeach-vitality.store/products/pt-141-pen","FULL PHARMA LAB + LOCKED PBV 3mL RESEARCH PEN SCENE. Photoreal PHARMACEUTICAL MANUFACTURING cleanroom (GMP / sterile injectables aesthetic). Looks like a real pharma fill-finish or sterile manufacturing suite — stainless, HEPA, classified grades, sanitary finishes — not a generic sci-fi biotech set, not a university teaching lab, NOT a spa/bathroom/lifestyle marble set. Environment: HPLC / UPLC analytical QC lab for release testing of injectables — bay 12. Camera: wide instrument alley establishing shot. Lighting: cool instrument-panel glow with soft overhead. Show the full pharmaceutical cleanroom; place ONE locked PBV research pen mid-ground on a clean bench. Not a close-up. PEN HARDWARE LOCK (must match exactly): slightly elongated longer light gray/off-white matte 3mL barrel; clear transparent left tip-cap; bright crimson red mid accent ring; white wrap label with red DNA helix graphic; label text 'PT-141' in large red type plus a smaller '3ml pen' secondary line; bright crimson red ribbed dial on right. ACCENT COLOR LOCK: RED for this peptide (NOT blue). Blue is reserved for Semaglutide, Tirzepatide, and Retatrutide only. Same longer hardware as Palm Beach Vitality research pen template — only label name changes. Product lock: PT-141 (P-PT1-001). SIGNAGE RULE: premium pharmaceutical cleanroom only. No cartoon hazard graphics, no biohazard trefoils, no striped danger tape as decor, no alert-word posters. Neutral room IDs and GMP status panels only.","Captions MUST be only about PT-141 (P-PT1-001) and its catalog listing.","Active","6",""
"LAB-018","lab_scene","Pharma cleanroom 018","stability chamber corridor for ICH pharmaceutical stability studies — bay 13","wide corridor of chamber doors","cool violet-tinged chamber LEDs with soft fill","no product close-up; full pharmaceutical cleanroom; compound via typography / optional distant labeled sterile vial","","V-SEL-001","Selank","https://www.palmbeach-vitality.store/products/selank","FULL PHARMA LAB SCENE (wide). Photoreal PHARMACEUTICAL MANUFACTURING cleanroom (GMP / sterile injectables aesthetic). Looks like a real pharma fill-finish or sterile manufacturing suite — stainless, HEPA, classified grades, sanitary finishes — not a generic sci-fi biotech set, not a university teaching lab. Environment: stability chamber corridor for ICH pharmaceutical stability studies — bay 13. Camera: wide corridor of chamber doors. Lighting: cool violet-tinged chamber LEDs with soft fill. Do not crop to a single object. Show the entire pharmaceutical cleanroom. Product lock for captions/typography only: Selank (V-SEL-001). Optional: one distant labeled 10mL sterile crimp-seal vial on a clean bench — never a macro close-up. SIGNAGE RULE: premium pharmaceutical cleanroom only. No cartoon hazard graphics, no biohazard trefoils, no striped danger tape as decor, no alert-word posters. Neutral room IDs and GMP status panels only.","Captions MUST be only about Selank (V-SEL-001) and its catalog listing.","Active","7",""
"LAB-106","vial_10ml_scene","Pharma lab + 10mL vial 106","weighing / dispense cleanroom with anti-vibration balances under local protection — bay 14","wide weighing suite","bright soft key, clean sterile fill","10mL sterile crimp-seal injectable vial mid-ground in pharmaceutical cleanroom; never twist/screw cap; not extreme macro","10mL sterile injectable-style glass vial with rubber stopper and aluminum crimp seal (NOT screw-cap, NOT black twist cap)","V-SER-001","Sermorelin","https://www.palmbeach-vitality.store/products/sermorelin","FULL PHARMA LAB + 10mL STERILE VIAL SCENE. Photoreal PHARMACEUTICAL MANUFACTURING cleanroom (GMP / sterile injectables aesthetic). Looks like a real pharma fill-finish or sterile manufacturing suite — stainless, HEPA, classified grades, sanitary finishes — not a generic sci-fi biotech set, not a university teaching lab. Environment: weighing / dispense cleanroom with anti-vibration balances under local protection — bay 14. Camera: wide weighing suite. Lighting: bright soft key, clean sterile fill. Show the full pharmaceutical cleanroom; place one 10mL sterile injectable-style glass vial (rubber stopper + aluminum crimp seal only; NEVER black twist/screw cap) mid-ground on a clean bench. Not a close-up. Product lock: Sermorelin (V-SER-001). SIGNAGE RULE: premium pharmaceutical cleanroom only. No cartoon hazard graphics, no biohazard trefoils, no striped danger tape as decor, no alert-word posters. Neutral room IDs and GMP status panels only.","Captions MUST be only about Sermorelin (V-SER-001) and its catalog listing.","Active","8",""
"LAB-209","pen_3ml_scene","Pharma lab + 3mL pen 209","finished-goods cold staging for sterile peptide injectables — bay 10","wide staging area with roller racks","cool dock-to-cold-chain lighting","LOCKED PBV slightly elongated 3mL research pen (gray body, clear left cap, crimson red ring + ribbed dial, white DNA-helix label) mid-ground in pharmaceutical cleanroom; not extreme macro; not spa/lifestyle backdrop","LOCKED PBV research pen hardware (exact every time; slightly elongated longer 3mL barrel): light gray/off-white matte elongated barrel; clear transparent plastic tip-cap on left; bright crimson red accent ring mid-barrel; white wrap-around label with red stylized DNA double-helix graphic on the left of the label; compound name in large red sans-serif on the label with smaller secondary line like '8mg 3ml pen' or '3ml pen'; bright crimson red textured/ribbed dial on the right end. Color family: standard peptide — RED accents (not GLP blue). Same longer silhouette/proportions as Palm Beach Vitality research pen template — ONLY the label text changes per compound. Never invent a different pen shape, dial, or wrong accent color.","P-TES-001","Tesamorelin","https://www.palmbeach-vitality.store/products/tesamorelin-30mg-pen","FULL PHARMA LAB + LOCKED PBV 3mL RESEARCH PEN SCENE. Photoreal PHARMACEUTICAL MANUFACTURING cleanroom (GMP / sterile injectables aesthetic). Looks like a real pharma fill-finish or sterile manufacturing suite — stainless, HEPA, classified grades, sanitary finishes — not a generic sci-fi biotech set, not a university teaching lab, NOT a spa/bathroom/lifestyle marble set. Environment: finished-goods cold staging for sterile peptide injectables — bay 10. Camera: wide staging area with roller racks. Lighting: cool dock-to-cold-chain lighting. Show the full pharmaceutical cleanroom; place ONE locked PBV research pen mid-ground on a clean bench. Not a close-up. PEN HARDWARE LOCK (must match exactly): slightly elongated longer light gray/off-white matte 3mL barrel; clear transparent left tip-cap; bright crimson red mid accent ring; white wrap label with red DNA helix graphic; label text 'Tesamorelin' in large red type plus a smaller '3ml pen' secondary line; bright crimson red ribbed dial on right. ACCENT COLOR LOCK: RED for this peptide (NOT blue). Blue is reserved for Semaglutide, Tirzepatide, and Retatrutide only. Same longer hardware as Palm Beach Vitality research pen template — only label name changes. Product lock: Tesamorelin (P-TES-001). SIGNAGE RULE: premium pharmaceutical cleanroom only. No cartoon hazard graphics, no biohazard trefoils, no striped danger tape as decor, no alert-word posters. Neutral room IDs and GMP status panels only.","Captions MUST be only about Tesamorelin (P-TES-001) and its catalog listing.","Active","9",""
"LAB-020","lab_scene","Pharma cleanroom 020","media-fill / aseptic process simulation suite with isolator ports — bay 2","wide media-fill suite","high-key Grade A aesthetic lighting","no product close-up; full pharmaceutical cleanroom; compound via typography / optional distant labeled sterile vial","","V-SS3-001","SS-31","https://www.palmbeach-vitality.store/products/ss-31","FULL PHARMA LAB SCENE (wide). Photoreal PHARMACEUTICAL MANUFACTURING cleanroom (GMP / sterile injectables aesthetic). Looks like a real pharma fill-finish or sterile manufacturing suite — stainless, HEPA, classified grades, sanitary finishes — not a generic sci-fi biotech set, not a university teaching lab. Environment: media-fill / aseptic process simulation suite with isolator ports — bay 2. Camera: wide media-fill suite. Lighting: high-key Grade A aesthetic lighting. Do not crop to a single object. Show the entire pharmaceutical cleanroom. Product lock for captions/typography only: SS-31 (V-SS3-001). Optional: one distant labeled 10mL sterile crimp-seal vial on a clean bench — never a macro close-up. SIGNAGE RULE: premium pharmaceutical cleanroom only. No cartoon hazard graphics, no biohazard trefoils, no striped danger tape as decor, no alert-word posters. Neutral room IDs and GMP status panels only.","Captions MUST be only about SS-31 (V-SS3-001) and its catalog listing.","Active","10",""
"LAB-117","vial_10ml_scene","Pharma lab + 10mL vial 117","Grade B gowning airlock into Grade A/B processing with interlocking doors — bay 2","wide shot through airlock into processing suite","high-key sterile cleanroom lighting","10mL sterile crimp-seal injectable vial mid-ground in pharmaceutical cleanroom; never twist/screw cap; not extreme macro","10mL sterile injectable-style glass vial with rubber stopper and aluminum crimp seal (NOT screw-cap, NOT black twist cap)","V-TA1-001","Thymosin Alpha-1","https://www.palmbeach-vitality.store/products/ta-1","FULL PHARMA LAB + 10mL STERILE VIAL SCENE. Photoreal PHARMACEUTICAL MANUFACTURING cleanroom (GMP / sterile injectables aesthetic). Looks like a real pharma fill-finish or sterile manufacturing suite — stainless, HEPA, classified grades, sanitary finishes — not a generic sci-fi biotech set, not a university teaching lab. Environment: Grade B gowning airlock into Grade A/B processing with interlocking doors — bay 2. Camera: wide shot through airlock into processing suite. Lighting: high-key sterile cleanroom lighting. Show the full pharmaceutical cleanroom; place one 10mL sterile injectable-style glass vial (rubber stopper + aluminum crimp seal only; NEVER black twist/screw cap) mid-ground on a clean bench. Not a close-up. Product lock: Thymosin Alpha-1 (V-TA1-001). SIGNAGE RULE: premium pharmaceutical cleanroom only. No cartoon hazard graphics, no biohazard trefoils, no striped danger tape as decor, no alert-word posters. Neutral room IDs and GMP status panels only.","Captions MUST be only about Thymosin Alpha-1 (V-TA1-001) and its catalog listing.","Active","11",""
"LAB-217","pen_3ml_scene","Pharma lab + 3mL pen 217","ISO 7 aseptic fill-finish suite with RABS isolator line and grade A filling zone — bay 17","elevated wide of the fill line and cleanroom envelope","cool sterile pharmaceutical white with soft HEPA wash","LOCKED PBV slightly elongated 3mL research pen (gray body, clear left cap, crimson red ring + ribbed dial, white DNA-helix label) mid-ground in pharmaceutical cleanroom; not extreme macro; not spa/lifestyle backdrop","LOCKED PBV research pen hardware (exact every time; slightly elongated longer 3mL barrel): light gray/off-white matte elongated barrel; clear transparent plastic tip-cap on left; bright crimson red accent ring mid-barrel; white wrap-around label with red stylized DNA double-helix graphic on the left of the label; compound name in large red sans-serif on the label with smaller secondary line like '8mg 3ml pen' or '3ml pen'; bright crimson red textured/ribbed dial on the right end. Color family: standard peptide — RED accents (not GLP blue). Same longer silhouette/proportions as Palm Beach Vitality research pen template — ONLY the label text changes per compound. Never invent a different pen shape, dial, or wrong accent color.","P-GLO-001","BPC-157 / TB-500 / GHK-Cu","https://www.palmbeach-vitality.store/products/glow-pen","FULL PHARMA LAB + LOCKED PBV 3mL RESEARCH PEN SCENE. Photoreal PHARMACEUTICAL MANUFACTURING cleanroom (GMP / sterile injectables aesthetic). Looks like a real pharma fill-finish or sterile manufacturing suite — stainless, HEPA, classified grades, sanitary finishes — not a generic sci-fi biotech set, not a university teaching lab, NOT a spa/bathroom/lifestyle marble set. Environment: ISO 7 aseptic fill-finish suite with RABS isolator line and grade A filling zone — bay 17. Camera: elevated wide of the fill line and cleanroom envelope. Lighting: cool sterile pharmaceutical white with soft HEPA wash. Show the full pharmaceutical cleanroom; place ONE locked PBV research pen mid-ground on a clean bench. Not a close-up. PEN HARDWARE LOCK (must match exactly): slightly elongated longer light gray/off-white matte 3mL barrel; clear transparent left tip-cap; bright crimson red mid accent ring; white wrap label with red DNA helix graphic; label text 'BPC-157 / TB-500 / GHK-Cu' in large red type plus a smaller '3ml pen' secondary line; bright crimson red ribbed dial on right. ACCENT COLOR LOCK: RED for this peptide (NOT blue). Blue is reserved for Semaglutide, Tirzepatide, and Retatrutide only. Same longer hardware as Palm Beach Vitality research pen template — only label name changes. Product lock: BPC-157 / TB-500 / GHK-Cu (P-GLO-001). SIGNAGE RULE: premium pharmaceutical cleanroom only. No cartoon hazard graphics, no biohazard trefoils, no striped danger tape as decor, no alert-word posters. Neutral room IDs and GMP status panels only.","Captions MUST be only about BPC-157 / TB-500 / GHK-Cu (P-GLO-001) and its catalog listing.","Active","12",""
"LAB-027","lab_scene","Pharma cleanroom 027","clean compressor / clean utility plant room feeding sterile suites — bay 6","wide utility plant room","cool industrial-pharma lighting","no product close-up; full pharmaceutical cleanroom; compound via typography / optional distant labeled sterile vial","","V-CII-001","CJC (no DAC)/Ipamorelin","https://www.palmbeach-vitality.store/products/cjc-ipamorelin","FULL PHARMA LAB SCENE (wide). Photoreal PHARMACEUTICAL MANUFACTURING cleanroom (GMP / sterile injectables aesthetic). Looks like a real pharma fill-finish or sterile manufacturing suite — stainless, HEPA, classified grades, sanitary finishes — not a generic sci-fi biotech set, not a university teaching lab. Environment: clean compressor / clean utility plant room feeding sterile suites — bay 6. Camera: wide utility plant room. Lighting: cool industrial-pharma lighting. Do not crop to a single object. Show the entire pharmaceutical cleanroom. Product lock for captions/typography only: CJC (no DAC)/Ipamorelin (V-CII-001). Optional: one distant labeled 10mL sterile crimp-seal vial on a clean bench — never a macro close-up. SIGNAGE RULE: premium pharmaceutical cleanroom only. No cartoon hazard graphics, no biohazard trefoils, no striped danger tape as decor, no alert-word posters. Neutral room IDs and GMP status panels only.","Captions MUST be only about CJC (no DAC)/Ipamorelin (V-CII-001) and its catalog listing.","Active","13",""
"LAB-115","vial_10ml_scene","Pharma lab + 10mL vial 115","sterile gowning cubicle bank with HEPA cascade — bay 13","wide cubicle bank","high-key cascade cleanroom light","10mL sterile crimp-seal injectable vial mid-ground in pharmaceutical cleanroom; never twist/screw cap; not extreme macro","10mL sterile injectable-style glass vial with rubber stopper and aluminum crimp seal (NOT screw-cap, NOT black twist cap)","V-GHK-001","GHK-Cu","https://www.palmbeach-vitality.store/products/ghk-cu","FULL PHARMA LAB + 10mL STERILE VIAL SCENE. Photoreal PHARMACEUTICAL MANUFACTURING cleanroom (GMP / sterile injectables aesthetic). Looks like a real pharma fill-finish or sterile manufacturing suite — stainless, HEPA, classified grades, sanitary finishes — not a generic sci-fi biotech set, not a university teaching lab. Environment: sterile gowning cubicle bank with HEPA cascade — bay 13. Camera: wide cubicle bank. Lighting: high-key cascade cleanroom light. Show the full pharmaceutical cleanroom; place one 10mL sterile injectable-style glass vial (rubber stopper + aluminum crimp seal only; NEVER black twist/screw cap) mid-ground on a clean bench. Not a close-up. Product lock: GHK-Cu (V-GHK-001). SIGNAGE RULE: premium pharmaceutical cleanroom only. No cartoon hazard graphics, no biohazard trefoils, no striped danger tape as decor, no alert-word posters. Neutral room IDs and GMP status panels only.","Captions MUST be only about GHK-Cu (V-GHK-001) and its catalog listing.","Active","14",""
"LAB-220","pen_3ml_scene","Pharma lab + 3mL pen 220","cold-chain pharmaceutical warehouse anteroom with validated cold rooms — bay 9","wide anteroom and cold-room doors","cool blue cold-chain GMP lighting","LOCKED PBV slightly elongated 3mL research pen (gray body, clear left cap, cobalt blue ring + ribbed dial, white DNA-helix label) mid-ground in pharmaceutical cleanroom; not extreme macro; not spa/lifestyle backdrop","LOCKED PBV research pen hardware (exact every time; slightly elongated longer 3mL barrel): light gray/off-white matte elongated barrel; clear transparent plastic tip-cap on left; bright cobalt blue accent ring mid-barrel; white wrap-around label with blue stylized DNA double-helix graphic on the left of the label; compound name in large blue sans-serif on the label with smaller secondary line like '8mg 3ml pen' or '3ml pen'; bright cobalt blue textured/ribbed dial on the right end. Color family: GLP family (Semaglutide / Tirzepatide / Retatrutide) — BLUE accents. Same longer silhouette/proportions as Palm Beach Vitality research pen template — ONLY the label text changes per compound. Never invent a different pen shape, dial, or wrong accent color.","P-SEM-001","Semaglutide","https://www.palmbeach-vitality.store/products/semaglutide-1-5mg-pen","FULL PHARMA LAB + LOCKED PBV 3mL RESEARCH PEN SCENE. Photoreal PHARMACEUTICAL MANUFACTURING cleanroom (GMP / sterile injectables aesthetic). Looks like a real pharma fill-finish or sterile manufacturing suite — stainless, HEPA, classified grades, sanitary finishes — not a generic sci-fi biotech set, not a university teaching lab, NOT a spa/bathroom/lifestyle marble set. Environment: cold-chain pharmaceutical warehouse anteroom with validated cold rooms — bay 9. Camera: wide anteroom and cold-room doors. Lighting: cool blue cold-chain GMP lighting. Show the full pharmaceutical cleanroom; place ONE locked PBV research pen mid-ground on a clean bench. Not a close-up. PEN HARDWARE LOCK (must match exactly): slightly elongated longer light gray/off-white matte 3mL barrel; clear transparent left tip-cap; bright cobalt blue mid accent ring; white wrap label with blue DNA helix graphic; label text 'Semaglutide' in large blue type plus a smaller '3ml pen' secondary line; bright cobalt blue ribbed dial on right. ACCENT COLOR LOCK: BLUE (Semaglutide / Tirzepatide / Retatrutide only). Same longer hardware as Palm Beach Vitality research pen template — only label name changes. Product lock: Semaglutide (P-SEM-001). SIGNAGE RULE: premium pharmaceutical cleanroom only. No cartoon hazard graphics, no biohazard trefoils, no striped danger tape as decor, no alert-word posters. Neutral room IDs and GMP status panels only.","Captions MUST be only about Semaglutide (P-SEM-001) and its catalog listing.","Active","15",""
"LAB-034","lab_scene","Pharma cleanroom 034","QC microbiology clean suite with laminar hoods and incubation banks — bay 10","wide QC micro suite","soft daylight-balanced sterile panels","no product close-up; full pharmaceutical cleanroom; compound via typography / optional distant labeled sterile vial","","V-TIR-001","Tirzepatide","https://www.palmbeach-vitality.store/products/tirzepatide","FULL PHARMA LAB SCENE (wide). Photoreal PHARMACEUTICAL MANUFACTURING cleanroom (GMP / sterile injectables aesthetic). Looks like a real pharma fill-finish or sterile manufacturing suite — stainless, HEPA, classified grades, sanitary finishes — not a generic sci-fi biotech set, not a university teaching lab. Environment: QC microbiology clean suite with laminar hoods and incubation banks — bay 10. Camera: wide QC micro suite. Lighting: soft daylight-balanced sterile panels. Do not crop to a single object. Show the entire pharmaceutical cleanroom. Product lock for captions/typography only: Tirzepatide (V-TIR-001). Optional: one distant labeled 10mL sterile crimp-seal vial on a clean bench — never a macro close-up. SIGNAGE RULE: premium pharmaceutical cleanroom only. No cartoon hazard graphics, no biohazard trefoils, no striped danger tape as decor, no alert-word posters. Neutral room IDs and GMP status panels only.","Captions MUST be only about Tirzepatide (V-TIR-001) and its catalog listing.","Active","16",""
"LAB-120","vial_10ml_scene","Pharma lab + 10mL vial 120","lyophilized-vial inspection booth row with black/white contrast stations — bay 5","wide inspection bay establishing shot","controlled high-contrast pharma inspection lighting","10mL sterile crimp-seal injectable vial mid-ground in pharmaceutical cleanroom; never twist/screw cap; not extreme macro","10mL sterile injectable-style glass vial with rubber stopper and aluminum crimp seal (NOT screw-cap, NOT black twist cap)","V-RET-001","Retatrutide","https://www.palmbeach-vitality.store/products/retatrutide","FULL PHARMA LAB + 10mL STERILE VIAL SCENE. Photoreal PHARMACEUTICAL MANUFACTURING cleanroom (GMP / sterile injectables aesthetic). Looks like a real pharma fill-finish or sterile manufacturing suite — stainless, HEPA, classified grades, sanitary finishes — not a generic sci-fi biotech set, not a university teaching lab. Environment: lyophilized-vial inspection booth row with black/white contrast stations — bay 5. Camera: wide inspection bay establishing shot. Lighting: controlled high-contrast pharma inspection lighting. Show the full pharmaceutical cleanroom; place one 10mL sterile injectable-style glass vial (rubber stopper + aluminum crimp seal only; NEVER black twist/screw cap) mid-ground on a clean bench. Not a close-up. Product lock: Retatrutide (V-RET-001). SIGNAGE RULE: premium pharmaceutical cleanroom only. No cartoon hazard graphics, no biohazard trefoils, no striped danger tape as decor, no alert-word posters. Neutral room IDs and GMP status panels only.","Captions MUST be only about Retatrutide (V-RET-001) and its catalog listing.","Active","17",""
"LAB-025","lab_scene","Pharma cleanroom 025","injectable solution hold-tank suite with sanitary vessels and agitators — bay 17","elevated wide of hold-tank suite","clean stainless specular lighting","no product close-up; full pharmaceutical cleanroom; compound via typography / optional distant labeled sterile vial","","V-CAG-001","Cagrilinitide","https://www.palmbeach-vitality.store/products/cargrilinitide","FULL PHARMA LAB SCENE (wide). Photoreal PHARMACEUTICAL MANUFACTURING cleanroom (GMP / sterile injectables aesthetic). Looks like a real pharma fill-finish or sterile manufacturing suite — stainless, HEPA, classified grades, sanitary finishes — not a generic sci-fi biotech set, not a university teaching lab. Environment: injectable solution hold-tank suite with sanitary vessels and agitators — bay 17. Camera: elevated wide of hold-tank suite. Lighting: clean stainless specular lighting. Do not crop to a single object. Show the entire pharmaceutical cleanroom. Product lock for captions/typography only: Cagrilinitide (V-CAG-001). Optional: one distant labeled 10mL sterile crimp-seal vial on a clean bench — never a macro close-up. SIGNAGE RULE: premium pharmaceutical cleanroom only. No cartoon hazard graphics, no biohazard trefoils, no striped danger tape as decor, no alert-word posters. Neutral room IDs and GMP status panels only.","Captions MUST be only about Cagrilinitide (V-CAG-001) and its catalog listing.","Active","18",""
"LAB-040","lab_scene","Pharma cleanroom 040","aseptic connection / sterile tubing weld bay — bay 11","wide bay establishing shot","cool cleanroom rim with soft fill","no product close-up; full pharmaceutical cleanroom; compound via typography / optional distant labeled sterile vial","","P-SMX-001","Semax","https://www.palmbeach-vitality.store/products/semax-pen","FULL PHARMA LAB SCENE (wide). Photoreal PHARMACEUTICAL MANUFACTURING cleanroom (GMP / sterile injectables aesthetic). Looks like a real pharma fill-finish or sterile manufacturing suite — stainless, HEPA, classified grades, sanitary finishes — not a generic sci-fi biotech set, not a university teaching lab. Environment: aseptic connection / sterile tubing weld bay — bay 11. Camera: wide bay establishing shot. Lighting: cool cleanroom rim with soft fill. Do not crop to a single object. Show the entire pharmaceutical cleanroom. Product lock for captions/typography only: Semax (P-SMX-001). Optional: one distant labeled 10mL sterile crimp-seal vial on a clean bench — never a macro close-up. SIGNAGE RULE: premium pharmaceutical cleanroom only. No cartoon hazard graphics, no biohazard trefoils, no striped danger tape as decor, no alert-word posters. Neutral room IDs and GMP status panels only.","Captions MUST be only about Semax (P-SMX-001) and its catalog listing.","Active","19",""
"LAB-108","vial_10ml_scene","Pharma lab + 10mL vial 108","pass-through hatch corridor between Grade C and Grade B zones — bay 3","wide hatch corridor","sterile cyan-white cleanroom wash","10mL sterile crimp-seal injectable vial mid-ground in pharmaceutical cleanroom; never twist/screw cap; not extreme macro","10mL sterile injectable-style glass vial with rubber stopper and aluminum crimp seal (NOT screw-cap, NOT black twist cap)","V-TB5-001","TB-500","https://www.palmbeach-vitality.store/products/tb-500","FULL PHARMA LAB + 10mL STERILE VIAL SCENE. Photoreal PHARMACEUTICAL MANUFACTURING cleanroom (GMP / sterile injectables aesthetic). Looks like a real pharma fill-finish or sterile manufacturing suite — stainless, HEPA, classified grades, sanitary finishes — not a generic sci-fi biotech set, not a university teaching lab. Environment: pass-through hatch corridor between Grade C and Grade B zones — bay 3. Camera: wide hatch corridor. Lighting: sterile cyan-white cleanroom wash. Show the full pharmaceutical cleanroom; place one 10mL sterile injectable-style glass vial (rubber stopper + aluminum crimp seal only; NEVER black twist/screw cap) mid-ground on a clean bench. Not a close-up. Product lock: TB-500 (V-TB5-001). SIGNAGE RULE: premium pharmaceutical cleanroom only. No cartoon hazard graphics, no biohazard trefoils, no striped danger tape as decor, no alert-word posters. Neutral room IDs and GMP status panels only.","Captions MUST be only about TB-500 (V-TB5-001) and its catalog listing.","Active","20",""
"LAB-210","pen_3ml_scene","Pharma lab + 3mL pen 210","pharmaceutical batch-record kiosk corridor overlooking manufacturing suites — bay 13","wide corridor overlook into suites","warm-neutral softboxes, clean speculars","LOCKED PBV slightly elongated 3mL research pen (gray body, clear left cap, crimson red ring + ribbed dial, white DNA-helix label) mid-ground in pharmaceutical cleanroom; not extreme macro; not spa/lifestyle backdrop","LOCKED PBV research pen hardware (exact every time; slightly elongated longer 3mL barrel): light gray/off-white matte elongated barrel; clear transparent plastic tip-cap on left; bright crimson red accent ring mid-barrel; white wrap-around label with red stylized DNA double-helix graphic on the left of the label; compound name in large red sans-serif on the label with smaller secondary line like '8mg 3ml pen' or '3ml pen'; bright crimson red textured/ribbed dial on the right end. Color family: standard peptide — RED accents (not GLP blue). Same longer silhouette/proportions as Palm Beach Vitality research pen template — ONLY the label text changes per compound. Never invent a different pen shape, dial, or wrong accent color.","P-TEI-001","Tesamorelin/Ipamorelin","https://www.palmbeach-vitality.store/products/tesamorelin-ipamorelin-pen","FULL PHARMA LAB + LOCKED PBV 3mL RESEARCH PEN SCENE. Photoreal PHARMACEUTICAL MANUFACTURING cleanroom (GMP / sterile injectables aesthetic). Looks like a real pharma fill-finish or sterile manufacturing suite — stainless, HEPA, classified grades, sanitary finishes — not a generic sci-fi biotech set, not a university teaching lab, NOT a spa/bathroom/lifestyle marble set. Environment: pharmaceutical batch-record kiosk corridor overlooking manufacturing suites — bay 13. Camera: wide corridor overlook into suites. Lighting: warm-neutral softboxes, clean speculars. Show the full pharmaceutical cleanroom; place ONE locked PBV research pen mid-ground on a clean bench. Not a close-up. PEN HARDWARE LOCK (must match exactly): slightly elongated longer light gray/off-white matte 3mL barrel; clear transparent left tip-cap; bright crimson red mid accent ring; white wrap label with red DNA helix graphic; label text 'Tesamorelin/Ipamorelin' in large red type plus a smaller '3ml pen' secondary line; bright crimson red ribbed dial on right. ACCENT COLOR LOCK: RED for this peptide (NOT blue). Blue is reserved for Semaglutide, Tirzepatide, and Retatrutide only. Same longer hardware as Palm Beach Vitality research pen template — only label name changes. Product lock: Tesamorelin/Ipamorelin (P-TEI-001). SIGNAGE RULE: premium pharmaceutical cleanroom only. No cartoon hazard graphics, no biohazard trefoils, no striped danger tape as decor, no alert-word posters. Neutral room IDs and GMP status panels only.","Captions MUST be only about Tesamorelin/Ipamorelin (P-TEI-001) and its catalog listing.","Active","21",""
"LAB-051","lab_scene","Pharma cleanroom 051","HPLC / UPLC analytical QC lab for release testing of injectables — bay 10","wide instrument alley establishing shot","cool instrument-panel glow with soft overhead","no product close-up; full pharmaceutical cleanroom; compound via typography / optional distant labeled sterile vial","","P-5AM-001","5-Amino-1MQ","https://www.palmbeach-vitality.store/products/5-amino-mq-pen","FULL PHARMA LAB SCENE (wide). Photoreal PHARMACEUTICAL MANUFACTURING cleanroom (GMP / sterile injectables aesthetic). Looks like a real pharma fill-finish or sterile manufacturing suite — stainless, HEPA, classified grades, sanitary finishes — not a generic sci-fi biotech set, not a university teaching lab. Environment: HPLC / UPLC analytical QC lab for release testing of injectables — bay 10. Camera: wide instrument alley establishing shot. Lighting: cool instrument-panel glow with soft overhead. Do not crop to a single object. Show the entire pharmaceutical cleanroom. Product lock for captions/typography only: 5-Amino-1MQ (P-5AM-001). Optional: one distant labeled 10mL sterile crimp-seal vial on a clean bench — never a macro close-up. SIGNAGE RULE: premium pharmaceutical cleanroom only. No cartoon hazard graphics, no biohazard trefoils, no striped danger tape as decor, no alert-word posters. Neutral room IDs and GMP status panels only.","Captions MUST be only about 5-Amino-1MQ (P-5AM-001) and its catalog listing.","Active","22",""
"LAB-118","vial_10ml_scene","Pharma lab + 10mL vial 118","sanitary cleanroom return corridor with flush doors and vision panels — bay 16","wide return corridor","cool even sterile wash","10mL sterile crimp-seal injectable vial mid-ground in pharmaceutical cleanroom; never twist/screw cap; not extreme macro","10mL sterile injectable-style glass vial with rubber stopper and aluminum crimp seal (NOT screw-cap, NOT black twist cap)","V-AOD-001","AOD-9604","https://www.palmbeach-vitality.store/products/aod-9604","FULL PHARMA LAB + 10mL STERILE VIAL SCENE. Photoreal PHARMACEUTICAL MANUFACTURING cleanroom (GMP / sterile injectables aesthetic). Looks like a real pharma fill-finish or sterile manufacturing suite — stainless, HEPA, classified grades, sanitary finishes — not a generic sci-fi biotech set, not a university teaching lab. Environment: sanitary cleanroom return corridor with flush doors and vision panels — bay 16. Camera: wide return corridor. Lighting: cool even sterile wash. Show the full pharmaceutical cleanroom; place one 10mL sterile injectable-style glass vial (rubber stopper + aluminum crimp seal only; NEVER black twist/screw cap) mid-ground on a clean bench. Not a close-up. Product lock: AOD-9604 (V-AOD-001). SIGNAGE RULE: premium pharmaceutical cleanroom only. No cartoon hazard graphics, no biohazard trefoils, no striped danger tape as decor, no alert-word posters. Neutral room IDs and GMP status panels only.","Captions MUST be only about AOD-9604 (V-AOD-001) and its catalog listing.","Active","23",""
"LAB-026","lab_scene","Pharma cleanroom 026","release-testing sample pass room between manufacturing and QC — bay 3","wide pass room","neutral clinical lighting","no product close-up; full pharmaceutical cleanroom; compound via typography / optional distant labeled sterile vial","","V-CJC-001","CJC (no DAC)","https://www.palmbeach-vitality.store/products/cjc","FULL PHARMA LAB SCENE (wide). Photoreal PHARMACEUTICAL MANUFACTURING cleanroom (GMP / sterile injectables aesthetic). Looks like a real pharma fill-finish or sterile manufacturing suite — stainless, HEPA, classified grades, sanitary finishes — not a generic sci-fi biotech set, not a university teaching lab. Environment: release-testing sample pass room between manufacturing and QC — bay 3. Camera: wide pass room. Lighting: neutral clinical lighting. Do not crop to a single object. Show the entire pharmaceutical cleanroom. Product lock for captions/typography only: CJC (no DAC) (V-CJC-001). Optional: one distant labeled 10mL sterile crimp-seal vial on a clean bench — never a macro close-up. SIGNAGE RULE: premium pharmaceutical cleanroom only. No cartoon hazard graphics, no biohazard trefoils, no striped danger tape as decor, no alert-word posters. Neutral room IDs and GMP status panels only.","Captions MUST be only about CJC (no DAC) (V-CJC-001) and its catalog listing.","Active","24",""
"LAB-049","lab_scene","Pharma cleanroom 049","lyophilized-vial inspection booth row with black/white contrast stations — bay 4","wide inspection bay establishing shot","controlled high-contrast pharma inspection lighting","no product close-up; full pharmaceutical cleanroom; compound via typography / optional distant labeled sterile vial","","P-DSI-001","DSIP","https://www.palmbeach-vitality.store/products/dsip-pen","FULL PHARMA LAB SCENE (wide). Photoreal PHARMACEUTICAL MANUFACTURING cleanroom (GMP / sterile injectables aesthetic). Looks like a real pharma fill-finish or sterile manufacturing suite — stainless, HEPA, classified grades, sanitary finishes — not a generic sci-fi biotech set, not a university teaching lab. Environment: lyophilized-vial inspection booth row with black/white contrast stations — bay 4. Camera: wide inspection bay establishing shot. Lighting: controlled high-contrast pharma inspection lighting. Do not crop to a single object. Show the entire pharmaceutical cleanroom. Product lock for captions/typography only: DSIP (P-DSI-001). Optional: one distant labeled 10mL sterile crimp-seal vial on a clean bench — never a macro close-up. SIGNAGE RULE: premium pharmaceutical cleanroom only. No cartoon hazard graphics, no biohazard trefoils, no striped danger tape as decor, no alert-word posters. Neutral room IDs and GMP status panels only.","Captions MUST be only about DSIP (P-DSI-001) and its catalog listing.","Active","25",""
"LAB-219","pen_3ml_scene","Pharma lab + 3mL pen 219","formulation compounding suite with jacketed stainless compounding vessels — bay 6","elevated wide of compounding suite","warm-neutral pharmaceutical softboxes","LOCKED PBV slightly elongated 3mL research pen (gray body, clear left cap, crimson red ring + ribbed dial, white DNA-helix label) mid-ground in pharmaceutical cleanroom; not extreme macro; not spa/lifestyle backdrop","LOCKED PBV research pen hardware (exact every time; slightly elongated longer 3mL barrel): light gray/off-white matte elongated barrel; clear transparent plastic tip-cap on left; bright crimson red accent ring mid-barrel; white wrap-around label with red stylized DNA double-helix graphic on the left of the label; compound name in large red sans-serif on the label with smaller secondary line like '8mg 3ml pen' or '3ml pen'; bright crimson red textured/ribbed dial on the right end. Color family: standard peptide — RED accents (not GLP blue). Same longer silhouette/proportions as Palm Beach Vitality research pen template — ONLY the label text changes per compound. Never invent a different pen shape, dial, or wrong accent color.","P-KPV-001","KPV","https://www.palmbeach-vitality.store/products/kpv","FULL PHARMA LAB + LOCKED PBV 3mL RESEARCH PEN SCENE. Photoreal PHARMACEUTICAL MANUFACTURING cleanroom (GMP / sterile injectables aesthetic). Looks like a real pharma fill-finish or sterile manufacturing suite — stainless, HEPA, classified grades, sanitary finishes — not a generic sci-fi biotech set, not a university teaching lab, NOT a spa/bathroom/lifestyle marble set. Environment: formulation compounding suite with jacketed stainless compounding vessels — bay 6. Camera: elevated wide of compounding suite. Lighting: warm-neutral pharmaceutical softboxes. Show the full pharmaceutical cleanroom; place ONE locked PBV research pen mid-ground on a clean bench. Not a close-up. PEN HARDWARE LOCK (must match exactly): slightly elongated longer light gray/off-white matte 3mL barrel; clear transparent left tip-cap; bright crimson red mid accent ring; white wrap label with red DNA helix graphic; label text 'KPV' in large red type plus a smaller '3ml pen' secondary line; bright crimson red ribbed dial on right. ACCENT COLOR LOCK: RED for this peptide (NOT blue). Blue is reserved for Semaglutide, Tirzepatide, and Retatrutide only. Same longer hardware as Palm Beach Vitality research pen template — only label name changes. Product lock: KPV (P-KPV-001). SIGNAGE RULE: premium pharmaceutical cleanroom only. No cartoon hazard graphics, no biohazard trefoils, no striped danger tape as decor, no alert-word posters. Neutral room IDs and GMP status panels only.","Captions MUST be only about KPV (P-KPV-001) and its catalog listing.","Active","26",""
"LAB-032","lab_scene","Pharma cleanroom 032","crimp-sealing and capping lane for sterile injectable vials — bay 4","wide lane perspective of crimp stations","cool neutral GMP wash, minimal shadows","no product close-up; full pharmaceutical cleanroom; compound via typography / optional distant labeled sterile vial","","V-MT2-001","Melanotan 2","https://www.palmbeach-vitality.store/products/melonotan","FULL PHARMA LAB SCENE (wide). Photoreal PHARMACEUTICAL MANUFACTURING cleanroom (GMP / sterile injectables aesthetic). Looks like a real pharma fill-finish or sterile manufacturing suite — stainless, HEPA, classified grades, sanitary finishes — not a generic sci-fi biotech set, not a university teaching lab. Environment: crimp-sealing and capping lane for sterile injectable vials — bay 4. Camera: wide lane perspective of crimp stations. Lighting: cool neutral GMP wash, minimal shadows. Do not crop to a single object. Show the entire pharmaceutical cleanroom. Product lock for captions/typography only: Melanotan 2 (V-MT2-001). Optional: one distant labeled 10mL sterile crimp-seal vial on a clean bench — never a macro close-up. SIGNAGE RULE: premium pharmaceutical cleanroom only. No cartoon hazard graphics, no biohazard trefoils, no striped danger tape as decor, no alert-word posters. Neutral room IDs and GMP status panels only.","Captions MUST be only about Melanotan 2 (V-MT2-001) and its catalog listing.","Active","27",""
"LAB-046","lab_scene","Pharma cleanroom 046","sterile gowning cubicle bank with HEPA cascade — bay 12","wide cubicle bank","high-key cascade cleanroom light","no product close-up; full pharmaceutical cleanroom; compound via typography / optional distant labeled sterile vial","","P-BPC-001","BPC-157","https://www.palmbeach-vitality.store/products/bpc-157-pen","FULL PHARMA LAB SCENE (wide). Photoreal PHARMACEUTICAL MANUFACTURING cleanroom (GMP / sterile injectables aesthetic). Looks like a real pharma fill-finish or sterile manufacturing suite — stainless, HEPA, classified grades, sanitary finishes — not a generic sci-fi biotech set, not a university teaching lab. Environment: sterile gowning cubicle bank with HEPA cascade — bay 12. Camera: wide cubicle bank. Lighting: high-key cascade cleanroom light. Do not crop to a single object. Show the entire pharmaceutical cleanroom. Product lock for captions/typography only: BPC-157 (P-BPC-001). Optional: one distant labeled 10mL sterile crimp-seal vial on a clean bench — never a macro close-up. SIGNAGE RULE: premium pharmaceutical cleanroom only. No cartoon hazard graphics, no biohazard trefoils, no striped danger tape as decor, no alert-word posters. Neutral room IDs and GMP status panels only.","Captions MUST be only about BPC-157 (P-BPC-001) and its catalog listing.","Active","28",""
"LAB-133","vial_10ml_scene","Pharma lab + 10mL vial 133","validated freezer farm for pharmaceutical drug substance storage — bay 13","wide freezer farm aisle","cold blue storage lighting","10mL sterile crimp-seal injectable vial mid-ground in pharmaceutical cleanroom; never twist/screw cap; not extreme macro","10mL sterile injectable-style glass vial with rubber stopper and aluminum crimp seal (NOT screw-cap, NOT black twist cap)","V-WOL-001","BPC-157 / TB-500","https://www.palmbeach-vitality.store/products/wolverine-stack","FULL PHARMA LAB + 10mL STERILE VIAL SCENE. Photoreal PHARMACEUTICAL MANUFACTURING cleanroom (GMP / sterile injectables aesthetic). Looks like a real pharma fill-finish or sterile manufacturing suite — stainless, HEPA, classified grades, sanitary finishes — not a generic sci-fi biotech set, not a university teaching lab. Environment: validated freezer farm for pharmaceutical drug substance storage — bay 13. Camera: wide freezer farm aisle. Lighting: cold blue storage lighting. Show the full pharmaceutical cleanroom; place one 10mL sterile injectable-style glass vial (rubber stopper + aluminum crimp seal only; NEVER black twist/screw cap) mid-ground on a clean bench. Not a close-up. Product lock: BPC-157 / TB-500 (V-WOL-001). SIGNAGE RULE: premium pharmaceutical cleanroom only. No cartoon hazard graphics, no biohazard trefoils, no striped danger tape as decor, no alert-word posters. Neutral room IDs and GMP status panels only.","Captions MUST be only about BPC-157 / TB-500 (V-WOL-001) and its catalog listing.","Active","29",""
"LAB-223","pen_3ml_scene","Pharma lab + 3mL pen 223","media-fill / aseptic process simulation suite with isolator ports — bay 1","wide media-fill suite","high-key Grade A aesthetic lighting","LOCKED PBV slightly elongated 3mL research pen (gray body, clear left cap, crimson red ring + ribbed dial, white DNA-helix label) mid-ground in pharmaceutical cleanroom; not extreme macro; not spa/lifestyle backdrop","LOCKED PBV research pen hardware (exact every time; slightly elongated longer 3mL barrel): light gray/off-white matte elongated barrel; clear transparent plastic tip-cap on left; bright crimson red accent ring mid-barrel; white wrap-around label with red stylized DNA double-helix graphic on the left of the label; compound name in large red sans-serif on the label with smaller secondary line like '8mg 3ml pen' or '3ml pen'; bright crimson red textured/ribbed dial on the right end. Color family: standard peptide — RED accents (not GLP blue). Same longer silhouette/proportions as Palm Beach Vitality research pen template — ONLY the label text changes per compound. Never invent a different pen shape, dial, or wrong accent color.","P-KLO-001","KPV / BPC-157 / TB-500 / GHK-Cu","https://www.palmbeach-vitality.store/products/klow-pen","FULL PHARMA LAB + LOCKED PBV 3mL RESEARCH PEN SCENE. Photoreal PHARMACEUTICAL MANUFACTURING cleanroom (GMP / sterile injectables aesthetic). Looks like a real pharma fill-finish or sterile manufacturing suite — stainless, HEPA, classified grades, sanitary finishes — not a generic sci-fi biotech set, not a university teaching lab, NOT a spa/bathroom/lifestyle marble set. Environment: media-fill / aseptic process simulation suite with isolator ports — bay 1. Camera: wide media-fill suite. Lighting: high-key Grade A aesthetic lighting. Show the full pharmaceutical cleanroom; place ONE locked PBV research pen mid-ground on a clean bench. Not a close-up. PEN HARDWARE LOCK (must match exactly): slightly elongated longer light gray/off-white matte 3mL barrel; clear transparent left tip-cap; bright crimson red mid accent ring; white wrap label with red DNA helix graphic; label text 'KPV / BPC-157 / TB-500 / GHK-Cu' in large red type plus a smaller '3ml pen' secondary line; bright crimson red ribbed dial on right. ACCENT COLOR LOCK: RED for this peptide (NOT blue). Blue is reserved for Semaglutide, Tirzepatide, and Retatrutide only. Same longer hardware as Palm Beach Vitality research pen template — only label name changes. Product lock: KPV / BPC-157 / TB-500 / GHK-Cu (P-KLO-001). SIGNAGE RULE: premium pharmaceutical cleanroom only. No cartoon hazard graphics, no biohazard trefoils, no striped danger tape as decor, no alert-word posters. Neutral room IDs and GMP status panels only.","Captions MUST be only about KPV / BPC-157 / TB-500 / GHK-Cu (P-KLO-001) and its catalog listing.","Active","30",""
"LAB-037","lab_scene","Pharma cleanroom 037","pass-through hatch corridor between Grade C and Grade B zones — bay 2","wide hatch corridor","sterile cyan-white cleanroom wash","no product close-up; full pharmaceutical cleanroom; compound via typography / optional distant labeled sterile vial","","P-MOT-001","MOTS-C","https://www.palmbeach-vitality.store/products/mots-c","FULL PHARMA LAB SCENE (wide). Photoreal PHARMACEUTICAL MANUFACTURING cleanroom (GMP / sterile injectables aesthetic). Looks like a real pharma fill-finish or sterile manufacturing suite — stainless, HEPA, classified grades, sanitary finishes — not a generic sci-fi biotech set, not a university teaching lab. Environment: pass-through hatch corridor between Grade C and Grade B zones — bay 2. Camera: wide hatch corridor. Lighting: sterile cyan-white cleanroom wash. Do not crop to a single object. Show the entire pharmaceutical cleanroom. Product lock for captions/typography only: MOTS-C (P-MOT-001). Optional: one distant labeled 10mL sterile crimp-seal vial on a clean bench — never a macro close-up. SIGNAGE RULE: premium pharmaceutical cleanroom only. No cartoon hazard graphics, no biohazard trefoils, no striped danger tape as decor, no alert-word posters. Neutral room IDs and GMP status panels only.","Captions MUST be only about MOTS-C (P-MOT-001) and its catalog listing.","Active","31",""
"LAB-125","vial_10ml_scene","Pharma lab + 10mL vial 125","validated cleanroom corridor with flush windows into fill-finish suites — bay 6","dolly-style corridor looking into suites","high-key minimal-shadow sterile white","10mL sterile crimp-seal injectable vial mid-ground in pharmaceutical cleanroom; never twist/screw cap; not extreme macro","10mL sterile injectable-style glass vial with rubber stopper and aluminum crimp seal (NOT screw-cap, NOT black twist cap)","V-NAD-001","NAD+","https://www.palmbeach-vitality.store/products/nad-1","FULL PHARMA LAB + 10mL STERILE VIAL SCENE. Photoreal PHARMACEUTICAL MANUFACTURING cleanroom (GMP / sterile injectables aesthetic). Looks like a real pharma fill-finish or sterile manufacturing suite — stainless, HEPA, classified grades, sanitary finishes — not a generic sci-fi biotech set, not a university teaching lab. Environment: validated cleanroom corridor with flush windows into fill-finish suites — bay 6. Camera: dolly-style corridor looking into suites. Lighting: high-key minimal-shadow sterile white. Show the full pharmaceutical cleanroom; place one 10mL sterile injectable-style glass vial (rubber stopper + aluminum crimp seal only; NEVER black twist/screw cap) mid-ground on a clean bench. Not a close-up. Product lock: NAD+ (V-NAD-001). SIGNAGE RULE: premium pharmaceutical cleanroom only. No cartoon hazard graphics, no biohazard trefoils, no striped danger tape as decor, no alert-word posters. Neutral room IDs and GMP status panels only.","Captions MUST be only about NAD+ (V-NAD-001) and its catalog listing.","Active","32",""
"LAB-226","pen_3ml_scene","Pharma lab + 3mL pen 226","environmental monitoring ante-room with settle-plate prep benches — bay 10","wide EM ante-room","soft daylight sterile panels","LOCKED PBV slightly elongated 3mL research pen (gray body, clear left cap, crimson red ring + ribbed dial, white DNA-helix label) mid-ground in pharmaceutical cleanroom; not extreme macro; not spa/lifestyle backdrop","LOCKED PBV research pen hardware (exact every time; slightly elongated longer 3mL barrel): light gray/off-white matte elongated barrel; clear transparent plastic tip-cap on left; bright crimson red accent ring mid-barrel; white wrap-around label with red stylized DNA double-helix graphic on the left of the label; compound name in large red sans-serif on the label with smaller secondary line like '8mg 3ml pen' or '3ml pen'; bright crimson red textured/ribbed dial on the right end. Color family: standard peptide — RED accents (not GLP blue). Same longer silhouette/proportions as Palm Beach Vitality research pen template — ONLY the label text changes per compound. Never invent a different pen shape, dial, or wrong accent color.","P-PT1-001","PT-141","https://www.palmbeach-vitality.store/products/pt-141-pen","FULL PHARMA LAB + LOCKED PBV 3mL RESEARCH PEN SCENE. Photoreal PHARMACEUTICAL MANUFACTURING cleanroom (GMP / sterile injectables aesthetic). Looks like a real pharma fill-finish or sterile manufacturing suite — stainless, HEPA, classified grades, sanitary finishes — not a generic sci-fi biotech set, not a university teaching lab, NOT a spa/bathroom/lifestyle marble set. Environment: environmental monitoring ante-room with settle-plate prep benches — bay 10. Camera: wide EM ante-room. Lighting: soft daylight sterile panels. Show the full pharmaceutical cleanroom; place ONE locked PBV research pen mid-ground on a clean bench. Not a close-up. PEN HARDWARE LOCK (must match exactly): slightly elongated longer light gray/off-white matte 3mL barrel; clear transparent left tip-cap; bright crimson red mid accent ring; white wrap label with red DNA helix graphic; label text 'PT-141' in large red type plus a smaller '3ml pen' secondary line; bright crimson red ribbed dial on right. ACCENT COLOR LOCK: RED for this peptide (NOT blue). Blue is reserved for Semaglutide, Tirzepatide, and Retatrutide only. Same longer hardware as Palm Beach Vitality research pen template — only label name changes. Product lock: PT-141 (P-PT1-001). SIGNAGE RULE: premium pharmaceutical cleanroom only. No cartoon hazard graphics, no biohazard trefoils, no striped danger tape as decor, no alert-word posters. Neutral room IDs and GMP status panels only.","Captions MUST be only about PT-141 (P-PT1-001) and its catalog listing.","Active","33",""
"LAB-041","lab_scene","Pharma cleanroom 041","sterile stopper processor room with validated washers and sterilizers — bay 14","wide processor room","cool steel GMP wash","no product close-up; full pharmaceutical cleanroom; compound via typography / optional distant labeled sterile vial","","P-SEL-001","Selank","https://www.palmbeach-vitality.store/products/selank-pen","FULL PHARMA LAB SCENE (wide). Photoreal PHARMACEUTICAL MANUFACTURING cleanroom (GMP / sterile injectables aesthetic). Looks like a real pharma fill-finish or sterile manufacturing suite — stainless, HEPA, classified grades, sanitary finishes — not a generic sci-fi biotech set, not a university teaching lab. Environment: sterile stopper processor room with validated washers and sterilizers — bay 14. Camera: wide processor room. Lighting: cool steel GMP wash. Do not crop to a single object. Show the entire pharmaceutical cleanroom. Product lock for captions/typography only: Selank (P-SEL-001). Optional: one distant labeled 10mL sterile crimp-seal vial on a clean bench — never a macro close-up. SIGNAGE RULE: premium pharmaceutical cleanroom only. No cartoon hazard graphics, no biohazard trefoils, no striped danger tape as decor, no alert-word posters. Neutral room IDs and GMP status panels only.","Captions MUST be only about Selank (P-SEL-001) and its catalog listing.","Active","34",""
"LAB-128","vial_10ml_scene","Pharma lab + 10mL vial 128","lyo loading clean zone with tray carts staged for freeze-dryer load — bay 15","wide loading zone","cool blue-white pharmaceutical light","10mL sterile crimp-seal injectable vial mid-ground in pharmaceutical cleanroom; never twist/screw cap; not extreme macro","10mL sterile injectable-style glass vial with rubber stopper and aluminum crimp seal (NOT screw-cap, NOT black twist cap)","V-SER-001","Sermorelin","https://www.palmbeach-vitality.store/products/sermorelin","FULL PHARMA LAB + 10mL STERILE VIAL SCENE. Photoreal PHARMACEUTICAL MANUFACTURING cleanroom (GMP / sterile injectables aesthetic). Looks like a real pharma fill-finish or sterile manufacturing suite — stainless, HEPA, classified grades, sanitary finishes — not a generic sci-fi biotech set, not a university teaching lab. Environment: lyo loading clean zone with tray carts staged for freeze-dryer load — bay 15. Camera: wide loading zone. Lighting: cool blue-white pharmaceutical light. Show the full pharmaceutical cleanroom; place one 10mL sterile injectable-style glass vial (rubber stopper + aluminum crimp seal only; NEVER black twist/screw cap) mid-ground on a clean bench. Not a close-up. Product lock: Sermorelin (V-SER-001). SIGNAGE RULE: premium pharmaceutical cleanroom only. No cartoon hazard graphics, no biohazard trefoils, no striped danger tape as decor, no alert-word posters. Neutral room IDs and GMP status panels only.","Captions MUST be only about Sermorelin (V-SER-001) and its catalog listing.","Active","35",""
"LAB-231","pen_3ml_scene","Pharma lab + 3mL pen 231","aseptic compounding isolator farm for sterile injectables — bay 8","wide isolator farm","cool contained Grade A lighting","LOCKED PBV slightly elongated 3mL research pen (gray body, clear left cap, crimson red ring + ribbed dial, white DNA-helix label) mid-ground in pharmaceutical cleanroom; not extreme macro; not spa/lifestyle backdrop","LOCKED PBV research pen hardware (exact every time; slightly elongated longer 3mL barrel): light gray/off-white matte elongated barrel; clear transparent plastic tip-cap on left; bright crimson red accent ring mid-barrel; white wrap-around label with red stylized DNA double-helix graphic on the left of the label; compound name in large red sans-serif on the label with smaller secondary line like '8mg 3ml pen' or '3ml pen'; bright crimson red textured/ribbed dial on the right end. Color family: standard peptide — RED accents (not GLP blue). Same longer silhouette/proportions as Palm Beach Vitality research pen template — ONLY the label text changes per compound. Never invent a different pen shape, dial, or wrong accent color.","P-TES-001","Tesamorelin","https://www.palmbeach-vitality.store/products/tesamorelin-30mg-pen","FULL PHARMA LAB + LOCKED PBV 3mL RESEARCH PEN SCENE. Photoreal PHARMACEUTICAL MANUFACTURING cleanroom (GMP / sterile injectables aesthetic). Looks like a real pharma fill-finish or sterile manufacturing suite — stainless, HEPA, classified grades, sanitary finishes — not a generic sci-fi biotech set, not a university teaching lab, NOT a spa/bathroom/lifestyle marble set. Environment: aseptic compounding isolator farm for sterile injectables — bay 8. Camera: wide isolator farm. Lighting: cool contained Grade A lighting. Show the full pharmaceutical cleanroom; place ONE locked PBV research pen mid-ground on a clean bench. Not a close-up. PEN HARDWARE LOCK (must match exactly): slightly elongated longer light gray/off-white matte 3mL barrel; clear transparent left tip-cap; bright crimson red mid accent ring; white wrap label with red DNA helix graphic; label text 'Tesamorelin' in large red type plus a smaller '3ml pen' secondary line; bright crimson red ribbed dial on right. ACCENT COLOR LOCK: RED for this peptide (NOT blue). Blue is reserved for Semaglutide, Tirzepatide, and Retatrutide only. Same longer hardware as Palm Beach Vitality research pen template — only label name changes. Product lock: Tesamorelin (P-TES-001). SIGNAGE RULE: premium pharmaceutical cleanroom only. No cartoon hazard graphics, no biohazard trefoils, no striped danger tape as decor, no alert-word posters. Neutral room IDs and GMP status panels only.","Captions MUST be only about Tesamorelin (P-TES-001) and its catalog listing.","Active","36",""
"LAB-053","lab_scene","Pharma cleanroom 053","serialization and aggregation lane for pharmaceutical carton verification — bay 16","wide serialization lane","bright clean verification lighting","no product close-up; full pharmaceutical cleanroom; compound via typography / optional distant labeled sterile vial","","P-SS3-001","SS-31","https://www.palmbeach-vitality.store/products/ss-31-pen","FULL PHARMA LAB SCENE (wide). Photoreal PHARMACEUTICAL MANUFACTURING cleanroom (GMP / sterile injectables aesthetic). Looks like a real pharma fill-finish or sterile manufacturing suite — stainless, HEPA, classified grades, sanitary finishes — not a generic sci-fi biotech set, not a university teaching lab. Environment: serialization and aggregation lane for pharmaceutical carton verification — bay 16. Camera: wide serialization lane. Lighting: bright clean verification lighting. Do not crop to a single object. Show the entire pharmaceutical cleanroom. Product lock for captions/typography only: SS-31 (P-SS3-001). Optional: one distant labeled 10mL sterile crimp-seal vial on a clean bench — never a macro close-up. SIGNAGE RULE: premium pharmaceutical cleanroom only. No cartoon hazard graphics, no biohazard trefoils, no striped danger tape as decor, no alert-word posters. Neutral room IDs and GMP status panels only.","Captions MUST be only about SS-31 (P-SS3-001) and its catalog listing.","Active","37",""
"LAB-139","vial_10ml_scene","Pharma lab + 10mL vial 139","WFI utility corridor with polished sanitary piping and valve clusters — bay 14","wide utility corridor perspective","cool reflective pharmaceutical utility light","10mL sterile crimp-seal injectable vial mid-ground in pharmaceutical cleanroom; never twist/screw cap; not extreme macro","10mL sterile injectable-style glass vial with rubber stopper and aluminum crimp seal (NOT screw-cap, NOT black twist cap)","V-TA1-001","Thymosin Alpha-1","https://www.palmbeach-vitality.store/products/ta-1","FULL PHARMA LAB + 10mL STERILE VIAL SCENE. Photoreal PHARMACEUTICAL MANUFACTURING cleanroom (GMP / sterile injectables aesthetic). Looks like a real pharma fill-finish or sterile manufacturing suite — stainless, HEPA, classified grades, sanitary finishes — not a generic sci-fi biotech set, not a university teaching lab. Environment: WFI utility corridor with polished sanitary piping and valve clusters — bay 14. Camera: wide utility corridor perspective. Lighting: cool reflective pharmaceutical utility light. Show the full pharmaceutical cleanroom; place one 10mL sterile injectable-style glass vial (rubber stopper + aluminum crimp seal only; NEVER black twist/screw cap) mid-ground on a clean bench. Not a close-up. Product lock: Thymosin Alpha-1 (V-TA1-001). SIGNAGE RULE: premium pharmaceutical cleanroom only. No cartoon hazard graphics, no biohazard trefoils, no striped danger tape as decor, no alert-word posters. Neutral room IDs and GMP status panels only.","Captions MUST be only about Thymosin Alpha-1 (V-TA1-001) and its catalog listing.","Active","38",""
"LAB-239","pen_3ml_scene","Pharma lab + 3mL pen 239","clean packaging cell for secondary packaging of sterile injectables — bay 15","elevated wide of packaging cell","bright neutral pharmaceutical softboxes","LOCKED PBV slightly elongated 3mL research pen (gray body, clear left cap, crimson red ring + ribbed dial, white DNA-helix label) mid-ground in pharmaceutical cleanroom; not extreme macro; not spa/lifestyle backdrop","LOCKED PBV research pen hardware (exact every time; slightly elongated longer 3mL barrel): light gray/off-white matte elongated barrel; clear transparent plastic tip-cap on left; bright crimson red accent ring mid-barrel; white wrap-around label with red stylized DNA double-helix graphic on the left of the label; compound name in large red sans-serif on the label with smaller secondary line like '8mg 3ml pen' or '3ml pen'; bright crimson red textured/ribbed dial on the right end. Color family: standard peptide — RED accents (not GLP blue). Same longer silhouette/proportions as Palm Beach Vitality research pen template — ONLY the label text changes per compound. Never invent a different pen shape, dial, or wrong accent color.","P-GLO-001","BPC-157 / TB-500 / GHK-Cu","https://www.palmbeach-vitality.store/products/glow-pen","FULL PHARMA LAB + LOCKED PBV 3mL RESEARCH PEN SCENE. Photoreal PHARMACEUTICAL MANUFACTURING cleanroom (GMP / sterile injectables aesthetic). Looks like a real pharma fill-finish or sterile manufacturing suite — stainless, HEPA, classified grades, sanitary finishes — not a generic sci-fi biotech set, not a university teaching lab, NOT a spa/bathroom/lifestyle marble set. Environment: clean packaging cell for secondary packaging of sterile injectables — bay 15. Camera: elevated wide of packaging cell. Lighting: bright neutral pharmaceutical softboxes. Show the full pharmaceutical cleanroom; place ONE locked PBV research pen mid-ground on a clean bench. Not a close-up. PEN HARDWARE LOCK (must match exactly): slightly elongated longer light gray/off-white matte 3mL barrel; clear transparent left tip-cap; bright crimson red mid accent ring; white wrap label with red DNA helix graphic; label text 'BPC-157 / TB-500 / GHK-Cu' in large red type plus a smaller '3ml pen' secondary line; bright crimson red ribbed dial on right. ACCENT COLOR LOCK: RED for this peptide (NOT blue). Blue is reserved for Semaglutide, Tirzepatide, and Retatrutide only. Same longer hardware as Palm Beach Vitality research pen template — only label name changes. Product lock: BPC-157 / TB-500 / GHK-Cu (P-GLO-001). SIGNAGE RULE: premium pharmaceutical cleanroom only. No cartoon hazard graphics, no biohazard trefoils, no striped danger tape as decor, no alert-word posters. Neutral room IDs and GMP status panels only.","Captions MUST be only about BPC-157 / TB-500 / GHK-Cu (P-GLO-001) and its catalog listing.","Active","39",""
"LAB-048","lab_scene","Pharma cleanroom 048","Grade B gowning airlock into Grade A/B processing with interlocking doors — bay 1","wide shot through airlock into processing suite","high-key sterile cleanroom lighting","no product close-up; full pharmaceutical cleanroom; compound via typography / optional distant labeled sterile vial","","P-CII-001","CJC (no DAC)/Ipamorelin","https://www.palmbeach-vitality.store/products/cjc-ipamorelin-1","FULL PHARMA LAB SCENE (wide). Photoreal PHARMACEUTICAL MANUFACTURING cleanroom (GMP / sterile injectables aesthetic). Looks like a real pharma fill-finish or sterile manufacturing suite — stainless, HEPA, classified grades, sanitary finishes — not a generic sci-fi biotech set, not a university teaching lab. Environment: Grade B gowning airlock into Grade A/B processing with interlocking doors — bay 1. Camera: wide shot through airlock into processing suite. Lighting: high-key sterile cleanroom lighting. Do not crop to a single object. Show the entire pharmaceutical cleanroom. Product lock for captions/typography only: CJC (no DAC)/Ipamorelin (P-CII-001). Optional: one distant labeled 10mL sterile crimp-seal vial on a clean bench — never a macro close-up. SIGNAGE RULE: premium pharmaceutical cleanroom only. No cartoon hazard graphics, no biohazard trefoils, no striped danger tape as decor, no alert-word posters. Neutral room IDs and GMP status panels only.","Captions MUST be only about CJC (no DAC)/Ipamorelin (P-CII-001) and its catalog listing.","Active","40",""
"LAB-137","vial_10ml_scene","Pharma lab + 10mL vial 137","cold-chain pharmaceutical warehouse anteroom with validated cold rooms — bay 8","wide anteroom and cold-room doors","cool blue cold-chain GMP lighting","10mL sterile crimp-seal injectable vial mid-ground in pharmaceutical cleanroom; never twist/screw cap; not extreme macro","10mL sterile injectable-style glass vial with rubber stopper and aluminum crimp seal (NOT screw-cap, NOT black twist cap)","V-GHK-001","GHK-Cu","https://www.palmbeach-vitality.store/products/ghk-cu","FULL PHARMA LAB + 10mL STERILE VIAL SCENE. Photoreal PHARMACEUTICAL MANUFACTURING cleanroom (GMP / sterile injectables aesthetic). Looks like a real pharma fill-finish or sterile manufacturing suite — stainless, HEPA, classified grades, sanitary finishes — not a generic sci-fi biotech set, not a university teaching lab. Environment: cold-chain pharmaceutical warehouse anteroom with validated cold rooms — bay 8. Camera: wide anteroom and cold-room doors. Lighting: cool blue cold-chain GMP lighting. Show the full pharmaceutical cleanroom; place one 10mL sterile injectable-style glass vial (rubber stopper + aluminum crimp seal only; NEVER black twist/screw cap) mid-ground on a clean bench. Not a close-up. Product lock: GHK-Cu (V-GHK-001). SIGNAGE RULE: premium pharmaceutical cleanroom only. No cartoon hazard graphics, no biohazard trefoils, no striped danger tape as decor, no alert-word posters. Neutral room IDs and GMP status panels only.","Captions MUST be only about GHK-Cu (V-GHK-001) and its catalog listing.","Active","41",""
"LAB-242","pen_3ml_scene","Pharma lab + 3mL pen 242","raw-material pharmaceutical quarantine cage with barcode racking — bay 7","architectural wide of quarantine cage","neutral warehouse-GMP hybrid lighting","LOCKED PBV slightly elongated 3mL research pen (gray body, clear left cap, cobalt blue ring + ribbed dial, white DNA-helix label) mid-ground in pharmaceutical cleanroom; not extreme macro; not spa/lifestyle backdrop","LOCKED PBV research pen hardware (exact every time; slightly elongated longer 3mL barrel): light gray/off-white matte elongated barrel; clear transparent plastic tip-cap on left; bright cobalt blue accent ring mid-barrel; white wrap-around label with blue stylized DNA double-helix graphic on the left of the label; compound name in large blue sans-serif on the label with smaller secondary line like '8mg 3ml pen' or '3ml pen'; bright cobalt blue textured/ribbed dial on the right end. Color family: GLP family (Semaglutide / Tirzepatide / Retatrutide) — BLUE accents. Same longer silhouette/proportions as Palm Beach Vitality research pen template — ONLY the label text changes per compound. Never invent a different pen shape, dial, or wrong accent color.","P-SEM-001","Semaglutide","https://www.palmbeach-vitality.store/products/semaglutide-1-5mg-pen","FULL PHARMA LAB + LOCKED PBV 3mL RESEARCH PEN SCENE. Photoreal PHARMACEUTICAL MANUFACTURING cleanroom (GMP / sterile injectables aesthetic). Looks like a real pharma fill-finish or sterile manufacturing suite — stainless, HEPA, classified grades, sanitary finishes — not a generic sci-fi biotech set, not a university teaching lab, NOT a spa/bathroom/lifestyle marble set. Environment: raw-material pharmaceutical quarantine cage with barcode racking — bay 7. Camera: architectural wide of quarantine cage. Lighting: neutral warehouse-GMP hybrid lighting. Show the full pharmaceutical cleanroom; place ONE locked PBV research pen mid-ground on a clean bench. Not a close-up. PEN HARDWARE LOCK (must match exactly): slightly elongated longer light gray/off-white matte 3mL barrel; clear transparent left tip-cap; bright cobalt blue mid accent ring; white wrap label with blue DNA helix graphic; label text 'Semaglutide' in large blue type plus a smaller '3ml pen' secondary line; bright cobalt blue ribbed dial on right. ACCENT COLOR LOCK: BLUE (Semaglutide / Tirzepatide / Retatrutide only). Same longer hardware as Palm Beach Vitality research pen template — only label name changes. Product lock: Semaglutide (P-SEM-001). SIGNAGE RULE: premium pharmaceutical cleanroom only. No cartoon hazard graphics, no biohazard trefoils, no striped danger tape as decor, no alert-word posters. Neutral room IDs and GMP status panels only.","Captions MUST be only about Semaglutide (P-SEM-001) and its catalog listing.","Active","42",""
"LAB-056","lab_scene","Pharma cleanroom 056","finished-goods cold staging for sterile peptide injectables — bay 8","wide staging area with roller racks","cool dock-to-cold-chain lighting","no product close-up; full pharmaceutical cleanroom; compound via typography / optional distant labeled sterile vial","","P-TIR-001","Tirzepatide","https://www.palmbeach-vitality.store/products/tirzepatide-10mg-pen","FULL PHARMA LAB SCENE (wide). Photoreal PHARMACEUTICAL MANUFACTURING cleanroom (GMP / sterile injectables aesthetic). Looks like a real pharma fill-finish or sterile manufacturing suite — stainless, HEPA, classified grades, sanitary finishes — not a generic sci-fi biotech set, not a university teaching lab. Environment: finished-goods cold staging for sterile peptide injectables — bay 8. Camera: wide staging area with roller racks. Lighting: cool dock-to-cold-chain lighting. Do not crop to a single object. Show the entire pharmaceutical cleanroom. Product lock for captions/typography only: Tirzepatide (P-TIR-001). Optional: one distant labeled 10mL sterile crimp-seal vial on a clean bench — never a macro close-up. SIGNAGE RULE: premium pharmaceutical cleanroom only. No cartoon hazard graphics, no biohazard trefoils, no striped danger tape as decor, no alert-word posters. Neutral room IDs and GMP status panels only.","Captions MUST be only about Tirzepatide (P-TIR-001) and its catalog listing.","Active","43",""
"LAB-142","vial_10ml_scene","Pharma lab + 10mL vial 142","CIP/SIP skid room supporting sterile manufacturing equipment — bay 6","wide CIP/SIP skid room","cool stainless utility lighting","10mL sterile crimp-seal injectable vial mid-ground in pharmaceutical cleanroom; never twist/screw cap; not extreme macro","10mL sterile injectable-style glass vial with rubber stopper and aluminum crimp seal (NOT screw-cap, NOT black twist cap)","V-RET-001","Retatrutide","https://www.palmbeach-vitality.store/products/retatrutide","FULL PHARMA LAB + 10mL STERILE VIAL SCENE. Photoreal PHARMACEUTICAL MANUFACTURING cleanroom (GMP / sterile injectables aesthetic). Looks like a real pharma fill-finish or sterile manufacturing suite — stainless, HEPA, classified grades, sanitary finishes — not a generic sci-fi biotech set, not a university teaching lab. Environment: CIP/SIP skid room supporting sterile manufacturing equipment — bay 6. Camera: wide CIP/SIP skid room. Lighting: cool stainless utility lighting. Show the full pharmaceutical cleanroom; place one 10mL sterile injectable-style glass vial (rubber stopper + aluminum crimp seal only; NEVER black twist/screw cap) mid-ground on a clean bench. Not a close-up. Product lock: Retatrutide (V-RET-001). SIGNAGE RULE: premium pharmaceutical cleanroom only. No cartoon hazard graphics, no biohazard trefoils, no striped danger tape as decor, no alert-word posters. Neutral room IDs and GMP status panels only.","Captions MUST be only about Retatrutide (V-RET-001) and its catalog listing.","Active","44",""
"LAB-069","lab_scene","Pharma cleanroom 069","WFI utility corridor with polished sanitary piping and valve clusters — bay 13","wide utility corridor perspective","cool reflective pharmaceutical utility light","no product close-up; full pharmaceutical cleanroom; compound via typography / optional distant labeled sterile vial","","V-CAG-001","Cagrilinitide","https://www.palmbeach-vitality.store/products/cargrilinitide","FULL PHARMA LAB SCENE (wide). Photoreal PHARMACEUTICAL MANUFACTURING cleanroom (GMP / sterile injectables aesthetic). Looks like a real pharma fill-finish or sterile manufacturing suite — stainless, HEPA, classified grades, sanitary finishes — not a generic sci-fi biotech set, not a university teaching lab. Environment: WFI utility corridor with polished sanitary piping and valve clusters — bay 13. Camera: wide utility corridor perspective. Lighting: cool reflective pharmaceutical utility light. Do not crop to a single object. Show the entire pharmaceutical cleanroom. Product lock for captions/typography only: Cagrilinitide (V-CAG-001). Optional: one distant labeled 10mL sterile crimp-seal vial on a clean bench — never a macro close-up. SIGNAGE RULE: premium pharmaceutical cleanroom only. No cartoon hazard graphics, no biohazard trefoils, no striped danger tape as decor, no alert-word posters. Neutral room IDs and GMP status panels only.","Captions MUST be only about Cagrilinitide (V-CAG-001) and its catalog listing.","Active","45",""
"LAB-084","lab_scene","Pharma cleanroom 084","QC microbiology clean suite with laminar hoods and incubation banks — bay 7","wide QC micro suite","soft daylight-balanced sterile panels","no product close-up; full pharmaceutical cleanroom; compound via typography / optional distant labeled sterile vial","","P-SMX-001","Semax","https://www.palmbeach-vitality.store/products/semax-pen","FULL PHARMA LAB SCENE (wide). Photoreal PHARMACEUTICAL MANUFACTURING cleanroom (GMP / sterile injectables aesthetic). Looks like a real pharma fill-finish or sterile manufacturing suite — stainless, HEPA, classified grades, sanitary finishes — not a generic sci-fi biotech set, not a university teaching lab. Environment: QC microbiology clean suite with laminar hoods and incubation banks — bay 7. Camera: wide QC micro suite. Lighting: soft daylight-balanced sterile panels. Do not crop to a single object. Show the entire pharmaceutical cleanroom. Product lock for captions/typography only: Semax (P-SMX-001). Optional: one distant labeled 10mL sterile crimp-seal vial on a clean bench — never a macro close-up. SIGNAGE RULE: premium pharmaceutical cleanroom only. No cartoon hazard graphics, no biohazard trefoils, no striped danger tape as decor, no alert-word posters. Neutral room IDs and GMP status panels only.","Captions MUST be only about Semax (P-SMX-001) and its catalog listing.","Active","46",""
"LAB-130","vial_10ml_scene","Pharma lab + 10mL vial 130","sterile emulsion / peptide formulation suite with closed vessels — bay 4","wide formulation suite","soft premium pharmaceutical catalog light","10mL sterile crimp-seal injectable vial mid-ground in pharmaceutical cleanroom; never twist/screw cap; not extreme macro","10mL sterile injectable-style glass vial with rubber stopper and aluminum crimp seal (NOT screw-cap, NOT black twist cap)","V-TB5-001","TB-500","https://www.palmbeach-vitality.store/products/tb-500","FULL PHARMA LAB + 10mL STERILE VIAL SCENE. Photoreal PHARMACEUTICAL MANUFACTURING cleanroom (GMP / sterile injectables aesthetic). Looks like a real pharma fill-finish or sterile manufacturing suite — stainless, HEPA, classified grades, sanitary finishes — not a generic sci-fi biotech set, not a university teaching lab. Environment: sterile emulsion / peptide formulation suite with closed vessels — bay 4. Camera: wide formulation suite. Lighting: soft premium pharmaceutical catalog light. Show the full pharmaceutical cleanroom; place one 10mL sterile injectable-style glass vial (rubber stopper + aluminum crimp seal only; NEVER black twist/screw cap) mid-ground on a clean bench. Not a close-up. Product lock: TB-500 (V-TB5-001). SIGNAGE RULE: premium pharmaceutical cleanroom only. No cartoon hazard graphics, no biohazard trefoils, no striped danger tape as decor, no alert-word posters. Neutral room IDs and GMP status panels only.","Captions MUST be only about TB-500 (V-TB5-001) and its catalog listing.","Active","47",""
"LAB-232","pen_3ml_scene","Pharma lab + 3mL pen 232","QC wet chemistry bench room for pharmaceutical assay support — bay 11","wide wet-chem room","clean clinical bench lighting","LOCKED PBV slightly elongated 3mL research pen (gray body, clear left cap, crimson red ring + ribbed dial, white DNA-helix label) mid-ground in pharmaceutical cleanroom; not extreme macro; not spa/lifestyle backdrop","LOCKED PBV research pen hardware (exact every time; slightly elongated longer 3mL barrel): light gray/off-white matte elongated barrel; clear transparent plastic tip-cap on left; bright crimson red accent ring mid-barrel; white wrap-around label with red stylized DNA double-helix graphic on the left of the label; compound name in large red sans-serif on the label with smaller secondary line like '8mg 3ml pen' or '3ml pen'; bright crimson red textured/ribbed dial on the right end. Color family: standard peptide — RED accents (not GLP blue). Same longer silhouette/proportions as Palm Beach Vitality research pen template — ONLY the label text changes per compound. Never invent a different pen shape, dial, or wrong accent color.","P-TEI-001","Tesamorelin/Ipamorelin","https://www.palmbeach-vitality.store/products/tesamorelin-ipamorelin-pen","FULL PHARMA LAB + LOCKED PBV 3mL RESEARCH PEN SCENE. Photoreal PHARMACEUTICAL MANUFACTURING cleanroom (GMP / sterile injectables aesthetic). Looks like a real pharma fill-finish or sterile manufacturing suite — stainless, HEPA, classified grades, sanitary finishes — not a generic sci-fi biotech set, not a university teaching lab, NOT a spa/bathroom/lifestyle marble set. Environment: QC wet chemistry bench room for pharmaceutical assay support — bay 11. Camera: wide wet-chem room. Lighting: clean clinical bench lighting. Show the full pharmaceutical cleanroom; place ONE locked PBV research pen mid-ground on a clean bench. Not a close-up. PEN HARDWARE LOCK (must match exactly): slightly elongated longer light gray/off-white matte 3mL barrel; clear transparent left tip-cap; bright crimson red mid accent ring; white wrap label with red DNA helix graphic; label text 'Tesamorelin/Ipamorelin' in large red type plus a smaller '3ml pen' secondary line; bright crimson red ribbed dial on right. ACCENT COLOR LOCK: RED for this peptide (NOT blue). Blue is reserved for Semaglutide, Tirzepatide, and Retatrutide only. Same longer hardware as Palm Beach Vitality research pen template — only label name changes. Product lock: Tesamorelin/Ipamorelin (P-TEI-001). SIGNAGE RULE: premium pharmaceutical cleanroom only. No cartoon hazard graphics, no biohazard trefoils, no striped danger tape as decor, no alert-word posters. Neutral room IDs and GMP status panels only.","Captions MUST be only about Tesamorelin/Ipamorelin (P-TEI-001) and its catalog listing.","Active","48",""
"LAB-095","lab_scene","Pharma cleanroom 095","vial washing and depyrogenation prep hall — bay 6","wide prep hall","bright sterile process lighting","no product close-up; full pharmaceutical cleanroom; compound via typography / optional distant labeled sterile vial","","P-5AM-001","5-Amino-1MQ","https://www.palmbeach-vitality.store/products/5-amino-mq-pen","FULL PHARMA LAB SCENE (wide). Photoreal PHARMACEUTICAL MANUFACTURING cleanroom (GMP / sterile injectables aesthetic). Looks like a real pharma fill-finish or sterile manufacturing suite — stainless, HEPA, classified grades, sanitary finishes — not a generic sci-fi biotech set, not a university teaching lab. Environment: vial washing and depyrogenation prep hall — bay 6. Camera: wide prep hall. Lighting: bright sterile process lighting. Do not crop to a single object. Show the entire pharmaceutical cleanroom. Product lock for captions/typography only: 5-Amino-1MQ (P-5AM-001). Optional: one distant labeled 10mL sterile crimp-seal vial on a clean bench — never a macro close-up. SIGNAGE RULE: premium pharmaceutical cleanroom only. No cartoon hazard graphics, no biohazard trefoils, no striped danger tape as decor, no alert-word posters. Neutral room IDs and GMP status panels only.","Captions MUST be only about 5-Amino-1MQ (P-5AM-001) and its catalog listing.","Active","49",""
"LAB-140","vial_10ml_scene","Pharma lab + 10mL vial 140","media-fill / aseptic process simulation suite with isolator ports — bay 17","wide media-fill suite","high-key Grade A aesthetic lighting","10mL sterile crimp-seal injectable vial mid-ground in pharmaceutical cleanroom; never twist/screw cap; not extreme macro","10mL sterile injectable-style glass vial with rubber stopper and aluminum crimp seal (NOT screw-cap, NOT black twist cap)","V-AOD-001","AOD-9604","https://www.palmbeach-vitality.store/products/aod-9604","FULL PHARMA LAB + 10mL STERILE VIAL SCENE. Photoreal PHARMACEUTICAL MANUFACTURING cleanroom (GMP / sterile injectables aesthetic). Looks like a real pharma fill-finish or sterile manufacturing suite — stainless, HEPA, classified grades, sanitary finishes — not a generic sci-fi biotech set, not a university teaching lab. Environment: media-fill / aseptic process simulation suite with isolator ports — bay 17. Camera: wide media-fill suite. Lighting: high-key Grade A aesthetic lighting. Show the full pharmaceutical cleanroom; place one 10mL sterile injectable-style glass vial (rubber stopper + aluminum crimp seal only; NEVER black twist/screw cap) mid-ground on a clean bench. Not a close-up. Product lock: AOD-9604 (V-AOD-001). SIGNAGE RULE: premium pharmaceutical cleanroom only. No cartoon hazard graphics, no biohazard trefoils, no striped danger tape as decor, no alert-word posters. Neutral room IDs and GMP status panels only.","Captions MUST be only about AOD-9604 (V-AOD-001) and its catalog listing.","Active","50",""
"LAB-070","lab_scene","Pharma cleanroom 070","media-fill / aseptic process simulation suite with isolator ports — bay 16","wide media-fill suite","high-key Grade A aesthetic lighting","no product close-up; full pharmaceutical cleanroom; compound via typography / optional distant labeled sterile vial","","V-CJC-001","CJC (no DAC)","https://www.palmbeach-vitality.store/products/cjc","FULL PHARMA LAB SCENE (wide). Photoreal PHARMACEUTICAL MANUFACTURING cleanroom (GMP / sterile injectables aesthetic). Looks like a real pharma fill-finish or sterile manufacturing suite — stainless, HEPA, classified grades, sanitary finishes — not a generic sci-fi biotech set, not a university teaching lab. Environment: media-fill / aseptic process simulation suite with isolator ports — bay 16. Camera: wide media-fill suite. Lighting: high-key Grade A aesthetic lighting. Do not crop to a single object. Show the entire pharmaceutical cleanroom. Product lock for captions/typography only: CJC (no DAC) (V-CJC-001). Optional: one distant labeled 10mL sterile crimp-seal vial on a clean bench — never a macro close-up. SIGNAGE RULE: premium pharmaceutical cleanroom only. No cartoon hazard graphics, no biohazard trefoils, no striped danger tape as decor, no alert-word posters. Neutral room IDs and GMP status panels only.","Captions MUST be only about CJC (no DAC) (V-CJC-001) and its catalog listing.","Active","51",""
"LAB-093","lab_scene","Pharma cleanroom 093","depyrogenation tunnel / dry-heat sterilization line anteroom — bay 17","wide anteroom to tunnel line","warm-cool hybrid process lighting","no product close-up; full pharmaceutical cleanroom; compound via typography / optional distant labeled sterile vial","","P-DSI-001","DSIP","https://www.palmbeach-vitality.store/products/dsip-pen","FULL PHARMA LAB SCENE (wide). Photoreal PHARMACEUTICAL MANUFACTURING cleanroom (GMP / sterile injectables aesthetic). Looks like a real pharma fill-finish or sterile manufacturing suite — stainless, HEPA, classified grades, sanitary finishes — not a generic sci-fi biotech set, not a university teaching lab. Environment: depyrogenation tunnel / dry-heat sterilization line anteroom — bay 17. Camera: wide anteroom to tunnel line. Lighting: warm-cool hybrid process lighting. Do not crop to a single object. Show the entire pharmaceutical cleanroom. Product lock for captions/typography only: DSIP (P-DSI-001). Optional: one distant labeled 10mL sterile crimp-seal vial on a clean bench — never a macro close-up. SIGNAGE RULE: premium pharmaceutical cleanroom only. No cartoon hazard graphics, no biohazard trefoils, no striped danger tape as decor, no alert-word posters. Neutral room IDs and GMP status panels only.","Captions MUST be only about DSIP (P-DSI-001) and its catalog listing.","Active","52",""
"LAB-241","pen_3ml_scene","Pharma lab + 3mL pen 241","pharmaceutical label control room with verified print-and-apply systems — bay 4","wide label control room","bright office-cleanroom hybrid light","LOCKED PBV slightly elongated 3mL research pen (gray body, clear left cap, crimson red ring + ribbed dial, white DNA-helix label) mid-ground in pharmaceutical cleanroom; not extreme macro; not spa/lifestyle backdrop","LOCKED PBV research pen hardware (exact every time; slightly elongated longer 3mL barrel): light gray/off-white matte elongated barrel; clear transparent plastic tip-cap on left; bright crimson red accent ring mid-barrel; white wrap-around label with red stylized DNA double-helix graphic on the left of the label; compound name in large red sans-serif on the label with smaller secondary line like '8mg 3ml pen' or '3ml pen'; bright crimson red textured/ribbed dial on the right end. Color family: standard peptide — RED accents (not GLP blue). Same longer silhouette/proportions as Palm Beach Vitality research pen template — ONLY the label text changes per compound. Never invent a different pen shape, dial, or wrong accent color.","P-KPV-001","KPV","https://www.palmbeach-vitality.store/products/kpv","FULL PHARMA LAB + LOCKED PBV 3mL RESEARCH PEN SCENE. Photoreal PHARMACEUTICAL MANUFACTURING cleanroom (GMP / sterile injectables aesthetic). Looks like a real pharma fill-finish or sterile manufacturing suite — stainless, HEPA, classified grades, sanitary finishes — not a generic sci-fi biotech set, not a university teaching lab, NOT a spa/bathroom/lifestyle marble set. Environment: pharmaceutical label control room with verified print-and-apply systems — bay 4. Camera: wide label control room. Lighting: bright office-cleanroom hybrid light. Show the full pharmaceutical cleanroom; place ONE locked PBV research pen mid-ground on a clean bench. Not a close-up. PEN HARDWARE LOCK (must match exactly): slightly elongated longer light gray/off-white matte 3mL barrel; clear transparent left tip-cap; bright crimson red mid accent ring; white wrap label with red DNA helix graphic; label text 'KPV' in large red type plus a smaller '3ml pen' secondary line; bright crimson red ribbed dial on right. ACCENT COLOR LOCK: RED for this peptide (NOT blue). Blue is reserved for Semaglutide, Tirzepatide, and Retatrutide only. Same longer hardware as Palm Beach Vitality research pen template — only label name changes. Product lock: KPV (P-KPV-001). SIGNAGE RULE: premium pharmaceutical cleanroom only. No cartoon hazard graphics, no biohazard trefoils, no striped danger tape as decor, no alert-word posters. Neutral room IDs and GMP status panels only.","Captions MUST be only about KPV (P-KPV-001) and its catalog listing.","Active","53",""
"LAB-076","lab_scene","Pharma cleanroom 076","release-testing sample pass room between manufacturing and QC — bay 17","wide pass room","neutral clinical lighting","no product close-up; full pharmaceutical cleanroom; compound via typography / optional distant labeled sterile vial","","V-MT2-001","Melanotan 2","https://www.palmbeach-vitality.store/products/melonotan","FULL PHARMA LAB SCENE (wide). Photoreal PHARMACEUTICAL MANUFACTURING cleanroom (GMP / sterile injectables aesthetic). Looks like a real pharma fill-finish or sterile manufacturing suite — stainless, HEPA, classified grades, sanitary finishes — not a generic sci-fi biotech set, not a university teaching lab. Environment: release-testing sample pass room between manufacturing and QC — bay 17. Camera: wide pass room. Lighting: neutral clinical lighting. Do not crop to a single object. Show the entire pharmaceutical cleanroom. Product lock for captions/typography only: Melanotan 2 (V-MT2-001). Optional: one distant labeled 10mL sterile crimp-seal vial on a clean bench — never a macro close-up. SIGNAGE RULE: premium pharmaceutical cleanroom only. No cartoon hazard graphics, no biohazard trefoils, no striped danger tape as decor, no alert-word posters. Neutral room IDs and GMP status panels only.","Captions MUST be only about Melanotan 2 (V-MT2-001) and its catalog listing.","Active","54",""
"LAB-067","lab_scene","Pharma cleanroom 067","cold-chain pharmaceutical warehouse anteroom with validated cold rooms — bay 7","wide anteroom and cold-room doors","cool blue cold-chain GMP lighting","no product close-up; full pharmaceutical cleanroom; compound via typography / optional distant labeled sterile vial","","V-BPC-001","BPC-157","https://www.palmbeach-vitality.store/products/bpc-157","FULL PHARMA LAB SCENE (wide). Photoreal PHARMACEUTICAL MANUFACTURING cleanroom (GMP / sterile injectables aesthetic). Looks like a real pharma fill-finish or sterile manufacturing suite — stainless, HEPA, classified grades, sanitary finishes — not a generic sci-fi biotech set, not a university teaching lab. Environment: cold-chain pharmaceutical warehouse anteroom with validated cold rooms — bay 7. Camera: wide anteroom and cold-room doors. Lighting: cool blue cold-chain GMP lighting. Do not crop to a single object. Show the entire pharmaceutical cleanroom. Product lock for captions/typography only: BPC-157 (V-BPC-001). Optional: one distant labeled 10mL sterile crimp-seal vial on a clean bench — never a macro close-up. SIGNAGE RULE: premium pharmaceutical cleanroom only. No cartoon hazard graphics, no biohazard trefoils, no striped danger tape as decor, no alert-word posters. Neutral room IDs and GMP status panels only.","Captions MUST be only about BPC-157 (V-BPC-001) and its catalog listing.","Active","55",""
"LAB-155","vial_10ml_scene","Pharma lab + 10mL vial 155","clean packaging cell for secondary packaging of sterile injectables — bay 14","elevated wide of packaging cell","bright neutral pharmaceutical softboxes","10mL sterile crimp-seal injectable vial mid-ground in pharmaceutical cleanroom; never twist/screw cap; not extreme macro","10mL sterile injectable-style glass vial with rubber stopper and aluminum crimp seal (NOT screw-cap, NOT black twist cap)","V-WOL-001","BPC-157 / TB-500","https://www.palmbeach-vitality.store/products/wolverine-stack","FULL PHARMA LAB + 10mL STERILE VIAL SCENE. Photoreal PHARMACEUTICAL MANUFACTURING cleanroom (GMP / sterile injectables aesthetic). Looks like a real pharma fill-finish or sterile manufacturing suite — stainless, HEPA, classified grades, sanitary finishes — not a generic sci-fi biotech set, not a university teaching lab. Environment: clean packaging cell for secondary packaging of sterile injectables — bay 14. Camera: elevated wide of packaging cell. Lighting: bright neutral pharmaceutical softboxes. Show the full pharmaceutical cleanroom; place one 10mL sterile injectable-style glass vial (rubber stopper + aluminum crimp seal only; NEVER black twist/screw cap) mid-ground on a clean bench. Not a close-up. Product lock: BPC-157 / TB-500 (V-WOL-001). SIGNAGE RULE: premium pharmaceutical cleanroom only. No cartoon hazard graphics, no biohazard trefoils, no striped danger tape as decor, no alert-word posters. Neutral room IDs and GMP status panels only.","Captions MUST be only about BPC-157 / TB-500 (V-WOL-001) and its catalog listing.","Active","56",""
"LAB-245","pen_3ml_scene","Pharma lab + 3mL pen 245","pharmaceutical cleanroom gowning bench corridor with step-over benches — bay 16","wide gowning corridor","high-key sterile white","LOCKED PBV slightly elongated 3mL research pen (gray body, clear left cap, crimson red ring + ribbed dial, white DNA-helix label) mid-ground in pharmaceutical cleanroom; not extreme macro; not spa/lifestyle backdrop","LOCKED PBV research pen hardware (exact every time; slightly elongated longer 3mL barrel): light gray/off-white matte elongated barrel; clear transparent plastic tip-cap on left; bright crimson red accent ring mid-barrel; white wrap-around label with red stylized DNA double-helix graphic on the left of the label; compound name in large red sans-serif on the label with smaller secondary line like '8mg 3ml pen' or '3ml pen'; bright crimson red textured/ribbed dial on the right end. Color family: standard peptide — RED accents (not GLP blue). Same longer silhouette/proportions as Palm Beach Vitality research pen template — ONLY the label text changes per compound. Never invent a different pen shape, dial, or wrong accent color.","P-KLO-001","KPV / BPC-157 / TB-500 / GHK-Cu","https://www.palmbeach-vitality.store/products/klow-pen","FULL PHARMA LAB + LOCKED PBV 3mL RESEARCH PEN SCENE. Photoreal PHARMACEUTICAL MANUFACTURING cleanroom (GMP / sterile injectables aesthetic). Looks like a real pharma fill-finish or sterile manufacturing suite — stainless, HEPA, classified grades, sanitary finishes — not a generic sci-fi biotech set, not a university teaching lab, NOT a spa/bathroom/lifestyle marble set. Environment: pharmaceutical cleanroom gowning bench corridor with step-over benches — bay 16. Camera: wide gowning corridor. Lighting: high-key sterile white. Show the full pharmaceutical cleanroom; place ONE locked PBV research pen mid-ground on a clean bench. Not a close-up. PEN HARDWARE LOCK (must match exactly): slightly elongated longer light gray/off-white matte 3mL barrel; clear transparent left tip-cap; bright crimson red mid accent ring; white wrap label with red DNA helix graphic; label text 'KPV / BPC-157 / TB-500 / GHK-Cu' in large red type plus a smaller '3ml pen' secondary line; bright crimson red ribbed dial on right. ACCENT COLOR LOCK: RED for this peptide (NOT blue). Blue is reserved for Semaglutide, Tirzepatide, and Retatrutide only. Same longer hardware as Palm Beach Vitality research pen template — only label name changes. Product lock: KPV / BPC-157 / TB-500 / GHK-Cu (P-KLO-001). SIGNAGE RULE: premium pharmaceutical cleanroom only. No cartoon hazard graphics, no biohazard trefoils, no striped danger tape as decor, no alert-word posters. Neutral room IDs and GMP status panels only.","Captions MUST be only about KPV / BPC-157 / TB-500 / GHK-Cu (P-KLO-001) and its catalog listing.","Active","57",""
"LAB-059","lab_scene","Pharma cleanroom 059","automated vial tray loader cell beside aseptic filler — bay 17","wide automation cell","high-tech cool white GMP lighting","no product close-up; full pharmaceutical cleanroom; compound via typography / optional distant labeled sterile vial","","V-MOT-001","MOTS-C","https://www.palmbeach-vitality.store/products/mots-c-10mg-5ml-vial","FULL PHARMA LAB SCENE (wide). Photoreal PHARMACEUTICAL MANUFACTURING cleanroom (GMP / sterile injectables aesthetic). Looks like a real pharma fill-finish or sterile manufacturing suite — stainless, HEPA, classified grades, sanitary finishes — not a generic sci-fi biotech set, not a university teaching lab. Environment: automated vial tray loader cell beside aseptic filler — bay 17. Camera: wide automation cell. Lighting: high-tech cool white GMP lighting. Do not crop to a single object. Show the entire pharmaceutical cleanroom. Product lock for captions/typography only: MOTS-C (V-MOT-001). Optional: one distant labeled 10mL sterile crimp-seal vial on a clean bench — never a macro close-up. SIGNAGE RULE: premium pharmaceutical cleanroom only. No cartoon hazard graphics, no biohazard trefoils, no striped danger tape as decor, no alert-word posters. Neutral room IDs and GMP status panels only.","Captions MUST be only about MOTS-C (V-MOT-001) and its catalog listing.","Active","58",""
"LAB-147","vial_10ml_scene","Pharma lab + 10mL vial 147","aseptic compounding isolator farm for sterile injectables — bay 7","wide isolator farm","cool contained Grade A lighting","10mL sterile crimp-seal injectable vial mid-ground in pharmaceutical cleanroom; never twist/screw cap; not extreme macro","10mL sterile injectable-style glass vial with rubber stopper and aluminum crimp seal (NOT screw-cap, NOT black twist cap)","V-NAD-001","NAD+","https://www.palmbeach-vitality.store/products/nad-1","FULL PHARMA LAB + 10mL STERILE VIAL SCENE. Photoreal PHARMACEUTICAL MANUFACTURING cleanroom (GMP / sterile injectables aesthetic). Looks like a real pharma fill-finish or sterile manufacturing suite — stainless, HEPA, classified grades, sanitary finishes — not a generic sci-fi biotech set, not a university teaching lab. Environment: aseptic compounding isolator farm for sterile injectables — bay 7. Camera: wide isolator farm. Lighting: cool contained Grade A lighting. Show the full pharmaceutical cleanroom; place one 10mL sterile injectable-style glass vial (rubber stopper + aluminum crimp seal only; NEVER black twist/screw cap) mid-ground on a clean bench. Not a close-up. Product lock: NAD+ (V-NAD-001). SIGNAGE RULE: premium pharmaceutical cleanroom only. No cartoon hazard graphics, no biohazard trefoils, no striped danger tape as decor, no alert-word posters. Neutral room IDs and GMP status panels only.","Captions MUST be only about NAD+ (V-NAD-001) and its catalog listing.","Active","59",""
"LAB-248","pen_3ml_scene","Pharma lab + 3mL pen 248","vial washing and depyrogenation prep hall — bay 8","wide prep hall","bright sterile process lighting","LOCKED PBV slightly elongated 3mL research pen (gray body, clear left cap, crimson red ring + ribbed dial, white DNA-helix label) mid-ground in pharmaceutical cleanroom; not extreme macro; not spa/lifestyle backdrop","LOCKED PBV research pen hardware (exact every time; slightly elongated longer 3mL barrel): light gray/off-white matte elongated barrel; clear transparent plastic tip-cap on left; bright crimson red accent ring mid-barrel; white wrap-around label with red stylized DNA double-helix graphic on the left of the label; compound name in large red sans-serif on the label with smaller secondary line like '8mg 3ml pen' or '3ml pen'; bright crimson red textured/ribbed dial on the right end. Color family: standard peptide — RED accents (not GLP blue). Same longer silhouette/proportions as Palm Beach Vitality research pen template — ONLY the label text changes per compound. Never invent a different pen shape, dial, or wrong accent color.","P-PT1-001","PT-141","https://www.palmbeach-vitality.store/products/pt-141-pen","FULL PHARMA LAB + LOCKED PBV 3mL RESEARCH PEN SCENE. Photoreal PHARMACEUTICAL MANUFACTURING cleanroom (GMP / sterile injectables aesthetic). Looks like a real pharma fill-finish or sterile manufacturing suite — stainless, HEPA, classified grades, sanitary finishes — not a generic sci-fi biotech set, not a university teaching lab, NOT a spa/bathroom/lifestyle marble set. Environment: vial washing and depyrogenation prep hall — bay 8. Camera: wide prep hall. Lighting: bright sterile process lighting. Show the full pharmaceutical cleanroom; place ONE locked PBV research pen mid-ground on a clean bench. Not a close-up. PEN HARDWARE LOCK (must match exactly): slightly elongated longer light gray/off-white matte 3mL barrel; clear transparent left tip-cap; bright crimson red mid accent ring; white wrap label with red DNA helix graphic; label text 'PT-141' in large red type plus a smaller '3ml pen' secondary line; bright crimson red ribbed dial on right. ACCENT COLOR LOCK: RED for this peptide (NOT blue). Blue is reserved for Semaglutide, Tirzepatide, and Retatrutide only. Same longer hardware as Palm Beach Vitality research pen template — only label name changes. Product lock: PT-141 (P-PT1-001). SIGNAGE RULE: premium pharmaceutical cleanroom only. No cartoon hazard graphics, no biohazard trefoils, no striped danger tape as decor, no alert-word posters. Neutral room IDs and GMP status panels only.","Captions MUST be only about PT-141 (P-PT1-001) and its catalog listing.","Active","60",""
"LAB-062","lab_scene","Pharma cleanroom 062","secondary packaging clean cell with cartoners for cold-chain SKUs — bay 9","elevated packaging cell","bright neutral softboxes","no product close-up; full pharmaceutical cleanroom; compound via typography / optional distant labeled sterile vial","","V-SEL-001","Selank","https://www.palmbeach-vitality.store/products/selank","FULL PHARMA LAB SCENE (wide). Photoreal PHARMACEUTICAL MANUFACTURING cleanroom (GMP / sterile injectables aesthetic). Looks like a real pharma fill-finish or sterile manufacturing suite — stainless, HEPA, classified grades, sanitary finishes — not a generic sci-fi biotech set, not a university teaching lab. Environment: secondary packaging clean cell with cartoners for cold-chain SKUs — bay 9. Camera: elevated packaging cell. Lighting: bright neutral softboxes. Do not crop to a single object. Show the entire pharmaceutical cleanroom. Product lock for captions/typography only: Selank (V-SEL-001). Optional: one distant labeled 10mL sterile crimp-seal vial on a clean bench — never a macro close-up. SIGNAGE RULE: premium pharmaceutical cleanroom only. No cartoon hazard graphics, no biohazard trefoils, no striped danger tape as decor, no alert-word posters. Neutral room IDs and GMP status panels only.","Captions MUST be only about Selank (V-SEL-001) and its catalog listing.","Active","61",""
"LAB-150","vial_10ml_scene","Pharma lab + 10mL vial 150","QC wet chemistry bench room for pharmaceutical assay support — bay 10","wide wet-chem room","clean clinical bench lighting","10mL sterile crimp-seal injectable vial mid-ground in pharmaceutical cleanroom; never twist/screw cap; not extreme macro","10mL sterile injectable-style glass vial with rubber stopper and aluminum crimp seal (NOT screw-cap, NOT black twist cap)","V-SER-001","Sermorelin","https://www.palmbeach-vitality.store/products/sermorelin","FULL PHARMA LAB + 10mL STERILE VIAL SCENE. Photoreal PHARMACEUTICAL MANUFACTURING cleanroom (GMP / sterile injectables aesthetic). Looks like a real pharma fill-finish or sterile manufacturing suite — stainless, HEPA, classified grades, sanitary finishes — not a generic sci-fi biotech set, not a university teaching lab. Environment: QC wet chemistry bench room for pharmaceutical assay support — bay 10. Camera: wide wet-chem room. Lighting: clean clinical bench lighting. Show the full pharmaceutical cleanroom; place one 10mL sterile injectable-style glass vial (rubber stopper + aluminum crimp seal only; NEVER black twist/screw cap) mid-ground on a clean bench. Not a close-up. Product lock: Sermorelin (V-SER-001). SIGNAGE RULE: premium pharmaceutical cleanroom only. No cartoon hazard graphics, no biohazard trefoils, no striped danger tape as decor, no alert-word posters. Neutral room IDs and GMP status panels only.","Captions MUST be only about Sermorelin (V-SER-001) and its catalog listing.","Active","62",""
"LAB-253","pen_3ml_scene","Pharma lab + 3mL pen 253","terminal sterilization / autoclave support corridor for validated loads — bay 6","hallway wide into autoclave bay","clean industrial-pharma hybrid light","LOCKED PBV slightly elongated 3mL research pen (gray body, clear left cap, crimson red ring + ribbed dial, white DNA-helix label) mid-ground in pharmaceutical cleanroom; not extreme macro; not spa/lifestyle backdrop","LOCKED PBV research pen hardware (exact every time; slightly elongated longer 3mL barrel): light gray/off-white matte elongated barrel; clear transparent plastic tip-cap on left; bright crimson red accent ring mid-barrel; white wrap-around label with red stylized DNA double-helix graphic on the left of the label; compound name in large red sans-serif on the label with smaller secondary line like '8mg 3ml pen' or '3ml pen'; bright crimson red textured/ribbed dial on the right end. Color family: standard peptide — RED accents (not GLP blue). Same longer silhouette/proportions as Palm Beach Vitality research pen template — ONLY the label text changes per compound. Never invent a different pen shape, dial, or wrong accent color.","P-TES-001","Tesamorelin","https://www.palmbeach-vitality.store/products/tesamorelin-30mg-pen","FULL PHARMA LAB + LOCKED PBV 3mL RESEARCH PEN SCENE. Photoreal PHARMACEUTICAL MANUFACTURING cleanroom (GMP / sterile injectables aesthetic). Looks like a real pharma fill-finish or sterile manufacturing suite — stainless, HEPA, classified grades, sanitary finishes — not a generic sci-fi biotech set, not a university teaching lab, NOT a spa/bathroom/lifestyle marble set. Environment: terminal sterilization / autoclave support corridor for validated loads — bay 6. Camera: hallway wide into autoclave bay. Lighting: clean industrial-pharma hybrid light. Show the full pharmaceutical cleanroom; place ONE locked PBV research pen mid-ground on a clean bench. Not a close-up. PEN HARDWARE LOCK (must match exactly): slightly elongated longer light gray/off-white matte 3mL barrel; clear transparent left tip-cap; bright crimson red mid accent ring; white wrap label with red DNA helix graphic; label text 'Tesamorelin' in large red type plus a smaller '3ml pen' secondary line; bright crimson red ribbed dial on right. ACCENT COLOR LOCK: RED for this peptide (NOT blue). Blue is reserved for Semaglutide, Tirzepatide, and Retatrutide only. Same longer hardware as Palm Beach Vitality research pen template — only label name changes. Product lock: Tesamorelin (P-TES-001). SIGNAGE RULE: premium pharmaceutical cleanroom only. No cartoon hazard graphics, no biohazard trefoils, no striped danger tape as decor, no alert-word posters. Neutral room IDs and GMP status panels only.","Captions MUST be only about Tesamorelin (P-TES-001) and its catalog listing.","Active","63",""
"LAB-064","lab_scene","Pharma cleanroom 064","ISO 7 aseptic fill-finish suite with RABS isolator line and grade A filling zone — bay 15","elevated wide of the fill line and cleanroom envelope","cool sterile pharmaceutical white with soft HEPA wash","no product close-up; full pharmaceutical cleanroom; compound via typography / optional distant labeled sterile vial","","V-SS3-001","SS-31","https://www.palmbeach-vitality.store/products/ss-31","FULL PHARMA LAB SCENE (wide). Photoreal PHARMACEUTICAL MANUFACTURING cleanroom (GMP / sterile injectables aesthetic). Looks like a real pharma fill-finish or sterile manufacturing suite — stainless, HEPA, classified grades, sanitary finishes — not a generic sci-fi biotech set, not a university teaching lab. Environment: ISO 7 aseptic fill-finish suite with RABS isolator line and grade A filling zone — bay 15. Camera: elevated wide of the fill line and cleanroom envelope. Lighting: cool sterile pharmaceutical white with soft HEPA wash. Do not crop to a single object. Show the entire pharmaceutical cleanroom. Product lock for captions/typography only: SS-31 (V-SS3-001). Optional: one distant labeled 10mL sterile crimp-seal vial on a clean bench — never a macro close-up. SIGNAGE RULE: premium pharmaceutical cleanroom only. No cartoon hazard graphics, no biohazard trefoils, no striped danger tape as decor, no alert-word posters. Neutral room IDs and GMP status panels only.","Captions MUST be only about SS-31 (V-SS3-001) and its catalog listing.","Active","64",""
"LAB-161","vial_10ml_scene","Pharma lab + 10mL vial 161","pharmaceutical cleanroom gowning bench corridor with step-over benches — bay 15","wide gowning corridor","high-key sterile white","10mL sterile crimp-seal injectable vial mid-ground in pharmaceutical cleanroom; never twist/screw cap; not extreme macro","10mL sterile injectable-style glass vial with rubber stopper and aluminum crimp seal (NOT screw-cap, NOT black twist cap)","V-TA1-001","Thymosin Alpha-1","https://www.palmbeach-vitality.store/products/ta-1","FULL PHARMA LAB + 10mL STERILE VIAL SCENE. Photoreal PHARMACEUTICAL MANUFACTURING cleanroom (GMP / sterile injectables aesthetic). Looks like a real pharma fill-finish or sterile manufacturing suite — stainless, HEPA, classified grades, sanitary finishes — not a generic sci-fi biotech set, not a university teaching lab. Environment: pharmaceutical cleanroom gowning bench corridor with step-over benches — bay 15. Camera: wide gowning corridor. Lighting: high-key sterile white. Show the full pharmaceutical cleanroom; place one 10mL sterile injectable-style glass vial (rubber stopper + aluminum crimp seal only; NEVER black twist/screw cap) mid-ground on a clean bench. Not a close-up. Product lock: Thymosin Alpha-1 (V-TA1-001). SIGNAGE RULE: premium pharmaceutical cleanroom only. No cartoon hazard graphics, no biohazard trefoils, no striped danger tape as decor, no alert-word posters. Neutral room IDs and GMP status panels only.","Captions MUST be only about Thymosin Alpha-1 (V-TA1-001) and its catalog listing.","Active","65",""
"LAB-261","pen_3ml_scene","Pharma lab + 3mL pen 261","lyo loading clean zone with tray carts staged for freeze-dryer load — bay 13","wide loading zone","cool blue-white pharmaceutical light","LOCKED PBV slightly elongated 3mL research pen (gray body, clear left cap, crimson red ring + ribbed dial, white DNA-helix label) mid-ground in pharmaceutical cleanroom; not extreme macro; not spa/lifestyle backdrop","LOCKED PBV research pen hardware (exact every time; slightly elongated longer 3mL barrel): light gray/off-white matte elongated barrel; clear transparent plastic tip-cap on left; bright crimson red accent ring mid-barrel; white wrap-around label with red stylized DNA double-helix graphic on the left of the label; compound name in large red sans-serif on the label with smaller secondary line like '8mg 3ml pen' or '3ml pen'; bright crimson red textured/ribbed dial on the right end. Color family: standard peptide — RED accents (not GLP blue). Same longer silhouette/proportions as Palm Beach Vitality research pen template — ONLY the label text changes per compound. Never invent a different pen shape, dial, or wrong accent color.","P-GLO-001","BPC-157 / TB-500 / GHK-Cu","https://www.palmbeach-vitality.store/products/glow-pen","FULL PHARMA LAB + LOCKED PBV 3mL RESEARCH PEN SCENE. Photoreal PHARMACEUTICAL MANUFACTURING cleanroom (GMP / sterile injectables aesthetic). Looks like a real pharma fill-finish or sterile manufacturing suite — stainless, HEPA, classified grades, sanitary finishes — not a generic sci-fi biotech set, not a university teaching lab, NOT a spa/bathroom/lifestyle marble set. Environment: lyo loading clean zone with tray carts staged for freeze-dryer load — bay 13. Camera: wide loading zone. Lighting: cool blue-white pharmaceutical light. Show the full pharmaceutical cleanroom; place ONE locked PBV research pen mid-ground on a clean bench. Not a close-up. PEN HARDWARE LOCK (must match exactly): slightly elongated longer light gray/off-white matte 3mL barrel; clear transparent left tip-cap; bright crimson red mid accent ring; white wrap label with red DNA helix graphic; label text 'BPC-157 / TB-500 / GHK-Cu' in large red type plus a smaller '3ml pen' secondary line; bright crimson red ribbed dial on right. ACCENT COLOR LOCK: RED for this peptide (NOT blue). Blue is reserved for Semaglutide, Tirzepatide, and Retatrutide only. Same longer hardware as Palm Beach Vitality research pen template — only label name changes. Product lock: BPC-157 / TB-500 / GHK-Cu (P-GLO-001). SIGNAGE RULE: premium pharmaceutical cleanroom only. No cartoon hazard graphics, no biohazard trefoils, no striped danger tape as decor, no alert-word posters. Neutral room IDs and GMP status panels only.","Captions MUST be only about BPC-157 / TB-500 / GHK-Cu (P-GLO-001) and its catalog listing.","Active","66",""
"LAB-071","lab_scene","Pharma cleanroom 071","visual particulate inspection line for filled injectable vials — bay 2","wide inspection line establishing","high-contrast black/white booth lighting","no product close-up; full pharmaceutical cleanroom; compound via typography / optional distant labeled sterile vial","","V-CII-001","CJC (no DAC)/Ipamorelin","https://www.palmbeach-vitality.store/products/cjc-ipamorelin","FULL PHARMA LAB SCENE (wide). Photoreal PHARMACEUTICAL MANUFACTURING cleanroom (GMP / sterile injectables aesthetic). Looks like a real pharma fill-finish or sterile manufacturing suite — stainless, HEPA, classified grades, sanitary finishes — not a generic sci-fi biotech set, not a university teaching lab. Environment: visual particulate inspection line for filled injectable vials — bay 2. Camera: wide inspection line establishing. Lighting: high-contrast black/white booth lighting. Do not crop to a single object. Show the entire pharmaceutical cleanroom. Product lock for captions/typography only: CJC (no DAC)/Ipamorelin (V-CII-001). Optional: one distant labeled 10mL sterile crimp-seal vial on a clean bench — never a macro close-up. SIGNAGE RULE: premium pharmaceutical cleanroom only. No cartoon hazard graphics, no biohazard trefoils, no striped danger tape as decor, no alert-word posters. Neutral room IDs and GMP status panels only.","Captions MUST be only about CJC (no DAC)/Ipamorelin (V-CII-001) and its catalog listing.","Active","67",""
"LAB-159","vial_10ml_scene","Pharma lab + 10mL vial 159","aseptic connection / sterile tubing weld bay — bay 9","wide bay establishing shot","cool cleanroom rim with soft fill","10mL sterile crimp-seal injectable vial mid-ground in pharmaceutical cleanroom; never twist/screw cap; not extreme macro","10mL sterile injectable-style glass vial with rubber stopper and aluminum crimp seal (NOT screw-cap, NOT black twist cap)","V-GHK-001","GHK-Cu","https://www.palmbeach-vitality.store/products/ghk-cu","FULL PHARMA LAB + 10mL STERILE VIAL SCENE. Photoreal PHARMACEUTICAL MANUFACTURING cleanroom (GMP / sterile injectables aesthetic). Looks like a real pharma fill-finish or sterile manufacturing suite — stainless, HEPA, classified grades, sanitary finishes — not a generic sci-fi biotech set, not a university teaching lab. Environment: aseptic connection / sterile tubing weld bay — bay 9. Camera: wide bay establishing shot. Lighting: cool cleanroom rim with soft fill. Show the full pharmaceutical cleanroom; place one 10mL sterile injectable-style glass vial (rubber stopper + aluminum crimp seal only; NEVER black twist/screw cap) mid-ground on a clean bench. Not a close-up. Product lock: GHK-Cu (V-GHK-001). SIGNAGE RULE: premium pharmaceutical cleanroom only. No cartoon hazard graphics, no biohazard trefoils, no striped danger tape as decor, no alert-word posters. Neutral room IDs and GMP status panels only.","Captions MUST be only about GHK-Cu (V-GHK-001) and its catalog listing.","Active","68",""
"LAB-264","pen_3ml_scene","Pharma lab + 3mL pen 264","pharmaceutical cleanroom with flush LED ceiling and conductive flooring — bay 5","architectural wide of cleanroom volume","even high-key HEPA-bay lighting","LOCKED PBV slightly elongated 3mL research pen (gray body, clear left cap, cobalt blue ring + ribbed dial, white DNA-helix label) mid-ground in pharmaceutical cleanroom; not extreme macro; not spa/lifestyle backdrop","LOCKED PBV research pen hardware (exact every time; slightly elongated longer 3mL barrel): light gray/off-white matte elongated barrel; clear transparent plastic tip-cap on left; bright cobalt blue accent ring mid-barrel; white wrap-around label with blue stylized DNA double-helix graphic on the left of the label; compound name in large blue sans-serif on the label with smaller secondary line like '8mg 3ml pen' or '3ml pen'; bright cobalt blue textured/ribbed dial on the right end. Color family: GLP family (Semaglutide / Tirzepatide / Retatrutide) — BLUE accents. Same longer silhouette/proportions as Palm Beach Vitality research pen template — ONLY the label text changes per compound. Never invent a different pen shape, dial, or wrong accent color.","P-SEM-001","Semaglutide","https://www.palmbeach-vitality.store/products/semaglutide-1-5mg-pen","FULL PHARMA LAB + LOCKED PBV 3mL RESEARCH PEN SCENE. Photoreal PHARMACEUTICAL MANUFACTURING cleanroom (GMP / sterile injectables aesthetic). Looks like a real pharma fill-finish or sterile manufacturing suite — stainless, HEPA, classified grades, sanitary finishes — not a generic sci-fi biotech set, not a university teaching lab, NOT a spa/bathroom/lifestyle marble set. Environment: pharmaceutical cleanroom with flush LED ceiling and conductive flooring — bay 5. Camera: architectural wide of cleanroom volume. Lighting: even high-key HEPA-bay lighting. Show the full pharmaceutical cleanroom; place ONE locked PBV research pen mid-ground on a clean bench. Not a close-up. PEN HARDWARE LOCK (must match exactly): slightly elongated longer light gray/off-white matte 3mL barrel; clear transparent left tip-cap; bright cobalt blue mid accent ring; white wrap label with blue DNA helix graphic; label text 'Semaglutide' in large blue type plus a smaller '3ml pen' secondary line; bright cobalt blue ribbed dial on right. ACCENT COLOR LOCK: BLUE (Semaglutide / Tirzepatide / Retatrutide only). Same longer hardware as Palm Beach Vitality research pen template — only label name changes. Product lock: Semaglutide (P-SEM-001). SIGNAGE RULE: premium pharmaceutical cleanroom only. No cartoon hazard graphics, no biohazard trefoils, no striped danger tape as decor, no alert-word posters. Neutral room IDs and GMP status panels only.","Captions MUST be only about Semaglutide (P-SEM-001) and its catalog listing.","Active","69",""
"LAB-078","lab_scene","Pharma cleanroom 078","aseptic compounding isolator farm for sterile injectables — bay 6","wide isolator farm","cool contained Grade A lighting","no product close-up; full pharmaceutical cleanroom; compound via typography / optional distant labeled sterile vial","","V-TIR-001","Tirzepatide","https://www.palmbeach-vitality.store/products/tirzepatide","FULL PHARMA LAB SCENE (wide). Photoreal PHARMACEUTICAL MANUFACTURING cleanroom (GMP / sterile injectables aesthetic). Looks like a real pharma fill-finish or sterile manufacturing suite — stainless, HEPA, classified grades, sanitary finishes — not a generic sci-fi biotech set, not a university teaching lab. Environment: aseptic compounding isolator farm for sterile injectables — bay 6. Camera: wide isolator farm. Lighting: cool contained Grade A lighting. Do not crop to a single object. Show the entire pharmaceutical cleanroom. Product lock for captions/typography only: Tirzepatide (V-TIR-001). Optional: one distant labeled 10mL sterile crimp-seal vial on a clean bench — never a macro close-up. SIGNAGE RULE: premium pharmaceutical cleanroom only. No cartoon hazard graphics, no biohazard trefoils, no striped danger tape as decor, no alert-word posters. Neutral room IDs and GMP status panels only.","Captions MUST be only about Tirzepatide (V-TIR-001) and its catalog listing.","Active","70",""
"LAB-164","vial_10ml_scene","Pharma lab + 10mL vial 164","depyrogenation tunnel / dry-heat sterilization line anteroom — bay 1","wide anteroom to tunnel line","warm-cool hybrid process lighting","10mL sterile crimp-seal injectable vial mid-ground in pharmaceutical cleanroom; never twist/screw cap; not extreme macro","10mL sterile injectable-style glass vial with rubber stopper and aluminum crimp seal (NOT screw-cap, NOT black twist cap)","V-RET-001","Retatrutide","https://www.palmbeach-vitality.store/products/retatrutide","FULL PHARMA LAB + 10mL STERILE VIAL SCENE. Photoreal PHARMACEUTICAL MANUFACTURING cleanroom (GMP / sterile injectables aesthetic). Looks like a real pharma fill-finish or sterile manufacturing suite — stainless, HEPA, classified grades, sanitary finishes — not a generic sci-fi biotech set, not a university teaching lab. Environment: depyrogenation tunnel / dry-heat sterilization line anteroom — bay 1. Camera: wide anteroom to tunnel line. Lighting: warm-cool hybrid process lighting. Show the full pharmaceutical cleanroom; place one 10mL sterile injectable-style glass vial (rubber stopper + aluminum crimp seal only; NEVER black twist/screw cap) mid-ground on a clean bench. Not a close-up. Product lock: Retatrutide (V-RET-001). SIGNAGE RULE: premium pharmaceutical cleanroom only. No cartoon hazard graphics, no biohazard trefoils, no striped danger tape as decor, no alert-word posters. Neutral room IDs and GMP status panels only.","Captions MUST be only about Retatrutide (V-RET-001) and its catalog listing.","Active","71",""
"LAB-112","vial_10ml_scene","Pharma lab + 10mL vial 112","sterile stopper processor room with validated washers and sterilizers — bay 15","wide processor room","cool steel GMP wash","10mL sterile crimp-seal injectable vial mid-ground in pharmaceutical cleanroom; never twist/screw cap; not extreme macro","10mL sterile injectable-style glass vial with rubber stopper and aluminum crimp seal (NOT screw-cap, NOT black twist cap)","V-CAG-001","Cagrilinitide","https://www.palmbeach-vitality.store/products/cargrilinitide","FULL PHARMA LAB + 10mL STERILE VIAL SCENE. Photoreal PHARMACEUTICAL MANUFACTURING cleanroom (GMP / sterile injectables aesthetic). Looks like a real pharma fill-finish or sterile manufacturing suite — stainless, HEPA, classified grades, sanitary finishes — not a generic sci-fi biotech set, not a university teaching lab. Environment: sterile stopper processor room with validated washers and sterilizers — bay 15. Camera: wide processor room. Lighting: cool steel GMP wash. Show the full pharmaceutical cleanroom; place one 10mL sterile injectable-style glass vial (rubber stopper + aluminum crimp seal only; NEVER black twist/screw cap) mid-ground on a clean bench. Not a close-up. Product lock: Cagrilinitide (V-CAG-001). SIGNAGE RULE: premium pharmaceutical cleanroom only. No cartoon hazard graphics, no biohazard trefoils, no striped danger tape as decor, no alert-word posters. Neutral room IDs and GMP status panels only.","Captions MUST be only about Cagrilinitide (V-CAG-001) and its catalog listing.","Active","72",""
"LAB-205","pen_3ml_scene","Pharma lab + 3mL pen 205","component prep room for sterile stoppers, seals, and depyrogenated vials — bay 15","wide component prep room","cool catalog GMP light","LOCKED PBV slightly elongated 3mL research pen (gray body, clear left cap, crimson red ring + ribbed dial, white DNA-helix label) mid-ground in pharmaceutical cleanroom; not extreme macro; not spa/lifestyle backdrop","LOCKED PBV research pen hardware (exact every time; slightly elongated longer 3mL barrel): light gray/off-white matte elongated barrel; clear transparent plastic tip-cap on left; bright crimson red accent ring mid-barrel; white wrap-around label with red stylized DNA double-helix graphic on the left of the label; compound name in large red sans-serif on the label with smaller secondary line like '8mg 3ml pen' or '3ml pen'; bright crimson red textured/ribbed dial on the right end. Color family: standard peptide — RED accents (not GLP blue). Same longer silhouette/proportions as Palm Beach Vitality research pen template — ONLY the label text changes per compound. Never invent a different pen shape, dial, or wrong accent color.","P-SMX-001","Semax","https://www.palmbeach-vitality.store/products/semax-pen","FULL PHARMA LAB + LOCKED PBV 3mL RESEARCH PEN SCENE. Photoreal PHARMACEUTICAL MANUFACTURING cleanroom (GMP / sterile injectables aesthetic). Looks like a real pharma fill-finish or sterile manufacturing suite — stainless, HEPA, classified grades, sanitary finishes — not a generic sci-fi biotech set, not a university teaching lab, NOT a spa/bathroom/lifestyle marble set. Environment: component prep room for sterile stoppers, seals, and depyrogenated vials — bay 15. Camera: wide component prep room. Lighting: cool catalog GMP light. Show the full pharmaceutical cleanroom; place ONE locked PBV research pen mid-ground on a clean bench. Not a close-up. PEN HARDWARE LOCK (must match exactly): slightly elongated longer light gray/off-white matte 3mL barrel; clear transparent left tip-cap; bright crimson red mid accent ring; white wrap label with red DNA helix graphic; label text 'Semax' in large red type plus a smaller '3ml pen' secondary line; bright crimson red ribbed dial on right. ACCENT COLOR LOCK: RED for this peptide (NOT blue). Blue is reserved for Semaglutide, Tirzepatide, and Retatrutide only. Same longer hardware as Palm Beach Vitality research pen template — only label name changes. Product lock: Semax (P-SMX-001). SIGNAGE RULE: premium pharmaceutical cleanroom only. No cartoon hazard graphics, no biohazard trefoils, no striped danger tape as decor, no alert-word posters. Neutral room IDs and GMP status panels only.","Captions MUST be only about Semax (P-SMX-001) and its catalog listing.","Active","73",""
"LAB-152","vial_10ml_scene","Pharma lab + 10mL vial 152","sterile lyophilization suite with production-scale freeze-dryer banks and clean aisle — bay 16","wide establishing shot of lyophilizer row","cool steel-blue GMP lighting with clean speculars","10mL sterile crimp-seal injectable vial mid-ground in pharmaceutical cleanroom; never twist/screw cap; not extreme macro","10mL sterile injectable-style glass vial with rubber stopper and aluminum crimp seal (NOT screw-cap, NOT black twist cap)","V-TB5-001","TB-500","https://www.palmbeach-vitality.store/products/tb-500","FULL PHARMA LAB + 10mL STERILE VIAL SCENE. Photoreal PHARMACEUTICAL MANUFACTURING cleanroom (GMP / sterile injectables aesthetic). Looks like a real pharma fill-finish or sterile manufacturing suite — stainless, HEPA, classified grades, sanitary finishes — not a generic sci-fi biotech set, not a university teaching lab. Environment: sterile lyophilization suite with production-scale freeze-dryer banks and clean aisle — bay 16. Camera: wide establishing shot of lyophilizer row. Lighting: cool steel-blue GMP lighting with clean speculars. Show the full pharmaceutical cleanroom; place one 10mL sterile injectable-style glass vial (rubber stopper + aluminum crimp seal only; NEVER black twist/screw cap) mid-ground on a clean bench. Not a close-up. Product lock: TB-500 (V-TB5-001). SIGNAGE RULE: premium pharmaceutical cleanroom only. No cartoon hazard graphics, no biohazard trefoils, no striped danger tape as decor, no alert-word posters. Neutral room IDs and GMP status panels only.","Captions MUST be only about TB-500 (V-TB5-001) and its catalog listing.","Active","74",""
"LAB-254","pen_3ml_scene","Pharma lab + 3mL pen 254","HPLC / UPLC analytical QC lab for release testing of injectables — bay 9","wide instrument alley establishing shot","cool instrument-panel glow with soft overhead","LOCKED PBV slightly elongated 3mL research pen (gray body, clear left cap, crimson red ring + ribbed dial, white DNA-helix label) mid-ground in pharmaceutical cleanroom; not extreme macro; not spa/lifestyle backdrop","LOCKED PBV research pen hardware (exact every time; slightly elongated longer 3mL barrel): light gray/off-white matte elongated barrel; clear transparent plastic tip-cap on left; bright crimson red accent ring mid-barrel; white wrap-around label with red stylized DNA double-helix graphic on the left of the label; compound name in large red sans-serif on the label with smaller secondary line like '8mg 3ml pen' or '3ml pen'; bright crimson red textured/ribbed dial on the right end. Color family: standard peptide — RED accents (not GLP blue). Same longer silhouette/proportions as Palm Beach Vitality research pen template — ONLY the label text changes per compound. Never invent a different pen shape, dial, or wrong accent color.","P-TEI-001","Tesamorelin/Ipamorelin","https://www.palmbeach-vitality.store/products/tesamorelin-ipamorelin-pen","FULL PHARMA LAB + LOCKED PBV 3mL RESEARCH PEN SCENE. Photoreal PHARMACEUTICAL MANUFACTURING cleanroom (GMP / sterile injectables aesthetic). Looks like a real pharma fill-finish or sterile manufacturing suite — stainless, HEPA, classified grades, sanitary finishes — not a generic sci-fi biotech set, not a university teaching lab, NOT a spa/bathroom/lifestyle marble set. Environment: HPLC / UPLC analytical QC lab for release testing of injectables — bay 9. Camera: wide instrument alley establishing shot. Lighting: cool instrument-panel glow with soft overhead. Show the full pharmaceutical cleanroom; place ONE locked PBV research pen mid-ground on a clean bench. Not a close-up. PEN HARDWARE LOCK (must match exactly): slightly elongated longer light gray/off-white matte 3mL barrel; clear transparent left tip-cap; bright crimson red mid accent ring; white wrap label with red DNA helix graphic; label text 'Tesamorelin/Ipamorelin' in large red type plus a smaller '3ml pen' secondary line; bright crimson red ribbed dial on right. ACCENT COLOR LOCK: RED for this peptide (NOT blue). Blue is reserved for Semaglutide, Tirzepatide, and Retatrutide only. Same longer hardware as Palm Beach Vitality research pen template — only label name changes. Product lock: Tesamorelin/Ipamorelin (P-TEI-001). SIGNAGE RULE: premium pharmaceutical cleanroom only. No cartoon hazard graphics, no biohazard trefoils, no striped danger tape as decor, no alert-word posters. Neutral room IDs and GMP status panels only.","Captions MUST be only about Tesamorelin/Ipamorelin (P-TEI-001) and its catalog listing.","Active","75",""
"LAB-216","pen_3ml_scene","Pharma lab + 3mL pen 216","validated freezer farm for pharmaceutical drug substance storage — bay 14","wide freezer farm aisle","cold blue storage lighting","LOCKED PBV slightly elongated 3mL research pen (gray body, clear left cap, crimson red ring + ribbed dial, white DNA-helix label) mid-ground in pharmaceutical cleanroom; not extreme macro; not spa/lifestyle backdrop","LOCKED PBV research pen hardware (exact every time; slightly elongated longer 3mL barrel): light gray/off-white matte elongated barrel; clear transparent plastic tip-cap on left; bright crimson red accent ring mid-barrel; white wrap-around label with red stylized DNA double-helix graphic on the left of the label; compound name in large red sans-serif on the label with smaller secondary line like '8mg 3ml pen' or '3ml pen'; bright crimson red textured/ribbed dial on the right end. Color family: standard peptide — RED accents (not GLP blue). Same longer silhouette/proportions as Palm Beach Vitality research pen template — ONLY the label text changes per compound. Never invent a different pen shape, dial, or wrong accent color.","P-5AM-001","5-Amino-1MQ","https://www.palmbeach-vitality.store/products/5-amino-mq-pen","FULL PHARMA LAB + LOCKED PBV 3mL RESEARCH PEN SCENE. Photoreal PHARMACEUTICAL MANUFACTURING cleanroom (GMP / sterile injectables aesthetic). Looks like a real pharma fill-finish or sterile manufacturing suite — stainless, HEPA, classified grades, sanitary finishes — not a generic sci-fi biotech set, not a university teaching lab, NOT a spa/bathroom/lifestyle marble set. Environment: validated freezer farm for pharmaceutical drug substance storage — bay 14. Camera: wide freezer farm aisle. Lighting: cold blue storage lighting. Show the full pharmaceutical cleanroom; place ONE locked PBV research pen mid-ground on a clean bench. Not a close-up. PEN HARDWARE LOCK (must match exactly): slightly elongated longer light gray/off-white matte 3mL barrel; clear transparent left tip-cap; bright crimson red mid accent ring; white wrap label with red DNA helix graphic; label text '5-Amino-1MQ' in large red type plus a smaller '3ml pen' secondary line; bright crimson red ribbed dial on right. ACCENT COLOR LOCK: RED for this peptide (NOT blue). Blue is reserved for Semaglutide, Tirzepatide, and Retatrutide only. Same longer hardware as Palm Beach Vitality research pen template — only label name changes. Product lock: 5-Amino-1MQ (P-5AM-001). SIGNAGE RULE: premium pharmaceutical cleanroom only. No cartoon hazard graphics, no biohazard trefoils, no striped danger tape as decor, no alert-word posters. Neutral room IDs and GMP status panels only.","Captions MUST be only about 5-Amino-1MQ (P-5AM-001) and its catalog listing.","Active","76",""
"LAB-162","vial_10ml_scene","Pharma lab + 10mL vial 162","sterile stopper processor room with validated washers and sterilizers — bay 12","wide processor room","cool steel GMP wash","10mL sterile crimp-seal injectable vial mid-ground in pharmaceutical cleanroom; never twist/screw cap; not extreme macro","10mL sterile injectable-style glass vial with rubber stopper and aluminum crimp seal (NOT screw-cap, NOT black twist cap)","V-AOD-001","AOD-9604","https://www.palmbeach-vitality.store/products/aod-9604","FULL PHARMA LAB + 10mL STERILE VIAL SCENE. Photoreal PHARMACEUTICAL MANUFACTURING cleanroom (GMP / sterile injectables aesthetic). Looks like a real pharma fill-finish or sterile manufacturing suite — stainless, HEPA, classified grades, sanitary finishes — not a generic sci-fi biotech set, not a university teaching lab. Environment: sterile stopper processor room with validated washers and sterilizers — bay 12. Camera: wide processor room. Lighting: cool steel GMP wash. Show the full pharmaceutical cleanroom; place one 10mL sterile injectable-style glass vial (rubber stopper + aluminum crimp seal only; NEVER black twist/screw cap) mid-ground on a clean bench. Not a close-up. Product lock: AOD-9604 (V-AOD-001). SIGNAGE RULE: premium pharmaceutical cleanroom only. No cartoon hazard graphics, no biohazard trefoils, no striped danger tape as decor, no alert-word posters. Neutral room IDs and GMP status panels only.","Captions MUST be only about AOD-9604 (V-AOD-001) and its catalog listing.","Active","77",""
"LAB-113","vial_10ml_scene","Pharma lab + 10mL vial 113","ISO classified material airlock with roller racks and status lights — bay 7","wide material airlock","cool sterile cyan with soft wash","10mL sterile crimp-seal injectable vial mid-ground in pharmaceutical cleanroom; never twist/screw cap; not extreme macro","10mL sterile injectable-style glass vial with rubber stopper and aluminum crimp seal (NOT screw-cap, NOT black twist cap)","V-CJC-001","CJC (no DAC)","https://www.palmbeach-vitality.store/products/cjc","FULL PHARMA LAB + 10mL STERILE VIAL SCENE. Photoreal PHARMACEUTICAL MANUFACTURING cleanroom (GMP / sterile injectables aesthetic). Looks like a real pharma fill-finish or sterile manufacturing suite — stainless, HEPA, classified grades, sanitary finishes — not a generic sci-fi biotech set, not a university teaching lab. Environment: ISO classified material airlock with roller racks and status lights — bay 7. Camera: wide material airlock. Lighting: cool sterile cyan with soft wash. Show the full pharmaceutical cleanroom; place one 10mL sterile injectable-style glass vial (rubber stopper + aluminum crimp seal only; NEVER black twist/screw cap) mid-ground on a clean bench. Not a close-up. Product lock: CJC (no DAC) (V-CJC-001). SIGNAGE RULE: premium pharmaceutical cleanroom only. No cartoon hazard graphics, no biohazard trefoils, no striped danger tape as decor, no alert-word posters. Neutral room IDs and GMP status panels only.","Captions MUST be only about CJC (no DAC) (V-CJC-001) and its catalog listing.","Active","78",""
"LAB-214","pen_3ml_scene","Pharma lab + 3mL pen 214","pharmaceutical cleanroom with flush LED ceiling and conductive flooring — bay 8","architectural wide of cleanroom volume","even high-key HEPA-bay lighting","LOCKED PBV slightly elongated 3mL research pen (gray body, clear left cap, crimson red ring + ribbed dial, white DNA-helix label) mid-ground in pharmaceutical cleanroom; not extreme macro; not spa/lifestyle backdrop","LOCKED PBV research pen hardware (exact every time; slightly elongated longer 3mL barrel): light gray/off-white matte elongated barrel; clear transparent plastic tip-cap on left; bright crimson red accent ring mid-barrel; white wrap-around label with red stylized DNA double-helix graphic on the left of the label; compound name in large red sans-serif on the label with smaller secondary line like '8mg 3ml pen' or '3ml pen'; bright crimson red textured/ribbed dial on the right end. Color family: standard peptide — RED accents (not GLP blue). Same longer silhouette/proportions as Palm Beach Vitality research pen template — ONLY the label text changes per compound. Never invent a different pen shape, dial, or wrong accent color.","P-DSI-001","DSIP","https://www.palmbeach-vitality.store/products/dsip-pen","FULL PHARMA LAB + LOCKED PBV 3mL RESEARCH PEN SCENE. Photoreal PHARMACEUTICAL MANUFACTURING cleanroom (GMP / sterile injectables aesthetic). Looks like a real pharma fill-finish or sterile manufacturing suite — stainless, HEPA, classified grades, sanitary finishes — not a generic sci-fi biotech set, not a university teaching lab, NOT a spa/bathroom/lifestyle marble set. Environment: pharmaceutical cleanroom with flush LED ceiling and conductive flooring — bay 8. Camera: architectural wide of cleanroom volume. Lighting: even high-key HEPA-bay lighting. Show the full pharmaceutical cleanroom; place ONE locked PBV research pen mid-ground on a clean bench. Not a close-up. PEN HARDWARE LOCK (must match exactly): slightly elongated longer light gray/off-white matte 3mL barrel; clear transparent left tip-cap; bright crimson red mid accent ring; white wrap label with red DNA helix graphic; label text 'DSIP' in large red type plus a smaller '3ml pen' secondary line; bright crimson red ribbed dial on right. ACCENT COLOR LOCK: RED for this peptide (NOT blue). Blue is reserved for Semaglutide, Tirzepatide, and Retatrutide only. Same longer hardware as Palm Beach Vitality research pen template — only label name changes. Product lock: DSIP (P-DSI-001). SIGNAGE RULE: premium pharmaceutical cleanroom only. No cartoon hazard graphics, no biohazard trefoils, no striped danger tape as decor, no alert-word posters. Neutral room IDs and GMP status panels only.","Captions MUST be only about DSIP (P-DSI-001) and its catalog listing.","Active","79",""
"LAB-054","lab_scene","Pharma cleanroom 054","sterile powder handling isolator suite for potent pharmaceutical actives — bay 2","wide isolator suite","cool contained-processing lighting","no product close-up; full pharmaceutical cleanroom; compound via typography / optional distant labeled sterile vial","","P-KPV-001","KPV","https://www.palmbeach-vitality.store/products/kpv","FULL PHARMA LAB SCENE (wide). Photoreal PHARMACEUTICAL MANUFACTURING cleanroom (GMP / sterile injectables aesthetic). Looks like a real pharma fill-finish or sterile manufacturing suite — stainless, HEPA, classified grades, sanitary finishes — not a generic sci-fi biotech set, not a university teaching lab. Environment: sterile powder handling isolator suite for potent pharmaceutical actives — bay 2. Camera: wide isolator suite. Lighting: cool contained-processing lighting. Do not crop to a single object. Show the entire pharmaceutical cleanroom. Product lock for captions/typography only: KPV (P-KPV-001). Optional: one distant labeled 10mL sterile crimp-seal vial on a clean bench — never a macro close-up. SIGNAGE RULE: premium pharmaceutical cleanroom only. No cartoon hazard graphics, no biohazard trefoils, no striped danger tape as decor, no alert-word posters. Neutral room IDs and GMP status panels only.","Captions MUST be only about KPV (P-KPV-001) and its catalog listing.","Active","80",""
"LAB-119","vial_10ml_scene","Pharma lab + 10mL vial 119","terminal sterilization / autoclave support corridor for validated loads — bay 8","hallway wide into autoclave bay","clean industrial-pharma hybrid light","10mL sterile crimp-seal injectable vial mid-ground in pharmaceutical cleanroom; never twist/screw cap; not extreme macro","10mL sterile injectable-style glass vial with rubber stopper and aluminum crimp seal (NOT screw-cap, NOT black twist cap)","V-MT2-001","Melanotan 2","https://www.palmbeach-vitality.store/products/melonotan","FULL PHARMA LAB + 10mL STERILE VIAL SCENE. Photoreal PHARMACEUTICAL MANUFACTURING cleanroom (GMP / sterile injectables aesthetic). Looks like a real pharma fill-finish or sterile manufacturing suite — stainless, HEPA, classified grades, sanitary finishes — not a generic sci-fi biotech set, not a university teaching lab. Environment: terminal sterilization / autoclave support corridor for validated loads — bay 8. Camera: hallway wide into autoclave bay. Lighting: clean industrial-pharma hybrid light. Show the full pharmaceutical cleanroom; place one 10mL sterile injectable-style glass vial (rubber stopper + aluminum crimp seal only; NEVER black twist/screw cap) mid-ground on a clean bench. Not a close-up. Product lock: Melanotan 2 (V-MT2-001). SIGNAGE RULE: premium pharmaceutical cleanroom only. No cartoon hazard graphics, no biohazard trefoils, no striped danger tape as decor, no alert-word posters. Neutral room IDs and GMP status panels only.","Captions MUST be only about Melanotan 2 (V-MT2-001) and its catalog listing.","Active","81",""
"LAB-090","lab_scene","Pharma cleanroom 090","aseptic connection / sterile tubing weld bay — bay 8","wide bay establishing shot","cool cleanroom rim with soft fill","no product close-up; full pharmaceutical cleanroom; compound via typography / optional distant labeled sterile vial","","P-BPC-001","BPC-157","https://www.palmbeach-vitality.store/products/bpc-157-pen","FULL PHARMA LAB SCENE (wide). Photoreal PHARMACEUTICAL MANUFACTURING cleanroom (GMP / sterile injectables aesthetic). Looks like a real pharma fill-finish or sterile manufacturing suite — stainless, HEPA, classified grades, sanitary finishes — not a generic sci-fi biotech set, not a university teaching lab. Environment: aseptic connection / sterile tubing weld bay — bay 8. Camera: wide bay establishing shot. Lighting: cool cleanroom rim with soft fill. Do not crop to a single object. Show the entire pharmaceutical cleanroom. Product lock for captions/typography only: BPC-157 (P-BPC-001). Optional: one distant labeled 10mL sterile crimp-seal vial on a clean bench — never a macro close-up. SIGNAGE RULE: premium pharmaceutical cleanroom only. No cartoon hazard graphics, no biohazard trefoils, no striped danger tape as decor, no alert-word posters. Neutral room IDs and GMP status panels only.","Captions MUST be only about BPC-157 (P-BPC-001) and its catalog listing.","Active","82",""
"LAB-177","vial_10ml_scene","Pharma lab + 10mL vial 177","pharmaceutical batch-record kiosk corridor overlooking manufacturing suites — bay 9","wide corridor overlook into suites","warm-neutral softboxes, clean speculars","10mL sterile crimp-seal injectable vial mid-ground in pharmaceutical cleanroom; never twist/screw cap; not extreme macro","10mL sterile injectable-style glass vial with rubber stopper and aluminum crimp seal (NOT screw-cap, NOT black twist cap)","V-WOL-001","BPC-157 / TB-500","https://www.palmbeach-vitality.store/products/wolverine-stack","FULL PHARMA LAB + 10mL STERILE VIAL SCENE. Photoreal PHARMACEUTICAL MANUFACTURING cleanroom (GMP / sterile injectables aesthetic). Looks like a real pharma fill-finish or sterile manufacturing suite — stainless, HEPA, classified grades, sanitary finishes — not a generic sci-fi biotech set, not a university teaching lab. Environment: pharmaceutical batch-record kiosk corridor overlooking manufacturing suites — bay 9. Camera: wide corridor overlook into suites. Lighting: warm-neutral softboxes, clean speculars. Show the full pharmaceutical cleanroom; place one 10mL sterile injectable-style glass vial (rubber stopper + aluminum crimp seal only; NEVER black twist/screw cap) mid-ground on a clean bench. Not a close-up. Product lock: BPC-157 / TB-500 (V-WOL-001). SIGNAGE RULE: premium pharmaceutical cleanroom only. No cartoon hazard graphics, no biohazard trefoils, no striped danger tape as decor, no alert-word posters. Neutral room IDs and GMP status panels only.","Captions MUST be only about BPC-157 / TB-500 (V-WOL-001) and its catalog listing.","Active","83",""
"LAB-267","pen_3ml_scene","Pharma lab + 3mL pen 267","ISO 7 aseptic fill-finish suite with RABS isolator line and grade A filling zone — bay 14","elevated wide of the fill line and cleanroom envelope","cool sterile pharmaceutical white with soft HEPA wash","LOCKED PBV slightly elongated 3mL research pen (gray body, clear left cap, crimson red ring + ribbed dial, white DNA-helix label) mid-ground in pharmaceutical cleanroom; not extreme macro; not spa/lifestyle backdrop","LOCKED PBV research pen hardware (exact every time; slightly elongated longer 3mL barrel): light gray/off-white matte elongated barrel; clear transparent plastic tip-cap on left; bright crimson red accent ring mid-barrel; white wrap-around label with red stylized DNA double-helix graphic on the left of the label; compound name in large red sans-serif on the label with smaller secondary line like '8mg 3ml pen' or '3ml pen'; bright crimson red textured/ribbed dial on the right end. Color family: standard peptide — RED accents (not GLP blue). Same longer silhouette/proportions as Palm Beach Vitality research pen template — ONLY the label text changes per compound. Never invent a different pen shape, dial, or wrong accent color.","P-KLO-001","KPV / BPC-157 / TB-500 / GHK-Cu","https://www.palmbeach-vitality.store/products/klow-pen","FULL PHARMA LAB + LOCKED PBV 3mL RESEARCH PEN SCENE. Photoreal PHARMACEUTICAL MANUFACTURING cleanroom (GMP / sterile injectables aesthetic). Looks like a real pharma fill-finish or sterile manufacturing suite — stainless, HEPA, classified grades, sanitary finishes — not a generic sci-fi biotech set, not a university teaching lab, NOT a spa/bathroom/lifestyle marble set. Environment: ISO 7 aseptic fill-finish suite with RABS isolator line and grade A filling zone — bay 14. Camera: elevated wide of the fill line and cleanroom envelope. Lighting: cool sterile pharmaceutical white with soft HEPA wash. Show the full pharmaceutical cleanroom; place ONE locked PBV research pen mid-ground on a clean bench. Not a close-up. PEN HARDWARE LOCK (must match exactly): slightly elongated longer light gray/off-white matte 3mL barrel; clear transparent left tip-cap; bright crimson red mid accent ring; white wrap label with red DNA helix graphic; label text 'KPV / BPC-157 / TB-500 / GHK-Cu' in large red type plus a smaller '3ml pen' secondary line; bright crimson red ribbed dial on right. ACCENT COLOR LOCK: RED for this peptide (NOT blue). Blue is reserved for Semaglutide, Tirzepatide, and Retatrutide only. Same longer hardware as Palm Beach Vitality research pen template — only label name changes. Product lock: KPV / BPC-157 / TB-500 / GHK-Cu (P-KLO-001). SIGNAGE RULE: premium pharmaceutical cleanroom only. No cartoon hazard graphics, no biohazard trefoils, no striped danger tape as decor, no alert-word posters. Neutral room IDs and GMP status panels only.","Captions MUST be only about KPV / BPC-157 / TB-500 / GHK-Cu (P-KLO-001) and its catalog listing.","Active","84",""
"LAB-081","lab_scene","Pharma cleanroom 081","sterile lyophilization suite with production-scale freeze-dryer banks and clean aisle — bay 15","wide establishing shot of lyophilizer row","cool steel-blue GMP lighting with clean speculars","no product close-up; full pharmaceutical cleanroom; compound via typography / optional distant labeled sterile vial","","P-MOT-001","MOTS-C","https://www.palmbeach-vitality.store/products/mots-c","FULL PHARMA LAB SCENE (wide). Photoreal PHARMACEUTICAL MANUFACTURING cleanroom (GMP / sterile injectables aesthetic). Looks like a real pharma fill-finish or sterile manufacturing suite — stainless, HEPA, classified grades, sanitary finishes — not a generic sci-fi biotech set, not a university teaching lab. Environment: sterile lyophilization suite with production-scale freeze-dryer banks and clean aisle — bay 15. Camera: wide establishing shot of lyophilizer row. Lighting: cool steel-blue GMP lighting with clean speculars. Do not crop to a single object. Show the entire pharmaceutical cleanroom. Product lock for captions/typography only: MOTS-C (P-MOT-001). Optional: one distant labeled 10mL sterile crimp-seal vial on a clean bench — never a macro close-up. SIGNAGE RULE: premium pharmaceutical cleanroom only. No cartoon hazard graphics, no biohazard trefoils, no striped danger tape as decor, no alert-word posters. Neutral room IDs and GMP status panels only.","Captions MUST be only about MOTS-C (P-MOT-001) and its catalog listing.","Active","85",""
"LAB-169","vial_10ml_scene","Pharma lab + 10mL vial 169","lyophilized-vial inspection booth row with black/white contrast stations — bay 2","wide inspection bay establishing shot","controlled high-contrast pharma inspection lighting","10mL sterile crimp-seal injectable vial mid-ground in pharmaceutical cleanroom; never twist/screw cap; not extreme macro","10mL sterile injectable-style glass vial with rubber stopper and aluminum crimp seal (NOT screw-cap, NOT black twist cap)","V-NAD-001","NAD+","https://www.palmbeach-vitality.store/products/nad-1","FULL PHARMA LAB + 10mL STERILE VIAL SCENE. Photoreal PHARMACEUTICAL MANUFACTURING cleanroom (GMP / sterile injectables aesthetic). Looks like a real pharma fill-finish or sterile manufacturing suite — stainless, HEPA, classified grades, sanitary finishes — not a generic sci-fi biotech set, not a university teaching lab. Environment: lyophilized-vial inspection booth row with black/white contrast stations — bay 2. Camera: wide inspection bay establishing shot. Lighting: controlled high-contrast pharma inspection lighting. Show the full pharmaceutical cleanroom; place one 10mL sterile injectable-style glass vial (rubber stopper + aluminum crimp seal only; NEVER black twist/screw cap) mid-ground on a clean bench. Not a close-up. Product lock: NAD+ (V-NAD-001). SIGNAGE RULE: premium pharmaceutical cleanroom only. No cartoon hazard graphics, no biohazard trefoils, no striped danger tape as decor, no alert-word posters. Neutral room IDs and GMP status panels only.","Captions MUST be only about NAD+ (V-NAD-001) and its catalog listing.","Active","86",""
"LAB-270","pen_3ml_scene","Pharma lab + 3mL pen 270","cold-chain pharmaceutical warehouse anteroom with validated cold rooms — bay 6","wide anteroom and cold-room doors","cool blue cold-chain GMP lighting","LOCKED PBV slightly elongated 3mL research pen (gray body, clear left cap, crimson red ring + ribbed dial, white DNA-helix label) mid-ground in pharmaceutical cleanroom; not extreme macro; not spa/lifestyle backdrop","LOCKED PBV research pen hardware (exact every time; slightly elongated longer 3mL barrel): light gray/off-white matte elongated barrel; clear transparent plastic tip-cap on left; bright crimson red accent ring mid-barrel; white wrap-around label with red stylized DNA double-helix graphic on the left of the label; compound name in large red sans-serif on the label with smaller secondary line like '8mg 3ml pen' or '3ml pen'; bright crimson red textured/ribbed dial on the right end. Color family: standard peptide — RED accents (not GLP blue). Same longer silhouette/proportions as Palm Beach Vitality research pen template — ONLY the label text changes per compound. Never invent a different pen shape, dial, or wrong accent color.","P-PT1-001","PT-141","https://www.palmbeach-vitality.store/products/pt-141-pen","FULL PHARMA LAB + LOCKED PBV 3mL RESEARCH PEN SCENE. Photoreal PHARMACEUTICAL MANUFACTURING cleanroom (GMP / sterile injectables aesthetic). Looks like a real pharma fill-finish or sterile manufacturing suite — stainless, HEPA, classified grades, sanitary finishes — not a generic sci-fi biotech set, not a university teaching lab, NOT a spa/bathroom/lifestyle marble set. Environment: cold-chain pharmaceutical warehouse anteroom with validated cold rooms — bay 6. Camera: wide anteroom and cold-room doors. Lighting: cool blue cold-chain GMP lighting. Show the full pharmaceutical cleanroom; place ONE locked PBV research pen mid-ground on a clean bench. Not a close-up. PEN HARDWARE LOCK (must match exactly): slightly elongated longer light gray/off-white matte 3mL barrel; clear transparent left tip-cap; bright crimson red mid accent ring; white wrap label with red DNA helix graphic; label text 'PT-141' in large red type plus a smaller '3ml pen' secondary line; bright crimson red ribbed dial on right. ACCENT COLOR LOCK: RED for this peptide (NOT blue). Blue is reserved for Semaglutide, Tirzepatide, and Retatrutide only. Same longer hardware as Palm Beach Vitality research pen template — only label name changes. Product lock: PT-141 (P-PT1-001). SIGNAGE RULE: premium pharmaceutical cleanroom only. No cartoon hazard graphics, no biohazard trefoils, no striped danger tape as decor, no alert-word posters. Neutral room IDs and GMP status panels only.","Captions MUST be only about PT-141 (P-PT1-001) and its catalog listing.","Active","87",""
"LAB-085","lab_scene","Pharma cleanroom 085","weighing / dispense cleanroom with anti-vibration balances under local protection — bay 10","wide weighing suite","bright soft key, clean sterile fill","no product close-up; full pharmaceutical cleanroom; compound via typography / optional distant labeled sterile vial","","P-SEL-001","Selank","https://www.palmbeach-vitality.store/products/selank-pen","FULL PHARMA LAB SCENE (wide). Photoreal PHARMACEUTICAL MANUFACTURING cleanroom (GMP / sterile injectables aesthetic). Looks like a real pharma fill-finish or sterile manufacturing suite — stainless, HEPA, classified grades, sanitary finishes — not a generic sci-fi biotech set, not a university teaching lab. Environment: weighing / dispense cleanroom with anti-vibration balances under local protection — bay 10. Camera: wide weighing suite. Lighting: bright soft key, clean sterile fill. Do not crop to a single object. Show the entire pharmaceutical cleanroom. Product lock for captions/typography only: Selank (P-SEL-001). Optional: one distant labeled 10mL sterile crimp-seal vial on a clean bench — never a macro close-up. SIGNAGE RULE: premium pharmaceutical cleanroom only. No cartoon hazard graphics, no biohazard trefoils, no striped danger tape as decor, no alert-word posters. Neutral room IDs and GMP status panels only.","Captions MUST be only about Selank (P-SEL-001) and its catalog listing.","Active","88",""
"LAB-172","vial_10ml_scene","Pharma lab + 10mL vial 172","component prep room for sterile stoppers, seals, and depyrogenated vials — bay 11","wide component prep room","cool catalog GMP light","10mL sterile crimp-seal injectable vial mid-ground in pharmaceutical cleanroom; never twist/screw cap; not extreme macro","10mL sterile injectable-style glass vial with rubber stopper and aluminum crimp seal (NOT screw-cap, NOT black twist cap)","V-SER-001","Sermorelin","https://www.palmbeach-vitality.store/products/sermorelin","FULL PHARMA LAB + 10mL STERILE VIAL SCENE. Photoreal PHARMACEUTICAL MANUFACTURING cleanroom (GMP / sterile injectables aesthetic). Looks like a real pharma fill-finish or sterile manufacturing suite — stainless, HEPA, classified grades, sanitary finishes — not a generic sci-fi biotech set, not a university teaching lab. Environment: component prep room for sterile stoppers, seals, and depyrogenated vials — bay 11. Camera: wide component prep room. Lighting: cool catalog GMP light. Show the full pharmaceutical cleanroom; place one 10mL sterile injectable-style glass vial (rubber stopper + aluminum crimp seal only; NEVER black twist/screw cap) mid-ground on a clean bench. Not a close-up. Product lock: Sermorelin (V-SER-001). SIGNAGE RULE: premium pharmaceutical cleanroom only. No cartoon hazard graphics, no biohazard trefoils, no striped danger tape as decor, no alert-word posters. Neutral room IDs and GMP status panels only.","Captions MUST be only about Sermorelin (V-SER-001) and its catalog listing.","Active","89",""
"LAB-275","pen_3ml_scene","Pharma lab + 3mL pen 275","CIP/SIP skid room supporting sterile manufacturing equipment — bay 4","wide CIP/SIP skid room","cool stainless utility lighting","LOCKED PBV slightly elongated 3mL research pen (gray body, clear left cap, crimson red ring + ribbed dial, white DNA-helix label) mid-ground in pharmaceutical cleanroom; not extreme macro; not spa/lifestyle backdrop","LOCKED PBV research pen hardware (exact every time; slightly elongated longer 3mL barrel): light gray/off-white matte elongated barrel; clear transparent plastic tip-cap on left; bright crimson red accent ring mid-barrel; white wrap-around label with red stylized DNA double-helix graphic on the left of the label; compound name in large red sans-serif on the label with smaller secondary line like '8mg 3ml pen' or '3ml pen'; bright crimson red textured/ribbed dial on the right end. Color family: standard peptide — RED accents (not GLP blue). Same longer silhouette/proportions as Palm Beach Vitality research pen template — ONLY the label text changes per compound. Never invent a different pen shape, dial, or wrong accent color.","P-TES-001","Tesamorelin","https://www.palmbeach-vitality.store/products/tesamorelin-30mg-pen","FULL PHARMA LAB + LOCKED PBV 3mL RESEARCH PEN SCENE. Photoreal PHARMACEUTICAL MANUFACTURING cleanroom (GMP / sterile injectables aesthetic). Looks like a real pharma fill-finish or sterile manufacturing suite — stainless, HEPA, classified grades, sanitary finishes — not a generic sci-fi biotech set, not a university teaching lab, NOT a spa/bathroom/lifestyle marble set. Environment: CIP/SIP skid room supporting sterile manufacturing equipment — bay 4. Camera: wide CIP/SIP skid room. Lighting: cool stainless utility lighting. Show the full pharmaceutical cleanroom; place ONE locked PBV research pen mid-ground on a clean bench. Not a close-up. PEN HARDWARE LOCK (must match exactly): slightly elongated longer light gray/off-white matte 3mL barrel; clear transparent left tip-cap; bright crimson red mid accent ring; white wrap label with red DNA helix graphic; label text 'Tesamorelin' in large red type plus a smaller '3ml pen' secondary line; bright crimson red ribbed dial on right. ACCENT COLOR LOCK: RED for this peptide (NOT blue). Blue is reserved for Semaglutide, Tirzepatide, and Retatrutide only. Same longer hardware as Palm Beach Vitality research pen template — only label name changes. Product lock: Tesamorelin (P-TES-001). SIGNAGE RULE: premium pharmaceutical cleanroom only. No cartoon hazard graphics, no biohazard trefoils, no striped danger tape as decor, no alert-word posters. Neutral room IDs and GMP status panels only.","Captions MUST be only about Tesamorelin (P-TES-001) and its catalog listing.","Active","90",""
"LAB-097","lab_scene","Pharma cleanroom 097","sanitary cleanroom return corridor with flush doors and vision panels — bay 12","wide return corridor","cool even sterile wash","no product close-up; full pharmaceutical cleanroom; compound via typography / optional distant labeled sterile vial","","P-SS3-001","SS-31","https://www.palmbeach-vitality.store/products/ss-31-pen","FULL PHARMA LAB SCENE (wide). Photoreal PHARMACEUTICAL MANUFACTURING cleanroom (GMP / sterile injectables aesthetic). Looks like a real pharma fill-finish or sterile manufacturing suite — stainless, HEPA, classified grades, sanitary finishes — not a generic sci-fi biotech set, not a university teaching lab. Environment: sanitary cleanroom return corridor with flush doors and vision panels — bay 12. Camera: wide return corridor. Lighting: cool even sterile wash. Do not crop to a single object. Show the entire pharmaceutical cleanroom. Product lock for captions/typography only: SS-31 (P-SS3-001). Optional: one distant labeled 10mL sterile crimp-seal vial on a clean bench — never a macro close-up. SIGNAGE RULE: premium pharmaceutical cleanroom only. No cartoon hazard graphics, no biohazard trefoils, no striped danger tape as decor, no alert-word posters. Neutral room IDs and GMP status panels only.","Captions MUST be only about SS-31 (P-SS3-001) and its catalog listing.","Active","91",""
"LAB-183","vial_10ml_scene","Pharma lab + 10mL vial 183","validated freezer farm for pharmaceutical drug substance storage — bay 10","wide freezer farm aisle","cold blue storage lighting","10mL sterile crimp-seal injectable vial mid-ground in pharmaceutical cleanroom; never twist/screw cap; not extreme macro","10mL sterile injectable-style glass vial with rubber stopper and aluminum crimp seal (NOT screw-cap, NOT black twist cap)","V-TA1-001","Thymosin Alpha-1","https://www.palmbeach-vitality.store/products/ta-1","FULL PHARMA LAB + 10mL STERILE VIAL SCENE. Photoreal PHARMACEUTICAL MANUFACTURING cleanroom (GMP / sterile injectables aesthetic). Looks like a real pharma fill-finish or sterile manufacturing suite — stainless, HEPA, classified grades, sanitary finishes — not a generic sci-fi biotech set, not a university teaching lab. Environment: validated freezer farm for pharmaceutical drug substance storage — bay 10. Camera: wide freezer farm aisle. Lighting: cold blue storage lighting. Show the full pharmaceutical cleanroom; place one 10mL sterile injectable-style glass vial (rubber stopper + aluminum crimp seal only; NEVER black twist/screw cap) mid-ground on a clean bench. Not a close-up. Product lock: Thymosin Alpha-1 (V-TA1-001). SIGNAGE RULE: premium pharmaceutical cleanroom only. No cartoon hazard graphics, no biohazard trefoils, no striped danger tape as decor, no alert-word posters. Neutral room IDs and GMP status panels only.","Captions MUST be only about Thymosin Alpha-1 (V-TA1-001) and its catalog listing.","Active","92",""
"LAB-283","pen_3ml_scene","Pharma lab + 3mL pen 283","fill-finish control room with window into Grade A zone — bay 11","wide control room looking into Grade A","dim control + bright cleanroom contrast","LOCKED PBV slightly elongated 3mL research pen (gray body, clear left cap, crimson red ring + ribbed dial, white DNA-helix label) mid-ground in pharmaceutical cleanroom; not extreme macro; not spa/lifestyle backdrop","LOCKED PBV research pen hardware (exact every time; slightly elongated longer 3mL barrel): light gray/off-white matte elongated barrel; clear transparent plastic tip-cap on left; bright crimson red accent ring mid-barrel; white wrap-around label with red stylized DNA double-helix graphic on the left of the label; compound name in large red sans-serif on the label with smaller secondary line like '8mg 3ml pen' or '3ml pen'; bright crimson red textured/ribbed dial on the right end. Color family: standard peptide — RED accents (not GLP blue). Same longer silhouette/proportions as Palm Beach Vitality research pen template — ONLY the label text changes per compound. Never invent a different pen shape, dial, or wrong accent color.","P-GLO-001","BPC-157 / TB-500 / GHK-Cu","https://www.palmbeach-vitality.store/products/glow-pen","FULL PHARMA LAB + LOCKED PBV 3mL RESEARCH PEN SCENE. Photoreal PHARMACEUTICAL MANUFACTURING cleanroom (GMP / sterile injectables aesthetic). Looks like a real pharma fill-finish or sterile manufacturing suite — stainless, HEPA, classified grades, sanitary finishes — not a generic sci-fi biotech set, not a university teaching lab, NOT a spa/bathroom/lifestyle marble set. Environment: fill-finish control room with window into Grade A zone — bay 11. Camera: wide control room looking into Grade A. Lighting: dim control + bright cleanroom contrast. Show the full pharmaceutical cleanroom; place ONE locked PBV research pen mid-ground on a clean bench. Not a close-up. PEN HARDWARE LOCK (must match exactly): slightly elongated longer light gray/off-white matte 3mL barrel; clear transparent left tip-cap; bright crimson red mid accent ring; white wrap label with red DNA helix graphic; label text 'BPC-157 / TB-500 / GHK-Cu' in large red type plus a smaller '3ml pen' secondary line; bright crimson red ribbed dial on right. ACCENT COLOR LOCK: RED for this peptide (NOT blue). Blue is reserved for Semaglutide, Tirzepatide, and Retatrutide only. Same longer hardware as Palm Beach Vitality research pen template — only label name changes. Product lock: BPC-157 / TB-500 / GHK-Cu (P-GLO-001). SIGNAGE RULE: premium pharmaceutical cleanroom only. No cartoon hazard graphics, no biohazard trefoils, no striped danger tape as decor, no alert-word posters. Neutral room IDs and GMP status panels only.","Captions MUST be only about BPC-157 / TB-500 / GHK-Cu (P-GLO-001) and its catalog listing.","Active","93",""
"LAB-092","lab_scene","Pharma cleanroom 092","pharmaceutical cleanroom gowning bench corridor with step-over benches — bay 14","wide gowning corridor","high-key sterile white","no product close-up; full pharmaceutical cleanroom; compound via typography / optional distant labeled sterile vial","","P-CII-001","CJC (no DAC)/Ipamorelin","https://www.palmbeach-vitality.store/products/cjc-ipamorelin-1","FULL PHARMA LAB SCENE (wide). Photoreal PHARMACEUTICAL MANUFACTURING cleanroom (GMP / sterile injectables aesthetic). Looks like a real pharma fill-finish or sterile manufacturing suite — stainless, HEPA, classified grades, sanitary finishes — not a generic sci-fi biotech set, not a university teaching lab. Environment: pharmaceutical cleanroom gowning bench corridor with step-over benches — bay 14. Camera: wide gowning corridor. Lighting: high-key sterile white. Do not crop to a single object. Show the entire pharmaceutical cleanroom. Product lock for captions/typography only: CJC (no DAC)/Ipamorelin (P-CII-001). Optional: one distant labeled 10mL sterile crimp-seal vial on a clean bench — never a macro close-up. SIGNAGE RULE: premium pharmaceutical cleanroom only. No cartoon hazard graphics, no biohazard trefoils, no striped danger tape as decor, no alert-word posters. Neutral room IDs and GMP status panels only.","Captions MUST be only about CJC (no DAC)/Ipamorelin (P-CII-001) and its catalog listing.","Active","94",""
"LAB-181","vial_10ml_scene","Pharma lab + 10mL vial 181","pharmaceutical cleanroom with flush LED ceiling and conductive flooring — bay 4","architectural wide of cleanroom volume","even high-key HEPA-bay lighting","10mL sterile crimp-seal injectable vial mid-ground in pharmaceutical cleanroom; never twist/screw cap; not extreme macro","10mL sterile injectable-style glass vial with rubber stopper and aluminum crimp seal (NOT screw-cap, NOT black twist cap)","V-GHK-001","GHK-Cu","https://www.palmbeach-vitality.store/products/ghk-cu","FULL PHARMA LAB + 10mL STERILE VIAL SCENE. Photoreal PHARMACEUTICAL MANUFACTURING cleanroom (GMP / sterile injectables aesthetic). Looks like a real pharma fill-finish or sterile manufacturing suite — stainless, HEPA, classified grades, sanitary finishes — not a generic sci-fi biotech set, not a university teaching lab. Environment: pharmaceutical cleanroom with flush LED ceiling and conductive flooring — bay 4. Camera: architectural wide of cleanroom volume. Lighting: even high-key HEPA-bay lighting. Show the full pharmaceutical cleanroom; place one 10mL sterile injectable-style glass vial (rubber stopper + aluminum crimp seal only; NEVER black twist/screw cap) mid-ground on a clean bench. Not a close-up. Product lock: GHK-Cu (V-GHK-001). SIGNAGE RULE: premium pharmaceutical cleanroom only. No cartoon hazard graphics, no biohazard trefoils, no striped danger tape as decor, no alert-word posters. Neutral room IDs and GMP status panels only.","Captions MUST be only about GHK-Cu (V-GHK-001) and its catalog listing.","Active","95",""
"LAB-286","pen_3ml_scene","Pharma lab + 3mL pen 286","sterile filtration skid room with 0.2 micron filter trains and pressure gauges — bay 3","wide architectural shot of filtration skids","cool clinical stainless lighting","LOCKED PBV slightly elongated 3mL research pen (gray body, clear left cap, cobalt blue ring + ribbed dial, white DNA-helix label) mid-ground in pharmaceutical cleanroom; not extreme macro; not spa/lifestyle backdrop","LOCKED PBV research pen hardware (exact every time; slightly elongated longer 3mL barrel): light gray/off-white matte elongated barrel; clear transparent plastic tip-cap on left; bright cobalt blue accent ring mid-barrel; white wrap-around label with blue stylized DNA double-helix graphic on the left of the label; compound name in large blue sans-serif on the label with smaller secondary line like '8mg 3ml pen' or '3ml pen'; bright cobalt blue textured/ribbed dial on the right end. Color family: GLP family (Semaglutide / Tirzepatide / Retatrutide) — BLUE accents. Same longer silhouette/proportions as Palm Beach Vitality research pen template — ONLY the label text changes per compound. Never invent a different pen shape, dial, or wrong accent color.","P-SEM-001","Semaglutide","https://www.palmbeach-vitality.store/products/semaglutide-1-5mg-pen","FULL PHARMA LAB + LOCKED PBV 3mL RESEARCH PEN SCENE. Photoreal PHARMACEUTICAL MANUFACTURING cleanroom (GMP / sterile injectables aesthetic). Looks like a real pharma fill-finish or sterile manufacturing suite — stainless, HEPA, classified grades, sanitary finishes — not a generic sci-fi biotech set, not a university teaching lab, NOT a spa/bathroom/lifestyle marble set. Environment: sterile filtration skid room with 0.2 micron filter trains and pressure gauges — bay 3. Camera: wide architectural shot of filtration skids. Lighting: cool clinical stainless lighting. Show the full pharmaceutical cleanroom; place ONE locked PBV research pen mid-ground on a clean bench. Not a close-up. PEN HARDWARE LOCK (must match exactly): slightly elongated longer light gray/off-white matte 3mL barrel; clear transparent left tip-cap; bright cobalt blue mid accent ring; white wrap label with blue DNA helix graphic; label text 'Semaglutide' in large blue type plus a smaller '3ml pen' secondary line; bright cobalt blue ribbed dial on right. ACCENT COLOR LOCK: BLUE (Semaglutide / Tirzepatide / Retatrutide only). Same longer hardware as Palm Beach Vitality research pen template — only label name changes. Product lock: Semaglutide (P-SEM-001). SIGNAGE RULE: premium pharmaceutical cleanroom only. No cartoon hazard graphics, no biohazard trefoils, no striped danger tape as decor, no alert-word posters. Neutral room IDs and GMP status panels only.","Captions MUST be only about Semaglutide (P-SEM-001) and its catalog listing.","Active","96",""
"LAB-100","lab_scene","Pharma cleanroom 100","terminal sterilization / autoclave support corridor for validated loads — bay 4","hallway wide into autoclave bay","clean industrial-pharma hybrid light","no product close-up; full pharmaceutical cleanroom; compound via typography / optional distant labeled sterile vial","","P-TIR-001","Tirzepatide","https://www.palmbeach-vitality.store/products/tirzepatide-10mg-pen","FULL PHARMA LAB SCENE (wide). Photoreal PHARMACEUTICAL MANUFACTURING cleanroom (GMP / sterile injectables aesthetic). Looks like a real pharma fill-finish or sterile manufacturing suite — stainless, HEPA, classified grades, sanitary finishes — not a generic sci-fi biotech set, not a university teaching lab. Environment: terminal sterilization / autoclave support corridor for validated loads — bay 4. Camera: hallway wide into autoclave bay. Lighting: clean industrial-pharma hybrid light. Do not crop to a single object. Show the entire pharmaceutical cleanroom. Product lock for captions/typography only: Tirzepatide (P-TIR-001). Optional: one distant labeled 10mL sterile crimp-seal vial on a clean bench — never a macro close-up. SIGNAGE RULE: premium pharmaceutical cleanroom only. No cartoon hazard graphics, no biohazard trefoils, no striped danger tape as decor, no alert-word posters. Neutral room IDs and GMP status panels only.","Captions MUST be only about Tirzepatide (P-TIR-001) and its catalog listing.","Active","97",""
"LAB-186","vial_10ml_scene","Pharma lab + 10mL vial 186","formulation compounding suite with jacketed stainless compounding vessels — bay 2","elevated wide of compounding suite","warm-neutral pharmaceutical softboxes","10mL sterile crimp-seal injectable vial mid-ground in pharmaceutical cleanroom; never twist/screw cap; not extreme macro","10mL sterile injectable-style glass vial with rubber stopper and aluminum crimp seal (NOT screw-cap, NOT black twist cap)","V-RET-001","Retatrutide","https://www.palmbeach-vitality.store/products/retatrutide","FULL PHARMA LAB + 10mL STERILE VIAL SCENE. Photoreal PHARMACEUTICAL MANUFACTURING cleanroom (GMP / sterile injectables aesthetic). Looks like a real pharma fill-finish or sterile manufacturing suite — stainless, HEPA, classified grades, sanitary finishes — not a generic sci-fi biotech set, not a university teaching lab. Environment: formulation compounding suite with jacketed stainless compounding vessels — bay 2. Camera: elevated wide of compounding suite. Lighting: warm-neutral pharmaceutical softboxes. Show the full pharmaceutical cleanroom; place one 10mL sterile injectable-style glass vial (rubber stopper + aluminum crimp seal only; NEVER black twist/screw cap) mid-ground on a clean bench. Not a close-up. Product lock: Retatrutide (V-RET-001). SIGNAGE RULE: premium pharmaceutical cleanroom only. No cartoon hazard graphics, no biohazard trefoils, no striped danger tape as decor, no alert-word posters. Neutral room IDs and GMP status panels only.","Captions MUST be only about Retatrutide (V-RET-001) and its catalog listing.","Active","98",""
"LAB-134","vial_10ml_scene","Pharma lab + 10mL vial 134","ISO 7 aseptic fill-finish suite with RABS isolator line and grade A filling zone — bay 16","elevated wide of the fill line and cleanroom envelope","cool sterile pharmaceutical white with soft HEPA wash","10mL sterile crimp-seal injectable vial mid-ground in pharmaceutical cleanroom; never twist/screw cap; not extreme macro","10mL sterile injectable-style glass vial with rubber stopper and aluminum crimp seal (NOT screw-cap, NOT black twist cap)","V-CAG-001","Cagrilinitide","https://www.palmbeach-vitality.store/products/cargrilinitide","FULL PHARMA LAB + 10mL STERILE VIAL SCENE. Photoreal PHARMACEUTICAL MANUFACTURING cleanroom (GMP / sterile injectables aesthetic). Looks like a real pharma fill-finish or sterile manufacturing suite — stainless, HEPA, classified grades, sanitary finishes — not a generic sci-fi biotech set, not a university teaching lab. Environment: ISO 7 aseptic fill-finish suite with RABS isolator line and grade A filling zone — bay 16. Camera: elevated wide of the fill line and cleanroom envelope. Lighting: cool sterile pharmaceutical white with soft HEPA wash. Show the full pharmaceutical cleanroom; place one 10mL sterile injectable-style glass vial (rubber stopper + aluminum crimp seal only; NEVER black twist/screw cap) mid-ground on a clean bench. Not a close-up. Product lock: Cagrilinitide (V-CAG-001). SIGNAGE RULE: premium pharmaceutical cleanroom only. No cartoon hazard graphics, no biohazard trefoils, no striped danger tape as decor, no alert-word posters. Neutral room IDs and GMP status panels only.","Captions MUST be only about Cagrilinitide (V-CAG-001) and its catalog listing.","Active","99",""
"LAB-227","pen_3ml_scene","Pharma lab + 3mL pen 227","Grade C preparation hall feeding Grade B/A sterile core — bay 13","wide hall into core airlocks","bright sterile progressive-grade lighting","LOCKED PBV slightly elongated 3mL research pen (gray body, clear left cap, crimson red ring + ribbed dial, white DNA-helix label) mid-ground in pharmaceutical cleanroom; not extreme macro; not spa/lifestyle backdrop","LOCKED PBV research pen hardware (exact every time; slightly elongated longer 3mL barrel): light gray/off-white matte elongated barrel; clear transparent plastic tip-cap on left; bright crimson red accent ring mid-barrel; white wrap-around label with red stylized DNA double-helix graphic on the left of the label; compound name in large red sans-serif on the label with smaller secondary line like '8mg 3ml pen' or '3ml pen'; bright crimson red textured/ribbed dial on the right end. Color family: standard peptide — RED accents (not GLP blue). Same longer silhouette/proportions as Palm Beach Vitality research pen template — ONLY the label text changes per compound. Never invent a different pen shape, dial, or wrong accent color.","P-SMX-001","Semax","https://www.palmbeach-vitality.store/products/semax-pen","FULL PHARMA LAB + LOCKED PBV 3mL RESEARCH PEN SCENE. Photoreal PHARMACEUTICAL MANUFACTURING cleanroom (GMP / sterile injectables aesthetic). Looks like a real pharma fill-finish or sterile manufacturing suite — stainless, HEPA, classified grades, sanitary finishes — not a generic sci-fi biotech set, not a university teaching lab, NOT a spa/bathroom/lifestyle marble set. Environment: Grade C preparation hall feeding Grade B/A sterile core — bay 13. Camera: wide hall into core airlocks. Lighting: bright sterile progressive-grade lighting. Show the full pharmaceutical cleanroom; place ONE locked PBV research pen mid-ground on a clean bench. Not a close-up. PEN HARDWARE LOCK (must match exactly): slightly elongated longer light gray/off-white matte 3mL barrel; clear transparent left tip-cap; bright crimson red mid accent ring; white wrap label with red DNA helix graphic; label text 'Semax' in large red type plus a smaller '3ml pen' secondary line; bright crimson red ribbed dial on right. ACCENT COLOR LOCK: RED for this peptide (NOT blue). Blue is reserved for Semaglutide, Tirzepatide, and Retatrutide only. Same longer hardware as Palm Beach Vitality research pen template — only label name changes. Product lock: Semax (P-SMX-001). SIGNAGE RULE: premium pharmaceutical cleanroom only. No cartoon hazard graphics, no biohazard trefoils, no striped danger tape as decor, no alert-word posters. Neutral room IDs and GMP status panels only.","Captions MUST be only about Semax (P-SMX-001) and its catalog listing.","Active","100",""
"LAB-174","vial_10ml_scene","Pharma lab + 10mL vial 174","sterile powder handling isolator suite for potent pharmaceutical actives — bay 17","wide isolator suite","cool contained-processing lighting","10mL sterile crimp-seal injectable vial mid-ground in pharmaceutical cleanroom; never twist/screw cap; not extreme macro","10mL sterile injectable-style glass vial with rubber stopper and aluminum crimp seal (NOT screw-cap, NOT black twist cap)","V-TB5-001","TB-500","https://www.palmbeach-vitality.store/products/tb-500","FULL PHARMA LAB + 10mL STERILE VIAL SCENE. Photoreal PHARMACEUTICAL MANUFACTURING cleanroom (GMP / sterile injectables aesthetic). Looks like a real pharma fill-finish or sterile manufacturing suite — stainless, HEPA, classified grades, sanitary finishes — not a generic sci-fi biotech set, not a university teaching lab. Environment: sterile powder handling isolator suite for potent pharmaceutical actives — bay 17. Camera: wide isolator suite. Lighting: cool contained-processing lighting. Show the full pharmaceutical cleanroom; place one 10mL sterile injectable-style glass vial (rubber stopper + aluminum crimp seal only; NEVER black twist/screw cap) mid-ground on a clean bench. Not a close-up. Product lock: TB-500 (V-TB5-001). SIGNAGE RULE: premium pharmaceutical cleanroom only. No cartoon hazard graphics, no biohazard trefoils, no striped danger tape as decor, no alert-word posters. Neutral room IDs and GMP status panels only.","Captions MUST be only about TB-500 (V-TB5-001) and its catalog listing.","Active","101",""
"LAB-276","pen_3ml_scene","Pharma lab + 3mL pen 276","environmental monitoring ante-room with settle-plate prep benches — bay 7","wide EM ante-room","soft daylight sterile panels","LOCKED PBV slightly elongated 3mL research pen (gray body, clear left cap, crimson red ring + ribbed dial, white DNA-helix label) mid-ground in pharmaceutical cleanroom; not extreme macro; not spa/lifestyle backdrop","LOCKED PBV research pen hardware (exact every time; slightly elongated longer 3mL barrel): light gray/off-white matte elongated barrel; clear transparent plastic tip-cap on left; bright crimson red accent ring mid-barrel; white wrap-around label with red stylized DNA double-helix graphic on the left of the label; compound name in large red sans-serif on the label with smaller secondary line like '8mg 3ml pen' or '3ml pen'; bright crimson red textured/ribbed dial on the right end. Color family: standard peptide — RED accents (not GLP blue). Same longer silhouette/proportions as Palm Beach Vitality research pen template — ONLY the label text changes per compound. Never invent a different pen shape, dial, or wrong accent color.","P-TEI-001","Tesamorelin/Ipamorelin","https://www.palmbeach-vitality.store/products/tesamorelin-ipamorelin-pen","FULL PHARMA LAB + LOCKED PBV 3mL RESEARCH PEN SCENE. Photoreal PHARMACEUTICAL MANUFACTURING cleanroom (GMP / sterile injectables aesthetic). Looks like a real pharma fill-finish or sterile manufacturing suite — stainless, HEPA, classified grades, sanitary finishes — not a generic sci-fi biotech set, not a university teaching lab, NOT a spa/bathroom/lifestyle marble set. Environment: environmental monitoring ante-room with settle-plate prep benches — bay 7. Camera: wide EM ante-room. Lighting: soft daylight sterile panels. Show the full pharmaceutical cleanroom; place ONE locked PBV research pen mid-ground on a clean bench. Not a close-up. PEN HARDWARE LOCK (must match exactly): slightly elongated longer light gray/off-white matte 3mL barrel; clear transparent left tip-cap; bright crimson red mid accent ring; white wrap label with red DNA helix graphic; label text 'Tesamorelin/Ipamorelin' in large red type plus a smaller '3ml pen' secondary line; bright crimson red ribbed dial on right. ACCENT COLOR LOCK: RED for this peptide (NOT blue). Blue is reserved for Semaglutide, Tirzepatide, and Retatrutide only. Same longer hardware as Palm Beach Vitality research pen template — only label name changes. Product lock: Tesamorelin/Ipamorelin (P-TEI-001). SIGNAGE RULE: premium pharmaceutical cleanroom only. No cartoon hazard graphics, no biohazard trefoils, no striped danger tape as decor, no alert-word posters. Neutral room IDs and GMP status panels only.","Captions MUST be only about Tesamorelin/Ipamorelin (P-TEI-001) and its catalog listing.","Active","102",""
"LAB-238","pen_3ml_scene","Pharma lab + 3mL pen 238","weighing / dispense cleanroom with anti-vibration balances under local protection — bay 12","wide weighing suite","bright soft key, clean sterile fill","LOCKED PBV slightly elongated 3mL research pen (gray body, clear left cap, crimson red ring + ribbed dial, white DNA-helix label) mid-ground in pharmaceutical cleanroom; not extreme macro; not spa/lifestyle backdrop","LOCKED PBV research pen hardware (exact every time; slightly elongated longer 3mL barrel): light gray/off-white matte elongated barrel; clear transparent plastic tip-cap on left; bright crimson red accent ring mid-barrel; white wrap-around label with red stylized DNA double-helix graphic on the left of the label; compound name in large red sans-serif on the label with smaller secondary line like '8mg 3ml pen' or '3ml pen'; bright crimson red textured/ribbed dial on the right end. Color family: standard peptide — RED accents (not GLP blue). Same longer silhouette/proportions as Palm Beach Vitality research pen template — ONLY the label text changes per compound. Never invent a different pen shape, dial, or wrong accent color.","P-5AM-001","5-Amino-1MQ","https://www.palmbeach-vitality.store/products/5-amino-mq-pen","FULL PHARMA LAB + LOCKED PBV 3mL RESEARCH PEN SCENE. Photoreal PHARMACEUTICAL MANUFACTURING cleanroom (GMP / sterile injectables aesthetic). Looks like a real pharma fill-finish or sterile manufacturing suite — stainless, HEPA, classified grades, sanitary finishes — not a generic sci-fi biotech set, not a university teaching lab, NOT a spa/bathroom/lifestyle marble set. Environment: weighing / dispense cleanroom with anti-vibration balances under local protection — bay 12. Camera: wide weighing suite. Lighting: bright soft key, clean sterile fill. Show the full pharmaceutical cleanroom; place ONE locked PBV research pen mid-ground on a clean bench. Not a close-up. PEN HARDWARE LOCK (must match exactly): slightly elongated longer light gray/off-white matte 3mL barrel; clear transparent left tip-cap; bright crimson red mid accent ring; white wrap label with red DNA helix graphic; label text '5-Amino-1MQ' in large red type plus a smaller '3ml pen' secondary line; bright crimson red ribbed dial on right. ACCENT COLOR LOCK: RED for this peptide (NOT blue). Blue is reserved for Semaglutide, Tirzepatide, and Retatrutide only. Same longer hardware as Palm Beach Vitality research pen template — only label name changes. Product lock: 5-Amino-1MQ (P-5AM-001). SIGNAGE RULE: premium pharmaceutical cleanroom only. No cartoon hazard graphics, no biohazard trefoils, no striped danger tape as decor, no alert-word posters. Neutral room IDs and GMP status panels only.","Captions MUST be only about 5-Amino-1MQ (P-5AM-001) and its catalog listing.","Active","103",""
"LAB-184","vial_10ml_scene","Pharma lab + 10mL vial 184","ISO 7 aseptic fill-finish suite with RABS isolator line and grade A filling zone — bay 13","elevated wide of the fill line and cleanroom envelope","cool sterile pharmaceutical white with soft HEPA wash","10mL sterile crimp-seal injectable vial mid-ground in pharmaceutical cleanroom; never twist/screw cap; not extreme macro","10mL sterile injectable-style glass vial with rubber stopper and aluminum crimp seal (NOT screw-cap, NOT black twist cap)","V-AOD-001","AOD-9604","https://www.palmbeach-vitality.store/products/aod-9604","FULL PHARMA LAB + 10mL STERILE VIAL SCENE. Photoreal PHARMACEUTICAL MANUFACTURING cleanroom (GMP / sterile injectables aesthetic). Looks like a real pharma fill-finish or sterile manufacturing suite — stainless, HEPA, classified grades, sanitary finishes — not a generic sci-fi biotech set, not a university teaching lab. Environment: ISO 7 aseptic fill-finish suite with RABS isolator line and grade A filling zone — bay 13. Camera: elevated wide of the fill line and cleanroom envelope. Lighting: cool sterile pharmaceutical white with soft HEPA wash. Show the full pharmaceutical cleanroom; place one 10mL sterile injectable-style glass vial (rubber stopper + aluminum crimp seal only; NEVER black twist/screw cap) mid-ground on a clean bench. Not a close-up. Product lock: AOD-9604 (V-AOD-001). SIGNAGE RULE: premium pharmaceutical cleanroom only. No cartoon hazard graphics, no biohazard trefoils, no striped danger tape as decor, no alert-word posters. Neutral room IDs and GMP status panels only.","Captions MUST be only about AOD-9604 (V-AOD-001) and its catalog listing.","Active","104",""
"LAB-135","vial_10ml_scene","Pharma lab + 10mL vial 135","aseptic vial filling machine cell with stoppering station under unidirectional airflow — bay 2","three-quarter wide of filler cell","bright clean pharmaceutical catalog light","10mL sterile crimp-seal injectable vial mid-ground in pharmaceutical cleanroom; never twist/screw cap; not extreme macro","10mL sterile injectable-style glass vial with rubber stopper and aluminum crimp seal (NOT screw-cap, NOT black twist cap)","V-CJC-001","CJC (no DAC)","https://www.palmbeach-vitality.store/products/cjc","FULL PHARMA LAB + 10mL STERILE VIAL SCENE. Photoreal PHARMACEUTICAL MANUFACTURING cleanroom (GMP / sterile injectables aesthetic). Looks like a real pharma fill-finish or sterile manufacturing suite — stainless, HEPA, classified grades, sanitary finishes — not a generic sci-fi biotech set, not a university teaching lab. Environment: aseptic vial filling machine cell with stoppering station under unidirectional airflow — bay 2. Camera: three-quarter wide of filler cell. Lighting: bright clean pharmaceutical catalog light. Show the full pharmaceutical cleanroom; place one 10mL sterile injectable-style glass vial (rubber stopper + aluminum crimp seal only; NEVER black twist/screw cap) mid-ground on a clean bench. Not a close-up. Product lock: CJC (no DAC) (V-CJC-001). SIGNAGE RULE: premium pharmaceutical cleanroom only. No cartoon hazard graphics, no biohazard trefoils, no striped danger tape as decor, no alert-word posters. Neutral room IDs and GMP status panels only.","Captions MUST be only about CJC (no DAC) (V-CJC-001) and its catalog listing.","Active","105",""
"LAB-236","pen_3ml_scene","Pharma lab + 3mL pen 236","sterile filtration skid room with 0.2 micron filter trains and pressure gauges — bay 6","wide architectural shot of filtration skids","cool clinical stainless lighting","LOCKED PBV slightly elongated 3mL research pen (gray body, clear left cap, crimson red ring + ribbed dial, white DNA-helix label) mid-ground in pharmaceutical cleanroom; not extreme macro; not spa/lifestyle backdrop","LOCKED PBV research pen hardware (exact every time; slightly elongated longer 3mL barrel): light gray/off-white matte elongated barrel; clear transparent plastic tip-cap on left; bright crimson red accent ring mid-barrel; white wrap-around label with red stylized DNA double-helix graphic on the left of the label; compound name in large red sans-serif on the label with smaller secondary line like '8mg 3ml pen' or '3ml pen'; bright crimson red textured/ribbed dial on the right end. Color family: standard peptide — RED accents (not GLP blue). Same longer silhouette/proportions as Palm Beach Vitality research pen template — ONLY the label text changes per compound. Never invent a different pen shape, dial, or wrong accent color.","P-DSI-001","DSIP","https://www.palmbeach-vitality.store/products/dsip-pen","FULL PHARMA LAB + LOCKED PBV 3mL RESEARCH PEN SCENE. Photoreal PHARMACEUTICAL MANUFACTURING cleanroom (GMP / sterile injectables aesthetic). Looks like a real pharma fill-finish or sterile manufacturing suite — stainless, HEPA, classified grades, sanitary finishes — not a generic sci-fi biotech set, not a university teaching lab, NOT a spa/bathroom/lifestyle marble set. Environment: sterile filtration skid room with 0.2 micron filter trains and pressure gauges — bay 6. Camera: wide architectural shot of filtration skids. Lighting: cool clinical stainless lighting. Show the full pharmaceutical cleanroom; place ONE locked PBV research pen mid-ground on a clean bench. Not a close-up. PEN HARDWARE LOCK (must match exactly): slightly elongated longer light gray/off-white matte 3mL barrel; clear transparent left tip-cap; bright crimson red mid accent ring; white wrap label with red DNA helix graphic; label text 'DSIP' in large red type plus a smaller '3ml pen' secondary line; bright crimson red ribbed dial on right. ACCENT COLOR LOCK: RED for this peptide (NOT blue). Blue is reserved for Semaglutide, Tirzepatide, and Retatrutide only. Same longer hardware as Palm Beach Vitality research pen template — only label name changes. Product lock: DSIP (P-DSI-001). SIGNAGE RULE: premium pharmaceutical cleanroom only. No cartoon hazard graphics, no biohazard trefoils, no striped danger tape as decor, no alert-word posters. Neutral room IDs and GMP status panels only.","Captions MUST be only about DSIP (P-DSI-001) and its catalog listing.","Active","106",""
"LAB-098","lab_scene","Pharma cleanroom 098","Grade B gowning airlock into Grade A/B processing with interlocking doors — bay 15","wide shot through airlock into processing suite","high-key sterile cleanroom lighting","no product close-up; full pharmaceutical cleanroom; compound via typography / optional distant labeled sterile vial","","P-KPV-001","KPV","https://www.palmbeach-vitality.store/products/kpv","FULL PHARMA LAB SCENE (wide). Photoreal PHARMACEUTICAL MANUFACTURING cleanroom (GMP / sterile injectables aesthetic). Looks like a real pharma fill-finish or sterile manufacturing suite — stainless, HEPA, classified grades, sanitary finishes — not a generic sci-fi biotech set, not a university teaching lab. Environment: Grade B gowning airlock into Grade A/B processing with interlocking doors — bay 15. Camera: wide shot through airlock into processing suite. Lighting: high-key sterile cleanroom lighting. Do not crop to a single object. Show the entire pharmaceutical cleanroom. Product lock for captions/typography only: KPV (P-KPV-001). Optional: one distant labeled 10mL sterile crimp-seal vial on a clean bench — never a macro close-up. SIGNAGE RULE: premium pharmaceutical cleanroom only. No cartoon hazard graphics, no biohazard trefoils, no striped danger tape as decor, no alert-word posters. Neutral room IDs and GMP status panels only.","Captions MUST be only about KPV (P-KPV-001) and its catalog listing.","Active","107",""
"LAB-141","vial_10ml_scene","Pharma lab + 10mL vial 141","visual particulate inspection line for filled injectable vials — bay 3","wide inspection line establishing","high-contrast black/white booth lighting","10mL sterile crimp-seal injectable vial mid-ground in pharmaceutical cleanroom; never twist/screw cap; not extreme macro","10mL sterile injectable-style glass vial with rubber stopper and aluminum crimp seal (NOT screw-cap, NOT black twist cap)","V-MT2-001","Melanotan 2","https://www.palmbeach-vitality.store/products/melonotan","FULL PHARMA LAB + 10mL STERILE VIAL SCENE. Photoreal PHARMACEUTICAL MANUFACTURING cleanroom (GMP / sterile injectables aesthetic). Looks like a real pharma fill-finish or sterile manufacturing suite — stainless, HEPA, classified grades, sanitary finishes — not a generic sci-fi biotech set, not a university teaching lab. Environment: visual particulate inspection line for filled injectable vials — bay 3. Camera: wide inspection line establishing. Lighting: high-contrast black/white booth lighting. Show the full pharmaceutical cleanroom; place one 10mL sterile injectable-style glass vial (rubber stopper + aluminum crimp seal only; NEVER black twist/screw cap) mid-ground on a clean bench. Not a close-up. Product lock: Melanotan 2 (V-MT2-001). SIGNAGE RULE: premium pharmaceutical cleanroom only. No cartoon hazard graphics, no biohazard trefoils, no striped danger tape as decor, no alert-word posters. Neutral room IDs and GMP status panels only.","Captions MUST be only about Melanotan 2 (V-MT2-001) and its catalog listing.","Active","108",""
"LAB-211","pen_3ml_scene","Pharma lab + 3mL pen 211","lyo loading clean zone with tray carts staged for freeze-dryer load — bay 16","wide loading zone","cool blue-white pharmaceutical light","LOCKED PBV slightly elongated 3mL research pen (gray body, clear left cap, crimson red ring + ribbed dial, white DNA-helix label) mid-ground in pharmaceutical cleanroom; not extreme macro; not spa/lifestyle backdrop","LOCKED PBV research pen hardware (exact every time; slightly elongated longer 3mL barrel): light gray/off-white matte elongated barrel; clear transparent plastic tip-cap on left; bright crimson red accent ring mid-barrel; white wrap-around label with red stylized DNA double-helix graphic on the left of the label; compound name in large red sans-serif on the label with smaller secondary line like '8mg 3ml pen' or '3ml pen'; bright crimson red textured/ribbed dial on the right end. Color family: standard peptide — RED accents (not GLP blue). Same longer silhouette/proportions as Palm Beach Vitality research pen template — ONLY the label text changes per compound. Never invent a different pen shape, dial, or wrong accent color.","P-BPC-001","BPC-157","https://www.palmbeach-vitality.store/products/bpc-157-pen","FULL PHARMA LAB + LOCKED PBV 3mL RESEARCH PEN SCENE. Photoreal PHARMACEUTICAL MANUFACTURING cleanroom (GMP / sterile injectables aesthetic). Looks like a real pharma fill-finish or sterile manufacturing suite — stainless, HEPA, classified grades, sanitary finishes — not a generic sci-fi biotech set, not a university teaching lab, NOT a spa/bathroom/lifestyle marble set. Environment: lyo loading clean zone with tray carts staged for freeze-dryer load — bay 16. Camera: wide loading zone. Lighting: cool blue-white pharmaceutical light. Show the full pharmaceutical cleanroom; place ONE locked PBV research pen mid-ground on a clean bench. Not a close-up. PEN HARDWARE LOCK (must match exactly): slightly elongated longer light gray/off-white matte 3mL barrel; clear transparent left tip-cap; bright crimson red mid accent ring; white wrap label with red DNA helix graphic; label text 'BPC-157' in large red type plus a smaller '3ml pen' secondary line; bright crimson red ribbed dial on right. ACCENT COLOR LOCK: RED for this peptide (NOT blue). Blue is reserved for Semaglutide, Tirzepatide, and Retatrutide only. Same longer hardware as Palm Beach Vitality research pen template — only label name changes. Product lock: BPC-157 (P-BPC-001). SIGNAGE RULE: premium pharmaceutical cleanroom only. No cartoon hazard graphics, no biohazard trefoils, no striped danger tape as decor, no alert-word posters. Neutral room IDs and GMP status panels only.","Captions MUST be only about BPC-157 (P-BPC-001) and its catalog listing.","Active","109",""
"LAB-199","vial_10ml_scene","Pharma lab + 10mL vial 199","injectable solution hold-tank suite with sanitary vessels and agitators — bay 12","elevated wide of hold-tank suite","clean stainless specular lighting","10mL sterile crimp-seal injectable vial mid-ground in pharmaceutical cleanroom; never twist/screw cap; not extreme macro","10mL sterile injectable-style glass vial with rubber stopper and aluminum crimp seal (NOT screw-cap, NOT black twist cap)","V-WOL-001","BPC-157 / TB-500","https://www.palmbeach-vitality.store/products/wolverine-stack","FULL PHARMA LAB + 10mL STERILE VIAL SCENE. Photoreal PHARMACEUTICAL MANUFACTURING cleanroom (GMP / sterile injectables aesthetic). Looks like a real pharma fill-finish or sterile manufacturing suite — stainless, HEPA, classified grades, sanitary finishes — not a generic sci-fi biotech set, not a university teaching lab. Environment: injectable solution hold-tank suite with sanitary vessels and agitators — bay 12. Camera: elevated wide of hold-tank suite. Lighting: clean stainless specular lighting. Show the full pharmaceutical cleanroom; place one 10mL sterile injectable-style glass vial (rubber stopper + aluminum crimp seal only; NEVER black twist/screw cap) mid-ground on a clean bench. Not a close-up. Product lock: BPC-157 / TB-500 (V-WOL-001). SIGNAGE RULE: premium pharmaceutical cleanroom only. No cartoon hazard graphics, no biohazard trefoils, no striped danger tape as decor, no alert-word posters. Neutral room IDs and GMP status panels only.","Captions MUST be only about BPC-157 / TB-500 (V-WOL-001) and its catalog listing.","Active","110",""
"LAB-289","pen_3ml_scene","Pharma lab + 3mL pen 289","component prep room for sterile stoppers, seals, and depyrogenated vials — bay 10","wide component prep room","cool catalog GMP light","LOCKED PBV slightly elongated 3mL research pen (gray body, clear left cap, crimson red ring + ribbed dial, white DNA-helix label) mid-ground in pharmaceutical cleanroom; not extreme macro; not spa/lifestyle backdrop","LOCKED PBV research pen hardware (exact every time; slightly elongated longer 3mL barrel): light gray/off-white matte elongated barrel; clear transparent plastic tip-cap on left; bright crimson red accent ring mid-barrel; white wrap-around label with red stylized DNA double-helix graphic on the left of the label; compound name in large red sans-serif on the label with smaller secondary line like '8mg 3ml pen' or '3ml pen'; bright crimson red textured/ribbed dial on the right end. Color family: standard peptide — RED accents (not GLP blue). Same longer silhouette/proportions as Palm Beach Vitality research pen template — ONLY the label text changes per compound. Never invent a different pen shape, dial, or wrong accent color.","P-KLO-001","KPV / BPC-157 / TB-500 / GHK-Cu","https://www.palmbeach-vitality.store/products/klow-pen","FULL PHARMA LAB + LOCKED PBV 3mL RESEARCH PEN SCENE. Photoreal PHARMACEUTICAL MANUFACTURING cleanroom (GMP / sterile injectables aesthetic). Looks like a real pharma fill-finish or sterile manufacturing suite — stainless, HEPA, classified grades, sanitary finishes — not a generic sci-fi biotech set, not a university teaching lab, NOT a spa/bathroom/lifestyle marble set. Environment: component prep room for sterile stoppers, seals, and depyrogenated vials — bay 10. Camera: wide component prep room. Lighting: cool catalog GMP light. Show the full pharmaceutical cleanroom; place ONE locked PBV research pen mid-ground on a clean bench. Not a close-up. PEN HARDWARE LOCK (must match exactly): slightly elongated longer light gray/off-white matte 3mL barrel; clear transparent left tip-cap; bright crimson red mid accent ring; white wrap label with red DNA helix graphic; label text 'KPV / BPC-157 / TB-500 / GHK-Cu' in large red type plus a smaller '3ml pen' secondary line; bright crimson red ribbed dial on right. ACCENT COLOR LOCK: RED for this peptide (NOT blue). Blue is reserved for Semaglutide, Tirzepatide, and Retatrutide only. Same longer hardware as Palm Beach Vitality research pen template — only label name changes. Product lock: KPV / BPC-157 / TB-500 / GHK-Cu (P-KLO-001). SIGNAGE RULE: premium pharmaceutical cleanroom only. No cartoon hazard graphics, no biohazard trefoils, no striped danger tape as decor, no alert-word posters. Neutral room IDs and GMP status panels only.","Captions MUST be only about KPV / BPC-157 / TB-500 / GHK-Cu (P-KLO-001) and its catalog listing.","Active","111",""
"LAB-102","vial_10ml_scene","Pharma lab + 10mL vial 102","sterile lyophilization suite with production-scale freeze-dryer banks and clean aisle — bay 2","wide establishing shot of lyophilizer row","cool steel-blue GMP lighting with clean speculars","10mL sterile crimp-seal injectable vial mid-ground in pharmaceutical cleanroom; never twist/screw cap; not extreme macro","10mL sterile injectable-style glass vial with rubber stopper and aluminum crimp seal (NOT screw-cap, NOT black twist cap)","V-MOT-001","MOTS-C","https://www.palmbeach-vitality.store/products/mots-c-10mg-5ml-vial","FULL PHARMA LAB + 10mL STERILE VIAL SCENE. Photoreal PHARMACEUTICAL MANUFACTURING cleanroom (GMP / sterile injectables aesthetic). Looks like a real pharma fill-finish or sterile manufacturing suite — stainless, HEPA, classified grades, sanitary finishes — not a generic sci-fi biotech set, not a university teaching lab. Environment: sterile lyophilization suite with production-scale freeze-dryer banks and clean aisle — bay 2. Camera: wide establishing shot of lyophilizer row. Lighting: cool steel-blue GMP lighting with clean speculars. Show the full pharmaceutical cleanroom; place one 10mL sterile injectable-style glass vial (rubber stopper + aluminum crimp seal only; NEVER black twist/screw cap) mid-ground on a clean bench. Not a close-up. Product lock: MOTS-C (V-MOT-001). SIGNAGE RULE: premium pharmaceutical cleanroom only. No cartoon hazard graphics, no biohazard trefoils, no striped danger tape as decor, no alert-word posters. Neutral room IDs and GMP status panels only.","Captions MUST be only about MOTS-C (V-MOT-001) and its catalog listing.","Active","112",""
"LAB-191","vial_10ml_scene","Pharma lab + 10mL vial 191","serialization and aggregation lane for pharmaceutical carton verification — bay 13","wide serialization lane","bright clean verification lighting","10mL sterile crimp-seal injectable vial mid-ground in pharmaceutical cleanroom; never twist/screw cap; not extreme macro","10mL sterile injectable-style glass vial with rubber stopper and aluminum crimp seal (NOT screw-cap, NOT black twist cap)","V-NAD-001","NAD+","https://www.palmbeach-vitality.store/products/nad-1","FULL PHARMA LAB + 10mL STERILE VIAL SCENE. Photoreal PHARMACEUTICAL MANUFACTURING cleanroom (GMP / sterile injectables aesthetic). Looks like a real pharma fill-finish or sterile manufacturing suite — stainless, HEPA, classified grades, sanitary finishes — not a generic sci-fi biotech set, not a university teaching lab. Environment: serialization and aggregation lane for pharmaceutical carton verification — bay 13. Camera: wide serialization lane. Lighting: bright clean verification lighting. Show the full pharmaceutical cleanroom; place one 10mL sterile injectable-style glass vial (rubber stopper + aluminum crimp seal only; NEVER black twist/screw cap) mid-ground on a clean bench. Not a close-up. Product lock: NAD+ (V-NAD-001). SIGNAGE RULE: premium pharmaceutical cleanroom only. No cartoon hazard graphics, no biohazard trefoils, no striped danger tape as decor, no alert-word posters. Neutral room IDs and GMP status panels only.","Captions MUST be only about NAD+ (V-NAD-001) and its catalog listing.","Active","113",""
"LAB-292","pen_3ml_scene","Pharma lab + 3mL pen 292","sterile powder handling isolator suite for potent pharmaceutical actives — bay 16","wide isolator suite","cool contained-processing lighting","LOCKED PBV slightly elongated 3mL research pen (gray body, clear left cap, crimson red ring + ribbed dial, white DNA-helix label) mid-ground in pharmaceutical cleanroom; not extreme macro; not spa/lifestyle backdrop","LOCKED PBV research pen hardware (exact every time; slightly elongated longer 3mL barrel): light gray/off-white matte elongated barrel; clear transparent plastic tip-cap on left; bright crimson red accent ring mid-barrel; white wrap-around label with red stylized DNA double-helix graphic on the left of the label; compound name in large red sans-serif on the label with smaller secondary line like '8mg 3ml pen' or '3ml pen'; bright crimson red textured/ribbed dial on the right end. Color family: standard peptide — RED accents (not GLP blue). Same longer silhouette/proportions as Palm Beach Vitality research pen template — ONLY the label text changes per compound. Never invent a different pen shape, dial, or wrong accent color.","P-PT1-001","PT-141","https://www.palmbeach-vitality.store/products/pt-141-pen","FULL PHARMA LAB + LOCKED PBV 3mL RESEARCH PEN SCENE. Photoreal PHARMACEUTICAL MANUFACTURING cleanroom (GMP / sterile injectables aesthetic). Looks like a real pharma fill-finish or sterile manufacturing suite — stainless, HEPA, classified grades, sanitary finishes — not a generic sci-fi biotech set, not a university teaching lab, NOT a spa/bathroom/lifestyle marble set. Environment: sterile powder handling isolator suite for potent pharmaceutical actives — bay 16. Camera: wide isolator suite. Lighting: cool contained-processing lighting. Show the full pharmaceutical cleanroom; place ONE locked PBV research pen mid-ground on a clean bench. Not a close-up. PEN HARDWARE LOCK (must match exactly): slightly elongated longer light gray/off-white matte 3mL barrel; clear transparent left tip-cap; bright crimson red mid accent ring; white wrap label with red DNA helix graphic; label text 'PT-141' in large red type plus a smaller '3ml pen' secondary line; bright crimson red ribbed dial on right. ACCENT COLOR LOCK: RED for this peptide (NOT blue). Blue is reserved for Semaglutide, Tirzepatide, and Retatrutide only. Same longer hardware as Palm Beach Vitality research pen template — only label name changes. Product lock: PT-141 (P-PT1-001). SIGNAGE RULE: premium pharmaceutical cleanroom only. No cartoon hazard graphics, no biohazard trefoils, no striped danger tape as decor, no alert-word posters. Neutral room IDs and GMP status panels only.","Captions MUST be only about PT-141 (P-PT1-001) and its catalog listing.","Active","114",""
"LAB-105","vial_10ml_scene","Pharma lab + 10mL vial 105","clean packaging cell for secondary packaging of sterile injectables — bay 17","elevated wide of packaging cell","bright neutral pharmaceutical softboxes","10mL sterile crimp-seal injectable vial mid-ground in pharmaceutical cleanroom; never twist/screw cap; not extreme macro","10mL sterile injectable-style glass vial with rubber stopper and aluminum crimp seal (NOT screw-cap, NOT black twist cap)","V-SEL-001","Selank","https://www.palmbeach-vitality.store/products/selank","FULL PHARMA LAB + 10mL STERILE VIAL SCENE. Photoreal PHARMACEUTICAL MANUFACTURING cleanroom (GMP / sterile injectables aesthetic). Looks like a real pharma fill-finish or sterile manufacturing suite — stainless, HEPA, classified grades, sanitary finishes — not a generic sci-fi biotech set, not a university teaching lab. Environment: clean packaging cell for secondary packaging of sterile injectables — bay 17. Camera: elevated wide of packaging cell. Lighting: bright neutral pharmaceutical softboxes. Show the full pharmaceutical cleanroom; place one 10mL sterile injectable-style glass vial (rubber stopper + aluminum crimp seal only; NEVER black twist/screw cap) mid-ground on a clean bench. Not a close-up. Product lock: Selank (V-SEL-001). SIGNAGE RULE: premium pharmaceutical cleanroom only. No cartoon hazard graphics, no biohazard trefoils, no striped danger tape as decor, no alert-word posters. Neutral room IDs and GMP status panels only.","Captions MUST be only about Selank (V-SEL-001) and its catalog listing.","Active","115",""
"LAB-194","vial_10ml_scene","Pharma lab + 10mL vial 194","validated cleanroom corridor with flush windows into fill-finish suites — bay 2","dolly-style corridor looking into suites","high-key minimal-shadow sterile white","10mL sterile crimp-seal injectable vial mid-ground in pharmaceutical cleanroom; never twist/screw cap; not extreme macro","10mL sterile injectable-style glass vial with rubber stopper and aluminum crimp seal (NOT screw-cap, NOT black twist cap)","V-SER-001","Sermorelin","https://www.palmbeach-vitality.store/products/sermorelin","FULL PHARMA LAB + 10mL STERILE VIAL SCENE. Photoreal PHARMACEUTICAL MANUFACTURING cleanroom (GMP / sterile injectables aesthetic). Looks like a real pharma fill-finish or sterile manufacturing suite — stainless, HEPA, classified grades, sanitary finishes — not a generic sci-fi biotech set, not a university teaching lab. Environment: validated cleanroom corridor with flush windows into fill-finish suites — bay 2. Camera: dolly-style corridor looking into suites. Lighting: high-key minimal-shadow sterile white. Show the full pharmaceutical cleanroom; place one 10mL sterile injectable-style glass vial (rubber stopper + aluminum crimp seal only; NEVER black twist/screw cap) mid-ground on a clean bench. Not a close-up. Product lock: Sermorelin (V-SER-001). SIGNAGE RULE: premium pharmaceutical cleanroom only. No cartoon hazard graphics, no biohazard trefoils, no striped danger tape as decor, no alert-word posters. Neutral room IDs and GMP status panels only.","Captions MUST be only about Sermorelin (V-SER-001) and its catalog listing.","Active","116",""
"LAB-297","pen_3ml_scene","Pharma lab + 3mL pen 297","Grade C preparation hall feeding Grade B/A sterile core — bay 9","wide hall into core airlocks","bright sterile progressive-grade lighting","LOCKED PBV slightly elongated 3mL research pen (gray body, clear left cap, crimson red ring + ribbed dial, white DNA-helix label) mid-ground in pharmaceutical cleanroom; not extreme macro; not spa/lifestyle backdrop","LOCKED PBV research pen hardware (exact every time; slightly elongated longer 3mL barrel): light gray/off-white matte elongated barrel; clear transparent plastic tip-cap on left; bright crimson red accent ring mid-barrel; white wrap-around label with red stylized DNA double-helix graphic on the left of the label; compound name in large red sans-serif on the label with smaller secondary line like '8mg 3ml pen' or '3ml pen'; bright crimson red textured/ribbed dial on the right end. Color family: standard peptide — RED accents (not GLP blue). Same longer silhouette/proportions as Palm Beach Vitality research pen template — ONLY the label text changes per compound. Never invent a different pen shape, dial, or wrong accent color.","P-TES-001","Tesamorelin","https://www.palmbeach-vitality.store/products/tesamorelin-30mg-pen","FULL PHARMA LAB + LOCKED PBV 3mL RESEARCH PEN SCENE. Photoreal PHARMACEUTICAL MANUFACTURING cleanroom (GMP / sterile injectables aesthetic). Looks like a real pharma fill-finish or sterile manufacturing suite — stainless, HEPA, classified grades, sanitary finishes — not a generic sci-fi biotech set, not a university teaching lab, NOT a spa/bathroom/lifestyle marble set. Environment: Grade C preparation hall feeding Grade B/A sterile core — bay 9. Camera: wide hall into core airlocks. Lighting: bright sterile progressive-grade lighting. Show the full pharmaceutical cleanroom; place ONE locked PBV research pen mid-ground on a clean bench. Not a close-up. PEN HARDWARE LOCK (must match exactly): slightly elongated longer light gray/off-white matte 3mL barrel; clear transparent left tip-cap; bright crimson red mid accent ring; white wrap label with red DNA helix graphic; label text 'Tesamorelin' in large red type plus a smaller '3ml pen' secondary line; bright crimson red ribbed dial on right. ACCENT COLOR LOCK: RED for this peptide (NOT blue). Blue is reserved for Semaglutide, Tirzepatide, and Retatrutide only. Same longer hardware as Palm Beach Vitality research pen template — only label name changes. Product lock: Tesamorelin (P-TES-001). SIGNAGE RULE: premium pharmaceutical cleanroom only. No cartoon hazard graphics, no biohazard trefoils, no striped danger tape as decor, no alert-word posters. Neutral room IDs and GMP status panels only.","Captions MUST be only about Tesamorelin (P-TES-001) and its catalog listing.","Active","117",""
"LAB-107","vial_10ml_scene","Pharma lab + 10mL vial 107","pharmaceutical label control room with verified print-and-apply systems — bay 6","wide label control room","bright office-cleanroom hybrid light","10mL sterile crimp-seal injectable vial mid-ground in pharmaceutical cleanroom; never twist/screw cap; not extreme macro","10mL sterile injectable-style glass vial with rubber stopper and aluminum crimp seal (NOT screw-cap, NOT black twist cap)","V-SS3-001","SS-31","https://www.palmbeach-vitality.store/products/ss-31","FULL PHARMA LAB + 10mL STERILE VIAL SCENE. Photoreal PHARMACEUTICAL MANUFACTURING cleanroom (GMP / sterile injectables aesthetic). Looks like a real pharma fill-finish or sterile manufacturing suite — stainless, HEPA, classified grades, sanitary finishes — not a generic sci-fi biotech set, not a university teaching lab. Environment: pharmaceutical label control room with verified print-and-apply systems — bay 6. Camera: wide label control room. Lighting: bright office-cleanroom hybrid light. Show the full pharmaceutical cleanroom; place one 10mL sterile injectable-style glass vial (rubber stopper + aluminum crimp seal only; NEVER black twist/screw cap) mid-ground on a clean bench. Not a close-up. Product lock: SS-31 (V-SS3-001). SIGNAGE RULE: premium pharmaceutical cleanroom only. No cartoon hazard graphics, no biohazard trefoils, no striped danger tape as decor, no alert-word posters. Neutral room IDs and GMP status panels only.","Captions MUST be only about SS-31 (V-SS3-001) and its catalog listing.","Active","118",""
"LAB-030","lab_scene","Pharma cleanroom 030","fill-finish control room with window into Grade A zone — bay 15","wide control room looking into Grade A","dim control + bright cleanroom contrast","no product close-up; full pharmaceutical cleanroom; compound via typography / optional distant labeled sterile vial","","V-TA1-001","Thymosin Alpha-1","https://www.palmbeach-vitality.store/products/ta-1","FULL PHARMA LAB SCENE (wide). Photoreal PHARMACEUTICAL MANUFACTURING cleanroom (GMP / sterile injectables aesthetic). Looks like a real pharma fill-finish or sterile manufacturing suite — stainless, HEPA, classified grades, sanitary finishes — not a generic sci-fi biotech set, not a university teaching lab. Environment: fill-finish control room with window into Grade A zone — bay 15. Camera: wide control room looking into Grade A. Lighting: dim control + bright cleanroom contrast. Do not crop to a single object. Show the entire pharmaceutical cleanroom. Product lock for captions/typography only: Thymosin Alpha-1 (V-TA1-001). Optional: one distant labeled 10mL sterile crimp-seal vial on a clean bench — never a macro close-up. SIGNAGE RULE: premium pharmaceutical cleanroom only. No cartoon hazard graphics, no biohazard trefoils, no striped danger tape as decor, no alert-word posters. Neutral room IDs and GMP status panels only.","Captions MUST be only about Thymosin Alpha-1 (V-TA1-001) and its catalog listing.","Active","119",""
"LAB-116","vial_10ml_scene","Pharma lab + 10mL vial 116","vial washing and depyrogenation prep hall — bay 10","wide prep hall","bright sterile process lighting","10mL sterile crimp-seal injectable vial mid-ground in pharmaceutical cleanroom; never twist/screw cap; not extreme macro","10mL sterile injectable-style glass vial with rubber stopper and aluminum crimp seal (NOT screw-cap, NOT black twist cap)","V-GLO-001","BPC-157 / TB-500 / GHK-Cu","https://www.palmbeach-vitality.store/products/glow","FULL PHARMA LAB + 10mL STERILE VIAL SCENE. Photoreal PHARMACEUTICAL MANUFACTURING cleanroom (GMP / sterile injectables aesthetic). Looks like a real pharma fill-finish or sterile manufacturing suite — stainless, HEPA, classified grades, sanitary finishes — not a generic sci-fi biotech set, not a university teaching lab. Environment: vial washing and depyrogenation prep hall — bay 10. Camera: wide prep hall. Lighting: bright sterile process lighting. Show the full pharmaceutical cleanroom; place one 10mL sterile injectable-style glass vial (rubber stopper + aluminum crimp seal only; NEVER black twist/screw cap) mid-ground on a clean bench. Not a close-up. Product lock: BPC-157 / TB-500 / GHK-Cu (V-GLO-001). SIGNAGE RULE: premium pharmaceutical cleanroom only. No cartoon hazard graphics, no biohazard trefoils, no striped danger tape as decor, no alert-word posters. Neutral room IDs and GMP status panels only.","Captions MUST be only about BPC-157 / TB-500 / GHK-Cu (V-GLO-001) and its catalog listing.","Active","120",""
"LAB-213","pen_3ml_scene","Pharma lab + 3mL pen 213","sterile emulsion / peptide formulation suite with closed vessels — bay 5","wide formulation suite","soft premium pharmaceutical catalog light","LOCKED PBV slightly elongated 3mL research pen (gray body, clear left cap, crimson red ring + ribbed dial, white DNA-helix label) mid-ground in pharmaceutical cleanroom; not extreme macro; not spa/lifestyle backdrop","LOCKED PBV research pen hardware (exact every time; slightly elongated longer 3mL barrel): light gray/off-white matte elongated barrel; clear transparent plastic tip-cap on left; bright crimson red accent ring mid-barrel; white wrap-around label with red stylized DNA double-helix graphic on the left of the label; compound name in large red sans-serif on the label with smaller secondary line like '8mg 3ml pen' or '3ml pen'; bright crimson red textured/ribbed dial on the right end. Color family: standard peptide — RED accents (not GLP blue). Same longer silhouette/proportions as Palm Beach Vitality research pen template — ONLY the label text changes per compound. Never invent a different pen shape, dial, or wrong accent color.","P-CII-001","CJC (no DAC)/Ipamorelin","https://www.palmbeach-vitality.store/products/cjc-ipamorelin-1","FULL PHARMA LAB + LOCKED PBV 3mL RESEARCH PEN SCENE. Photoreal PHARMACEUTICAL MANUFACTURING cleanroom (GMP / sterile injectables aesthetic). Looks like a real pharma fill-finish or sterile manufacturing suite — stainless, HEPA, classified grades, sanitary finishes — not a generic sci-fi biotech set, not a university teaching lab, NOT a spa/bathroom/lifestyle marble set. Environment: sterile emulsion / peptide formulation suite with closed vessels — bay 5. Camera: wide formulation suite. Lighting: soft premium pharmaceutical catalog light. Show the full pharmaceutical cleanroom; place ONE locked PBV research pen mid-ground on a clean bench. Not a close-up. PEN HARDWARE LOCK (must match exactly): slightly elongated longer light gray/off-white matte 3mL barrel; clear transparent left tip-cap; bright crimson red mid accent ring; white wrap label with red DNA helix graphic; label text 'CJC (no DAC)/Ipamorelin' in large red type plus a smaller '3ml pen' secondary line; bright crimson red ribbed dial on right. ACCENT COLOR LOCK: RED for this peptide (NOT blue). Blue is reserved for Semaglutide, Tirzepatide, and Retatrutide only. Same longer hardware as Palm Beach Vitality research pen template — only label name changes. Product lock: CJC (no DAC)/Ipamorelin (P-CII-001). SIGNAGE RULE: premium pharmaceutical cleanroom only. No cartoon hazard graphics, no biohazard trefoils, no striped danger tape as decor, no alert-word posters. Neutral room IDs and GMP status panels only.","Captions MUST be only about CJC (no DAC)/Ipamorelin (P-CII-001) and its catalog listing.","Active","121",""
"LAB-028","lab_scene","Pharma cleanroom 028","aseptic compounding isolator farm for sterile injectables — bay 9","wide isolator farm","cool contained Grade A lighting","no product close-up; full pharmaceutical cleanroom; compound via typography / optional distant labeled sterile vial","","V-GHK-001","GHK-Cu","https://www.palmbeach-vitality.store/products/ghk-cu","FULL PHARMA LAB SCENE (wide). Photoreal PHARMACEUTICAL MANUFACTURING cleanroom (GMP / sterile injectables aesthetic). Looks like a real pharma fill-finish or sterile manufacturing suite — stainless, HEPA, classified grades, sanitary finishes — not a generic sci-fi biotech set, not a university teaching lab. Environment: aseptic compounding isolator farm for sterile injectables — bay 9. Camera: wide isolator farm. Lighting: cool contained Grade A lighting. Do not crop to a single object. Show the entire pharmaceutical cleanroom. Product lock for captions/typography only: GHK-Cu (V-GHK-001). Optional: one distant labeled 10mL sterile crimp-seal vial on a clean bench — never a macro close-up. SIGNAGE RULE: premium pharmaceutical cleanroom only. No cartoon hazard graphics, no biohazard trefoils, no striped danger tape as decor, no alert-word posters. Neutral room IDs and GMP status panels only.","Captions MUST be only about GHK-Cu (V-GHK-001) and its catalog listing.","Active","122",""
"LAB-122","vial_10ml_scene","Pharma lab + 10mL vial 122","HPLC / UPLC analytical QC lab for release testing of injectables — bay 11","wide instrument alley establishing shot","cool instrument-panel glow with soft overhead","10mL sterile crimp-seal injectable vial mid-ground in pharmaceutical cleanroom; never twist/screw cap; not extreme macro","10mL sterile injectable-style glass vial with rubber stopper and aluminum crimp seal (NOT screw-cap, NOT black twist cap)","V-SEM-001","Semaglutide","https://www.palmbeach-vitality.store/products/semaglutide","FULL PHARMA LAB + 10mL STERILE VIAL SCENE. Photoreal PHARMACEUTICAL MANUFACTURING cleanroom (GMP / sterile injectables aesthetic). Looks like a real pharma fill-finish or sterile manufacturing suite — stainless, HEPA, classified grades, sanitary finishes — not a generic sci-fi biotech set, not a university teaching lab. Environment: HPLC / UPLC analytical QC lab for release testing of injectables — bay 11. Camera: wide instrument alley establishing shot. Lighting: cool instrument-panel glow with soft overhead. Show the full pharmaceutical cleanroom; place one 10mL sterile injectable-style glass vial (rubber stopper + aluminum crimp seal only; NEVER black twist/screw cap) mid-ground on a clean bench. Not a close-up. Product lock: Semaglutide (V-SEM-001). SIGNAGE RULE: premium pharmaceutical cleanroom only. No cartoon hazard graphics, no biohazard trefoils, no striped danger tape as decor, no alert-word posters. Neutral room IDs and GMP status panels only.","Captions MUST be only about Semaglutide (V-SEM-001) and its catalog listing.","Active","123",""
"LAB-221","pen_3ml_scene","Pharma lab + 3mL pen 221","stability chamber corridor for ICH pharmaceutical stability studies — bay 12","wide corridor of chamber doors","cool violet-tinged chamber LEDs with soft fill","LOCKED PBV slightly elongated 3mL research pen (gray body, clear left cap, cobalt blue ring + ribbed dial, white DNA-helix label) mid-ground in pharmaceutical cleanroom; not extreme macro; not spa/lifestyle backdrop","LOCKED PBV research pen hardware (exact every time; slightly elongated longer 3mL barrel): light gray/off-white matte elongated barrel; clear transparent plastic tip-cap on left; bright cobalt blue accent ring mid-barrel; white wrap-around label with blue stylized DNA double-helix graphic on the left of the label; compound name in large blue sans-serif on the label with smaller secondary line like '8mg 3ml pen' or '3ml pen'; bright cobalt blue textured/ribbed dial on the right end. Color family: GLP family (Semaglutide / Tirzepatide / Retatrutide) — BLUE accents. Same longer silhouette/proportions as Palm Beach Vitality research pen template — ONLY the label text changes per compound. Never invent a different pen shape, dial, or wrong accent color.","P-TIR-001","Tirzepatide","https://www.palmbeach-vitality.store/products/tirzepatide-10mg-pen","FULL PHARMA LAB + LOCKED PBV 3mL RESEARCH PEN SCENE. Photoreal PHARMACEUTICAL MANUFACTURING cleanroom (GMP / sterile injectables aesthetic). Looks like a real pharma fill-finish or sterile manufacturing suite — stainless, HEPA, classified grades, sanitary finishes — not a generic sci-fi biotech set, not a university teaching lab, NOT a spa/bathroom/lifestyle marble set. Environment: stability chamber corridor for ICH pharmaceutical stability studies — bay 12. Camera: wide corridor of chamber doors. Lighting: cool violet-tinged chamber LEDs with soft fill. Show the full pharmaceutical cleanroom; place ONE locked PBV research pen mid-ground on a clean bench. Not a close-up. PEN HARDWARE LOCK (must match exactly): slightly elongated longer light gray/off-white matte 3mL barrel; clear transparent left tip-cap; bright cobalt blue mid accent ring; white wrap label with blue DNA helix graphic; label text 'Tirzepatide' in large blue type plus a smaller '3ml pen' secondary line; bright cobalt blue ribbed dial on right. ACCENT COLOR LOCK: BLUE (Semaglutide / Tirzepatide / Retatrutide only). Same longer hardware as Palm Beach Vitality research pen template — only label name changes. Product lock: Tirzepatide (P-TIR-001). SIGNAGE RULE: premium pharmaceutical cleanroom only. No cartoon hazard graphics, no biohazard trefoils, no striped danger tape as decor, no alert-word posters. Neutral room IDs and GMP status panels only.","Captions MUST be only about Tirzepatide (P-TIR-001) and its catalog listing.","Active","124",""
"LAB-033","lab_scene","Pharma cleanroom 033","sterile filtration skid room with 0.2 micron filter trains and pressure gauges — bay 7","wide architectural shot of filtration skids","cool clinical stainless lighting","no product close-up; full pharmaceutical cleanroom; compound via typography / optional distant labeled sterile vial","","V-RET-001","Retatrutide","https://www.palmbeach-vitality.store/products/retatrutide","FULL PHARMA LAB SCENE (wide). Photoreal PHARMACEUTICAL MANUFACTURING cleanroom (GMP / sterile injectables aesthetic). Looks like a real pharma fill-finish or sterile manufacturing suite — stainless, HEPA, classified grades, sanitary finishes — not a generic sci-fi biotech set, not a university teaching lab. Environment: sterile filtration skid room with 0.2 micron filter trains and pressure gauges — bay 7. Camera: wide architectural shot of filtration skids. Lighting: cool clinical stainless lighting. Do not crop to a single object. Show the entire pharmaceutical cleanroom. Product lock for captions/typography only: Retatrutide (V-RET-001). Optional: one distant labeled 10mL sterile crimp-seal vial on a clean bench — never a macro close-up. SIGNAGE RULE: premium pharmaceutical cleanroom only. No cartoon hazard graphics, no biohazard trefoils, no striped danger tape as decor, no alert-word posters. Neutral room IDs and GMP status panels only.","Captions MUST be only about Retatrutide (V-RET-001) and its catalog listing.","Active","125",""
"LAB-156","vial_10ml_scene","Pharma lab + 10mL vial 156","weighing / dispense cleanroom with anti-vibration balances under local protection — bay 11","wide weighing suite","bright soft key, clean sterile fill","10mL sterile crimp-seal injectable vial mid-ground in pharmaceutical cleanroom; never twist/screw cap; not extreme macro","10mL sterile injectable-style glass vial with rubber stopper and aluminum crimp seal (NOT screw-cap, NOT black twist cap)","V-CAG-001","Cagrilinitide","https://www.palmbeach-vitality.store/products/cargrilinitide","FULL PHARMA LAB + 10mL STERILE VIAL SCENE. Photoreal PHARMACEUTICAL MANUFACTURING cleanroom (GMP / sterile injectables aesthetic). Looks like a real pharma fill-finish or sterile manufacturing suite — stainless, HEPA, classified grades, sanitary finishes — not a generic sci-fi biotech set, not a university teaching lab. Environment: weighing / dispense cleanroom with anti-vibration balances under local protection — bay 11. Camera: wide weighing suite. Lighting: bright soft key, clean sterile fill. Show the full pharmaceutical cleanroom; place one 10mL sterile injectable-style glass vial (rubber stopper + aluminum crimp seal only; NEVER black twist/screw cap) mid-ground on a clean bench. Not a close-up. Product lock: Cagrilinitide (V-CAG-001). SIGNAGE RULE: premium pharmaceutical cleanroom only. No cartoon hazard graphics, no biohazard trefoils, no striped danger tape as decor, no alert-word posters. Neutral room IDs and GMP status panels only.","Captions MUST be only about Cagrilinitide (V-CAG-001) and its catalog listing.","Active","126",""
"LAB-249","pen_3ml_scene","Pharma lab + 3mL pen 249","sterile gowning cubicle bank with HEPA cascade — bay 11","wide cubicle bank","high-key cascade cleanroom light","LOCKED PBV slightly elongated 3mL research pen (gray body, clear left cap, crimson red ring + ribbed dial, white DNA-helix label) mid-ground in pharmaceutical cleanroom; not extreme macro; not spa/lifestyle backdrop","LOCKED PBV research pen hardware (exact every time; slightly elongated longer 3mL barrel): light gray/off-white matte elongated barrel; clear transparent plastic tip-cap on left; bright crimson red accent ring mid-barrel; white wrap-around label with red stylized DNA double-helix graphic on the left of the label; compound name in large red sans-serif on the label with smaller secondary line like '8mg 3ml pen' or '3ml pen'; bright crimson red textured/ribbed dial on the right end. Color family: standard peptide — RED accents (not GLP blue). Same longer silhouette/proportions as Palm Beach Vitality research pen template — ONLY the label text changes per compound. Never invent a different pen shape, dial, or wrong accent color.","P-SMX-001","Semax","https://www.palmbeach-vitality.store/products/semax-pen","FULL PHARMA LAB + LOCKED PBV 3mL RESEARCH PEN SCENE. Photoreal PHARMACEUTICAL MANUFACTURING cleanroom (GMP / sterile injectables aesthetic). Looks like a real pharma fill-finish or sterile manufacturing suite — stainless, HEPA, classified grades, sanitary finishes — not a generic sci-fi biotech set, not a university teaching lab, NOT a spa/bathroom/lifestyle marble set. Environment: sterile gowning cubicle bank with HEPA cascade — bay 11. Camera: wide cubicle bank. Lighting: high-key cascade cleanroom light. Show the full pharmaceutical cleanroom; place ONE locked PBV research pen mid-ground on a clean bench. Not a close-up. PEN HARDWARE LOCK (must match exactly): slightly elongated longer light gray/off-white matte 3mL barrel; clear transparent left tip-cap; bright crimson red mid accent ring; white wrap label with red DNA helix graphic; label text 'Semax' in large red type plus a smaller '3ml pen' secondary line; bright crimson red ribbed dial on right. ACCENT COLOR LOCK: RED for this peptide (NOT blue). Blue is reserved for Semaglutide, Tirzepatide, and Retatrutide only. Same longer hardware as Palm Beach Vitality research pen template — only label name changes. Product lock: Semax (P-SMX-001). SIGNAGE RULE: premium pharmaceutical cleanroom only. No cartoon hazard graphics, no biohazard trefoils, no striped danger tape as decor, no alert-word posters. Neutral room IDs and GMP status panels only.","Captions MUST be only about Semax (P-SMX-001) and its catalog listing.","Active","127",""
"LAB-196","vial_10ml_scene","Pharma lab + 10mL vial 196","environmental monitoring ante-room with settle-plate prep benches — bay 6","wide EM ante-room","soft daylight sterile panels","10mL sterile crimp-seal injectable vial mid-ground in pharmaceutical cleanroom; never twist/screw cap; not extreme macro","10mL sterile injectable-style glass vial with rubber stopper and aluminum crimp seal (NOT screw-cap, NOT black twist cap)","V-TB5-001","TB-500","https://www.palmbeach-vitality.store/products/tb-500","FULL PHARMA LAB + 10mL STERILE VIAL SCENE. Photoreal PHARMACEUTICAL MANUFACTURING cleanroom (GMP / sterile injectables aesthetic). Looks like a real pharma fill-finish or sterile manufacturing suite — stainless, HEPA, classified grades, sanitary finishes — not a generic sci-fi biotech set, not a university teaching lab. Environment: environmental monitoring ante-room with settle-plate prep benches — bay 6. Camera: wide EM ante-room. Lighting: soft daylight sterile panels. Show the full pharmaceutical cleanroom; place one 10mL sterile injectable-style glass vial (rubber stopper + aluminum crimp seal only; NEVER black twist/screw cap) mid-ground on a clean bench. Not a close-up. Product lock: TB-500 (V-TB5-001). SIGNAGE RULE: premium pharmaceutical cleanroom only. No cartoon hazard graphics, no biohazard trefoils, no striped danger tape as decor, no alert-word posters. Neutral room IDs and GMP status panels only.","Captions MUST be only about TB-500 (V-TB5-001) and its catalog listing.","Active","128",""
"LAB-298","pen_3ml_scene","Pharma lab + 3mL pen 298","lyo loading clean zone with tray carts staged for freeze-dryer load — bay 11","wide loading zone","cool blue-white pharmaceutical light","LOCKED PBV slightly elongated 3mL research pen (gray body, clear left cap, crimson red ring + ribbed dial, white DNA-helix label) mid-ground in pharmaceutical cleanroom; not extreme macro; not spa/lifestyle backdrop","LOCKED PBV research pen hardware (exact every time; slightly elongated longer 3mL barrel): light gray/off-white matte elongated barrel; clear transparent plastic tip-cap on left; bright crimson red accent ring mid-barrel; white wrap-around label with red stylized DNA double-helix graphic on the left of the label; compound name in large red sans-serif on the label with smaller secondary line like '8mg 3ml pen' or '3ml pen'; bright crimson red textured/ribbed dial on the right end. Color family: standard peptide — RED accents (not GLP blue). Same longer silhouette/proportions as Palm Beach Vitality research pen template — ONLY the label text changes per compound. Never invent a different pen shape, dial, or wrong accent color.","P-TEI-001","Tesamorelin/Ipamorelin","https://www.palmbeach-vitality.store/products/tesamorelin-ipamorelin-pen","FULL PHARMA LAB + LOCKED PBV 3mL RESEARCH PEN SCENE. Photoreal PHARMACEUTICAL MANUFACTURING cleanroom (GMP / sterile injectables aesthetic). Looks like a real pharma fill-finish or sterile manufacturing suite — stainless, HEPA, classified grades, sanitary finishes — not a generic sci-fi biotech set, not a university teaching lab, NOT a spa/bathroom/lifestyle marble set. Environment: lyo loading clean zone with tray carts staged for freeze-dryer load — bay 11. Camera: wide loading zone. Lighting: cool blue-white pharmaceutical light. Show the full pharmaceutical cleanroom; place ONE locked PBV research pen mid-ground on a clean bench. Not a close-up. PEN HARDWARE LOCK (must match exactly): slightly elongated longer light gray/off-white matte 3mL barrel; clear transparent left tip-cap; bright crimson red mid accent ring; white wrap label with red DNA helix graphic; label text 'Tesamorelin/Ipamorelin' in large red type plus a smaller '3ml pen' secondary line; bright crimson red ribbed dial on right. ACCENT COLOR LOCK: RED for this peptide (NOT blue). Blue is reserved for Semaglutide, Tirzepatide, and Retatrutide only. Same longer hardware as Palm Beach Vitality research pen template — only label name changes. Product lock: Tesamorelin/Ipamorelin (P-TEI-001). SIGNAGE RULE: premium pharmaceutical cleanroom only. No cartoon hazard graphics, no biohazard trefoils, no striped danger tape as decor, no alert-word posters. Neutral room IDs and GMP status panels only.","Captions MUST be only about Tesamorelin/Ipamorelin (P-TEI-001) and its catalog listing.","Active","129",""
"LAB-260","pen_3ml_scene","Pharma lab + 3mL pen 260","pharmaceutical batch-record kiosk corridor overlooking manufacturing suites — bay 10","wide corridor overlook into suites","warm-neutral softboxes, clean speculars","LOCKED PBV slightly elongated 3mL research pen (gray body, clear left cap, crimson red ring + ribbed dial, white DNA-helix label) mid-ground in pharmaceutical cleanroom; not extreme macro; not spa/lifestyle backdrop","LOCKED PBV research pen hardware (exact every time; slightly elongated longer 3mL barrel): light gray/off-white matte elongated barrel; clear transparent plastic tip-cap on left; bright crimson red accent ring mid-barrel; white wrap-around label with red stylized DNA double-helix graphic on the left of the label; compound name in large red sans-serif on the label with smaller secondary line like '8mg 3ml pen' or '3ml pen'; bright crimson red textured/ribbed dial on the right end. Color family: standard peptide — RED accents (not GLP blue). Same longer silhouette/proportions as Palm Beach Vitality research pen template — ONLY the label text changes per compound. Never invent a different pen shape, dial, or wrong accent color.","P-5AM-001","5-Amino-1MQ","https://www.palmbeach-vitality.store/products/5-amino-mq-pen","FULL PHARMA LAB + LOCKED PBV 3mL RESEARCH PEN SCENE. Photoreal PHARMACEUTICAL MANUFACTURING cleanroom (GMP / sterile injectables aesthetic). Looks like a real pharma fill-finish or sterile manufacturing suite — stainless, HEPA, classified grades, sanitary finishes — not a generic sci-fi biotech set, not a university teaching lab, NOT a spa/bathroom/lifestyle marble set. Environment: pharmaceutical batch-record kiosk corridor overlooking manufacturing suites — bay 10. Camera: wide corridor overlook into suites. Lighting: warm-neutral softboxes, clean speculars. Show the full pharmaceutical cleanroom; place ONE locked PBV research pen mid-ground on a clean bench. Not a close-up. PEN HARDWARE LOCK (must match exactly): slightly elongated longer light gray/off-white matte 3mL barrel; clear transparent left tip-cap; bright crimson red mid accent ring; white wrap label with red DNA helix graphic; label text '5-Amino-1MQ' in large red type plus a smaller '3ml pen' secondary line; bright crimson red ribbed dial on right. ACCENT COLOR LOCK: RED for this peptide (NOT blue). Blue is reserved for Semaglutide, Tirzepatide, and Retatrutide only. Same longer hardware as Palm Beach Vitality research pen template — only label name changes. Product lock: 5-Amino-1MQ (P-5AM-001). SIGNAGE RULE: premium pharmaceutical cleanroom only. No cartoon hazard graphics, no biohazard trefoils, no striped danger tape as decor, no alert-word posters. Neutral room IDs and GMP status panels only.","Captions MUST be only about 5-Amino-1MQ (P-5AM-001) and its catalog listing.","Active","130",""
"LAB-031","lab_scene","Pharma cleanroom 031","sterile lyophilization suite with production-scale freeze-dryer banks and clean aisle — bay 1","wide establishing shot of lyophilizer row","cool steel-blue GMP lighting with clean speculars","no product close-up; full pharmaceutical cleanroom; compound via typography / optional distant labeled sterile vial","","V-AOD-001","AOD-9604","https://www.palmbeach-vitality.store/products/aod-9604","FULL PHARMA LAB SCENE (wide). Photoreal PHARMACEUTICAL MANUFACTURING cleanroom (GMP / sterile injectables aesthetic). Looks like a real pharma fill-finish or sterile manufacturing suite — stainless, HEPA, classified grades, sanitary finishes — not a generic sci-fi biotech set, not a university teaching lab. Environment: sterile lyophilization suite with production-scale freeze-dryer banks and clean aisle — bay 1. Camera: wide establishing shot of lyophilizer row. Lighting: cool steel-blue GMP lighting with clean speculars. Do not crop to a single object. Show the entire pharmaceutical cleanroom. Product lock for captions/typography only: AOD-9604 (V-AOD-001). Optional: one distant labeled 10mL sterile crimp-seal vial on a clean bench — never a macro close-up. SIGNAGE RULE: premium pharmaceutical cleanroom only. No cartoon hazard graphics, no biohazard trefoils, no striped danger tape as decor, no alert-word posters. Neutral room IDs and GMP status panels only.","Captions MUST be only about AOD-9604 (V-AOD-001) and its catalog listing.","Active","131",""
"LAB-157","vial_10ml_scene","Pharma lab + 10mL vial 157","pharmaceutical label control room with verified print-and-apply systems — bay 3","wide label control room","bright office-cleanroom hybrid light","10mL sterile crimp-seal injectable vial mid-ground in pharmaceutical cleanroom; never twist/screw cap; not extreme macro","10mL sterile injectable-style glass vial with rubber stopper and aluminum crimp seal (NOT screw-cap, NOT black twist cap)","V-CJC-001","CJC (no DAC)","https://www.palmbeach-vitality.store/products/cjc","FULL PHARMA LAB + 10mL STERILE VIAL SCENE. Photoreal PHARMACEUTICAL MANUFACTURING cleanroom (GMP / sterile injectables aesthetic). Looks like a real pharma fill-finish or sterile manufacturing suite — stainless, HEPA, classified grades, sanitary finishes — not a generic sci-fi biotech set, not a university teaching lab. Environment: pharmaceutical label control room with verified print-and-apply systems — bay 3. Camera: wide label control room. Lighting: bright office-cleanroom hybrid light. Show the full pharmaceutical cleanroom; place one 10mL sterile injectable-style glass vial (rubber stopper + aluminum crimp seal only; NEVER black twist/screw cap) mid-ground on a clean bench. Not a close-up. Product lock: CJC (no DAC) (V-CJC-001). SIGNAGE RULE: premium pharmaceutical cleanroom only. No cartoon hazard graphics, no biohazard trefoils, no striped danger tape as decor, no alert-word posters. Neutral room IDs and GMP status panels only.","Captions MUST be only about CJC (no DAC) (V-CJC-001) and its catalog listing.","Active","132",""
"LAB-258","pen_3ml_scene","Pharma lab + 3mL pen 258","validated cleanroom corridor with flush windows into fill-finish suites — bay 4","dolly-style corridor looking into suites","high-key minimal-shadow sterile white","LOCKED PBV slightly elongated 3mL research pen (gray body, clear left cap, crimson red ring + ribbed dial, white DNA-helix label) mid-ground in pharmaceutical cleanroom; not extreme macro; not spa/lifestyle backdrop","LOCKED PBV research pen hardware (exact every time; slightly elongated longer 3mL barrel): light gray/off-white matte elongated barrel; clear transparent plastic tip-cap on left; bright crimson red accent ring mid-barrel; white wrap-around label with red stylized DNA double-helix graphic on the left of the label; compound name in large red sans-serif on the label with smaller secondary line like '8mg 3ml pen' or '3ml pen'; bright crimson red textured/ribbed dial on the right end. Color family: standard peptide — RED accents (not GLP blue). Same longer silhouette/proportions as Palm Beach Vitality research pen template — ONLY the label text changes per compound. Never invent a different pen shape, dial, or wrong accent color.","P-DSI-001","DSIP","https://www.palmbeach-vitality.store/products/dsip-pen","FULL PHARMA LAB + LOCKED PBV 3mL RESEARCH PEN SCENE. Photoreal PHARMACEUTICAL MANUFACTURING cleanroom (GMP / sterile injectables aesthetic). Looks like a real pharma fill-finish or sterile manufacturing suite — stainless, HEPA, classified grades, sanitary finishes — not a generic sci-fi biotech set, not a university teaching lab, NOT a spa/bathroom/lifestyle marble set. Environment: validated cleanroom corridor with flush windows into fill-finish suites — bay 4. Camera: dolly-style corridor looking into suites. Lighting: high-key minimal-shadow sterile white. Show the full pharmaceutical cleanroom; place ONE locked PBV research pen mid-ground on a clean bench. Not a close-up. PEN HARDWARE LOCK (must match exactly): slightly elongated longer light gray/off-white matte 3mL barrel; clear transparent left tip-cap; bright crimson red mid accent ring; white wrap label with red DNA helix graphic; label text 'DSIP' in large red type plus a smaller '3ml pen' secondary line; bright crimson red ribbed dial on right. ACCENT COLOR LOCK: RED for this peptide (NOT blue). Blue is reserved for Semaglutide, Tirzepatide, and Retatrutide only. Same longer hardware as Palm Beach Vitality research pen template — only label name changes. Product lock: DSIP (P-DSI-001). SIGNAGE RULE: premium pharmaceutical cleanroom only. No cartoon hazard graphics, no biohazard trefoils, no striped danger tape as decor, no alert-word posters. Neutral room IDs and GMP status panels only.","Captions MUST be only about DSIP (P-DSI-001) and its catalog listing.","Active","133",""
"LAB-263","pen_3ml_scene","Pharma lab + 3mL pen 263","sterile emulsion / peptide formulation suite with closed vessels — bay 2","wide formulation suite","soft premium pharmaceutical catalog light","LOCKED PBV slightly elongated 3mL research pen (gray body, clear left cap, crimson red ring + ribbed dial, white DNA-helix label) mid-ground in pharmaceutical cleanroom; not extreme macro; not spa/lifestyle backdrop","LOCKED PBV research pen hardware (exact every time; slightly elongated longer 3mL barrel): light gray/off-white matte elongated barrel; clear transparent plastic tip-cap on left; bright crimson red accent ring mid-barrel; white wrap-around label with red stylized DNA double-helix graphic on the left of the label; compound name in large red sans-serif on the label with smaller secondary line like '8mg 3ml pen' or '3ml pen'; bright crimson red textured/ribbed dial on the right end. Color family: standard peptide — RED accents (not GLP blue). Same longer silhouette/proportions as Palm Beach Vitality research pen template — ONLY the label text changes per compound. Never invent a different pen shape, dial, or wrong accent color.","P-KPV-001","KPV","https://www.palmbeach-vitality.store/products/kpv","FULL PHARMA LAB + LOCKED PBV 3mL RESEARCH PEN SCENE. Photoreal PHARMACEUTICAL MANUFACTURING cleanroom (GMP / sterile injectables aesthetic). Looks like a real pharma fill-finish or sterile manufacturing suite — stainless, HEPA, classified grades, sanitary finishes — not a generic sci-fi biotech set, not a university teaching lab, NOT a spa/bathroom/lifestyle marble set. Environment: sterile emulsion / peptide formulation suite with closed vessels — bay 2. Camera: wide formulation suite. Lighting: soft premium pharmaceutical catalog light. Show the full pharmaceutical cleanroom; place ONE locked PBV research pen mid-ground on a clean bench. Not a close-up. PEN HARDWARE LOCK (must match exactly): slightly elongated longer light gray/off-white matte 3mL barrel; clear transparent left tip-cap; bright crimson red mid accent ring; white wrap label with red DNA helix graphic; label text 'KPV' in large red type plus a smaller '3ml pen' secondary line; bright crimson red ribbed dial on right. ACCENT COLOR LOCK: RED for this peptide (NOT blue). Blue is reserved for Semaglutide, Tirzepatide, and Retatrutide only. Same longer hardware as Palm Beach Vitality research pen template — only label name changes. Product lock: KPV (P-KPV-001). SIGNAGE RULE: premium pharmaceutical cleanroom only. No cartoon hazard graphics, no biohazard trefoils, no striped danger tape as decor, no alert-word posters. Neutral room IDs and GMP status panels only.","Captions MUST be only about KPV (P-KPV-001) and its catalog listing.","Active","134",""
"LAB-163","vial_10ml_scene","Pharma lab + 10mL vial 163","ISO classified material airlock with roller racks and status lights — bay 4","wide material airlock","cool sterile cyan with soft wash","10mL sterile crimp-seal injectable vial mid-ground in pharmaceutical cleanroom; never twist/screw cap; not extreme macro","10mL sterile injectable-style glass vial with rubber stopper and aluminum crimp seal (NOT screw-cap, NOT black twist cap)","V-MT2-001","Melanotan 2","https://www.palmbeach-vitality.store/products/melonotan","FULL PHARMA LAB + 10mL STERILE VIAL SCENE. Photoreal PHARMACEUTICAL MANUFACTURING cleanroom (GMP / sterile injectables aesthetic). Looks like a real pharma fill-finish or sterile manufacturing suite — stainless, HEPA, classified grades, sanitary finishes — not a generic sci-fi biotech set, not a university teaching lab. Environment: ISO classified material airlock with roller racks and status lights — bay 4. Camera: wide material airlock. Lighting: cool sterile cyan with soft wash. Show the full pharmaceutical cleanroom; place one 10mL sterile injectable-style glass vial (rubber stopper + aluminum crimp seal only; NEVER black twist/screw cap) mid-ground on a clean bench. Not a close-up. Product lock: Melanotan 2 (V-MT2-001). SIGNAGE RULE: premium pharmaceutical cleanroom only. No cartoon hazard graphics, no biohazard trefoils, no striped danger tape as decor, no alert-word posters. Neutral room IDs and GMP status panels only.","Captions MUST be only about Melanotan 2 (V-MT2-001) and its catalog listing.","Active","135",""
"LAB-233","pen_3ml_scene","Pharma lab + 3mL pen 233","fill-finish control room with window into Grade A zone — bay 14","wide control room looking into Grade A","dim control + bright cleanroom contrast","LOCKED PBV slightly elongated 3mL research pen (gray body, clear left cap, crimson red ring + ribbed dial, white DNA-helix label) mid-ground in pharmaceutical cleanroom; not extreme macro; not spa/lifestyle backdrop","LOCKED PBV research pen hardware (exact every time; slightly elongated longer 3mL barrel): light gray/off-white matte elongated barrel; clear transparent plastic tip-cap on left; bright crimson red accent ring mid-barrel; white wrap-around label with red stylized DNA double-helix graphic on the left of the label; compound name in large red sans-serif on the label with smaller secondary line like '8mg 3ml pen' or '3ml pen'; bright crimson red textured/ribbed dial on the right end. Color family: standard peptide — RED accents (not GLP blue). Same longer silhouette/proportions as Palm Beach Vitality research pen template — ONLY the label text changes per compound. Never invent a different pen shape, dial, or wrong accent color.","P-BPC-001","BPC-157","https://www.palmbeach-vitality.store/products/bpc-157-pen","FULL PHARMA LAB + LOCKED PBV 3mL RESEARCH PEN SCENE. Photoreal PHARMACEUTICAL MANUFACTURING cleanroom (GMP / sterile injectables aesthetic). Looks like a real pharma fill-finish or sterile manufacturing suite — stainless, HEPA, classified grades, sanitary finishes — not a generic sci-fi biotech set, not a university teaching lab, NOT a spa/bathroom/lifestyle marble set. Environment: fill-finish control room with window into Grade A zone — bay 14. Camera: wide control room looking into Grade A. Lighting: dim control + bright cleanroom contrast. Show the full pharmaceutical cleanroom; place ONE locked PBV research pen mid-ground on a clean bench. Not a close-up. PEN HARDWARE LOCK (must match exactly): slightly elongated longer light gray/off-white matte 3mL barrel; clear transparent left tip-cap; bright crimson red mid accent ring; white wrap label with red DNA helix graphic; label text 'BPC-157' in large red type plus a smaller '3ml pen' secondary line; bright crimson red ribbed dial on right. ACCENT COLOR LOCK: RED for this peptide (NOT blue). Blue is reserved for Semaglutide, Tirzepatide, and Retatrutide only. Same longer hardware as Palm Beach Vitality research pen template — only label name changes. Product lock: BPC-157 (P-BPC-001). SIGNAGE RULE: premium pharmaceutical cleanroom only. No cartoon hazard graphics, no biohazard trefoils, no striped danger tape as decor, no alert-word posters. Neutral room IDs and GMP status panels only.","Captions MUST be only about BPC-157 (P-BPC-001) and its catalog listing.","Active","136",""
"LAB-024","lab_scene","Pharma cleanroom 024","Grade C preparation hall feeding Grade B/A sterile core — bay 14","wide hall into core airlocks","bright sterile progressive-grade lighting","no product close-up; full pharmaceutical cleanroom; compound via typography / optional distant labeled sterile vial","","V-WOL-001","BPC-157 / TB-500","https://www.palmbeach-vitality.store/products/wolverine-stack","FULL PHARMA LAB SCENE (wide). Photoreal PHARMACEUTICAL MANUFACTURING cleanroom (GMP / sterile injectables aesthetic). Looks like a real pharma fill-finish or sterile manufacturing suite — stainless, HEPA, classified grades, sanitary finishes — not a generic sci-fi biotech set, not a university teaching lab. Environment: Grade C preparation hall feeding Grade B/A sterile core — bay 14. Camera: wide hall into core airlocks. Lighting: bright sterile progressive-grade lighting. Do not crop to a single object. Show the entire pharmaceutical cleanroom. Product lock for captions/typography only: BPC-157 / TB-500 (V-WOL-001). Optional: one distant labeled 10mL sterile crimp-seal vial on a clean bench — never a macro close-up. SIGNAGE RULE: premium pharmaceutical cleanroom only. No cartoon hazard graphics, no biohazard trefoils, no striped danger tape as decor, no alert-word posters. Neutral room IDs and GMP status panels only.","Captions MUST be only about BPC-157 / TB-500 (V-WOL-001) and its catalog listing.","Active","137",""
"LAB-101","vial_10ml_scene","Pharma lab + 10mL vial 101","crimp-sealing and capping lane for sterile injectable vials — bay 5","wide lane perspective of crimp stations","cool neutral GMP wash, minimal shadows","10mL sterile crimp-seal injectable vial mid-ground in pharmaceutical cleanroom; never twist/screw cap; not extreme macro","10mL sterile injectable-style glass vial with rubber stopper and aluminum crimp seal (NOT screw-cap, NOT black twist cap)","V-KLO-001","KPV / BPC-157 / TB-500 / GHK-Cu","https://www.palmbeach-vitality.store/products/klow-kpv-bpc-157-tb-500-ghk","FULL PHARMA LAB + 10mL STERILE VIAL SCENE. Photoreal PHARMACEUTICAL MANUFACTURING cleanroom (GMP / sterile injectables aesthetic). Looks like a real pharma fill-finish or sterile manufacturing suite — stainless, HEPA, classified grades, sanitary finishes — not a generic sci-fi biotech set, not a university teaching lab. Environment: crimp-sealing and capping lane for sterile injectable vials — bay 5. Camera: wide lane perspective of crimp stations. Lighting: cool neutral GMP wash, minimal shadows. Show the full pharmaceutical cleanroom; place one 10mL sterile injectable-style glass vial (rubber stopper + aluminum crimp seal only; NEVER black twist/screw cap) mid-ground on a clean bench. Not a close-up. Product lock: KPV / BPC-157 / TB-500 / GHK-Cu (V-KLO-001). SIGNAGE RULE: premium pharmaceutical cleanroom only. No cartoon hazard graphics, no biohazard trefoils, no striped danger tape as decor, no alert-word posters. Neutral room IDs and GMP status panels only.","Captions MUST be only about KPV / BPC-157 / TB-500 / GHK-Cu (V-KLO-001) and its catalog listing.","Active","138",""
"LAB-202","pen_3ml_scene","Pharma lab + 3mL pen 202","lyophilized-vial inspection booth row with black/white contrast stations — bay 6","wide inspection bay establishing shot","controlled high-contrast pharma inspection lighting","LOCKED PBV slightly elongated 3mL research pen (gray body, clear left cap, crimson red ring + ribbed dial, white DNA-helix label) mid-ground in pharmaceutical cleanroom; not extreme macro; not spa/lifestyle backdrop","LOCKED PBV research pen hardware (exact every time; slightly elongated longer 3mL barrel): light gray/off-white matte elongated barrel; clear transparent plastic tip-cap on left; bright crimson red accent ring mid-barrel; white wrap-around label with red stylized DNA double-helix graphic on the left of the label; compound name in large red sans-serif on the label with smaller secondary line like '8mg 3ml pen' or '3ml pen'; bright crimson red textured/ribbed dial on the right end. Color family: standard peptide — RED accents (not GLP blue). Same longer silhouette/proportions as Palm Beach Vitality research pen template — ONLY the label text changes per compound. Never invent a different pen shape, dial, or wrong accent color.","P-MOT-001","MOTS-C","https://www.palmbeach-vitality.store/products/mots-c","FULL PHARMA LAB + LOCKED PBV 3mL RESEARCH PEN SCENE. Photoreal PHARMACEUTICAL MANUFACTURING cleanroom (GMP / sterile injectables aesthetic). Looks like a real pharma fill-finish or sterile manufacturing suite — stainless, HEPA, classified grades, sanitary finishes — not a generic sci-fi biotech set, not a university teaching lab, NOT a spa/bathroom/lifestyle marble set. Environment: lyophilized-vial inspection booth row with black/white contrast stations — bay 6. Camera: wide inspection bay establishing shot. Lighting: controlled high-contrast pharma inspection lighting. Show the full pharmaceutical cleanroom; place ONE locked PBV research pen mid-ground on a clean bench. Not a close-up. PEN HARDWARE LOCK (must match exactly): slightly elongated longer light gray/off-white matte 3mL barrel; clear transparent left tip-cap; bright crimson red mid accent ring; white wrap label with red DNA helix graphic; label text 'MOTS-C' in large red type plus a smaller '3ml pen' secondary line; bright crimson red ribbed dial on right. ACCENT COLOR LOCK: RED for this peptide (NOT blue). Blue is reserved for Semaglutide, Tirzepatide, and Retatrutide only. Same longer hardware as Palm Beach Vitality research pen template — only label name changes. Product lock: MOTS-C (P-MOT-001). SIGNAGE RULE: premium pharmaceutical cleanroom only. No cartoon hazard graphics, no biohazard trefoils, no striped danger tape as decor, no alert-word posters. Neutral room IDs and GMP status panels only.","Captions MUST be only about MOTS-C (P-MOT-001) and its catalog listing.","Active","139",""
"LAB-016","lab_scene","Pharma cleanroom 016","formulation compounding suite with jacketed stainless compounding vessels — bay 7","elevated wide of compounding suite","warm-neutral pharmaceutical softboxes","no product close-up; full pharmaceutical cleanroom; compound via typography / optional distant labeled sterile vial","","V-NAD-001","NAD+","https://www.palmbeach-vitality.store/products/nad-1","FULL PHARMA LAB SCENE (wide). Photoreal PHARMACEUTICAL MANUFACTURING cleanroom (GMP / sterile injectables aesthetic). Looks like a real pharma fill-finish or sterile manufacturing suite — stainless, HEPA, classified grades, sanitary finishes — not a generic sci-fi biotech set, not a university teaching lab. Environment: formulation compounding suite with jacketed stainless compounding vessels — bay 7. Camera: elevated wide of compounding suite. Lighting: warm-neutral pharmaceutical softboxes. Do not crop to a single object. Show the entire pharmaceutical cleanroom. Product lock for captions/typography only: NAD+ (V-NAD-001). Optional: one distant labeled 10mL sterile crimp-seal vial on a clean bench — never a macro close-up. SIGNAGE RULE: premium pharmaceutical cleanroom only. No cartoon hazard graphics, no biohazard trefoils, no striped danger tape as decor, no alert-word posters. Neutral room IDs and GMP status panels only.","Captions MUST be only about NAD+ (V-NAD-001) and its catalog listing.","Active","140",""
"LAB-104","vial_10ml_scene","Pharma lab + 10mL vial 104","sterile filtration skid room with 0.2 micron filter trains and pressure gauges — bay 8","wide architectural shot of filtration skids","cool clinical stainless lighting","10mL sterile crimp-seal injectable vial mid-ground in pharmaceutical cleanroom; never twist/screw cap; not extreme macro","10mL sterile injectable-style glass vial with rubber stopper and aluminum crimp seal (NOT screw-cap, NOT black twist cap)","V-PT1-001","PT-141","https://www.palmbeach-vitality.store/products/pt-141","FULL PHARMA LAB + 10mL STERILE VIAL SCENE. Photoreal PHARMACEUTICAL MANUFACTURING cleanroom (GMP / sterile injectables aesthetic). Looks like a real pharma fill-finish or sterile manufacturing suite — stainless, HEPA, classified grades, sanitary finishes — not a generic sci-fi biotech set, not a university teaching lab. Environment: sterile filtration skid room with 0.2 micron filter trains and pressure gauges — bay 8. Camera: wide architectural shot of filtration skids. Lighting: cool clinical stainless lighting. Show the full pharmaceutical cleanroom; place one 10mL sterile injectable-style glass vial (rubber stopper + aluminum crimp seal only; NEVER black twist/screw cap) mid-ground on a clean bench. Not a close-up. Product lock: PT-141 (V-PT1-001). SIGNAGE RULE: premium pharmaceutical cleanroom only. No cartoon hazard graphics, no biohazard trefoils, no striped danger tape as decor, no alert-word posters. Neutral room IDs and GMP status panels only.","Captions MUST be only about PT-141 (V-PT1-001) and its catalog listing.","Active","141",""
"LAB-206","pen_3ml_scene","Pharma lab + 3mL pen 206","serialization and aggregation lane for pharmaceutical carton verification — bay 1","wide serialization lane","bright clean verification lighting","LOCKED PBV slightly elongated 3mL research pen (gray body, clear left cap, crimson red ring + ribbed dial, white DNA-helix label) mid-ground in pharmaceutical cleanroom; not extreme macro; not spa/lifestyle backdrop","LOCKED PBV research pen hardware (exact every time; slightly elongated longer 3mL barrel): light gray/off-white matte elongated barrel; clear transparent plastic tip-cap on left; bright crimson red accent ring mid-barrel; white wrap-around label with red stylized DNA double-helix graphic on the left of the label; compound name in large red sans-serif on the label with smaller secondary line like '8mg 3ml pen' or '3ml pen'; bright crimson red textured/ribbed dial on the right end. Color family: standard peptide — RED accents (not GLP blue). Same longer silhouette/proportions as Palm Beach Vitality research pen template — ONLY the label text changes per compound. Never invent a different pen shape, dial, or wrong accent color.","P-SEL-001","Selank","https://www.palmbeach-vitality.store/products/selank-pen","FULL PHARMA LAB + LOCKED PBV 3mL RESEARCH PEN SCENE. Photoreal PHARMACEUTICAL MANUFACTURING cleanroom (GMP / sterile injectables aesthetic). Looks like a real pharma fill-finish or sterile manufacturing suite — stainless, HEPA, classified grades, sanitary finishes — not a generic sci-fi biotech set, not a university teaching lab, NOT a spa/bathroom/lifestyle marble set. Environment: serialization and aggregation lane for pharmaceutical carton verification — bay 1. Camera: wide serialization lane. Lighting: bright clean verification lighting. Show the full pharmaceutical cleanroom; place ONE locked PBV research pen mid-ground on a clean bench. Not a close-up. PEN HARDWARE LOCK (must match exactly): slightly elongated longer light gray/off-white matte 3mL barrel; clear transparent left tip-cap; bright crimson red mid accent ring; white wrap label with red DNA helix graphic; label text 'Selank' in large red type plus a smaller '3ml pen' secondary line; bright crimson red ribbed dial on right. ACCENT COLOR LOCK: RED for this peptide (NOT blue). Blue is reserved for Semaglutide, Tirzepatide, and Retatrutide only. Same longer hardware as Palm Beach Vitality research pen template — only label name changes. Product lock: Selank (P-SEL-001). SIGNAGE RULE: premium pharmaceutical cleanroom only. No cartoon hazard graphics, no biohazard trefoils, no striped danger tape as decor, no alert-word posters. Neutral room IDs and GMP status panels only.","Captions MUST be only about Selank (P-SEL-001) and its catalog listing.","Active","142",""
"LAB-019","lab_scene","Pharma cleanroom 019","WFI utility corridor with polished sanitary piping and valve clusters — bay 16","wide utility corridor perspective","cool reflective pharmaceutical utility light","no product close-up; full pharmaceutical cleanroom; compound via typography / optional distant labeled sterile vial","","V-SER-001","Sermorelin","https://www.palmbeach-vitality.store/products/sermorelin","FULL PHARMA LAB SCENE (wide). Photoreal PHARMACEUTICAL MANUFACTURING cleanroom (GMP / sterile injectables aesthetic). Looks like a real pharma fill-finish or sterile manufacturing suite — stainless, HEPA, classified grades, sanitary finishes — not a generic sci-fi biotech set, not a university teaching lab. Environment: WFI utility corridor with polished sanitary piping and valve clusters — bay 16. Camera: wide utility corridor perspective. Lighting: cool reflective pharmaceutical utility light. Do not crop to a single object. Show the entire pharmaceutical cleanroom. Product lock for captions/typography only: Sermorelin (V-SER-001). Optional: one distant labeled 10mL sterile crimp-seal vial on a clean bench — never a macro close-up. SIGNAGE RULE: premium pharmaceutical cleanroom only. No cartoon hazard graphics, no biohazard trefoils, no striped danger tape as decor, no alert-word posters. Neutral room IDs and GMP status panels only.","Captions MUST be only about Sermorelin (V-SER-001) and its catalog listing.","Active","143",""
"LAB-109","vial_10ml_scene","Pharma lab + 10mL vial 109","aseptic connection / sterile tubing weld bay — bay 12","wide bay establishing shot","cool cleanroom rim with soft fill","10mL sterile crimp-seal injectable vial mid-ground in pharmaceutical cleanroom; never twist/screw cap; not extreme macro","10mL sterile injectable-style glass vial with rubber stopper and aluminum crimp seal (NOT screw-cap, NOT black twist cap)","V-TES-001","Tesamorelin","https://www.palmbeach-vitality.store/products/tesamorelin","FULL PHARMA LAB + 10mL STERILE VIAL SCENE. Photoreal PHARMACEUTICAL MANUFACTURING cleanroom (GMP / sterile injectables aesthetic). Looks like a real pharma fill-finish or sterile manufacturing suite — stainless, HEPA, classified grades, sanitary finishes — not a generic sci-fi biotech set, not a university teaching lab. Environment: aseptic connection / sterile tubing weld bay — bay 12. Camera: wide bay establishing shot. Lighting: cool cleanroom rim with soft fill. Show the full pharmaceutical cleanroom; place one 10mL sterile injectable-style glass vial (rubber stopper + aluminum crimp seal only; NEVER black twist/screw cap) mid-ground on a clean bench. Not a close-up. Product lock: Tesamorelin (V-TES-001). SIGNAGE RULE: premium pharmaceutical cleanroom only. No cartoon hazard graphics, no biohazard trefoils, no striped danger tape as decor, no alert-word posters. Neutral room IDs and GMP status panels only.","Captions MUST be only about Tesamorelin (V-TES-001) and its catalog listing.","Active","144",""
"LAB-218","pen_3ml_scene","Pharma lab + 3mL pen 218","aseptic vial filling machine cell with stoppering station under unidirectional airflow — bay 3","three-quarter wide of filler cell","bright clean pharmaceutical catalog light","LOCKED PBV slightly elongated 3mL research pen (gray body, clear left cap, crimson red ring + ribbed dial, white DNA-helix label) mid-ground in pharmaceutical cleanroom; not extreme macro; not spa/lifestyle backdrop","LOCKED PBV research pen hardware (exact every time; slightly elongated longer 3mL barrel): light gray/off-white matte elongated barrel; clear transparent plastic tip-cap on left; bright crimson red accent ring mid-barrel; white wrap-around label with red stylized DNA double-helix graphic on the left of the label; compound name in large red sans-serif on the label with smaller secondary line like '8mg 3ml pen' or '3ml pen'; bright crimson red textured/ribbed dial on the right end. Color family: standard peptide — RED accents (not GLP blue). Same longer silhouette/proportions as Palm Beach Vitality research pen template — ONLY the label text changes per compound. Never invent a different pen shape, dial, or wrong accent color.","P-SS3-001","SS-31","https://www.palmbeach-vitality.store/products/ss-31-pen","FULL PHARMA LAB + LOCKED PBV 3mL RESEARCH PEN SCENE. Photoreal PHARMACEUTICAL MANUFACTURING cleanroom (GMP / sterile injectables aesthetic). Looks like a real pharma fill-finish or sterile manufacturing suite — stainless, HEPA, classified grades, sanitary finishes — not a generic sci-fi biotech set, not a university teaching lab, NOT a spa/bathroom/lifestyle marble set. Environment: aseptic vial filling machine cell with stoppering station under unidirectional airflow — bay 3. Camera: three-quarter wide of filler cell. Lighting: bright clean pharmaceutical catalog light. Show the full pharmaceutical cleanroom; place ONE locked PBV research pen mid-ground on a clean bench. Not a close-up. PEN HARDWARE LOCK (must match exactly): slightly elongated longer light gray/off-white matte 3mL barrel; clear transparent left tip-cap; bright crimson red mid accent ring; white wrap label with red DNA helix graphic; label text 'SS-31' in large red type plus a smaller '3ml pen' secondary line; bright crimson red ribbed dial on right. ACCENT COLOR LOCK: RED for this peptide (NOT blue). Blue is reserved for Semaglutide, Tirzepatide, and Retatrutide only. Same longer hardware as Palm Beach Vitality research pen template — only label name changes. Product lock: SS-31 (P-SS3-001). SIGNAGE RULE: premium pharmaceutical cleanroom only. No cartoon hazard graphics, no biohazard trefoils, no striped danger tape as decor, no alert-word posters. Neutral room IDs and GMP status panels only.","Captions MUST be only about SS-31 (P-SS3-001) and its catalog listing.","Active","145",""
"LAB-043","lab_scene","Pharma cleanroom 043","depyrogenation tunnel / dry-heat sterilization line anteroom — bay 3","wide anteroom to tunnel line","warm-cool hybrid process lighting","no product close-up; full pharmaceutical cleanroom; compound via typography / optional distant labeled sterile vial","","P-TA1-001","Thymosin Alpha-1","https://www.palmbeach-vitality.store/products/ta-2","FULL PHARMA LAB SCENE (wide). Photoreal PHARMACEUTICAL MANUFACTURING cleanroom (GMP / sterile injectables aesthetic). Looks like a real pharma fill-finish or sterile manufacturing suite — stainless, HEPA, classified grades, sanitary finishes — not a generic sci-fi biotech set, not a university teaching lab. Environment: depyrogenation tunnel / dry-heat sterilization line anteroom — bay 3. Camera: wide anteroom to tunnel line. Lighting: warm-cool hybrid process lighting. Do not crop to a single object. Show the entire pharmaceutical cleanroom. Product lock for captions/typography only: Thymosin Alpha-1 (P-TA1-001). Optional: one distant labeled 10mL sterile crimp-seal vial on a clean bench — never a macro close-up. SIGNAGE RULE: premium pharmaceutical cleanroom only. No cartoon hazard graphics, no biohazard trefoils, no striped danger tape as decor, no alert-word posters. Neutral room IDs and GMP status panels only.","Captions MUST be only about Thymosin Alpha-1 (P-TA1-001) and its catalog listing.","Active","146",""
"LAB-138","vial_10ml_scene","Pharma lab + 10mL vial 138","stability chamber corridor for ICH pharmaceutical stability studies — bay 11","wide corridor of chamber doors","cool violet-tinged chamber LEDs with soft fill","10mL sterile crimp-seal injectable vial mid-ground in pharmaceutical cleanroom; never twist/screw cap; not extreme macro","10mL sterile injectable-style glass vial with rubber stopper and aluminum crimp seal (NOT screw-cap, NOT black twist cap)","V-GLO-001","BPC-157 / TB-500 / GHK-Cu","https://www.palmbeach-vitality.store/products/glow","FULL PHARMA LAB + 10mL STERILE VIAL SCENE. Photoreal PHARMACEUTICAL MANUFACTURING cleanroom (GMP / sterile injectables aesthetic). Looks like a real pharma fill-finish or sterile manufacturing suite — stainless, HEPA, classified grades, sanitary finishes — not a generic sci-fi biotech set, not a university teaching lab. Environment: stability chamber corridor for ICH pharmaceutical stability studies — bay 11. Camera: wide corridor of chamber doors. Lighting: cool violet-tinged chamber LEDs with soft fill. Show the full pharmaceutical cleanroom; place one 10mL sterile injectable-style glass vial (rubber stopper + aluminum crimp seal only; NEVER black twist/screw cap) mid-ground on a clean bench. Not a close-up. Product lock: BPC-157 / TB-500 / GHK-Cu (V-GLO-001). SIGNAGE RULE: premium pharmaceutical cleanroom only. No cartoon hazard graphics, no biohazard trefoils, no striped danger tape as decor, no alert-word posters. Neutral room IDs and GMP status panels only.","Captions MUST be only about BPC-157 / TB-500 / GHK-Cu (V-GLO-001) and its catalog listing.","Active","147",""
"LAB-235","pen_3ml_scene","Pharma lab + 3mL pen 235","crimp-sealing and capping lane for sterile injectable vials — bay 3","wide lane perspective of crimp stations","cool neutral GMP wash, minimal shadows","LOCKED PBV slightly elongated 3mL research pen (gray body, clear left cap, crimson red ring + ribbed dial, white DNA-helix label) mid-ground in pharmaceutical cleanroom; not extreme macro; not spa/lifestyle backdrop","LOCKED PBV research pen hardware (exact every time; slightly elongated longer 3mL barrel): light gray/off-white matte elongated barrel; clear transparent plastic tip-cap on left; bright crimson red accent ring mid-barrel; white wrap-around label with red stylized DNA double-helix graphic on the left of the label; compound name in large red sans-serif on the label with smaller secondary line like '8mg 3ml pen' or '3ml pen'; bright crimson red textured/ribbed dial on the right end. Color family: standard peptide — RED accents (not GLP blue). Same longer silhouette/proportions as Palm Beach Vitality research pen template — ONLY the label text changes per compound. Never invent a different pen shape, dial, or wrong accent color.","P-CII-001","CJC (no DAC)/Ipamorelin","https://www.palmbeach-vitality.store/products/cjc-ipamorelin-1","FULL PHARMA LAB + LOCKED PBV 3mL RESEARCH PEN SCENE. Photoreal PHARMACEUTICAL MANUFACTURING cleanroom (GMP / sterile injectables aesthetic). Looks like a real pharma fill-finish or sterile manufacturing suite — stainless, HEPA, classified grades, sanitary finishes — not a generic sci-fi biotech set, not a university teaching lab, NOT a spa/bathroom/lifestyle marble set. Environment: crimp-sealing and capping lane for sterile injectable vials — bay 3. Camera: wide lane perspective of crimp stations. Lighting: cool neutral GMP wash, minimal shadows. Show the full pharmaceutical cleanroom; place ONE locked PBV research pen mid-ground on a clean bench. Not a close-up. PEN HARDWARE LOCK (must match exactly): slightly elongated longer light gray/off-white matte 3mL barrel; clear transparent left tip-cap; bright crimson red mid accent ring; white wrap label with red DNA helix graphic; label text 'CJC (no DAC)/Ipamorelin' in large red type plus a smaller '3ml pen' secondary line; bright crimson red ribbed dial on right. ACCENT COLOR LOCK: RED for this peptide (NOT blue). Blue is reserved for Semaglutide, Tirzepatide, and Retatrutide only. Same longer hardware as Palm Beach Vitality research pen template — only label name changes. Product lock: CJC (no DAC)/Ipamorelin (P-CII-001). SIGNAGE RULE: premium pharmaceutical cleanroom only. No cartoon hazard graphics, no biohazard trefoils, no striped danger tape as decor, no alert-word posters. Neutral room IDs and GMP status panels only.","Captions MUST be only about CJC (no DAC)/Ipamorelin (P-CII-001) and its catalog listing.","Active","148",""
"LAB-050","lab_scene","Pharma cleanroom 050","terminal sterilization / autoclave support corridor for validated loads — bay 7","hallway wide into autoclave bay","clean industrial-pharma hybrid light","no product close-up; full pharmaceutical cleanroom; compound via typography / optional distant labeled sterile vial","","P-GHK-001","GHK-Cu","https://www.palmbeach-vitality.store/products/ghk-cu-pen","FULL PHARMA LAB SCENE (wide). Photoreal PHARMACEUTICAL MANUFACTURING cleanroom (GMP / sterile injectables aesthetic). Looks like a real pharma fill-finish or sterile manufacturing suite — stainless, HEPA, classified grades, sanitary finishes — not a generic sci-fi biotech set, not a university teaching lab. Environment: terminal sterilization / autoclave support corridor for validated loads — bay 7. Camera: hallway wide into autoclave bay. Lighting: clean industrial-pharma hybrid light. Do not crop to a single object. Show the entire pharmaceutical cleanroom. Product lock for captions/typography only: GHK-Cu (P-GHK-001). Optional: one distant labeled 10mL sterile crimp-seal vial on a clean bench — never a macro close-up. SIGNAGE RULE: premium pharmaceutical cleanroom only. No cartoon hazard graphics, no biohazard trefoils, no striped danger tape as decor, no alert-word posters. Neutral room IDs and GMP status panels only.","Captions MUST be only about GHK-Cu (P-GHK-001) and its catalog listing.","Active","149",""
"LAB-144","vial_10ml_scene","Pharma lab + 10mL vial 144","Grade C preparation hall feeding Grade B/A sterile core — bay 12","wide hall into core airlocks","bright sterile progressive-grade lighting","10mL sterile crimp-seal injectable vial mid-ground in pharmaceutical cleanroom; never twist/screw cap; not extreme macro","10mL sterile injectable-style glass vial with rubber stopper and aluminum crimp seal (NOT screw-cap, NOT black twist cap)","V-SEM-001","Semaglutide","https://www.palmbeach-vitality.store/products/semaglutide","FULL PHARMA LAB + 10mL STERILE VIAL SCENE. Photoreal PHARMACEUTICAL MANUFACTURING cleanroom (GMP / sterile injectables aesthetic). Looks like a real pharma fill-finish or sterile manufacturing suite — stainless, HEPA, classified grades, sanitary finishes — not a generic sci-fi biotech set, not a university teaching lab. Environment: Grade C preparation hall feeding Grade B/A sterile core — bay 12. Camera: wide hall into core airlocks. Lighting: bright sterile progressive-grade lighting. Show the full pharmaceutical cleanroom; place one 10mL sterile injectable-style glass vial (rubber stopper + aluminum crimp seal only; NEVER black twist/screw cap) mid-ground on a clean bench. Not a close-up. Product lock: Semaglutide (V-SEM-001). SIGNAGE RULE: premium pharmaceutical cleanroom only. No cartoon hazard graphics, no biohazard trefoils, no striped danger tape as decor, no alert-word posters. Neutral room IDs and GMP status panels only.","Captions MUST be only about Semaglutide (V-SEM-001) and its catalog listing.","Active","150",""
"LAB-243","pen_3ml_scene","Pharma lab + 3mL pen 243","aseptic connection / sterile tubing weld bay — bay 10","wide bay establishing shot","cool cleanroom rim with soft fill","LOCKED PBV slightly elongated 3mL research pen (gray body, clear left cap, cobalt blue ring + ribbed dial, white DNA-helix label) mid-ground in pharmaceutical cleanroom; not extreme macro; not spa/lifestyle backdrop","LOCKED PBV research pen hardware (exact every time; slightly elongated longer 3mL barrel): light gray/off-white matte elongated barrel; clear transparent plastic tip-cap on left; bright cobalt blue accent ring mid-barrel; white wrap-around label with blue stylized DNA double-helix graphic on the left of the label; compound name in large blue sans-serif on the label with smaller secondary line like '8mg 3ml pen' or '3ml pen'; bright cobalt blue textured/ribbed dial on the right end. Color family: GLP family (Semaglutide / Tirzepatide / Retatrutide) — BLUE accents. Same longer silhouette/proportions as Palm Beach Vitality research pen template — ONLY the label text changes per compound. Never invent a different pen shape, dial, or wrong accent color.","P-TIR-001","Tirzepatide","https://www.palmbeach-vitality.store/products/tirzepatide-10mg-pen","FULL PHARMA LAB + LOCKED PBV 3mL RESEARCH PEN SCENE. Photoreal PHARMACEUTICAL MANUFACTURING cleanroom (GMP / sterile injectables aesthetic). Looks like a real pharma fill-finish or sterile manufacturing suite — stainless, HEPA, classified grades, sanitary finishes — not a generic sci-fi biotech set, not a university teaching lab, NOT a spa/bathroom/lifestyle marble set. Environment: aseptic connection / sterile tubing weld bay — bay 10. Camera: wide bay establishing shot. Lighting: cool cleanroom rim with soft fill. Show the full pharmaceutical cleanroom; place ONE locked PBV research pen mid-ground on a clean bench. Not a close-up. PEN HARDWARE LOCK (must match exactly): slightly elongated longer light gray/off-white matte 3mL barrel; clear transparent left tip-cap; bright cobalt blue mid accent ring; white wrap label with blue DNA helix graphic; label text 'Tirzepatide' in large blue type plus a smaller '3ml pen' secondary line; bright cobalt blue ribbed dial on right. ACCENT COLOR LOCK: BLUE (Semaglutide / Tirzepatide / Retatrutide only). Same longer hardware as Palm Beach Vitality research pen template — only label name changes. Product lock: Tirzepatide (P-TIR-001). SIGNAGE RULE: premium pharmaceutical cleanroom only. No cartoon hazard graphics, no biohazard trefoils, no striped danger tape as decor, no alert-word posters. Neutral room IDs and GMP status panels only.","Captions MUST be only about Tirzepatide (P-TIR-001) and its catalog listing.","Active","151",""
"LAB-057","lab_scene","Pharma cleanroom 057","pharmaceutical batch-record kiosk corridor overlooking manufacturing suites — bay 11","wide corridor overlook into suites","warm-neutral softboxes, clean speculars","no product close-up; full pharmaceutical cleanroom; compound via typography / optional distant labeled sterile vial","","P-RET-001","Retatrutide","https://www.palmbeach-vitality.store/products/retatrutride-8mg-pen","FULL PHARMA LAB SCENE (wide). Photoreal PHARMACEUTICAL MANUFACTURING cleanroom (GMP / sterile injectables aesthetic). Looks like a real pharma fill-finish or sterile manufacturing suite — stainless, HEPA, classified grades, sanitary finishes — not a generic sci-fi biotech set, not a university teaching lab. Environment: pharmaceutical batch-record kiosk corridor overlooking manufacturing suites — bay 11. Camera: wide corridor overlook into suites. Lighting: warm-neutral softboxes, clean speculars. Do not crop to a single object. Show the entire pharmaceutical cleanroom. Product lock for captions/typography only: Retatrutide (P-RET-001). Optional: one distant labeled 10mL sterile crimp-seal vial on a clean bench — never a macro close-up. SIGNAGE RULE: premium pharmaceutical cleanroom only. No cartoon hazard graphics, no biohazard trefoils, no striped danger tape as decor, no alert-word posters. Neutral room IDs and GMP status panels only.","Captions MUST be only about Retatrutide (P-RET-001) and its catalog listing.","Active","152",""
"LAB-178","vial_10ml_scene","Pharma lab + 10mL vial 178","lyo loading clean zone with tray carts staged for freeze-dryer load — bay 12","wide loading zone","cool blue-white pharmaceutical light","10mL sterile crimp-seal injectable vial mid-ground in pharmaceutical cleanroom; never twist/screw cap; not extreme macro","10mL sterile injectable-style glass vial with rubber stopper and aluminum crimp seal (NOT screw-cap, NOT black twist cap)","V-CAG-001","Cagrilinitide","https://www.palmbeach-vitality.store/products/cargrilinitide","FULL PHARMA LAB + 10mL STERILE VIAL SCENE. Photoreal PHARMACEUTICAL MANUFACTURING cleanroom (GMP / sterile injectables aesthetic). Looks like a real pharma fill-finish or sterile manufacturing suite — stainless, HEPA, classified grades, sanitary finishes — not a generic sci-fi biotech set, not a university teaching lab. Environment: lyo loading clean zone with tray carts staged for freeze-dryer load — bay 12. Camera: wide loading zone. Lighting: cool blue-white pharmaceutical light. Show the full pharmaceutical cleanroom; place one 10mL sterile injectable-style glass vial (rubber stopper + aluminum crimp seal only; NEVER black twist/screw cap) mid-ground on a clean bench. Not a close-up. Product lock: Cagrilinitide (V-CAG-001). SIGNAGE RULE: premium pharmaceutical cleanroom only. No cartoon hazard graphics, no biohazard trefoils, no striped danger tape as decor, no alert-word posters. Neutral room IDs and GMP status panels only.","Captions MUST be only about Cagrilinitide (V-CAG-001) and its catalog listing.","Active","153",""
"LAB-271","pen_3ml_scene","Pharma lab + 3mL pen 271","stability chamber corridor for ICH pharmaceutical stability studies — bay 9","wide corridor of chamber doors","cool violet-tinged chamber LEDs with soft fill","LOCKED PBV slightly elongated 3mL research pen (gray body, clear left cap, crimson red ring + ribbed dial, white DNA-helix label) mid-ground in pharmaceutical cleanroom; not extreme macro; not spa/lifestyle backdrop","LOCKED PBV research pen hardware (exact every time; slightly elongated longer 3mL barrel): light gray/off-white matte elongated barrel; clear transparent plastic tip-cap on left; bright crimson red accent ring mid-barrel; white wrap-around label with red stylized DNA double-helix graphic on the left of the label; compound name in large red sans-serif on the label with smaller secondary line like '8mg 3ml pen' or '3ml pen'; bright crimson red textured/ribbed dial on the right end. Color family: standard peptide — RED accents (not GLP blue). Same longer silhouette/proportions as Palm Beach Vitality research pen template — ONLY the label text changes per compound. Never invent a different pen shape, dial, or wrong accent color.","P-SMX-001","Semax","https://www.palmbeach-vitality.store/products/semax-pen","FULL PHARMA LAB + LOCKED PBV 3mL RESEARCH PEN SCENE. Photoreal PHARMACEUTICAL MANUFACTURING cleanroom (GMP / sterile injectables aesthetic). Looks like a real pharma fill-finish or sterile manufacturing suite — stainless, HEPA, classified grades, sanitary finishes — not a generic sci-fi biotech set, not a university teaching lab, NOT a spa/bathroom/lifestyle marble set. Environment: stability chamber corridor for ICH pharmaceutical stability studies — bay 9. Camera: wide corridor of chamber doors. Lighting: cool violet-tinged chamber LEDs with soft fill. Show the full pharmaceutical cleanroom; place ONE locked PBV research pen mid-ground on a clean bench. Not a close-up. PEN HARDWARE LOCK (must match exactly): slightly elongated longer light gray/off-white matte 3mL barrel; clear transparent left tip-cap; bright crimson red mid accent ring; white wrap label with red DNA helix graphic; label text 'Semax' in large red type plus a smaller '3ml pen' secondary line; bright crimson red ribbed dial on right. ACCENT COLOR LOCK: RED for this peptide (NOT blue). Blue is reserved for Semaglutide, Tirzepatide, and Retatrutide only. Same longer hardware as Palm Beach Vitality research pen template — only label name changes. Product lock: Semax (P-SMX-001). SIGNAGE RULE: premium pharmaceutical cleanroom only. No cartoon hazard graphics, no biohazard trefoils, no striped danger tape as decor, no alert-word posters. Neutral room IDs and GMP status panels only.","Captions MUST be only about Semax (P-SMX-001) and its catalog listing.","Active","154",""
"LAB-021","lab_scene","Pharma cleanroom 021","visual particulate inspection line for filled injectable vials — bay 5","wide inspection line establishing","high-contrast black/white booth lighting","no product close-up; full pharmaceutical cleanroom; compound via typography / optional distant labeled sterile vial","","V-TB5-001","TB-500","https://www.palmbeach-vitality.store/products/tb-500","FULL PHARMA LAB SCENE (wide). Photoreal PHARMACEUTICAL MANUFACTURING cleanroom (GMP / sterile injectables aesthetic). Looks like a real pharma fill-finish or sterile manufacturing suite — stainless, HEPA, classified grades, sanitary finishes — not a generic sci-fi biotech set, not a university teaching lab. Environment: visual particulate inspection line for filled injectable vials — bay 5. Camera: wide inspection line establishing. Lighting: high-contrast black/white booth lighting. Do not crop to a single object. Show the entire pharmaceutical cleanroom. Product lock for captions/typography only: TB-500 (V-TB5-001). Optional: one distant labeled 10mL sterile crimp-seal vial on a clean bench — never a macro close-up. SIGNAGE RULE: premium pharmaceutical cleanroom only. No cartoon hazard graphics, no biohazard trefoils, no striped danger tape as decor, no alert-word posters. Neutral room IDs and GMP status panels only.","Captions MUST be only about TB-500 (V-TB5-001) and its catalog listing.","Active","155",""
"LAB-045","lab_scene","Pharma cleanroom 045","vial washing and depyrogenation prep hall — bay 9","wide prep hall","bright sterile process lighting","no product close-up; full pharmaceutical cleanroom; compound via typography / optional distant labeled sterile vial","","P-TEI-001","Tesamorelin/Ipamorelin","https://www.palmbeach-vitality.store/products/tesamorelin-ipamorelin-pen","FULL PHARMA LAB SCENE (wide). Photoreal PHARMACEUTICAL MANUFACTURING cleanroom (GMP / sterile injectables aesthetic). Looks like a real pharma fill-finish or sterile manufacturing suite — stainless, HEPA, classified grades, sanitary finishes — not a generic sci-fi biotech set, not a university teaching lab. Environment: vial washing and depyrogenation prep hall — bay 9. Camera: wide prep hall. Lighting: bright sterile process lighting. Do not crop to a single object. Show the entire pharmaceutical cleanroom. Product lock for captions/typography only: Tesamorelin/Ipamorelin (P-TEI-001). Optional: one distant labeled 10mL sterile crimp-seal vial on a clean bench — never a macro close-up. SIGNAGE RULE: premium pharmaceutical cleanroom only. No cartoon hazard graphics, no biohazard trefoils, no striped danger tape as decor, no alert-word posters. Neutral room IDs and GMP status panels only.","Captions MUST be only about Tesamorelin/Ipamorelin (P-TEI-001) and its catalog listing.","Active","156",""
"LAB-282","pen_3ml_scene","Pharma lab + 3mL pen 282","QC wet chemistry bench room for pharmaceutical assay support — bay 8","wide wet-chem room","clean clinical bench lighting","LOCKED PBV slightly elongated 3mL research pen (gray body, clear left cap, crimson red ring + ribbed dial, white DNA-helix label) mid-ground in pharmaceutical cleanroom; not extreme macro; not spa/lifestyle backdrop","LOCKED PBV research pen hardware (exact every time; slightly elongated longer 3mL barrel): light gray/off-white matte elongated barrel; clear transparent plastic tip-cap on left; bright crimson red accent ring mid-barrel; white wrap-around label with red stylized DNA double-helix graphic on the left of the label; compound name in large red sans-serif on the label with smaller secondary line like '8mg 3ml pen' or '3ml pen'; bright crimson red textured/ribbed dial on the right end. Color family: standard peptide — RED accents (not GLP blue). Same longer silhouette/proportions as Palm Beach Vitality research pen template — ONLY the label text changes per compound. Never invent a different pen shape, dial, or wrong accent color.","P-5AM-001","5-Amino-1MQ","https://www.palmbeach-vitality.store/products/5-amino-mq-pen","FULL PHARMA LAB + LOCKED PBV 3mL RESEARCH PEN SCENE. Photoreal PHARMACEUTICAL MANUFACTURING cleanroom (GMP / sterile injectables aesthetic). Looks like a real pharma fill-finish or sterile manufacturing suite — stainless, HEPA, classified grades, sanitary finishes — not a generic sci-fi biotech set, not a university teaching lab, NOT a spa/bathroom/lifestyle marble set. Environment: QC wet chemistry bench room for pharmaceutical assay support — bay 8. Camera: wide wet-chem room. Lighting: clean clinical bench lighting. Show the full pharmaceutical cleanroom; place ONE locked PBV research pen mid-ground on a clean bench. Not a close-up. PEN HARDWARE LOCK (must match exactly): slightly elongated longer light gray/off-white matte 3mL barrel; clear transparent left tip-cap; bright crimson red mid accent ring; white wrap label with red DNA helix graphic; label text '5-Amino-1MQ' in large red type plus a smaller '3ml pen' secondary line; bright crimson red ribbed dial on right. ACCENT COLOR LOCK: RED for this peptide (NOT blue). Blue is reserved for Semaglutide, Tirzepatide, and Retatrutide only. Same longer hardware as Palm Beach Vitality research pen template — only label name changes. Product lock: 5-Amino-1MQ (P-5AM-001). SIGNAGE RULE: premium pharmaceutical cleanroom only. No cartoon hazard graphics, no biohazard trefoils, no striped danger tape as decor, no alert-word posters. Neutral room IDs and GMP status panels only.","Captions MUST be only about 5-Amino-1MQ (P-5AM-001) and its catalog listing.","Active","157",""
"LAB-075","lab_scene","Pharma cleanroom 075","injectable solution hold-tank suite with sanitary vessels and agitators — bay 14","elevated wide of hold-tank suite","clean stainless specular lighting","no product close-up; full pharmaceutical cleanroom; compound via typography / optional distant labeled sterile vial","","V-AOD-001","AOD-9604","https://www.palmbeach-vitality.store/products/aod-9604","FULL PHARMA LAB SCENE (wide). Photoreal PHARMACEUTICAL MANUFACTURING cleanroom (GMP / sterile injectables aesthetic). Looks like a real pharma fill-finish or sterile manufacturing suite — stainless, HEPA, classified grades, sanitary finishes — not a generic sci-fi biotech set, not a university teaching lab. Environment: injectable solution hold-tank suite with sanitary vessels and agitators — bay 14. Camera: elevated wide of hold-tank suite. Lighting: clean stainless specular lighting. Do not crop to a single object. Show the entire pharmaceutical cleanroom. Product lock for captions/typography only: AOD-9604 (V-AOD-001). Optional: one distant labeled 10mL sterile crimp-seal vial on a clean bench — never a macro close-up. SIGNAGE RULE: premium pharmaceutical cleanroom only. No cartoon hazard graphics, no biohazard trefoils, no striped danger tape as decor, no alert-word posters. Neutral room IDs and GMP status panels only.","Captions MUST be only about AOD-9604 (V-AOD-001) and its catalog listing.","Active","158",""
"LAB-179","vial_10ml_scene","Pharma lab + 10mL vial 179","automated vial tray loader cell beside aseptic filler — bay 15","wide automation cell","high-tech cool white GMP lighting","10mL sterile crimp-seal injectable vial mid-ground in pharmaceutical cleanroom; never twist/screw cap; not extreme macro","10mL sterile injectable-style glass vial with rubber stopper and aluminum crimp seal (NOT screw-cap, NOT black twist cap)","V-CJC-001","CJC (no DAC)","https://www.palmbeach-vitality.store/products/cjc","FULL PHARMA LAB + 10mL STERILE VIAL SCENE. Photoreal PHARMACEUTICAL MANUFACTURING cleanroom (GMP / sterile injectables aesthetic). Looks like a real pharma fill-finish or sterile manufacturing suite — stainless, HEPA, classified grades, sanitary finishes — not a generic sci-fi biotech set, not a university teaching lab. Environment: automated vial tray loader cell beside aseptic filler — bay 15. Camera: wide automation cell. Lighting: high-tech cool white GMP lighting. Show the full pharmaceutical cleanroom; place one 10mL sterile injectable-style glass vial (rubber stopper + aluminum crimp seal only; NEVER black twist/screw cap) mid-ground on a clean bench. Not a close-up. Product lock: CJC (no DAC) (V-CJC-001). SIGNAGE RULE: premium pharmaceutical cleanroom only. No cartoon hazard graphics, no biohazard trefoils, no striped danger tape as decor, no alert-word posters. Neutral room IDs and GMP status panels only.","Captions MUST be only about CJC (no DAC) (V-CJC-001) and its catalog listing.","Active","159",""
"LAB-280","pen_3ml_scene","Pharma lab + 3mL pen 280","clean compressor / clean utility plant room feeding sterile suites — bay 2","wide utility plant room","cool industrial-pharma lighting","LOCKED PBV slightly elongated 3mL research pen (gray body, clear left cap, crimson red ring + ribbed dial, white DNA-helix label) mid-ground in pharmaceutical cleanroom; not extreme macro; not spa/lifestyle backdrop","LOCKED PBV research pen hardware (exact every time; slightly elongated longer 3mL barrel): light gray/off-white matte elongated barrel; clear transparent plastic tip-cap on left; bright crimson red accent ring mid-barrel; white wrap-around label with red stylized DNA double-helix graphic on the left of the label; compound name in large red sans-serif on the label with smaller secondary line like '8mg 3ml pen' or '3ml pen'; bright crimson red textured/ribbed dial on the right end. Color family: standard peptide — RED accents (not GLP blue). Same longer silhouette/proportions as Palm Beach Vitality research pen template — ONLY the label text changes per compound. Never invent a different pen shape, dial, or wrong accent color.","P-DSI-001","DSIP","https://www.palmbeach-vitality.store/products/dsip-pen","FULL PHARMA LAB + LOCKED PBV 3mL RESEARCH PEN SCENE. Photoreal PHARMACEUTICAL MANUFACTURING cleanroom (GMP / sterile injectables aesthetic). Looks like a real pharma fill-finish or sterile manufacturing suite — stainless, HEPA, classified grades, sanitary finishes — not a generic sci-fi biotech set, not a university teaching lab, NOT a spa/bathroom/lifestyle marble set. Environment: clean compressor / clean utility plant room feeding sterile suites — bay 2. Camera: wide utility plant room. Lighting: cool industrial-pharma lighting. Show the full pharmaceutical cleanroom; place ONE locked PBV research pen mid-ground on a clean bench. Not a close-up. PEN HARDWARE LOCK (must match exactly): slightly elongated longer light gray/off-white matte 3mL barrel; clear transparent left tip-cap; bright crimson red mid accent ring; white wrap label with red DNA helix graphic; label text 'DSIP' in large red type plus a smaller '3ml pen' secondary line; bright crimson red ribbed dial on right. ACCENT COLOR LOCK: RED for this peptide (NOT blue). Blue is reserved for Semaglutide, Tirzepatide, and Retatrutide only. Same longer hardware as Palm Beach Vitality research pen template — only label name changes. Product lock: DSIP (P-DSI-001). SIGNAGE RULE: premium pharmaceutical cleanroom only. No cartoon hazard graphics, no biohazard trefoils, no striped danger tape as decor, no alert-word posters. Neutral room IDs and GMP status panels only.","Captions MUST be only about DSIP (P-DSI-001) and its catalog listing.","Active","160",""
"LAB-285","pen_3ml_scene","Pharma lab + 3mL pen 285","crimp-sealing and capping lane for sterile injectable vials — bay 17","wide lane perspective of crimp stations","cool neutral GMP wash, minimal shadows","LOCKED PBV slightly elongated 3mL research pen (gray body, clear left cap, crimson red ring + ribbed dial, white DNA-helix label) mid-ground in pharmaceutical cleanroom; not extreme macro; not spa/lifestyle backdrop","LOCKED PBV research pen hardware (exact every time; slightly elongated longer 3mL barrel): light gray/off-white matte elongated barrel; clear transparent plastic tip-cap on left; bright crimson red accent ring mid-barrel; white wrap-around label with red stylized DNA double-helix graphic on the left of the label; compound name in large red sans-serif on the label with smaller secondary line like '8mg 3ml pen' or '3ml pen'; bright crimson red textured/ribbed dial on the right end. Color family: standard peptide — RED accents (not GLP blue). Same longer silhouette/proportions as Palm Beach Vitality research pen template — ONLY the label text changes per compound. Never invent a different pen shape, dial, or wrong accent color.","P-KPV-001","KPV","https://www.palmbeach-vitality.store/products/kpv","FULL PHARMA LAB + LOCKED PBV 3mL RESEARCH PEN SCENE. Photoreal PHARMACEUTICAL MANUFACTURING cleanroom (GMP / sterile injectables aesthetic). Looks like a real pharma fill-finish or sterile manufacturing suite — stainless, HEPA, classified grades, sanitary finishes — not a generic sci-fi biotech set, not a university teaching lab, NOT a spa/bathroom/lifestyle marble set. Environment: crimp-sealing and capping lane for sterile injectable vials — bay 17. Camera: wide lane perspective of crimp stations. Lighting: cool neutral GMP wash, minimal shadows. Show the full pharmaceutical cleanroom; place ONE locked PBV research pen mid-ground on a clean bench. Not a close-up. PEN HARDWARE LOCK (must match exactly): slightly elongated longer light gray/off-white matte 3mL barrel; clear transparent left tip-cap; bright crimson red mid accent ring; white wrap label with red DNA helix graphic; label text 'KPV' in large red type plus a smaller '3ml pen' secondary line; bright crimson red ribbed dial on right. ACCENT COLOR LOCK: RED for this peptide (NOT blue). Blue is reserved for Semaglutide, Tirzepatide, and Retatrutide only. Same longer hardware as Palm Beach Vitality research pen template — only label name changes. Product lock: KPV (P-KPV-001). SIGNAGE RULE: premium pharmaceutical cleanroom only. No cartoon hazard graphics, no biohazard trefoils, no striped danger tape as decor, no alert-word posters. Neutral room IDs and GMP status panels only.","Captions MUST be only about KPV (P-KPV-001) and its catalog listing.","Active","161",""
"LAB-185","vial_10ml_scene","Pharma lab + 10mL vial 185","aseptic vial filling machine cell with stoppering station under unidirectional airflow — bay 16","three-quarter wide of filler cell","bright clean pharmaceutical catalog light","10mL sterile crimp-seal injectable vial mid-ground in pharmaceutical cleanroom; never twist/screw cap; not extreme macro","10mL sterile injectable-style glass vial with rubber stopper and aluminum crimp seal (NOT screw-cap, NOT black twist cap)","V-MT2-001","Melanotan 2","https://www.palmbeach-vitality.store/products/melonotan","FULL PHARMA LAB + 10mL STERILE VIAL SCENE. Photoreal PHARMACEUTICAL MANUFACTURING cleanroom (GMP / sterile injectables aesthetic). Looks like a real pharma fill-finish or sterile manufacturing suite — stainless, HEPA, classified grades, sanitary finishes — not a generic sci-fi biotech set, not a university teaching lab. Environment: aseptic vial filling machine cell with stoppering station under unidirectional airflow — bay 16. Camera: three-quarter wide of filler cell. Lighting: bright clean pharmaceutical catalog light. Show the full pharmaceutical cleanroom; place one 10mL sterile injectable-style glass vial (rubber stopper + aluminum crimp seal only; NEVER black twist/screw cap) mid-ground on a clean bench. Not a close-up. Product lock: Melanotan 2 (V-MT2-001). SIGNAGE RULE: premium pharmaceutical cleanroom only. No cartoon hazard graphics, no biohazard trefoils, no striped danger tape as decor, no alert-word posters. Neutral room IDs and GMP status panels only.","Captions MUST be only about Melanotan 2 (V-MT2-001) and its catalog listing.","Active","162",""
"LAB-255","pen_3ml_scene","Pharma lab + 3mL pen 255","component prep room for sterile stoppers, seals, and depyrogenated vials — bay 12","wide component prep room","cool catalog GMP light","LOCKED PBV slightly elongated 3mL research pen (gray body, clear left cap, crimson red ring + ribbed dial, white DNA-helix label) mid-ground in pharmaceutical cleanroom; not extreme macro; not spa/lifestyle backdrop","LOCKED PBV research pen hardware (exact every time; slightly elongated longer 3mL barrel): light gray/off-white matte elongated barrel; clear transparent plastic tip-cap on left; bright crimson red accent ring mid-barrel; white wrap-around label with red stylized DNA double-helix graphic on the left of the label; compound name in large red sans-serif on the label with smaller secondary line like '8mg 3ml pen' or '3ml pen'; bright crimson red textured/ribbed dial on the right end. Color family: standard peptide — RED accents (not GLP blue). Same longer silhouette/proportions as Palm Beach Vitality research pen template — ONLY the label text changes per compound. Never invent a different pen shape, dial, or wrong accent color.","P-BPC-001","BPC-157","https://www.palmbeach-vitality.store/products/bpc-157-pen","FULL PHARMA LAB + LOCKED PBV 3mL RESEARCH PEN SCENE. Photoreal PHARMACEUTICAL MANUFACTURING cleanroom (GMP / sterile injectables aesthetic). Looks like a real pharma fill-finish or sterile manufacturing suite — stainless, HEPA, classified grades, sanitary finishes — not a generic sci-fi biotech set, not a university teaching lab, NOT a spa/bathroom/lifestyle marble set. Environment: component prep room for sterile stoppers, seals, and depyrogenated vials — bay 12. Camera: wide component prep room. Lighting: cool catalog GMP light. Show the full pharmaceutical cleanroom; place ONE locked PBV research pen mid-ground on a clean bench. Not a close-up. PEN HARDWARE LOCK (must match exactly): slightly elongated longer light gray/off-white matte 3mL barrel; clear transparent left tip-cap; bright crimson red mid accent ring; white wrap label with red DNA helix graphic; label text 'BPC-157' in large red type plus a smaller '3ml pen' secondary line; bright crimson red ribbed dial on right. ACCENT COLOR LOCK: RED for this peptide (NOT blue). Blue is reserved for Semaglutide, Tirzepatide, and Retatrutide only. Same longer hardware as Palm Beach Vitality research pen template — only label name changes. Product lock: BPC-157 (P-BPC-001). SIGNAGE RULE: premium pharmaceutical cleanroom only. No cartoon hazard graphics, no biohazard trefoils, no striped danger tape as decor, no alert-word posters. Neutral room IDs and GMP status panels only.","Captions MUST be only about BPC-157 (P-BPC-001) and its catalog listing.","Active","163",""
"LAB-047","lab_scene","Pharma cleanroom 047","sanitary cleanroom return corridor with flush doors and vision panels — bay 15","wide return corridor","cool even sterile wash","no product close-up; full pharmaceutical cleanroom; compound via typography / optional distant labeled sterile vial","","P-WOL-001","BPC-157 / TB-500","https://www.palmbeach-vitality.store/products/wolverine-pen","FULL PHARMA LAB SCENE (wide). Photoreal PHARMACEUTICAL MANUFACTURING cleanroom (GMP / sterile injectables aesthetic). Looks like a real pharma fill-finish or sterile manufacturing suite — stainless, HEPA, classified grades, sanitary finishes — not a generic sci-fi biotech set, not a university teaching lab. Environment: sanitary cleanroom return corridor with flush doors and vision panels — bay 15. Camera: wide return corridor. Lighting: cool even sterile wash. Do not crop to a single object. Show the entire pharmaceutical cleanroom. Product lock for captions/typography only: BPC-157 / TB-500 (P-WOL-001). Optional: one distant labeled 10mL sterile crimp-seal vial on a clean bench — never a macro close-up. SIGNAGE RULE: premium pharmaceutical cleanroom only. No cartoon hazard graphics, no biohazard trefoils, no striped danger tape as decor, no alert-word posters. Neutral room IDs and GMP status panels only.","Captions MUST be only about BPC-157 / TB-500 (P-WOL-001) and its catalog listing.","Active","164",""
"LAB-123","vial_10ml_scene","Pharma lab + 10mL vial 123","serialization and aggregation lane for pharmaceutical carton verification — bay 17","wide serialization lane","bright clean verification lighting","10mL sterile crimp-seal injectable vial mid-ground in pharmaceutical cleanroom; never twist/screw cap; not extreme macro","10mL sterile injectable-style glass vial with rubber stopper and aluminum crimp seal (NOT screw-cap, NOT black twist cap)","V-KLO-001","KPV / BPC-157 / TB-500 / GHK-Cu","https://www.palmbeach-vitality.store/products/klow-kpv-bpc-157-tb-500-ghk","FULL PHARMA LAB + 10mL STERILE VIAL SCENE. Photoreal PHARMACEUTICAL MANUFACTURING cleanroom (GMP / sterile injectables aesthetic). Looks like a real pharma fill-finish or sterile manufacturing suite — stainless, HEPA, classified grades, sanitary finishes — not a generic sci-fi biotech set, not a university teaching lab. Environment: serialization and aggregation lane for pharmaceutical carton verification — bay 17. Camera: wide serialization lane. Lighting: bright clean verification lighting. Show the full pharmaceutical cleanroom; place one 10mL sterile injectable-style glass vial (rubber stopper + aluminum crimp seal only; NEVER black twist/screw cap) mid-ground on a clean bench. Not a close-up. Product lock: KPV / BPC-157 / TB-500 / GHK-Cu (V-KLO-001). SIGNAGE RULE: premium pharmaceutical cleanroom only. No cartoon hazard graphics, no biohazard trefoils, no striped danger tape as decor, no alert-word posters. Neutral room IDs and GMP status panels only.","Captions MUST be only about KPV / BPC-157 / TB-500 / GHK-Cu (V-KLO-001) and its catalog listing.","Active","165",""
"LAB-224","pen_3ml_scene","Pharma lab + 3mL pen 224","visual particulate inspection line for filled injectable vials — bay 4","wide inspection line establishing","high-contrast black/white booth lighting","LOCKED PBV slightly elongated 3mL research pen (gray body, clear left cap, crimson red ring + ribbed dial, white DNA-helix label) mid-ground in pharmaceutical cleanroom; not extreme macro; not spa/lifestyle backdrop","LOCKED PBV research pen hardware (exact every time; slightly elongated longer 3mL barrel): light gray/off-white matte elongated barrel; clear transparent plastic tip-cap on left; bright crimson red accent ring mid-barrel; white wrap-around label with red stylized DNA double-helix graphic on the left of the label; compound name in large red sans-serif on the label with smaller secondary line like '8mg 3ml pen' or '3ml pen'; bright crimson red textured/ribbed dial on the right end. Color family: standard peptide — RED accents (not GLP blue). Same longer silhouette/proportions as Palm Beach Vitality research pen template — ONLY the label text changes per compound. Never invent a different pen shape, dial, or wrong accent color.","P-MOT-001","MOTS-C","https://www.palmbeach-vitality.store/products/mots-c","FULL PHARMA LAB + LOCKED PBV 3mL RESEARCH PEN SCENE. Photoreal PHARMACEUTICAL MANUFACTURING cleanroom (GMP / sterile injectables aesthetic). Looks like a real pharma fill-finish or sterile manufacturing suite — stainless, HEPA, classified grades, sanitary finishes — not a generic sci-fi biotech set, not a university teaching lab, NOT a spa/bathroom/lifestyle marble set. Environment: visual particulate inspection line for filled injectable vials — bay 4. Camera: wide inspection line establishing. Lighting: high-contrast black/white booth lighting. Show the full pharmaceutical cleanroom; place ONE locked PBV research pen mid-ground on a clean bench. Not a close-up. PEN HARDWARE LOCK (must match exactly): slightly elongated longer light gray/off-white matte 3mL barrel; clear transparent left tip-cap; bright crimson red mid accent ring; white wrap label with red DNA helix graphic; label text 'MOTS-C' in large red type plus a smaller '3ml pen' secondary line; bright crimson red ribbed dial on right. ACCENT COLOR LOCK: RED for this peptide (NOT blue). Blue is reserved for Semaglutide, Tirzepatide, and Retatrutide only. Same longer hardware as Palm Beach Vitality research pen template — only label name changes. Product lock: MOTS-C (P-MOT-001). SIGNAGE RULE: premium pharmaceutical cleanroom only. No cartoon hazard graphics, no biohazard trefoils, no striped danger tape as decor, no alert-word posters. Neutral room IDs and GMP status panels only.","Captions MUST be only about MOTS-C (P-MOT-001) and its catalog listing.","Active","166",""
"LAB-038","lab_scene","Pharma cleanroom 038","pharmaceutical label control room with verified print-and-apply systems — bay 5","wide label control room","bright office-cleanroom hybrid light","no product close-up; full pharmaceutical cleanroom; compound via typography / optional distant labeled sterile vial","","P-NAD-001","NAD+","https://www.palmbeach-vitality.store/products/nad-pen-500mg","FULL PHARMA LAB SCENE (wide). Photoreal PHARMACEUTICAL MANUFACTURING cleanroom (GMP / sterile injectables aesthetic). Looks like a real pharma fill-finish or sterile manufacturing suite — stainless, HEPA, classified grades, sanitary finishes — not a generic sci-fi biotech set, not a university teaching lab. Environment: pharmaceutical label control room with verified print-and-apply systems — bay 5. Camera: wide label control room. Lighting: bright office-cleanroom hybrid light. Do not crop to a single object. Show the entire pharmaceutical cleanroom. Product lock for captions/typography only: NAD+ (P-NAD-001). Optional: one distant labeled 10mL sterile crimp-seal vial on a clean bench — never a macro close-up. SIGNAGE RULE: premium pharmaceutical cleanroom only. No cartoon hazard graphics, no biohazard trefoils, no striped danger tape as decor, no alert-word posters. Neutral room IDs and GMP status panels only.","Captions MUST be only about NAD+ (P-NAD-001) and its catalog listing.","Active","167",""
"LAB-126","vial_10ml_scene","Pharma lab + 10mL vial 126","finished-goods cold staging for sterile peptide injectables — bay 9","wide staging area with roller racks","cool dock-to-cold-chain lighting","10mL sterile crimp-seal injectable vial mid-ground in pharmaceutical cleanroom; never twist/screw cap; not extreme macro","10mL sterile injectable-style glass vial with rubber stopper and aluminum crimp seal (NOT screw-cap, NOT black twist cap)","V-PT1-001","PT-141","https://www.palmbeach-vitality.store/products/pt-141","FULL PHARMA LAB + 10mL STERILE VIAL SCENE. Photoreal PHARMACEUTICAL MANUFACTURING cleanroom (GMP / sterile injectables aesthetic). Looks like a real pharma fill-finish or sterile manufacturing suite — stainless, HEPA, classified grades, sanitary finishes — not a generic sci-fi biotech set, not a university teaching lab. Environment: finished-goods cold staging for sterile peptide injectables — bay 9. Camera: wide staging area with roller racks. Lighting: cool dock-to-cold-chain lighting. Show the full pharmaceutical cleanroom; place one 10mL sterile injectable-style glass vial (rubber stopper + aluminum crimp seal only; NEVER black twist/screw cap) mid-ground on a clean bench. Not a close-up. Product lock: PT-141 (V-PT1-001). SIGNAGE RULE: premium pharmaceutical cleanroom only. No cartoon hazard graphics, no biohazard trefoils, no striped danger tape as decor, no alert-word posters. Neutral room IDs and GMP status panels only.","Captions MUST be only about PT-141 (V-PT1-001) and its catalog listing.","Active","168",""
"LAB-228","pen_3ml_scene","Pharma lab + 3mL pen 228","injectable solution hold-tank suite with sanitary vessels and agitators — bay 16","elevated wide of hold-tank suite","clean stainless specular lighting","LOCKED PBV slightly elongated 3mL research pen (gray body, clear left cap, crimson red ring + ribbed dial, white DNA-helix label) mid-ground in pharmaceutical cleanroom; not extreme macro; not spa/lifestyle backdrop","LOCKED PBV research pen hardware (exact every time; slightly elongated longer 3mL barrel): light gray/off-white matte elongated barrel; clear transparent plastic tip-cap on left; bright crimson red accent ring mid-barrel; white wrap-around label with red stylized DNA double-helix graphic on the left of the label; compound name in large red sans-serif on the label with smaller secondary line like '8mg 3ml pen' or '3ml pen'; bright crimson red textured/ribbed dial on the right end. Color family: standard peptide — RED accents (not GLP blue). Same longer silhouette/proportions as Palm Beach Vitality research pen template — ONLY the label text changes per compound. Never invent a different pen shape, dial, or wrong accent color.","P-SEL-001","Selank","https://www.palmbeach-vitality.store/products/selank-pen","FULL PHARMA LAB + LOCKED PBV 3mL RESEARCH PEN SCENE. Photoreal PHARMACEUTICAL MANUFACTURING cleanroom (GMP / sterile injectables aesthetic). Looks like a real pharma fill-finish or sterile manufacturing suite — stainless, HEPA, classified grades, sanitary finishes — not a generic sci-fi biotech set, not a university teaching lab, NOT a spa/bathroom/lifestyle marble set. Environment: injectable solution hold-tank suite with sanitary vessels and agitators — bay 16. Camera: elevated wide of hold-tank suite. Lighting: clean stainless specular lighting. Show the full pharmaceutical cleanroom; place ONE locked PBV research pen mid-ground on a clean bench. Not a close-up. PEN HARDWARE LOCK (must match exactly): slightly elongated longer light gray/off-white matte 3mL barrel; clear transparent left tip-cap; bright crimson red mid accent ring; white wrap label with red DNA helix graphic; label text 'Selank' in large red type plus a smaller '3ml pen' secondary line; bright crimson red ribbed dial on right. ACCENT COLOR LOCK: RED for this peptide (NOT blue). Blue is reserved for Semaglutide, Tirzepatide, and Retatrutide only. Same longer hardware as Palm Beach Vitality research pen template — only label name changes. Product lock: Selank (P-SEL-001). SIGNAGE RULE: premium pharmaceutical cleanroom only. No cartoon hazard graphics, no biohazard trefoils, no striped danger tape as decor, no alert-word posters. Neutral room IDs and GMP status panels only.","Captions MUST be only about Selank (P-SEL-001) and its catalog listing.","Active","169",""
"LAB-042","lab_scene","Pharma cleanroom 042","pharmaceutical cleanroom gowning bench corridor with step-over benches — bay 17","wide gowning corridor","high-key sterile white","no product close-up; full pharmaceutical cleanroom; compound via typography / optional distant labeled sterile vial","","P-SER-001","Sermorelin","https://www.palmbeach-vitality.store/products/sermorelin-pen","FULL PHARMA LAB SCENE (wide). Photoreal PHARMACEUTICAL MANUFACTURING cleanroom (GMP / sterile injectables aesthetic). Looks like a real pharma fill-finish or sterile manufacturing suite — stainless, HEPA, classified grades, sanitary finishes — not a generic sci-fi biotech set, not a university teaching lab. Environment: pharmaceutical cleanroom gowning bench corridor with step-over benches — bay 17. Camera: wide gowning corridor. Lighting: high-key sterile white. Do not crop to a single object. Show the entire pharmaceutical cleanroom. Product lock for captions/typography only: Sermorelin (P-SER-001). Optional: one distant labeled 10mL sterile crimp-seal vial on a clean bench — never a macro close-up. SIGNAGE RULE: premium pharmaceutical cleanroom only. No cartoon hazard graphics, no biohazard trefoils, no striped danger tape as decor, no alert-word posters. Neutral room IDs and GMP status panels only.","Captions MUST be only about Sermorelin (P-SER-001) and its catalog listing.","Active","170",""
"LAB-131","vial_10ml_scene","Pharma lab + 10mL vial 131","pharmaceutical cleanroom with flush LED ceiling and conductive flooring — bay 7","architectural wide of cleanroom volume","even high-key HEPA-bay lighting","10mL sterile crimp-seal injectable vial mid-ground in pharmaceutical cleanroom; never twist/screw cap; not extreme macro","10mL sterile injectable-style glass vial with rubber stopper and aluminum crimp seal (NOT screw-cap, NOT black twist cap)","V-TES-001","Tesamorelin","https://www.palmbeach-vitality.store/products/tesamorelin","FULL PHARMA LAB + 10mL STERILE VIAL SCENE. Photoreal PHARMACEUTICAL MANUFACTURING cleanroom (GMP / sterile injectables aesthetic). Looks like a real pharma fill-finish or sterile manufacturing suite — stainless, HEPA, classified grades, sanitary finishes — not a generic sci-fi biotech set, not a university teaching lab. Environment: pharmaceutical cleanroom with flush LED ceiling and conductive flooring — bay 7. Camera: architectural wide of cleanroom volume. Lighting: even high-key HEPA-bay lighting. Show the full pharmaceutical cleanroom; place one 10mL sterile injectable-style glass vial (rubber stopper + aluminum crimp seal only; NEVER black twist/screw cap) mid-ground on a clean bench. Not a close-up. Product lock: Tesamorelin (V-TES-001). SIGNAGE RULE: premium pharmaceutical cleanroom only. No cartoon hazard graphics, no biohazard trefoils, no striped danger tape as decor, no alert-word posters. Neutral room IDs and GMP status panels only.","Captions MUST be only about Tesamorelin (V-TES-001) and its catalog listing.","Active","171",""
"LAB-240","pen_3ml_scene","Pharma lab + 3mL pen 240","pass-through hatch corridor between Grade C and Grade B zones — bay 1","wide hatch corridor","sterile cyan-white cleanroom wash","LOCKED PBV slightly elongated 3mL research pen (gray body, clear left cap, crimson red ring + ribbed dial, white DNA-helix label) mid-ground in pharmaceutical cleanroom; not extreme macro; not spa/lifestyle backdrop","LOCKED PBV research pen hardware (exact every time; slightly elongated longer 3mL barrel): light gray/off-white matte elongated barrel; clear transparent plastic tip-cap on left; bright crimson red accent ring mid-barrel; white wrap-around label with red stylized DNA double-helix graphic on the left of the label; compound name in large red sans-serif on the label with smaller secondary line like '8mg 3ml pen' or '3ml pen'; bright crimson red textured/ribbed dial on the right end. Color family: standard peptide — RED accents (not GLP blue). Same longer silhouette/proportions as Palm Beach Vitality research pen template — ONLY the label text changes per compound. Never invent a different pen shape, dial, or wrong accent color.","P-SS3-001","SS-31","https://www.palmbeach-vitality.store/products/ss-31-pen","FULL PHARMA LAB + LOCKED PBV 3mL RESEARCH PEN SCENE. Photoreal PHARMACEUTICAL MANUFACTURING cleanroom (GMP / sterile injectables aesthetic). Looks like a real pharma fill-finish or sterile manufacturing suite — stainless, HEPA, classified grades, sanitary finishes — not a generic sci-fi biotech set, not a university teaching lab, NOT a spa/bathroom/lifestyle marble set. Environment: pass-through hatch corridor between Grade C and Grade B zones — bay 1. Camera: wide hatch corridor. Lighting: sterile cyan-white cleanroom wash. Show the full pharmaceutical cleanroom; place ONE locked PBV research pen mid-ground on a clean bench. Not a close-up. PEN HARDWARE LOCK (must match exactly): slightly elongated longer light gray/off-white matte 3mL barrel; clear transparent left tip-cap; bright crimson red mid accent ring; white wrap label with red DNA helix graphic; label text 'SS-31' in large red type plus a smaller '3ml pen' secondary line; bright crimson red ribbed dial on right. ACCENT COLOR LOCK: RED for this peptide (NOT blue). Blue is reserved for Semaglutide, Tirzepatide, and Retatrutide only. Same longer hardware as Palm Beach Vitality research pen template — only label name changes. Product lock: SS-31 (P-SS3-001). SIGNAGE RULE: premium pharmaceutical cleanroom only. No cartoon hazard graphics, no biohazard trefoils, no striped danger tape as decor, no alert-word posters. Neutral room IDs and GMP status panels only.","Captions MUST be only about SS-31 (P-SS3-001) and its catalog listing.","Active","172",""
"LAB-074","lab_scene","Pharma cleanroom 074","Grade C preparation hall feeding Grade B/A sterile core — bay 11","wide hall into core airlocks","bright sterile progressive-grade lighting","no product close-up; full pharmaceutical cleanroom; compound via typography / optional distant labeled sterile vial","","V-TA1-001","Thymosin Alpha-1","https://www.palmbeach-vitality.store/products/ta-1","FULL PHARMA LAB SCENE (wide). Photoreal PHARMACEUTICAL MANUFACTURING cleanroom (GMP / sterile injectables aesthetic). Looks like a real pharma fill-finish or sterile manufacturing suite — stainless, HEPA, classified grades, sanitary finishes — not a generic sci-fi biotech set, not a university teaching lab. Environment: Grade C preparation hall feeding Grade B/A sterile core — bay 11. Camera: wide hall into core airlocks. Lighting: bright sterile progressive-grade lighting. Do not crop to a single object. Show the entire pharmaceutical cleanroom. Product lock for captions/typography only: Thymosin Alpha-1 (V-TA1-001). Optional: one distant labeled 10mL sterile crimp-seal vial on a clean bench — never a macro close-up. SIGNAGE RULE: premium pharmaceutical cleanroom only. No cartoon hazard graphics, no biohazard trefoils, no striped danger tape as decor, no alert-word posters. Neutral room IDs and GMP status panels only.","Captions MUST be only about Thymosin Alpha-1 (V-TA1-001) and its catalog listing.","Active","173",""
"LAB-160","vial_10ml_scene","Pharma lab + 10mL vial 160","raw-material pharmaceutical quarantine cage with barcode racking — bay 6","architectural wide of quarantine cage","neutral warehouse-GMP hybrid lighting","10mL sterile crimp-seal injectable vial mid-ground in pharmaceutical cleanroom; never twist/screw cap; not extreme macro","10mL sterile injectable-style glass vial with rubber stopper and aluminum crimp seal (NOT screw-cap, NOT black twist cap)","V-GLO-001","BPC-157 / TB-500 / GHK-Cu","https://www.palmbeach-vitality.store/products/glow","FULL PHARMA LAB + 10mL STERILE VIAL SCENE. Photoreal PHARMACEUTICAL MANUFACTURING cleanroom (GMP / sterile injectables aesthetic). Looks like a real pharma fill-finish or sterile manufacturing suite — stainless, HEPA, classified grades, sanitary finishes — not a generic sci-fi biotech set, not a university teaching lab. Environment: raw-material pharmaceutical quarantine cage with barcode racking — bay 6. Camera: architectural wide of quarantine cage. Lighting: neutral warehouse-GMP hybrid lighting. Show the full pharmaceutical cleanroom; place one 10mL sterile injectable-style glass vial (rubber stopper + aluminum crimp seal only; NEVER black twist/screw cap) mid-ground on a clean bench. Not a close-up. Product lock: BPC-157 / TB-500 / GHK-Cu (V-GLO-001). SIGNAGE RULE: premium pharmaceutical cleanroom only. No cartoon hazard graphics, no biohazard trefoils, no striped danger tape as decor, no alert-word posters. Neutral room IDs and GMP status panels only.","Captions MUST be only about BPC-157 / TB-500 / GHK-Cu (V-GLO-001) and its catalog listing.","Active","174",""
"LAB-257","pen_3ml_scene","Pharma lab + 3mL pen 257","sterile powder handling isolator suite for potent pharmaceutical actives — bay 1","wide isolator suite","cool contained-processing lighting","LOCKED PBV slightly elongated 3mL research pen (gray body, clear left cap, crimson red ring + ribbed dial, white DNA-helix label) mid-ground in pharmaceutical cleanroom; not extreme macro; not spa/lifestyle backdrop","LOCKED PBV research pen hardware (exact every time; slightly elongated longer 3mL barrel): light gray/off-white matte elongated barrel; clear transparent plastic tip-cap on left; bright crimson red accent ring mid-barrel; white wrap-around label with red stylized DNA double-helix graphic on the left of the label; compound name in large red sans-serif on the label with smaller secondary line like '8mg 3ml pen' or '3ml pen'; bright crimson red textured/ribbed dial on the right end. Color family: standard peptide — RED accents (not GLP blue). Same longer silhouette/proportions as Palm Beach Vitality research pen template — ONLY the label text changes per compound. Never invent a different pen shape, dial, or wrong accent color.","P-CII-001","CJC (no DAC)/Ipamorelin","https://www.palmbeach-vitality.store/products/cjc-ipamorelin-1","FULL PHARMA LAB + LOCKED PBV 3mL RESEARCH PEN SCENE. Photoreal PHARMACEUTICAL MANUFACTURING cleanroom (GMP / sterile injectables aesthetic). Looks like a real pharma fill-finish or sterile manufacturing suite — stainless, HEPA, classified grades, sanitary finishes — not a generic sci-fi biotech set, not a university teaching lab, NOT a spa/bathroom/lifestyle marble set. Environment: sterile powder handling isolator suite for potent pharmaceutical actives — bay 1. Camera: wide isolator suite. Lighting: cool contained-processing lighting. Show the full pharmaceutical cleanroom; place ONE locked PBV research pen mid-ground on a clean bench. Not a close-up. PEN HARDWARE LOCK (must match exactly): slightly elongated longer light gray/off-white matte 3mL barrel; clear transparent left tip-cap; bright crimson red mid accent ring; white wrap label with red DNA helix graphic; label text 'CJC (no DAC)/Ipamorelin' in large red type plus a smaller '3ml pen' secondary line; bright crimson red ribbed dial on right. ACCENT COLOR LOCK: RED for this peptide (NOT blue). Blue is reserved for Semaglutide, Tirzepatide, and Retatrutide only. Same longer hardware as Palm Beach Vitality research pen template — only label name changes. Product lock: CJC (no DAC)/Ipamorelin (P-CII-001). SIGNAGE RULE: premium pharmaceutical cleanroom only. No cartoon hazard graphics, no biohazard trefoils, no striped danger tape as decor, no alert-word posters. Neutral room IDs and GMP status panels only.","Captions MUST be only about CJC (no DAC)/Ipamorelin (P-CII-001) and its catalog listing.","Active","175",""
"LAB-072","lab_scene","Pharma cleanroom 072","CIP/SIP skid room supporting sterile manufacturing equipment — bay 5","wide CIP/SIP skid room","cool stainless utility lighting","no product close-up; full pharmaceutical cleanroom; compound via typography / optional distant labeled sterile vial","","V-GHK-001","GHK-Cu","https://www.palmbeach-vitality.store/products/ghk-cu","FULL PHARMA LAB SCENE (wide). Photoreal PHARMACEUTICAL MANUFACTURING cleanroom (GMP / sterile injectables aesthetic). Looks like a real pharma fill-finish or sterile manufacturing suite — stainless, HEPA, classified grades, sanitary finishes — not a generic sci-fi biotech set, not a university teaching lab. Environment: CIP/SIP skid room supporting sterile manufacturing equipment — bay 5. Camera: wide CIP/SIP skid room. Lighting: cool stainless utility lighting. Do not crop to a single object. Show the entire pharmaceutical cleanroom. Product lock for captions/typography only: GHK-Cu (V-GHK-001). Optional: one distant labeled 10mL sterile crimp-seal vial on a clean bench — never a macro close-up. SIGNAGE RULE: premium pharmaceutical cleanroom only. No cartoon hazard graphics, no biohazard trefoils, no striped danger tape as decor, no alert-word posters. Neutral room IDs and GMP status panels only.","Captions MUST be only about GHK-Cu (V-GHK-001) and its catalog listing.","Active","176",""
"LAB-166","vial_10ml_scene","Pharma lab + 10mL vial 166","vial washing and depyrogenation prep hall — bay 7","wide prep hall","bright sterile process lighting","10mL sterile crimp-seal injectable vial mid-ground in pharmaceutical cleanroom; never twist/screw cap; not extreme macro","10mL sterile injectable-style glass vial with rubber stopper and aluminum crimp seal (NOT screw-cap, NOT black twist cap)","V-SEM-001","Semaglutide","https://www.palmbeach-vitality.store/products/semaglutide","FULL PHARMA LAB + 10mL STERILE VIAL SCENE. Photoreal PHARMACEUTICAL MANUFACTURING cleanroom (GMP / sterile injectables aesthetic). Looks like a real pharma fill-finish or sterile manufacturing suite — stainless, HEPA, classified grades, sanitary finishes — not a generic sci-fi biotech set, not a university teaching lab. Environment: vial washing and depyrogenation prep hall — bay 7. Camera: wide prep hall. Lighting: bright sterile process lighting. Show the full pharmaceutical cleanroom; place one 10mL sterile injectable-style glass vial (rubber stopper + aluminum crimp seal only; NEVER black twist/screw cap) mid-ground on a clean bench. Not a close-up. Product lock: Semaglutide (V-SEM-001). SIGNAGE RULE: premium pharmaceutical cleanroom only. No cartoon hazard graphics, no biohazard trefoils, no striped danger tape as decor, no alert-word posters. Neutral room IDs and GMP status panels only.","Captions MUST be only about Semaglutide (V-SEM-001) and its catalog listing.","Active","177",""
"LAB-265","pen_3ml_scene","Pharma lab + 3mL pen 265","secondary packaging clean cell with cartoners for cold-chain SKUs — bay 8","elevated packaging cell","bright neutral softboxes","LOCKED PBV slightly elongated 3mL research pen (gray body, clear left cap, cobalt blue ring + ribbed dial, white DNA-helix label) mid-ground in pharmaceutical cleanroom; not extreme macro; not spa/lifestyle backdrop","LOCKED PBV research pen hardware (exact every time; slightly elongated longer 3mL barrel): light gray/off-white matte elongated barrel; clear transparent plastic tip-cap on left; bright cobalt blue accent ring mid-barrel; white wrap-around label with blue stylized DNA double-helix graphic on the left of the label; compound name in large blue sans-serif on the label with smaller secondary line like '8mg 3ml pen' or '3ml pen'; bright cobalt blue textured/ribbed dial on the right end. Color family: GLP family (Semaglutide / Tirzepatide / Retatrutide) — BLUE accents. Same longer silhouette/proportions as Palm Beach Vitality research pen template — ONLY the label text changes per compound. Never invent a different pen shape, dial, or wrong accent color.","P-TIR-001","Tirzepatide","https://www.palmbeach-vitality.store/products/tirzepatide-10mg-pen","FULL PHARMA LAB + LOCKED PBV 3mL RESEARCH PEN SCENE. Photoreal PHARMACEUTICAL MANUFACTURING cleanroom (GMP / sterile injectables aesthetic). Looks like a real pharma fill-finish or sterile manufacturing suite — stainless, HEPA, classified grades, sanitary finishes — not a generic sci-fi biotech set, not a university teaching lab, NOT a spa/bathroom/lifestyle marble set. Environment: secondary packaging clean cell with cartoners for cold-chain SKUs — bay 8. Camera: elevated packaging cell. Lighting: bright neutral softboxes. Show the full pharmaceutical cleanroom; place ONE locked PBV research pen mid-ground on a clean bench. Not a close-up. PEN HARDWARE LOCK (must match exactly): slightly elongated longer light gray/off-white matte 3mL barrel; clear transparent left tip-cap; bright cobalt blue mid accent ring; white wrap label with blue DNA helix graphic; label text 'Tirzepatide' in large blue type plus a smaller '3ml pen' secondary line; bright cobalt blue ribbed dial on right. ACCENT COLOR LOCK: BLUE (Semaglutide / Tirzepatide / Retatrutide only). Same longer hardware as Palm Beach Vitality research pen template — only label name changes. Product lock: Tirzepatide (P-TIR-001). SIGNAGE RULE: premium pharmaceutical cleanroom only. No cartoon hazard graphics, no biohazard trefoils, no striped danger tape as decor, no alert-word posters. Neutral room IDs and GMP status panels only.","Captions MUST be only about Tirzepatide (P-TIR-001) and its catalog listing.","Active","178",""
"LAB-077","lab_scene","Pharma cleanroom 077","clean compressor / clean utility plant room feeding sterile suites — bay 3","wide utility plant room","cool industrial-pharma lighting","no product close-up; full pharmaceutical cleanroom; compound via typography / optional distant labeled sterile vial","","V-RET-001","Retatrutide","https://www.palmbeach-vitality.store/products/retatrutide","FULL PHARMA LAB SCENE (wide). Photoreal PHARMACEUTICAL MANUFACTURING cleanroom (GMP / sterile injectables aesthetic). Looks like a real pharma fill-finish or sterile manufacturing suite — stainless, HEPA, classified grades, sanitary finishes — not a generic sci-fi biotech set, not a university teaching lab. Environment: clean compressor / clean utility plant room feeding sterile suites — bay 3. Camera: wide utility plant room. Lighting: cool industrial-pharma lighting. Do not crop to a single object. Show the entire pharmaceutical cleanroom. Product lock for captions/typography only: Retatrutide (V-RET-001). Optional: one distant labeled 10mL sterile crimp-seal vial on a clean bench — never a macro close-up. SIGNAGE RULE: premium pharmaceutical cleanroom only. No cartoon hazard graphics, no biohazard trefoils, no striped danger tape as decor, no alert-word posters. Neutral room IDs and GMP status panels only.","Captions MUST be only about Retatrutide (V-RET-001) and its catalog listing.","Active","179",""
"LAB-200","vial_10ml_scene","Pharma lab + 10mL vial 200","automated vial tray loader cell beside aseptic filler — bay 14","wide automation cell","high-tech cool white GMP lighting","10mL sterile crimp-seal injectable vial mid-ground in pharmaceutical cleanroom; never twist/screw cap; not extreme macro","10mL sterile injectable-style glass vial with rubber stopper and aluminum crimp seal (NOT screw-cap, NOT black twist cap)","V-CAG-001","Cagrilinitide","https://www.palmbeach-vitality.store/products/cargrilinitide","FULL PHARMA LAB + 10mL STERILE VIAL SCENE. Photoreal PHARMACEUTICAL MANUFACTURING cleanroom (GMP / sterile injectables aesthetic). Looks like a real pharma fill-finish or sterile manufacturing suite — stainless, HEPA, classified grades, sanitary finishes — not a generic sci-fi biotech set, not a university teaching lab. Environment: automated vial tray loader cell beside aseptic filler — bay 14. Camera: wide automation cell. Lighting: high-tech cool white GMP lighting. Show the full pharmaceutical cleanroom; place one 10mL sterile injectable-style glass vial (rubber stopper + aluminum crimp seal only; NEVER black twist/screw cap) mid-ground on a clean bench. Not a close-up. Product lock: Cagrilinitide (V-CAG-001). SIGNAGE RULE: premium pharmaceutical cleanroom only. No cartoon hazard graphics, no biohazard trefoils, no striped danger tape as decor, no alert-word posters. Neutral room IDs and GMP status panels only.","Captions MUST be only about Cagrilinitide (V-CAG-001) and its catalog listing.","Active","180",""
"LAB-293","pen_3ml_scene","Pharma lab + 3mL pen 293","pharmaceutical label control room with verified print-and-apply systems — bay 1","wide label control room","bright office-cleanroom hybrid light","LOCKED PBV slightly elongated 3mL research pen (gray body, clear left cap, crimson red ring + ribbed dial, white DNA-helix label) mid-ground in pharmaceutical cleanroom; not extreme macro; not spa/lifestyle backdrop","LOCKED PBV research pen hardware (exact every time; slightly elongated longer 3mL barrel): light gray/off-white matte elongated barrel; clear transparent plastic tip-cap on left; bright crimson red accent ring mid-barrel; white wrap-around label with red stylized DNA double-helix graphic on the left of the label; compound name in large red sans-serif on the label with smaller secondary line like '8mg 3ml pen' or '3ml pen'; bright crimson red textured/ribbed dial on the right end. Color family: standard peptide — RED accents (not GLP blue). Same longer silhouette/proportions as Palm Beach Vitality research pen template — ONLY the label text changes per compound. Never invent a different pen shape, dial, or wrong accent color.","P-SMX-001","Semax","https://www.palmbeach-vitality.store/products/semax-pen","FULL PHARMA LAB + LOCKED PBV 3mL RESEARCH PEN SCENE. Photoreal PHARMACEUTICAL MANUFACTURING cleanroom (GMP / sterile injectables aesthetic). Looks like a real pharma fill-finish or sterile manufacturing suite — stainless, HEPA, classified grades, sanitary finishes — not a generic sci-fi biotech set, not a university teaching lab, NOT a spa/bathroom/lifestyle marble set. Environment: pharmaceutical label control room with verified print-and-apply systems — bay 1. Camera: wide label control room. Lighting: bright office-cleanroom hybrid light. Show the full pharmaceutical cleanroom; place ONE locked PBV research pen mid-ground on a clean bench. Not a close-up. PEN HARDWARE LOCK (must match exactly): slightly elongated longer light gray/off-white matte 3mL barrel; clear transparent left tip-cap; bright crimson red mid accent ring; white wrap label with red DNA helix graphic; label text 'Semax' in large red type plus a smaller '3ml pen' secondary line; bright crimson red ribbed dial on right. ACCENT COLOR LOCK: RED for this peptide (NOT blue). Blue is reserved for Semaglutide, Tirzepatide, and Retatrutide only. Same longer hardware as Palm Beach Vitality research pen template — only label name changes. Product lock: Semax (P-SMX-001). SIGNAGE RULE: premium pharmaceutical cleanroom only. No cartoon hazard graphics, no biohazard trefoils, no striped danger tape as decor, no alert-word posters. Neutral room IDs and GMP status panels only.","Captions MUST be only about Semax (P-SMX-001) and its catalog listing.","Active","181",""
"LAB-065","lab_scene","Pharma cleanroom 065","aseptic vial filling machine cell with stoppering station under unidirectional airflow — bay 1","three-quarter wide of filler cell","bright clean pharmaceutical catalog light","no product close-up; full pharmaceutical cleanroom; compound via typography / optional distant labeled sterile vial","","V-TB5-001","TB-500","https://www.palmbeach-vitality.store/products/tb-500","FULL PHARMA LAB SCENE (wide). Photoreal PHARMACEUTICAL MANUFACTURING cleanroom (GMP / sterile injectables aesthetic). Looks like a real pharma fill-finish or sterile manufacturing suite — stainless, HEPA, classified grades, sanitary finishes — not a generic sci-fi biotech set, not a university teaching lab. Environment: aseptic vial filling machine cell with stoppering station under unidirectional airflow — bay 1. Camera: three-quarter wide of filler cell. Lighting: bright clean pharmaceutical catalog light. Do not crop to a single object. Show the entire pharmaceutical cleanroom. Product lock for captions/typography only: TB-500 (V-TB5-001). Optional: one distant labeled 10mL sterile crimp-seal vial on a clean bench — never a macro close-up. SIGNAGE RULE: premium pharmaceutical cleanroom only. No cartoon hazard graphics, no biohazard trefoils, no striped danger tape as decor, no alert-word posters. Neutral room IDs and GMP status panels only.","Captions MUST be only about TB-500 (V-TB5-001) and its catalog listing.","Active","182",""
"LAB-089","lab_scene","Pharma cleanroom 089","raw-material pharmaceutical quarantine cage with barcode racking — bay 5","architectural wide of quarantine cage","neutral warehouse-GMP hybrid lighting","no product close-up; full pharmaceutical cleanroom; compound via typography / optional distant labeled sterile vial","","P-TEI-001","Tesamorelin/Ipamorelin","https://www.palmbeach-vitality.store/products/tesamorelin-ipamorelin-pen","FULL PHARMA LAB SCENE (wide). Photoreal PHARMACEUTICAL MANUFACTURING cleanroom (GMP / sterile injectables aesthetic). Looks like a real pharma fill-finish or sterile manufacturing suite — stainless, HEPA, classified grades, sanitary finishes — not a generic sci-fi biotech set, not a university teaching lab. Environment: raw-material pharmaceutical quarantine cage with barcode racking — bay 5. Camera: architectural wide of quarantine cage. Lighting: neutral warehouse-GMP hybrid lighting. Do not crop to a single object. Show the entire pharmaceutical cleanroom. Product lock for captions/typography only: Tesamorelin/Ipamorelin (P-TEI-001). Optional: one distant labeled 10mL sterile crimp-seal vial on a clean bench — never a macro close-up. SIGNAGE RULE: premium pharmaceutical cleanroom only. No cartoon hazard graphics, no biohazard trefoils, no striped danger tape as decor, no alert-word posters. Neutral room IDs and GMP status panels only.","Captions MUST be only about Tesamorelin/Ipamorelin (P-TEI-001) and its catalog listing.","Active","183",""
"LAB-277","pen_3ml_scene","Pharma lab + 3mL pen 277","Grade C preparation hall feeding Grade B/A sterile core — bay 10","wide hall into core airlocks","bright sterile progressive-grade lighting","LOCKED PBV slightly elongated 3mL research pen (gray body, clear left cap, crimson red ring + ribbed dial, white DNA-helix label) mid-ground in pharmaceutical cleanroom; not extreme macro; not spa/lifestyle backdrop","LOCKED PBV research pen hardware (exact every time; slightly elongated longer 3mL barrel): light gray/off-white matte elongated barrel; clear transparent plastic tip-cap on left; bright crimson red accent ring mid-barrel; white wrap-around label with red stylized DNA double-helix graphic on the left of the label; compound name in large red sans-serif on the label with smaller secondary line like '8mg 3ml pen' or '3ml pen'; bright crimson red textured/ribbed dial on the right end. Color family: standard peptide — RED accents (not GLP blue). Same longer silhouette/proportions as Palm Beach Vitality research pen template — ONLY the label text changes per compound. Never invent a different pen shape, dial, or wrong accent color.","P-BPC-001","BPC-157","https://www.palmbeach-vitality.store/products/bpc-157-pen","FULL PHARMA LAB + LOCKED PBV 3mL RESEARCH PEN SCENE. Photoreal PHARMACEUTICAL MANUFACTURING cleanroom (GMP / sterile injectables aesthetic). Looks like a real pharma fill-finish or sterile manufacturing suite — stainless, HEPA, classified grades, sanitary finishes — not a generic sci-fi biotech set, not a university teaching lab, NOT a spa/bathroom/lifestyle marble set. Environment: Grade C preparation hall feeding Grade B/A sterile core — bay 10. Camera: wide hall into core airlocks. Lighting: bright sterile progressive-grade lighting. Show the full pharmaceutical cleanroom; place ONE locked PBV research pen mid-ground on a clean bench. Not a close-up. PEN HARDWARE LOCK (must match exactly): slightly elongated longer light gray/off-white matte 3mL barrel; clear transparent left tip-cap; bright crimson red mid accent ring; white wrap label with red DNA helix graphic; label text 'BPC-157' in large red type plus a smaller '3ml pen' secondary line; bright crimson red ribbed dial on right. ACCENT COLOR LOCK: RED for this peptide (NOT blue). Blue is reserved for Semaglutide, Tirzepatide, and Retatrutide only. Same longer hardware as Palm Beach Vitality research pen template — only label name changes. Product lock: BPC-157 (P-BPC-001). SIGNAGE RULE: premium pharmaceutical cleanroom only. No cartoon hazard graphics, no biohazard trefoils, no striped danger tape as decor, no alert-word posters. Neutral room IDs and GMP status panels only.","Captions MUST be only about BPC-157 (P-BPC-001) and its catalog listing.","Active","184",""
"LAB-068","lab_scene","Pharma cleanroom 068","stability chamber corridor for ICH pharmaceutical stability studies — bay 10","wide corridor of chamber doors","cool violet-tinged chamber LEDs with soft fill","no product close-up; full pharmaceutical cleanroom; compound via typography / optional distant labeled sterile vial","","V-WOL-001","BPC-157 / TB-500","https://www.palmbeach-vitality.store/products/wolverine-stack","FULL PHARMA LAB SCENE (wide). Photoreal PHARMACEUTICAL MANUFACTURING cleanroom (GMP / sterile injectables aesthetic). Looks like a real pharma fill-finish or sterile manufacturing suite — stainless, HEPA, classified grades, sanitary finishes — not a generic sci-fi biotech set, not a university teaching lab. Environment: stability chamber corridor for ICH pharmaceutical stability studies — bay 10. Camera: wide corridor of chamber doors. Lighting: cool violet-tinged chamber LEDs with soft fill. Do not crop to a single object. Show the entire pharmaceutical cleanroom. Product lock for captions/typography only: BPC-157 / TB-500 (V-WOL-001). Optional: one distant labeled 10mL sterile crimp-seal vial on a clean bench — never a macro close-up. SIGNAGE RULE: premium pharmaceutical cleanroom only. No cartoon hazard graphics, no biohazard trefoils, no striped danger tape as decor, no alert-word posters. Neutral room IDs and GMP status panels only.","Captions MUST be only about BPC-157 / TB-500 (V-WOL-001) and its catalog listing.","Active","185",""
"LAB-145","vial_10ml_scene","Pharma lab + 10mL vial 145","release-testing sample pass room between manufacturing and QC — bay 1","wide pass room","neutral clinical lighting","10mL sterile crimp-seal injectable vial mid-ground in pharmaceutical cleanroom; never twist/screw cap; not extreme macro","10mL sterile injectable-style glass vial with rubber stopper and aluminum crimp seal (NOT screw-cap, NOT black twist cap)","V-KLO-001","KPV / BPC-157 / TB-500 / GHK-Cu","https://www.palmbeach-vitality.store/products/klow-kpv-bpc-157-tb-500-ghk","FULL PHARMA LAB + 10mL STERILE VIAL SCENE. Photoreal PHARMACEUTICAL MANUFACTURING cleanroom (GMP / sterile injectables aesthetic). Looks like a real pharma fill-finish or sterile manufacturing suite — stainless, HEPA, classified grades, sanitary finishes — not a generic sci-fi biotech set, not a university teaching lab. Environment: release-testing sample pass room between manufacturing and QC — bay 1. Camera: wide pass room. Lighting: neutral clinical lighting. Show the full pharmaceutical cleanroom; place one 10mL sterile injectable-style glass vial (rubber stopper + aluminum crimp seal only; NEVER black twist/screw cap) mid-ground on a clean bench. Not a close-up. Product lock: KPV / BPC-157 / TB-500 / GHK-Cu (V-KLO-001). SIGNAGE RULE: premium pharmaceutical cleanroom only. No cartoon hazard graphics, no biohazard trefoils, no striped danger tape as decor, no alert-word posters. Neutral room IDs and GMP status panels only.","Captions MUST be only about KPV / BPC-157 / TB-500 / GHK-Cu (V-KLO-001) and its catalog listing.","Active","186",""
"LAB-246","pen_3ml_scene","Pharma lab + 3mL pen 246","depyrogenation tunnel / dry-heat sterilization line anteroom — bay 2","wide anteroom to tunnel line","warm-cool hybrid process lighting","LOCKED PBV slightly elongated 3mL research pen (gray body, clear left cap, crimson red ring + ribbed dial, white DNA-helix label) mid-ground in pharmaceutical cleanroom; not extreme macro; not spa/lifestyle backdrop","LOCKED PBV research pen hardware (exact every time; slightly elongated longer 3mL barrel): light gray/off-white matte elongated barrel; clear transparent plastic tip-cap on left; bright crimson red accent ring mid-barrel; white wrap-around label with red stylized DNA double-helix graphic on the left of the label; compound name in large red sans-serif on the label with smaller secondary line like '8mg 3ml pen' or '3ml pen'; bright crimson red textured/ribbed dial on the right end. Color family: standard peptide — RED accents (not GLP blue). Same longer silhouette/proportions as Palm Beach Vitality research pen template — ONLY the label text changes per compound. Never invent a different pen shape, dial, or wrong accent color.","P-MOT-001","MOTS-C","https://www.palmbeach-vitality.store/products/mots-c","FULL PHARMA LAB + LOCKED PBV 3mL RESEARCH PEN SCENE. Photoreal PHARMACEUTICAL MANUFACTURING cleanroom (GMP / sterile injectables aesthetic). Looks like a real pharma fill-finish or sterile manufacturing suite — stainless, HEPA, classified grades, sanitary finishes — not a generic sci-fi biotech set, not a university teaching lab, NOT a spa/bathroom/lifestyle marble set. Environment: depyrogenation tunnel / dry-heat sterilization line anteroom — bay 2. Camera: wide anteroom to tunnel line. Lighting: warm-cool hybrid process lighting. Show the full pharmaceutical cleanroom; place ONE locked PBV research pen mid-ground on a clean bench. Not a close-up. PEN HARDWARE LOCK (must match exactly): slightly elongated longer light gray/off-white matte 3mL barrel; clear transparent left tip-cap; bright crimson red mid accent ring; white wrap label with red DNA helix graphic; label text 'MOTS-C' in large red type plus a smaller '3ml pen' secondary line; bright crimson red ribbed dial on right. ACCENT COLOR LOCK: RED for this peptide (NOT blue). Blue is reserved for Semaglutide, Tirzepatide, and Retatrutide only. Same longer hardware as Palm Beach Vitality research pen template — only label name changes. Product lock: MOTS-C (P-MOT-001). SIGNAGE RULE: premium pharmaceutical cleanroom only. No cartoon hazard graphics, no biohazard trefoils, no striped danger tape as decor, no alert-word posters. Neutral room IDs and GMP status panels only.","Captions MUST be only about MOTS-C (P-MOT-001) and its catalog listing.","Active","187",""
"LAB-060","lab_scene","Pharma cleanroom 060","sterile emulsion / peptide formulation suite with closed vessels — bay 3","wide formulation suite","soft premium pharmaceutical catalog light","no product close-up; full pharmaceutical cleanroom; compound via typography / optional distant labeled sterile vial","","V-NAD-001","NAD+","https://www.palmbeach-vitality.store/products/nad-1","FULL PHARMA LAB SCENE (wide). Photoreal PHARMACEUTICAL MANUFACTURING cleanroom (GMP / sterile injectables aesthetic). Looks like a real pharma fill-finish or sterile manufacturing suite — stainless, HEPA, classified grades, sanitary finishes — not a generic sci-fi biotech set, not a university teaching lab. Environment: sterile emulsion / peptide formulation suite with closed vessels — bay 3. Camera: wide formulation suite. Lighting: soft premium pharmaceutical catalog light. Do not crop to a single object. Show the entire pharmaceutical cleanroom. Product lock for captions/typography only: NAD+ (V-NAD-001). Optional: one distant labeled 10mL sterile crimp-seal vial on a clean bench — never a macro close-up. SIGNAGE RULE: premium pharmaceutical cleanroom only. No cartoon hazard graphics, no biohazard trefoils, no striped danger tape as decor, no alert-word posters. Neutral room IDs and GMP status panels only.","Captions MUST be only about NAD+ (V-NAD-001) and its catalog listing.","Active","188",""
"LAB-148","vial_10ml_scene","Pharma lab + 10mL vial 148","clean compressor / clean utility plant room feeding sterile suites — bay 4","wide utility plant room","cool industrial-pharma lighting","10mL sterile crimp-seal injectable vial mid-ground in pharmaceutical cleanroom; never twist/screw cap; not extreme macro","10mL sterile injectable-style glass vial with rubber stopper and aluminum crimp seal (NOT screw-cap, NOT black twist cap)","V-PT1-001","PT-141","https://www.palmbeach-vitality.store/products/pt-141","FULL PHARMA LAB + 10mL STERILE VIAL SCENE. Photoreal PHARMACEUTICAL MANUFACTURING cleanroom (GMP / sterile injectables aesthetic). Looks like a real pharma fill-finish or sterile manufacturing suite — stainless, HEPA, classified grades, sanitary finishes — not a generic sci-fi biotech set, not a university teaching lab. Environment: clean compressor / clean utility plant room feeding sterile suites — bay 4. Camera: wide utility plant room. Lighting: cool industrial-pharma lighting. Show the full pharmaceutical cleanroom; place one 10mL sterile injectable-style glass vial (rubber stopper + aluminum crimp seal only; NEVER black twist/screw cap) mid-ground on a clean bench. Not a close-up. Product lock: PT-141 (V-PT1-001). SIGNAGE RULE: premium pharmaceutical cleanroom only. No cartoon hazard graphics, no biohazard trefoils, no striped danger tape as decor, no alert-word posters. Neutral room IDs and GMP status panels only.","Captions MUST be only about PT-141 (V-PT1-001) and its catalog listing.","Active","189",""
"LAB-250","pen_3ml_scene","Pharma lab + 3mL pen 250","sanitary cleanroom return corridor with flush doors and vision panels — bay 14","wide return corridor","cool even sterile wash","LOCKED PBV slightly elongated 3mL research pen (gray body, clear left cap, crimson red ring + ribbed dial, white DNA-helix label) mid-ground in pharmaceutical cleanroom; not extreme macro; not spa/lifestyle backdrop","LOCKED PBV research pen hardware (exact every time; slightly elongated longer 3mL barrel): light gray/off-white matte elongated barrel; clear transparent plastic tip-cap on left; bright crimson red accent ring mid-barrel; white wrap-around label with red stylized DNA double-helix graphic on the left of the label; compound name in large red sans-serif on the label with smaller secondary line like '8mg 3ml pen' or '3ml pen'; bright crimson red textured/ribbed dial on the right end. Color family: standard peptide — RED accents (not GLP blue). Same longer silhouette/proportions as Palm Beach Vitality research pen template — ONLY the label text changes per compound. Never invent a different pen shape, dial, or wrong accent color.","P-SEL-001","Selank","https://www.palmbeach-vitality.store/products/selank-pen","FULL PHARMA LAB + LOCKED PBV 3mL RESEARCH PEN SCENE. Photoreal PHARMACEUTICAL MANUFACTURING cleanroom (GMP / sterile injectables aesthetic). Looks like a real pharma fill-finish or sterile manufacturing suite — stainless, HEPA, classified grades, sanitary finishes — not a generic sci-fi biotech set, not a university teaching lab, NOT a spa/bathroom/lifestyle marble set. Environment: sanitary cleanroom return corridor with flush doors and vision panels — bay 14. Camera: wide return corridor. Lighting: cool even sterile wash. Show the full pharmaceutical cleanroom; place ONE locked PBV research pen mid-ground on a clean bench. Not a close-up. PEN HARDWARE LOCK (must match exactly): slightly elongated longer light gray/off-white matte 3mL barrel; clear transparent left tip-cap; bright crimson red mid accent ring; white wrap label with red DNA helix graphic; label text 'Selank' in large red type plus a smaller '3ml pen' secondary line; bright crimson red ribbed dial on right. ACCENT COLOR LOCK: RED for this peptide (NOT blue). Blue is reserved for Semaglutide, Tirzepatide, and Retatrutide only. Same longer hardware as Palm Beach Vitality research pen template — only label name changes. Product lock: Selank (P-SEL-001). SIGNAGE RULE: premium pharmaceutical cleanroom only. No cartoon hazard graphics, no biohazard trefoils, no striped danger tape as decor, no alert-word posters. Neutral room IDs and GMP status panels only.","Captions MUST be only about Selank (P-SEL-001) and its catalog listing.","Active","190",""
"LAB-063","lab_scene","Pharma cleanroom 063","validated freezer farm for pharmaceutical drug substance storage — bay 12","wide freezer farm aisle","cold blue storage lighting","no product close-up; full pharmaceutical cleanroom; compound via typography / optional distant labeled sterile vial","","V-SER-001","Sermorelin","https://www.palmbeach-vitality.store/products/sermorelin","FULL PHARMA LAB SCENE (wide). Photoreal PHARMACEUTICAL MANUFACTURING cleanroom (GMP / sterile injectables aesthetic). Looks like a real pharma fill-finish or sterile manufacturing suite — stainless, HEPA, classified grades, sanitary finishes — not a generic sci-fi biotech set, not a university teaching lab. Environment: validated freezer farm for pharmaceutical drug substance storage — bay 12. Camera: wide freezer farm aisle. Lighting: cold blue storage lighting. Do not crop to a single object. Show the entire pharmaceutical cleanroom. Product lock for captions/typography only: Sermorelin (V-SER-001). Optional: one distant labeled 10mL sterile crimp-seal vial on a clean bench — never a macro close-up. SIGNAGE RULE: premium pharmaceutical cleanroom only. No cartoon hazard graphics, no biohazard trefoils, no striped danger tape as decor, no alert-word posters. Neutral room IDs and GMP status panels only.","Captions MUST be only about Sermorelin (V-SER-001) and its catalog listing.","Active","191",""
"LAB-153","vial_10ml_scene","Pharma lab + 10mL vial 153","QC microbiology clean suite with laminar hoods and incubation banks — bay 8","wide QC micro suite","soft daylight-balanced sterile panels","10mL sterile crimp-seal injectable vial mid-ground in pharmaceutical cleanroom; never twist/screw cap; not extreme macro","10mL sterile injectable-style glass vial with rubber stopper and aluminum crimp seal (NOT screw-cap, NOT black twist cap)","V-TES-001","Tesamorelin","https://www.palmbeach-vitality.store/products/tesamorelin","FULL PHARMA LAB + 10mL STERILE VIAL SCENE. Photoreal PHARMACEUTICAL MANUFACTURING cleanroom (GMP / sterile injectables aesthetic). Looks like a real pharma fill-finish or sterile manufacturing suite — stainless, HEPA, classified grades, sanitary finishes — not a generic sci-fi biotech set, not a university teaching lab. Environment: QC microbiology clean suite with laminar hoods and incubation banks — bay 8. Camera: wide QC micro suite. Lighting: soft daylight-balanced sterile panels. Show the full pharmaceutical cleanroom; place one 10mL sterile injectable-style glass vial (rubber stopper + aluminum crimp seal only; NEVER black twist/screw cap) mid-ground on a clean bench. Not a close-up. Product lock: Tesamorelin (V-TES-001). SIGNAGE RULE: premium pharmaceutical cleanroom only. No cartoon hazard graphics, no biohazard trefoils, no striped danger tape as decor, no alert-word posters. Neutral room IDs and GMP status panels only.","Captions MUST be only about Tesamorelin (V-TES-001) and its catalog listing.","Active","192",""
"LAB-262","pen_3ml_scene","Pharma lab + 3mL pen 262","automated vial tray loader cell beside aseptic filler — bay 16","wide automation cell","high-tech cool white GMP lighting","LOCKED PBV slightly elongated 3mL research pen (gray body, clear left cap, crimson red ring + ribbed dial, white DNA-helix label) mid-ground in pharmaceutical cleanroom; not extreme macro; not spa/lifestyle backdrop","LOCKED PBV research pen hardware (exact every time; slightly elongated longer 3mL barrel): light gray/off-white matte elongated barrel; clear transparent plastic tip-cap on left; bright crimson red accent ring mid-barrel; white wrap-around label with red stylized DNA double-helix graphic on the left of the label; compound name in large red sans-serif on the label with smaller secondary line like '8mg 3ml pen' or '3ml pen'; bright crimson red textured/ribbed dial on the right end. Color family: standard peptide — RED accents (not GLP blue). Same longer silhouette/proportions as Palm Beach Vitality research pen template — ONLY the label text changes per compound. Never invent a different pen shape, dial, or wrong accent color.","P-SS3-001","SS-31","https://www.palmbeach-vitality.store/products/ss-31-pen","FULL PHARMA LAB + LOCKED PBV 3mL RESEARCH PEN SCENE. Photoreal PHARMACEUTICAL MANUFACTURING cleanroom (GMP / sterile injectables aesthetic). Looks like a real pharma fill-finish or sterile manufacturing suite — stainless, HEPA, classified grades, sanitary finishes — not a generic sci-fi biotech set, not a university teaching lab, NOT a spa/bathroom/lifestyle marble set. Environment: automated vial tray loader cell beside aseptic filler — bay 16. Camera: wide automation cell. Lighting: high-tech cool white GMP lighting. Show the full pharmaceutical cleanroom; place ONE locked PBV research pen mid-ground on a clean bench. Not a close-up. PEN HARDWARE LOCK (must match exactly): slightly elongated longer light gray/off-white matte 3mL barrel; clear transparent left tip-cap; bright crimson red mid accent ring; white wrap label with red DNA helix graphic; label text 'SS-31' in large red type plus a smaller '3ml pen' secondary line; bright crimson red ribbed dial on right. ACCENT COLOR LOCK: RED for this peptide (NOT blue). Blue is reserved for Semaglutide, Tirzepatide, and Retatrutide only. Same longer hardware as Palm Beach Vitality research pen template — only label name changes. Product lock: SS-31 (P-SS3-001). SIGNAGE RULE: premium pharmaceutical cleanroom only. No cartoon hazard graphics, no biohazard trefoils, no striped danger tape as decor, no alert-word posters. Neutral room IDs and GMP status panels only.","Captions MUST be only about SS-31 (P-SS3-001) and its catalog listing.","Active","193",""
"LAB-087","lab_scene","Pharma cleanroom 087","pass-through hatch corridor between Grade C and Grade B zones — bay 16","wide hatch corridor","sterile cyan-white cleanroom wash","no product close-up; full pharmaceutical cleanroom; compound via typography / optional distant labeled sterile vial","","P-TA1-001","Thymosin Alpha-1","https://www.palmbeach-vitality.store/products/ta-2","FULL PHARMA LAB SCENE (wide). Photoreal PHARMACEUTICAL MANUFACTURING cleanroom (GMP / sterile injectables aesthetic). Looks like a real pharma fill-finish or sterile manufacturing suite — stainless, HEPA, classified grades, sanitary finishes — not a generic sci-fi biotech set, not a university teaching lab. Environment: pass-through hatch corridor between Grade C and Grade B zones — bay 16. Camera: wide hatch corridor. Lighting: sterile cyan-white cleanroom wash. Do not crop to a single object. Show the entire pharmaceutical cleanroom. Product lock for captions/typography only: Thymosin Alpha-1 (P-TA1-001). Optional: one distant labeled 10mL sterile crimp-seal vial on a clean bench — never a macro close-up. SIGNAGE RULE: premium pharmaceutical cleanroom only. No cartoon hazard graphics, no biohazard trefoils, no striped danger tape as decor, no alert-word posters. Neutral room IDs and GMP status panels only.","Captions MUST be only about Thymosin Alpha-1 (P-TA1-001) and its catalog listing.","Active","194",""
"LAB-182","vial_10ml_scene","Pharma lab + 10mL vial 182","secondary packaging clean cell with cartoners for cold-chain SKUs — bay 7","elevated packaging cell","bright neutral softboxes","10mL sterile crimp-seal injectable vial mid-ground in pharmaceutical cleanroom; never twist/screw cap; not extreme macro","10mL sterile injectable-style glass vial with rubber stopper and aluminum crimp seal (NOT screw-cap, NOT black twist cap)","V-GLO-001","BPC-157 / TB-500 / GHK-Cu","https://www.palmbeach-vitality.store/products/glow","FULL PHARMA LAB + 10mL STERILE VIAL SCENE. Photoreal PHARMACEUTICAL MANUFACTURING cleanroom (GMP / sterile injectables aesthetic). Looks like a real pharma fill-finish or sterile manufacturing suite — stainless, HEPA, classified grades, sanitary finishes — not a generic sci-fi biotech set, not a university teaching lab. Environment: secondary packaging clean cell with cartoners for cold-chain SKUs — bay 7. Camera: elevated packaging cell. Lighting: bright neutral softboxes. Show the full pharmaceutical cleanroom; place one 10mL sterile injectable-style glass vial (rubber stopper + aluminum crimp seal only; NEVER black twist/screw cap) mid-ground on a clean bench. Not a close-up. Product lock: BPC-157 / TB-500 / GHK-Cu (V-GLO-001). SIGNAGE RULE: premium pharmaceutical cleanroom only. No cartoon hazard graphics, no biohazard trefoils, no striped danger tape as decor, no alert-word posters. Neutral room IDs and GMP status panels only.","Captions MUST be only about BPC-157 / TB-500 / GHK-Cu (V-GLO-001) and its catalog listing.","Active","195",""
"LAB-279","pen_3ml_scene","Pharma lab + 3mL pen 279","release-testing sample pass room between manufacturing and QC — bay 16","wide pass room","neutral clinical lighting","LOCKED PBV slightly elongated 3mL research pen (gray body, clear left cap, crimson red ring + ribbed dial, white DNA-helix label) mid-ground in pharmaceutical cleanroom; not extreme macro; not spa/lifestyle backdrop","LOCKED PBV research pen hardware (exact every time; slightly elongated longer 3mL barrel): light gray/off-white matte elongated barrel; clear transparent plastic tip-cap on left; bright crimson red accent ring mid-barrel; white wrap-around label with red stylized DNA double-helix graphic on the left of the label; compound name in large red sans-serif on the label with smaller secondary line like '8mg 3ml pen' or '3ml pen'; bright crimson red textured/ribbed dial on the right end. Color family: standard peptide — RED accents (not GLP blue). Same longer silhouette/proportions as Palm Beach Vitality research pen template — ONLY the label text changes per compound. Never invent a different pen shape, dial, or wrong accent color.","P-CII-001","CJC (no DAC)/Ipamorelin","https://www.palmbeach-vitality.store/products/cjc-ipamorelin-1","FULL PHARMA LAB + LOCKED PBV 3mL RESEARCH PEN SCENE. Photoreal PHARMACEUTICAL MANUFACTURING cleanroom (GMP / sterile injectables aesthetic). Looks like a real pharma fill-finish or sterile manufacturing suite — stainless, HEPA, classified grades, sanitary finishes — not a generic sci-fi biotech set, not a university teaching lab, NOT a spa/bathroom/lifestyle marble set. Environment: release-testing sample pass room between manufacturing and QC — bay 16. Camera: wide pass room. Lighting: neutral clinical lighting. Show the full pharmaceutical cleanroom; place ONE locked PBV research pen mid-ground on a clean bench. Not a close-up. PEN HARDWARE LOCK (must match exactly): slightly elongated longer light gray/off-white matte 3mL barrel; clear transparent left tip-cap; bright crimson red mid accent ring; white wrap label with red DNA helix graphic; label text 'CJC (no DAC)/Ipamorelin' in large red type plus a smaller '3ml pen' secondary line; bright crimson red ribbed dial on right. ACCENT COLOR LOCK: RED for this peptide (NOT blue). Blue is reserved for Semaglutide, Tirzepatide, and Retatrutide only. Same longer hardware as Palm Beach Vitality research pen template — only label name changes. Product lock: CJC (no DAC)/Ipamorelin (P-CII-001). SIGNAGE RULE: premium pharmaceutical cleanroom only. No cartoon hazard graphics, no biohazard trefoils, no striped danger tape as decor, no alert-word posters. Neutral room IDs and GMP status panels only.","Captions MUST be only about CJC (no DAC)/Ipamorelin (P-CII-001) and its catalog listing.","Active","196",""
"LAB-094","lab_scene","Pharma cleanroom 094","ISO classified material airlock with roller racks and status lights — bay 3","wide material airlock","cool sterile cyan with soft wash","no product close-up; full pharmaceutical cleanroom; compound via typography / optional distant labeled sterile vial","","P-GHK-001","GHK-Cu","https://www.palmbeach-vitality.store/products/ghk-cu-pen","FULL PHARMA LAB SCENE (wide). Photoreal PHARMACEUTICAL MANUFACTURING cleanroom (GMP / sterile injectables aesthetic). Looks like a real pharma fill-finish or sterile manufacturing suite — stainless, HEPA, classified grades, sanitary finishes — not a generic sci-fi biotech set, not a university teaching lab. Environment: ISO classified material airlock with roller racks and status lights — bay 3. Camera: wide material airlock. Lighting: cool sterile cyan with soft wash. Do not crop to a single object. Show the entire pharmaceutical cleanroom. Product lock for captions/typography only: GHK-Cu (P-GHK-001). Optional: one distant labeled 10mL sterile crimp-seal vial on a clean bench — never a macro close-up. SIGNAGE RULE: premium pharmaceutical cleanroom only. No cartoon hazard graphics, no biohazard trefoils, no striped danger tape as decor, no alert-word posters. Neutral room IDs and GMP status panels only.","Captions MUST be only about GHK-Cu (P-GHK-001) and its catalog listing.","Active","197",""
"LAB-188","vial_10ml_scene","Pharma lab + 10mL vial 188","HPLC / UPLC analytical QC lab for release testing of injectables — bay 7","wide instrument alley establishing shot","cool instrument-panel glow with soft overhead","10mL sterile crimp-seal injectable vial mid-ground in pharmaceutical cleanroom; never twist/screw cap; not extreme macro","10mL sterile injectable-style glass vial with rubber stopper and aluminum crimp seal (NOT screw-cap, NOT black twist cap)","V-SEM-001","Semaglutide","https://www.palmbeach-vitality.store/products/semaglutide","FULL PHARMA LAB + 10mL STERILE VIAL SCENE. Photoreal PHARMACEUTICAL MANUFACTURING cleanroom (GMP / sterile injectables aesthetic). Looks like a real pharma fill-finish or sterile manufacturing suite — stainless, HEPA, classified grades, sanitary finishes — not a generic sci-fi biotech set, not a university teaching lab. Environment: HPLC / UPLC analytical QC lab for release testing of injectables — bay 7. Camera: wide instrument alley establishing shot. Lighting: cool instrument-panel glow with soft overhead. Show the full pharmaceutical cleanroom; place one 10mL sterile injectable-style glass vial (rubber stopper + aluminum crimp seal only; NEVER black twist/screw cap) mid-ground on a clean bench. Not a close-up. Product lock: Semaglutide (V-SEM-001). SIGNAGE RULE: premium pharmaceutical cleanroom only. No cartoon hazard graphics, no biohazard trefoils, no striped danger tape as decor, no alert-word posters. Neutral room IDs and GMP status panels only.","Captions MUST be only about Semaglutide (V-SEM-001) and its catalog listing.","Active","198",""
"LAB-287","pen_3ml_scene","Pharma lab + 3mL pen 287","QC microbiology clean suite with laminar hoods and incubation banks — bay 6","wide QC micro suite","soft daylight-balanced sterile panels","LOCKED PBV slightly elongated 3mL research pen (gray body, clear left cap, cobalt blue ring + ribbed dial, white DNA-helix label) mid-ground in pharmaceutical cleanroom; not extreme macro; not spa/lifestyle backdrop","LOCKED PBV research pen hardware (exact every time; slightly elongated longer 3mL barrel): light gray/off-white matte elongated barrel; clear transparent plastic tip-cap on left; bright cobalt blue accent ring mid-barrel; white wrap-around label with blue stylized DNA double-helix graphic on the left of the label; compound name in large blue sans-serif on the label with smaller secondary line like '8mg 3ml pen' or '3ml pen'; bright cobalt blue textured/ribbed dial on the right end. Color family: GLP family (Semaglutide / Tirzepatide / Retatrutide) — BLUE accents. Same longer silhouette/proportions as Palm Beach Vitality research pen template — ONLY the label text changes per compound. Never invent a different pen shape, dial, or wrong accent color.","P-TIR-001","Tirzepatide","https://www.palmbeach-vitality.store/products/tirzepatide-10mg-pen","FULL PHARMA LAB + LOCKED PBV 3mL RESEARCH PEN SCENE. Photoreal PHARMACEUTICAL MANUFACTURING cleanroom (GMP / sterile injectables aesthetic). Looks like a real pharma fill-finish or sterile manufacturing suite — stainless, HEPA, classified grades, sanitary finishes — not a generic sci-fi biotech set, not a university teaching lab, NOT a spa/bathroom/lifestyle marble set. Environment: QC microbiology clean suite with laminar hoods and incubation banks — bay 6. Camera: wide QC micro suite. Lighting: soft daylight-balanced sterile panels. Show the full pharmaceutical cleanroom; place ONE locked PBV research pen mid-ground on a clean bench. Not a close-up. PEN HARDWARE LOCK (must match exactly): slightly elongated longer light gray/off-white matte 3mL barrel; clear transparent left tip-cap; bright cobalt blue mid accent ring; white wrap label with blue DNA helix graphic; label text 'Tirzepatide' in large blue type plus a smaller '3ml pen' secondary line; bright cobalt blue ribbed dial on right. ACCENT COLOR LOCK: BLUE (Semaglutide / Tirzepatide / Retatrutide only). Same longer hardware as Palm Beach Vitality research pen template — only label name changes. Product lock: Tirzepatide (P-TIR-001). SIGNAGE RULE: premium pharmaceutical cleanroom only. No cartoon hazard graphics, no biohazard trefoils, no striped danger tape as decor, no alert-word posters. Neutral room IDs and GMP status panels only.","Captions MUST be only about Tirzepatide (P-TIR-001) and its catalog listing.","Active","199",""
"LAB-222","pen_3ml_scene","Pharma lab + 3mL pen 222","WFI utility corridor with polished sanitary piping and valve clusters — bay 15","wide utility corridor perspective","cool reflective pharmaceutical utility light","LOCKED PBV slightly elongated 3mL research pen (gray body, clear left cap, cobalt blue ring + ribbed dial, white DNA-helix label) mid-ground in pharmaceutical cleanroom; not extreme macro; not spa/lifestyle backdrop","LOCKED PBV research pen hardware (exact every time; slightly elongated longer 3mL barrel): light gray/off-white matte elongated barrel; clear transparent plastic tip-cap on left; bright cobalt blue accent ring mid-barrel; white wrap-around label with blue stylized DNA double-helix graphic on the left of the label; compound name in large blue sans-serif on the label with smaller secondary line like '8mg 3ml pen' or '3ml pen'; bright cobalt blue textured/ribbed dial on the right end. Color family: GLP family (Semaglutide / Tirzepatide / Retatrutide) — BLUE accents. Same longer silhouette/proportions as Palm Beach Vitality research pen template — ONLY the label text changes per compound. Never invent a different pen shape, dial, or wrong accent color.","P-RET-001","Retatrutide","https://www.palmbeach-vitality.store/products/retatrutride-8mg-pen","FULL PHARMA LAB + LOCKED PBV 3mL RESEARCH PEN SCENE. Photoreal PHARMACEUTICAL MANUFACTURING cleanroom (GMP / sterile injectables aesthetic). Looks like a real pharma fill-finish or sterile manufacturing suite — stainless, HEPA, classified grades, sanitary finishes — not a generic sci-fi biotech set, not a university teaching lab, NOT a spa/bathroom/lifestyle marble set. Environment: WFI utility corridor with polished sanitary piping and valve clusters — bay 15. Camera: wide utility corridor perspective. Lighting: cool reflective pharmaceutical utility light. Show the full pharmaceutical cleanroom; place ONE locked PBV research pen mid-ground on a clean bench. Not a close-up. PEN HARDWARE LOCK (must match exactly): slightly elongated longer light gray/off-white matte 3mL barrel; clear transparent left tip-cap; bright cobalt blue mid accent ring; white wrap label with blue DNA helix graphic; label text 'Retatrutide' in large blue type plus a smaller '3ml pen' secondary line; bright cobalt blue ribbed dial on right. ACCENT COLOR LOCK: BLUE (Semaglutide / Tirzepatide / Retatrutide only). Same longer hardware as Palm Beach Vitality research pen template — only label name changes. Product lock: Retatrutide (P-RET-001). SIGNAGE RULE: premium pharmaceutical cleanroom only. No cartoon hazard graphics, no biohazard trefoils, no striped danger tape as decor, no alert-word posters. Neutral room IDs and GMP status panels only.","Captions MUST be only about Retatrutide (P-RET-001) and its catalog listing.","Active","200",""
"LAB-299","pen_3ml_scene","Pharma lab + 3mL pen 299","pharmaceutical cleanroom gowning bench corridor with step-over benches — bay 13","wide gowning corridor","high-key sterile white","LOCKED PBV slightly elongated 3mL research pen (gray body, clear left cap, crimson red ring + ribbed dial, white DNA-helix label) mid-ground in pharmaceutical cleanroom; not extreme macro; not spa/lifestyle backdrop","LOCKED PBV research pen hardware (exact every time; slightly elongated longer 3mL barrel): light gray/off-white matte elongated barrel; clear transparent plastic tip-cap on left; bright crimson red accent ring mid-barrel; white wrap-around label with red stylized DNA double-helix graphic on the left of the label; compound name in large red sans-serif on the label with smaller secondary line like '8mg 3ml pen' or '3ml pen'; bright crimson red textured/ribbed dial on the right end. Color family: standard peptide — RED accents (not GLP blue). Same longer silhouette/proportions as Palm Beach Vitality research pen template — ONLY the label text changes per compound. Never invent a different pen shape, dial, or wrong accent color.","P-BPC-001","BPC-157","https://www.palmbeach-vitality.store/products/bpc-157-pen","FULL PHARMA LAB + LOCKED PBV 3mL RESEARCH PEN SCENE. Photoreal PHARMACEUTICAL MANUFACTURING cleanroom (GMP / sterile injectables aesthetic). Looks like a real pharma fill-finish or sterile manufacturing suite — stainless, HEPA, classified grades, sanitary finishes — not a generic sci-fi biotech set, not a university teaching lab, NOT a spa/bathroom/lifestyle marble set. Environment: pharmaceutical cleanroom gowning bench corridor with step-over benches — bay 13. Camera: wide gowning corridor. Lighting: high-key sterile white. Show the full pharmaceutical cleanroom; place ONE locked PBV research pen mid-ground on a clean bench. Not a close-up. PEN HARDWARE LOCK (must match exactly): slightly elongated longer light gray/off-white matte 3mL barrel; clear transparent left tip-cap; bright crimson red mid accent ring; white wrap label with red DNA helix graphic; label text 'BPC-157' in large red type plus a smaller '3ml pen' secondary line; bright crimson red ribbed dial on right. ACCENT COLOR LOCK: RED for this peptide (NOT blue). Blue is reserved for Semaglutide, Tirzepatide, and Retatrutide only. Same longer hardware as Palm Beach Vitality research pen template — only label name changes. Product lock: BPC-157 (P-BPC-001). SIGNAGE RULE: premium pharmaceutical cleanroom only. No cartoon hazard graphics, no biohazard trefoils, no striped danger tape as decor, no alert-word posters. Neutral room IDs and GMP status panels only.","Captions MUST be only about BPC-157 (P-BPC-001) and its catalog listing.","Active","201",""
"LAB-091","lab_scene","Pharma cleanroom 091","sterile stopper processor room with validated washers and sterilizers — bay 11","wide processor room","cool steel GMP wash","no product close-up; full pharmaceutical cleanroom; compound via typography / optional distant labeled sterile vial","","P-WOL-001","BPC-157 / TB-500","https://www.palmbeach-vitality.store/products/wolverine-pen","FULL PHARMA LAB SCENE (wide). Photoreal PHARMACEUTICAL MANUFACTURING cleanroom (GMP / sterile injectables aesthetic). Looks like a real pharma fill-finish or sterile manufacturing suite — stainless, HEPA, classified grades, sanitary finishes — not a generic sci-fi biotech set, not a university teaching lab. Environment: sterile stopper processor room with validated washers and sterilizers — bay 11. Camera: wide processor room. Lighting: cool steel GMP wash. Do not crop to a single object. Show the entire pharmaceutical cleanroom. Product lock for captions/typography only: BPC-157 / TB-500 (P-WOL-001). Optional: one distant labeled 10mL sterile crimp-seal vial on a clean bench — never a macro close-up. SIGNAGE RULE: premium pharmaceutical cleanroom only. No cartoon hazard graphics, no biohazard trefoils, no striped danger tape as decor, no alert-word posters. Neutral room IDs and GMP status panels only.","Captions MUST be only about BPC-157 / TB-500 (P-WOL-001) and its catalog listing.","Active","202",""
"LAB-167","vial_10ml_scene","Pharma lab + 10mL vial 167","sanitary cleanroom return corridor with flush doors and vision panels — bay 13","wide return corridor","cool even sterile wash","10mL sterile crimp-seal injectable vial mid-ground in pharmaceutical cleanroom; never twist/screw cap; not extreme macro","10mL sterile injectable-style glass vial with rubber stopper and aluminum crimp seal (NOT screw-cap, NOT black twist cap)","V-KLO-001","KPV / BPC-157 / TB-500 / GHK-Cu","https://www.palmbeach-vitality.store/products/klow-kpv-bpc-157-tb-500-ghk","FULL PHARMA LAB + 10mL STERILE VIAL SCENE. Photoreal PHARMACEUTICAL MANUFACTURING cleanroom (GMP / sterile injectables aesthetic). Looks like a real pharma fill-finish or sterile manufacturing suite — stainless, HEPA, classified grades, sanitary finishes — not a generic sci-fi biotech set, not a university teaching lab. Environment: sanitary cleanroom return corridor with flush doors and vision panels — bay 13. Camera: wide return corridor. Lighting: cool even sterile wash. Show the full pharmaceutical cleanroom; place one 10mL sterile injectable-style glass vial (rubber stopper + aluminum crimp seal only; NEVER black twist/screw cap) mid-ground on a clean bench. Not a close-up. Product lock: KPV / BPC-157 / TB-500 / GHK-Cu (V-KLO-001). SIGNAGE RULE: premium pharmaceutical cleanroom only. No cartoon hazard graphics, no biohazard trefoils, no striped danger tape as decor, no alert-word posters. Neutral room IDs and GMP status panels only.","Captions MUST be only about KPV / BPC-157 / TB-500 / GHK-Cu (V-KLO-001) and its catalog listing.","Active","203",""
"LAB-268","pen_3ml_scene","Pharma lab + 3mL pen 268","aseptic vial filling machine cell with stoppering station under unidirectional airflow — bay 17","three-quarter wide of filler cell","bright clean pharmaceutical catalog light","LOCKED PBV slightly elongated 3mL research pen (gray body, clear left cap, crimson red ring + ribbed dial, white DNA-helix label) mid-ground in pharmaceutical cleanroom; not extreme macro; not spa/lifestyle backdrop","LOCKED PBV research pen hardware (exact every time; slightly elongated longer 3mL barrel): light gray/off-white matte elongated barrel; clear transparent plastic tip-cap on left; bright crimson red accent ring mid-barrel; white wrap-around label with red stylized DNA double-helix graphic on the left of the label; compound name in large red sans-serif on the label with smaller secondary line like '8mg 3ml pen' or '3ml pen'; bright crimson red textured/ribbed dial on the right end. Color family: standard peptide — RED accents (not GLP blue). Same longer silhouette/proportions as Palm Beach Vitality research pen template — ONLY the label text changes per compound. Never invent a different pen shape, dial, or wrong accent color.","P-MOT-001","MOTS-C","https://www.palmbeach-vitality.store/products/mots-c","FULL PHARMA LAB + LOCKED PBV 3mL RESEARCH PEN SCENE. Photoreal PHARMACEUTICAL MANUFACTURING cleanroom (GMP / sterile injectables aesthetic). Looks like a real pharma fill-finish or sterile manufacturing suite — stainless, HEPA, classified grades, sanitary finishes — not a generic sci-fi biotech set, not a university teaching lab, NOT a spa/bathroom/lifestyle marble set. Environment: aseptic vial filling machine cell with stoppering station under unidirectional airflow — bay 17. Camera: three-quarter wide of filler cell. Lighting: bright clean pharmaceutical catalog light. Show the full pharmaceutical cleanroom; place ONE locked PBV research pen mid-ground on a clean bench. Not a close-up. PEN HARDWARE LOCK (must match exactly): slightly elongated longer light gray/off-white matte 3mL barrel; clear transparent left tip-cap; bright crimson red mid accent ring; white wrap label with red DNA helix graphic; label text 'MOTS-C' in large red type plus a smaller '3ml pen' secondary line; bright crimson red ribbed dial on right. ACCENT COLOR LOCK: RED for this peptide (NOT blue). Blue is reserved for Semaglutide, Tirzepatide, and Retatrutide only. Same longer hardware as Palm Beach Vitality research pen template — only label name changes. Product lock: MOTS-C (P-MOT-001). SIGNAGE RULE: premium pharmaceutical cleanroom only. No cartoon hazard graphics, no biohazard trefoils, no striped danger tape as decor, no alert-word posters. Neutral room IDs and GMP status panels only.","Captions MUST be only about MOTS-C (P-MOT-001) and its catalog listing.","Active","204",""
"LAB-082","lab_scene","Pharma cleanroom 082","crimp-sealing and capping lane for sterile injectable vials — bay 1","wide lane perspective of crimp stations","cool neutral GMP wash, minimal shadows","no product close-up; full pharmaceutical cleanroom; compound via typography / optional distant labeled sterile vial","","P-NAD-001","NAD+","https://www.palmbeach-vitality.store/products/nad-pen-500mg","FULL PHARMA LAB SCENE (wide). Photoreal PHARMACEUTICAL MANUFACTURING cleanroom (GMP / sterile injectables aesthetic). Looks like a real pharma fill-finish or sterile manufacturing suite — stainless, HEPA, classified grades, sanitary finishes — not a generic sci-fi biotech set, not a university teaching lab. Environment: crimp-sealing and capping lane for sterile injectable vials — bay 1. Camera: wide lane perspective of crimp stations. Lighting: cool neutral GMP wash, minimal shadows. Do not crop to a single object. Show the entire pharmaceutical cleanroom. Product lock for captions/typography only: NAD+ (P-NAD-001). Optional: one distant labeled 10mL sterile crimp-seal vial on a clean bench — never a macro close-up. SIGNAGE RULE: premium pharmaceutical cleanroom only. No cartoon hazard graphics, no biohazard trefoils, no striped danger tape as decor, no alert-word posters. Neutral room IDs and GMP status panels only.","Captions MUST be only about NAD+ (P-NAD-001) and its catalog listing.","Active","205",""
"LAB-170","vial_10ml_scene","Pharma lab + 10mL vial 170","terminal sterilization / autoclave support corridor for validated loads — bay 5","hallway wide into autoclave bay","clean industrial-pharma hybrid light","10mL sterile crimp-seal injectable vial mid-ground in pharmaceutical cleanroom; never twist/screw cap; not extreme macro","10mL sterile injectable-style glass vial with rubber stopper and aluminum crimp seal (NOT screw-cap, NOT black twist cap)","V-PT1-001","PT-141","https://www.palmbeach-vitality.store/products/pt-141","FULL PHARMA LAB + 10mL STERILE VIAL SCENE. Photoreal PHARMACEUTICAL MANUFACTURING cleanroom (GMP / sterile injectables aesthetic). Looks like a real pharma fill-finish or sterile manufacturing suite — stainless, HEPA, classified grades, sanitary finishes — not a generic sci-fi biotech set, not a university teaching lab. Environment: terminal sterilization / autoclave support corridor for validated loads — bay 5. Camera: hallway wide into autoclave bay. Lighting: clean industrial-pharma hybrid light. Show the full pharmaceutical cleanroom; place one 10mL sterile injectable-style glass vial (rubber stopper + aluminum crimp seal only; NEVER black twist/screw cap) mid-ground on a clean bench. Not a close-up. Product lock: PT-141 (V-PT1-001). SIGNAGE RULE: premium pharmaceutical cleanroom only. No cartoon hazard graphics, no biohazard trefoils, no striped danger tape as decor, no alert-word posters. Neutral room IDs and GMP status panels only.","Captions MUST be only about PT-141 (V-PT1-001) and its catalog listing.","Active","206",""
"LAB-272","pen_3ml_scene","Pharma lab + 3mL pen 272","WFI utility corridor with polished sanitary piping and valve clusters — bay 12","wide utility corridor perspective","cool reflective pharmaceutical utility light","LOCKED PBV slightly elongated 3mL research pen (gray body, clear left cap, crimson red ring + ribbed dial, white DNA-helix label) mid-ground in pharmaceutical cleanroom; not extreme macro; not spa/lifestyle backdrop","LOCKED PBV research pen hardware (exact every time; slightly elongated longer 3mL barrel): light gray/off-white matte elongated barrel; clear transparent plastic tip-cap on left; bright crimson red accent ring mid-barrel; white wrap-around label with red stylized DNA double-helix graphic on the left of the label; compound name in large red sans-serif on the label with smaller secondary line like '8mg 3ml pen' or '3ml pen'; bright crimson red textured/ribbed dial on the right end. Color family: standard peptide — RED accents (not GLP blue). Same longer silhouette/proportions as Palm Beach Vitality research pen template — ONLY the label text changes per compound. Never invent a different pen shape, dial, or wrong accent color.","P-SEL-001","Selank","https://www.palmbeach-vitality.store/products/selank-pen","FULL PHARMA LAB + LOCKED PBV 3mL RESEARCH PEN SCENE. Photoreal PHARMACEUTICAL MANUFACTURING cleanroom (GMP / sterile injectables aesthetic). Looks like a real pharma fill-finish or sterile manufacturing suite — stainless, HEPA, classified grades, sanitary finishes — not a generic sci-fi biotech set, not a university teaching lab, NOT a spa/bathroom/lifestyle marble set. Environment: WFI utility corridor with polished sanitary piping and valve clusters — bay 12. Camera: wide utility corridor perspective. Lighting: cool reflective pharmaceutical utility light. Show the full pharmaceutical cleanroom; place ONE locked PBV research pen mid-ground on a clean bench. Not a close-up. PEN HARDWARE LOCK (must match exactly): slightly elongated longer light gray/off-white matte 3mL barrel; clear transparent left tip-cap; bright crimson red mid accent ring; white wrap label with red DNA helix graphic; label text 'Selank' in large red type plus a smaller '3ml pen' secondary line; bright crimson red ribbed dial on right. ACCENT COLOR LOCK: RED for this peptide (NOT blue). Blue is reserved for Semaglutide, Tirzepatide, and Retatrutide only. Same longer hardware as Palm Beach Vitality research pen template — only label name changes. Product lock: Selank (P-SEL-001). SIGNAGE RULE: premium pharmaceutical cleanroom only. No cartoon hazard graphics, no biohazard trefoils, no striped danger tape as decor, no alert-word posters. Neutral room IDs and GMP status panels only.","Captions MUST be only about Selank (P-SEL-001) and its catalog listing.","Active","207",""
"LAB-086","lab_scene","Pharma cleanroom 086","clean packaging cell for secondary packaging of sterile injectables — bay 13","elevated wide of packaging cell","bright neutral pharmaceutical softboxes","no product close-up; full pharmaceutical cleanroom; compound via typography / optional distant labeled sterile vial","","P-SER-001","Sermorelin","https://www.palmbeach-vitality.store/products/sermorelin-pen","FULL PHARMA LAB SCENE (wide). Photoreal PHARMACEUTICAL MANUFACTURING cleanroom (GMP / sterile injectables aesthetic). Looks like a real pharma fill-finish or sterile manufacturing suite — stainless, HEPA, classified grades, sanitary finishes — not a generic sci-fi biotech set, not a university teaching lab. Environment: clean packaging cell for secondary packaging of sterile injectables — bay 13. Camera: elevated wide of packaging cell. Lighting: bright neutral pharmaceutical softboxes. Do not crop to a single object. Show the entire pharmaceutical cleanroom. Product lock for captions/typography only: Sermorelin (P-SER-001). Optional: one distant labeled 10mL sterile crimp-seal vial on a clean bench — never a macro close-up. SIGNAGE RULE: premium pharmaceutical cleanroom only. No cartoon hazard graphics, no biohazard trefoils, no striped danger tape as decor, no alert-word posters. Neutral room IDs and GMP status panels only.","Captions MUST be only about Sermorelin (P-SER-001) and its catalog listing.","Active","208",""
"LAB-175","vial_10ml_scene","Pharma lab + 10mL vial 175","validated cleanroom corridor with flush windows into fill-finish suites — bay 3","dolly-style corridor looking into suites","high-key minimal-shadow sterile white","10mL sterile crimp-seal injectable vial mid-ground in pharmaceutical cleanroom; never twist/screw cap; not extreme macro","10mL sterile injectable-style glass vial with rubber stopper and aluminum crimp seal (NOT screw-cap, NOT black twist cap)","V-TES-001","Tesamorelin","https://www.palmbeach-vitality.store/products/tesamorelin","FULL PHARMA LAB + 10mL STERILE VIAL SCENE. Photoreal PHARMACEUTICAL MANUFACTURING cleanroom (GMP / sterile injectables aesthetic). Looks like a real pharma fill-finish or sterile manufacturing suite — stainless, HEPA, classified grades, sanitary finishes — not a generic sci-fi biotech set, not a university teaching lab. Environment: validated cleanroom corridor with flush windows into fill-finish suites — bay 3. Camera: dolly-style corridor looking into suites. Lighting: high-key minimal-shadow sterile white. Show the full pharmaceutical cleanroom; place one 10mL sterile injectable-style glass vial (rubber stopper + aluminum crimp seal only; NEVER black twist/screw cap) mid-ground on a clean bench. Not a close-up. Product lock: Tesamorelin (V-TES-001). SIGNAGE RULE: premium pharmaceutical cleanroom only. No cartoon hazard graphics, no biohazard trefoils, no striped danger tape as decor, no alert-word posters. Neutral room IDs and GMP status panels only.","Captions MUST be only about Tesamorelin (V-TES-001) and its catalog listing.","Active","209",""
"LAB-284","pen_3ml_scene","Pharma lab + 3mL pen 284","sterile lyophilization suite with production-scale freeze-dryer banks and clean aisle — bay 14","wide establishing shot of lyophilizer row","cool steel-blue GMP lighting with clean speculars","LOCKED PBV slightly elongated 3mL research pen (gray body, clear left cap, crimson red ring + ribbed dial, white DNA-helix label) mid-ground in pharmaceutical cleanroom; not extreme macro; not spa/lifestyle backdrop","LOCKED PBV research pen hardware (exact every time; slightly elongated longer 3mL barrel): light gray/off-white matte elongated barrel; clear transparent plastic tip-cap on left; bright crimson red accent ring mid-barrel; white wrap-around label with red stylized DNA double-helix graphic on the left of the label; compound name in large red sans-serif on the label with smaller secondary line like '8mg 3ml pen' or '3ml pen'; bright crimson red textured/ribbed dial on the right end. Color family: standard peptide — RED accents (not GLP blue). Same longer silhouette/proportions as Palm Beach Vitality research pen template — ONLY the label text changes per compound. Never invent a different pen shape, dial, or wrong accent color.","P-SS3-001","SS-31","https://www.palmbeach-vitality.store/products/ss-31-pen","FULL PHARMA LAB + LOCKED PBV 3mL RESEARCH PEN SCENE. Photoreal PHARMACEUTICAL MANUFACTURING cleanroom (GMP / sterile injectables aesthetic). Looks like a real pharma fill-finish or sterile manufacturing suite — stainless, HEPA, classified grades, sanitary finishes — not a generic sci-fi biotech set, not a university teaching lab, NOT a spa/bathroom/lifestyle marble set. Environment: sterile lyophilization suite with production-scale freeze-dryer banks and clean aisle — bay 14. Camera: wide establishing shot of lyophilizer row. Lighting: cool steel-blue GMP lighting with clean speculars. Show the full pharmaceutical cleanroom; place ONE locked PBV research pen mid-ground on a clean bench. Not a close-up. PEN HARDWARE LOCK (must match exactly): slightly elongated longer light gray/off-white matte 3mL barrel; clear transparent left tip-cap; bright crimson red mid accent ring; white wrap label with red DNA helix graphic; label text 'SS-31' in large red type plus a smaller '3ml pen' secondary line; bright crimson red ribbed dial on right. ACCENT COLOR LOCK: RED for this peptide (NOT blue). Blue is reserved for Semaglutide, Tirzepatide, and Retatrutide only. Same longer hardware as Palm Beach Vitality research pen template — only label name changes. Product lock: SS-31 (P-SS3-001). SIGNAGE RULE: premium pharmaceutical cleanroom only. No cartoon hazard graphics, no biohazard trefoils, no striped danger tape as decor, no alert-word posters. Neutral room IDs and GMP status panels only.","Captions MUST be only about SS-31 (P-SS3-001) and its catalog listing.","Active","210",""
"LAB-208","pen_3ml_scene","Pharma lab + 3mL pen 208","validated cleanroom corridor with flush windows into fill-finish suites — bay 7","dolly-style corridor looking into suites","high-key minimal-shadow sterile white","LOCKED PBV slightly elongated 3mL research pen (gray body, clear left cap, crimson red ring + ribbed dial, white DNA-helix label) mid-ground in pharmaceutical cleanroom; not extreme macro; not spa/lifestyle backdrop","LOCKED PBV research pen hardware (exact every time; slightly elongated longer 3mL barrel): light gray/off-white matte elongated barrel; clear transparent plastic tip-cap on left; bright crimson red accent ring mid-barrel; white wrap-around label with red stylized DNA double-helix graphic on the left of the label; compound name in large red sans-serif on the label with smaller secondary line like '8mg 3ml pen' or '3ml pen'; bright crimson red textured/ribbed dial on the right end. Color family: standard peptide — RED accents (not GLP blue). Same longer silhouette/proportions as Palm Beach Vitality research pen template — ONLY the label text changes per compound. Never invent a different pen shape, dial, or wrong accent color.","P-TA1-001","Thymosin Alpha-1","https://www.palmbeach-vitality.store/products/ta-2","FULL PHARMA LAB + LOCKED PBV 3mL RESEARCH PEN SCENE. Photoreal PHARMACEUTICAL MANUFACTURING cleanroom (GMP / sterile injectables aesthetic). Looks like a real pharma fill-finish or sterile manufacturing suite — stainless, HEPA, classified grades, sanitary finishes — not a generic sci-fi biotech set, not a university teaching lab, NOT a spa/bathroom/lifestyle marble set. Environment: validated cleanroom corridor with flush windows into fill-finish suites — bay 7. Camera: dolly-style corridor looking into suites. Lighting: high-key minimal-shadow sterile white. Show the full pharmaceutical cleanroom; place ONE locked PBV research pen mid-ground on a clean bench. Not a close-up. PEN HARDWARE LOCK (must match exactly): slightly elongated longer light gray/off-white matte 3mL barrel; clear transparent left tip-cap; bright crimson red mid accent ring; white wrap label with red DNA helix graphic; label text 'Thymosin Alpha-1' in large red type plus a smaller '3ml pen' secondary line; bright crimson red ribbed dial on right. ACCENT COLOR LOCK: RED for this peptide (NOT blue). Blue is reserved for Semaglutide, Tirzepatide, and Retatrutide only. Same longer hardware as Palm Beach Vitality research pen template — only label name changes. Product lock: Thymosin Alpha-1 (P-TA1-001). SIGNAGE RULE: premium pharmaceutical cleanroom only. No cartoon hazard graphics, no biohazard trefoils, no striped danger tape as decor, no alert-word posters. Neutral room IDs and GMP status panels only.","Captions MUST be only about Thymosin Alpha-1 (P-TA1-001) and its catalog listing.","Active","211",""
"LAB-029","lab_scene","Pharma cleanroom 029","QC wet chemistry bench room for pharmaceutical assay support — bay 12","wide wet-chem room","clean clinical bench lighting","no product close-up; full pharmaceutical cleanroom; compound via typography / optional distant labeled sterile vial","","V-GLO-001","BPC-157 / TB-500 / GHK-Cu","https://www.palmbeach-vitality.store/products/glow","FULL PHARMA LAB SCENE (wide). Photoreal PHARMACEUTICAL MANUFACTURING cleanroom (GMP / sterile injectables aesthetic). Looks like a real pharma fill-finish or sterile manufacturing suite — stainless, HEPA, classified grades, sanitary finishes — not a generic sci-fi biotech set, not a university teaching lab. Environment: QC wet chemistry bench room for pharmaceutical assay support — bay 12. Camera: wide wet-chem room. Lighting: clean clinical bench lighting. Do not crop to a single object. Show the entire pharmaceutical cleanroom. Product lock for captions/typography only: BPC-157 / TB-500 / GHK-Cu (V-GLO-001). Optional: one distant labeled 10mL sterile crimp-seal vial on a clean bench — never a macro close-up. SIGNAGE RULE: premium pharmaceutical cleanroom only. No cartoon hazard graphics, no biohazard trefoils, no striped danger tape as decor, no alert-word posters. Neutral room IDs and GMP status panels only.","Captions MUST be only about BPC-157 / TB-500 / GHK-Cu (V-GLO-001) and its catalog listing.","Active","212",""
"LAB-114","vial_10ml_scene","Pharma lab + 10mL vial 114","depyrogenation tunnel / dry-heat sterilization line anteroom — bay 4","wide anteroom to tunnel line","warm-cool hybrid process lighting","10mL sterile crimp-seal injectable vial mid-ground in pharmaceutical cleanroom; never twist/screw cap; not extreme macro","10mL sterile injectable-style glass vial with rubber stopper and aluminum crimp seal (NOT screw-cap, NOT black twist cap)","V-CII-001","CJC (no DAC)/Ipamorelin","https://www.palmbeach-vitality.store/products/cjc-ipamorelin","FULL PHARMA LAB + 10mL STERILE VIAL SCENE. Photoreal PHARMACEUTICAL MANUFACTURING cleanroom (GMP / sterile injectables aesthetic). Looks like a real pharma fill-finish or sterile manufacturing suite — stainless, HEPA, classified grades, sanitary finishes — not a generic sci-fi biotech set, not a university teaching lab. Environment: depyrogenation tunnel / dry-heat sterilization line anteroom — bay 4. Camera: wide anteroom to tunnel line. Lighting: warm-cool hybrid process lighting. Show the full pharmaceutical cleanroom; place one 10mL sterile injectable-style glass vial (rubber stopper + aluminum crimp seal only; NEVER black twist/screw cap) mid-ground on a clean bench. Not a close-up. Product lock: CJC (no DAC)/Ipamorelin (V-CII-001). SIGNAGE RULE: premium pharmaceutical cleanroom only. No cartoon hazard graphics, no biohazard trefoils, no striped danger tape as decor, no alert-word posters. Neutral room IDs and GMP status panels only.","Captions MUST be only about CJC (no DAC)/Ipamorelin (V-CII-001) and its catalog listing.","Active","213",""
"LAB-215","pen_3ml_scene","Pharma lab + 3mL pen 215","secondary packaging clean cell with cartoners for cold-chain SKUs — bay 11","elevated packaging cell","bright neutral softboxes","LOCKED PBV slightly elongated 3mL research pen (gray body, clear left cap, crimson red ring + ribbed dial, white DNA-helix label) mid-ground in pharmaceutical cleanroom; not extreme macro; not spa/lifestyle backdrop","LOCKED PBV research pen hardware (exact every time; slightly elongated longer 3mL barrel): light gray/off-white matte elongated barrel; clear transparent plastic tip-cap on left; bright crimson red accent ring mid-barrel; white wrap-around label with red stylized DNA double-helix graphic on the left of the label; compound name in large red sans-serif on the label with smaller secondary line like '8mg 3ml pen' or '3ml pen'; bright crimson red textured/ribbed dial on the right end. Color family: standard peptide — RED accents (not GLP blue). Same longer silhouette/proportions as Palm Beach Vitality research pen template — ONLY the label text changes per compound. Never invent a different pen shape, dial, or wrong accent color.","P-GHK-001","GHK-Cu","https://www.palmbeach-vitality.store/products/ghk-cu-pen","FULL PHARMA LAB + LOCKED PBV 3mL RESEARCH PEN SCENE. Photoreal PHARMACEUTICAL MANUFACTURING cleanroom (GMP / sterile injectables aesthetic). Looks like a real pharma fill-finish or sterile manufacturing suite — stainless, HEPA, classified grades, sanitary finishes — not a generic sci-fi biotech set, not a university teaching lab, NOT a spa/bathroom/lifestyle marble set. Environment: secondary packaging clean cell with cartoners for cold-chain SKUs — bay 11. Camera: elevated packaging cell. Lighting: bright neutral softboxes. Show the full pharmaceutical cleanroom; place ONE locked PBV research pen mid-ground on a clean bench. Not a close-up. PEN HARDWARE LOCK (must match exactly): slightly elongated longer light gray/off-white matte 3mL barrel; clear transparent left tip-cap; bright crimson red mid accent ring; white wrap label with red DNA helix graphic; label text 'GHK-Cu' in large red type plus a smaller '3ml pen' secondary line; bright crimson red ribbed dial on right. ACCENT COLOR LOCK: RED for this peptide (NOT blue). Blue is reserved for Semaglutide, Tirzepatide, and Retatrutide only. Same longer hardware as Palm Beach Vitality research pen template — only label name changes. Product lock: GHK-Cu (P-GHK-001). SIGNAGE RULE: premium pharmaceutical cleanroom only. No cartoon hazard graphics, no biohazard trefoils, no striped danger tape as decor, no alert-word posters. Neutral room IDs and GMP status panels only.","Captions MUST be only about GHK-Cu (P-GHK-001) and its catalog listing.","Active","214",""
"LAB-035","lab_scene","Pharma cleanroom 035","weighing / dispense cleanroom with anti-vibration balances under local protection — bay 13","wide weighing suite","bright soft key, clean sterile fill","no product close-up; full pharmaceutical cleanroom; compound via typography / optional distant labeled sterile vial","","V-SEM-001","Semaglutide","https://www.palmbeach-vitality.store/products/semaglutide","FULL PHARMA LAB SCENE (wide). Photoreal PHARMACEUTICAL MANUFACTURING cleanroom (GMP / sterile injectables aesthetic). Looks like a real pharma fill-finish or sterile manufacturing suite — stainless, HEPA, classified grades, sanitary finishes — not a generic sci-fi biotech set, not a university teaching lab. Environment: weighing / dispense cleanroom with anti-vibration balances under local protection — bay 13. Camera: wide weighing suite. Lighting: bright soft key, clean sterile fill. Do not crop to a single object. Show the entire pharmaceutical cleanroom. Product lock for captions/typography only: Semaglutide (V-SEM-001). Optional: one distant labeled 10mL sterile crimp-seal vial on a clean bench — never a macro close-up. SIGNAGE RULE: premium pharmaceutical cleanroom only. No cartoon hazard graphics, no biohazard trefoils, no striped danger tape as decor, no alert-word posters. Neutral room IDs and GMP status panels only.","Captions MUST be only about Semaglutide (V-SEM-001) and its catalog listing.","Active","215",""
"LAB-121","vial_10ml_scene","Pharma lab + 10mL vial 121","component prep room for sterile stoppers, seals, and depyrogenated vials — bay 14","wide component prep room","cool catalog GMP light","10mL sterile crimp-seal injectable vial mid-ground in pharmaceutical cleanroom; never twist/screw cap; not extreme macro","10mL sterile injectable-style glass vial with rubber stopper and aluminum crimp seal (NOT screw-cap, NOT black twist cap)","V-TIR-001","Tirzepatide","https://www.palmbeach-vitality.store/products/tirzepatide","FULL PHARMA LAB + 10mL STERILE VIAL SCENE. Photoreal PHARMACEUTICAL MANUFACTURING cleanroom (GMP / sterile injectables aesthetic). Looks like a real pharma fill-finish or sterile manufacturing suite — stainless, HEPA, classified grades, sanitary finishes — not a generic sci-fi biotech set, not a university teaching lab. Environment: component prep room for sterile stoppers, seals, and depyrogenated vials — bay 14. Camera: wide component prep room. Lighting: cool catalog GMP light. Show the full pharmaceutical cleanroom; place one 10mL sterile injectable-style glass vial (rubber stopper + aluminum crimp seal only; NEVER black twist/screw cap) mid-ground on a clean bench. Not a close-up. Product lock: Tirzepatide (V-TIR-001). SIGNAGE RULE: premium pharmaceutical cleanroom only. No cartoon hazard graphics, no biohazard trefoils, no striped danger tape as decor, no alert-word posters. Neutral room IDs and GMP status panels only.","Captions MUST be only about Tirzepatide (V-TIR-001) and its catalog listing.","Active","216",""
"LAB-244","pen_3ml_scene","Pharma lab + 3mL pen 244","sterile stopper processor room with validated washers and sterilizers — bay 13","wide processor room","cool steel GMP wash","LOCKED PBV slightly elongated 3mL research pen (gray body, clear left cap, cobalt blue ring + ribbed dial, white DNA-helix label) mid-ground in pharmaceutical cleanroom; not extreme macro; not spa/lifestyle backdrop","LOCKED PBV research pen hardware (exact every time; slightly elongated longer 3mL barrel): light gray/off-white matte elongated barrel; clear transparent plastic tip-cap on left; bright cobalt blue accent ring mid-barrel; white wrap-around label with blue stylized DNA double-helix graphic on the left of the label; compound name in large blue sans-serif on the label with smaller secondary line like '8mg 3ml pen' or '3ml pen'; bright cobalt blue textured/ribbed dial on the right end. Color family: GLP family (Semaglutide / Tirzepatide / Retatrutide) — BLUE accents. Same longer silhouette/proportions as Palm Beach Vitality research pen template — ONLY the label text changes per compound. Never invent a different pen shape, dial, or wrong accent color.","P-RET-001","Retatrutide","https://www.palmbeach-vitality.store/products/retatrutride-8mg-pen","FULL PHARMA LAB + LOCKED PBV 3mL RESEARCH PEN SCENE. Photoreal PHARMACEUTICAL MANUFACTURING cleanroom (GMP / sterile injectables aesthetic). Looks like a real pharma fill-finish or sterile manufacturing suite — stainless, HEPA, classified grades, sanitary finishes — not a generic sci-fi biotech set, not a university teaching lab, NOT a spa/bathroom/lifestyle marble set. Environment: sterile stopper processor room with validated washers and sterilizers — bay 13. Camera: wide processor room. Lighting: cool steel GMP wash. Show the full pharmaceutical cleanroom; place ONE locked PBV research pen mid-ground on a clean bench. Not a close-up. PEN HARDWARE LOCK (must match exactly): slightly elongated longer light gray/off-white matte 3mL barrel; clear transparent left tip-cap; bright cobalt blue mid accent ring; white wrap label with blue DNA helix graphic; label text 'Retatrutide' in large blue type plus a smaller '3ml pen' secondary line; bright cobalt blue ribbed dial on right. ACCENT COLOR LOCK: BLUE (Semaglutide / Tirzepatide / Retatrutide only). Same longer hardware as Palm Beach Vitality research pen template — only label name changes. Product lock: Retatrutide (P-RET-001). SIGNAGE RULE: premium pharmaceutical cleanroom only. No cartoon hazard graphics, no biohazard trefoils, no striped danger tape as decor, no alert-word posters. Neutral room IDs and GMP status panels only.","Captions MUST be only about Retatrutide (P-RET-001) and its catalog listing.","Active","217",""
"LAB-110","vial_10ml_scene","Pharma lab + 10mL vial 110","raw-material pharmaceutical quarantine cage with barcode racking — bay 9","architectural wide of quarantine cage","neutral warehouse-GMP hybrid lighting","10mL sterile crimp-seal injectable vial mid-ground in pharmaceutical cleanroom; never twist/screw cap; not extreme macro","10mL sterile injectable-style glass vial with rubber stopper and aluminum crimp seal (NOT screw-cap, NOT black twist cap)","V-BPC-001","BPC-157","https://www.palmbeach-vitality.store/products/bpc-157","FULL PHARMA LAB + 10mL STERILE VIAL SCENE. Photoreal PHARMACEUTICAL MANUFACTURING cleanroom (GMP / sterile injectables aesthetic). Looks like a real pharma fill-finish or sterile manufacturing suite — stainless, HEPA, classified grades, sanitary finishes — not a generic sci-fi biotech set, not a university teaching lab. Environment: raw-material pharmaceutical quarantine cage with barcode racking — bay 9. Camera: architectural wide of quarantine cage. Lighting: neutral warehouse-GMP hybrid lighting. Show the full pharmaceutical cleanroom; place one 10mL sterile injectable-style glass vial (rubber stopper + aluminum crimp seal only; NEVER black twist/screw cap) mid-ground on a clean bench. Not a close-up. Product lock: BPC-157 (V-BPC-001). SIGNAGE RULE: premium pharmaceutical cleanroom only. No cartoon hazard graphics, no biohazard trefoils, no striped danger tape as decor, no alert-word posters. Neutral room IDs and GMP status panels only.","Captions MUST be only about BPC-157 (V-BPC-001) and its catalog listing.","Active","218",""
"LAB-212","pen_3ml_scene","Pharma lab + 3mL pen 212","automated vial tray loader cell beside aseptic filler — bay 2","wide automation cell","high-tech cool white GMP lighting","LOCKED PBV slightly elongated 3mL research pen (gray body, clear left cap, crimson red ring + ribbed dial, white DNA-helix label) mid-ground in pharmaceutical cleanroom; not extreme macro; not spa/lifestyle backdrop","LOCKED PBV research pen hardware (exact every time; slightly elongated longer 3mL barrel): light gray/off-white matte elongated barrel; clear transparent plastic tip-cap on left; bright crimson red accent ring mid-barrel; white wrap-around label with red stylized DNA double-helix graphic on the left of the label; compound name in large red sans-serif on the label with smaller secondary line like '8mg 3ml pen' or '3ml pen'; bright crimson red textured/ribbed dial on the right end. Color family: standard peptide — RED accents (not GLP blue). Same longer silhouette/proportions as Palm Beach Vitality research pen template — ONLY the label text changes per compound. Never invent a different pen shape, dial, or wrong accent color.","P-WOL-001","BPC-157 / TB-500","https://www.palmbeach-vitality.store/products/wolverine-pen","FULL PHARMA LAB + LOCKED PBV 3mL RESEARCH PEN SCENE. Photoreal PHARMACEUTICAL MANUFACTURING cleanroom (GMP / sterile injectables aesthetic). Looks like a real pharma fill-finish or sterile manufacturing suite — stainless, HEPA, classified grades, sanitary finishes — not a generic sci-fi biotech set, not a university teaching lab, NOT a spa/bathroom/lifestyle marble set. Environment: automated vial tray loader cell beside aseptic filler — bay 2. Camera: wide automation cell. Lighting: high-tech cool white GMP lighting. Show the full pharmaceutical cleanroom; place ONE locked PBV research pen mid-ground on a clean bench. Not a close-up. PEN HARDWARE LOCK (must match exactly): slightly elongated longer light gray/off-white matte 3mL barrel; clear transparent left tip-cap; bright crimson red mid accent ring; white wrap label with red DNA helix graphic; label text 'BPC-157 / TB-500' in large red type plus a smaller '3ml pen' secondary line; bright crimson red ribbed dial on right. ACCENT COLOR LOCK: RED for this peptide (NOT blue). Blue is reserved for Semaglutide, Tirzepatide, and Retatrutide only. Same longer hardware as Palm Beach Vitality research pen template — only label name changes. Product lock: BPC-157 / TB-500 (P-WOL-001). SIGNAGE RULE: premium pharmaceutical cleanroom only. No cartoon hazard graphics, no biohazard trefoils, no striped danger tape as decor, no alert-word posters. Neutral room IDs and GMP status panels only.","Captions MUST be only about BPC-157 / TB-500 (P-WOL-001) and its catalog listing.","Active","219",""
"LAB-014","lab_scene","Pharma cleanroom 014","ISO 7 aseptic fill-finish suite with RABS isolator line and grade A filling zone — bay 1","elevated wide of the fill line and cleanroom envelope","cool sterile pharmaceutical white with soft HEPA wash","no product close-up; full pharmaceutical cleanroom; compound via typography / optional distant labeled sterile vial","","V-KLO-001","KPV / BPC-157 / TB-500 / GHK-Cu","https://www.palmbeach-vitality.store/products/klow-kpv-bpc-157-tb-500-ghk","FULL PHARMA LAB SCENE (wide). Photoreal PHARMACEUTICAL MANUFACTURING cleanroom (GMP / sterile injectables aesthetic). Looks like a real pharma fill-finish or sterile manufacturing suite — stainless, HEPA, classified grades, sanitary finishes — not a generic sci-fi biotech set, not a university teaching lab. Environment: ISO 7 aseptic fill-finish suite with RABS isolator line and grade A filling zone — bay 1. Camera: elevated wide of the fill line and cleanroom envelope. Lighting: cool sterile pharmaceutical white with soft HEPA wash. Do not crop to a single object. Show the entire pharmaceutical cleanroom. Product lock for captions/typography only: KPV / BPC-157 / TB-500 / GHK-Cu (V-KLO-001). Optional: one distant labeled 10mL sterile crimp-seal vial on a clean bench — never a macro close-up. SIGNAGE RULE: premium pharmaceutical cleanroom only. No cartoon hazard graphics, no biohazard trefoils, no striped danger tape as decor, no alert-word posters. Neutral room IDs and GMP status panels only.","Captions MUST be only about KPV / BPC-157 / TB-500 / GHK-Cu (V-KLO-001) and its catalog listing.","Active","220",""
"LAB-124","vial_10ml_scene","Pharma lab + 10mL vial 124","sterile powder handling isolator suite for potent pharmaceutical actives — bay 3","wide isolator suite","cool contained-processing lighting","10mL sterile crimp-seal injectable vial mid-ground in pharmaceutical cleanroom; never twist/screw cap; not extreme macro","10mL sterile injectable-style glass vial with rubber stopper and aluminum crimp seal (NOT screw-cap, NOT black twist cap)","V-MOT-001","MOTS-C","https://www.palmbeach-vitality.store/products/mots-c-10mg-5ml-vial","FULL PHARMA LAB + 10mL STERILE VIAL SCENE. Photoreal PHARMACEUTICAL MANUFACTURING cleanroom (GMP / sterile injectables aesthetic). Looks like a real pharma fill-finish or sterile manufacturing suite — stainless, HEPA, classified grades, sanitary finishes — not a generic sci-fi biotech set, not a university teaching lab. Environment: sterile powder handling isolator suite for potent pharmaceutical actives — bay 3. Camera: wide isolator suite. Lighting: cool contained-processing lighting. Show the full pharmaceutical cleanroom; place one 10mL sterile injectable-style glass vial (rubber stopper + aluminum crimp seal only; NEVER black twist/screw cap) mid-ground on a clean bench. Not a close-up. Product lock: MOTS-C (V-MOT-001). SIGNAGE RULE: premium pharmaceutical cleanroom only. No cartoon hazard graphics, no biohazard trefoils, no striped danger tape as decor, no alert-word posters. Neutral room IDs and GMP status panels only.","Captions MUST be only about MOTS-C (V-MOT-001) and its catalog listing.","Active","221",""
"LAB-203","pen_3ml_scene","Pharma lab + 3mL pen 203","terminal sterilization / autoclave support corridor for validated loads — bay 9","hallway wide into autoclave bay","clean industrial-pharma hybrid light","LOCKED PBV slightly elongated 3mL research pen (gray body, clear left cap, crimson red ring + ribbed dial, white DNA-helix label) mid-ground in pharmaceutical cleanroom; not extreme macro; not spa/lifestyle backdrop","LOCKED PBV research pen hardware (exact every time; slightly elongated longer 3mL barrel): light gray/off-white matte elongated barrel; clear transparent plastic tip-cap on left; bright crimson red accent ring mid-barrel; white wrap-around label with red stylized DNA double-helix graphic on the left of the label; compound name in large red sans-serif on the label with smaller secondary line like '8mg 3ml pen' or '3ml pen'; bright crimson red textured/ribbed dial on the right end. Color family: standard peptide — RED accents (not GLP blue). Same longer silhouette/proportions as Palm Beach Vitality research pen template — ONLY the label text changes per compound. Never invent a different pen shape, dial, or wrong accent color.","P-NAD-001","NAD+","https://www.palmbeach-vitality.store/products/nad-pen-500mg","FULL PHARMA LAB + LOCKED PBV 3mL RESEARCH PEN SCENE. Photoreal PHARMACEUTICAL MANUFACTURING cleanroom (GMP / sterile injectables aesthetic). Looks like a real pharma fill-finish or sterile manufacturing suite — stainless, HEPA, classified grades, sanitary finishes — not a generic sci-fi biotech set, not a university teaching lab, NOT a spa/bathroom/lifestyle marble set. Environment: terminal sterilization / autoclave support corridor for validated loads — bay 9. Camera: hallway wide into autoclave bay. Lighting: clean industrial-pharma hybrid light. Show the full pharmaceutical cleanroom; place ONE locked PBV research pen mid-ground on a clean bench. Not a close-up. PEN HARDWARE LOCK (must match exactly): slightly elongated longer light gray/off-white matte 3mL barrel; clear transparent left tip-cap; bright crimson red mid accent ring; white wrap label with red DNA helix graphic; label text 'NAD+' in large red type plus a smaller '3ml pen' secondary line; bright crimson red ribbed dial on right. ACCENT COLOR LOCK: RED for this peptide (NOT blue). Blue is reserved for Semaglutide, Tirzepatide, and Retatrutide only. Same longer hardware as Palm Beach Vitality research pen template — only label name changes. Product lock: NAD+ (P-NAD-001). SIGNAGE RULE: premium pharmaceutical cleanroom only. No cartoon hazard graphics, no biohazard trefoils, no striped danger tape as decor, no alert-word posters. Neutral room IDs and GMP status panels only.","Captions MUST be only about NAD+ (P-NAD-001) and its catalog listing.","Active","222",""
"LAB-017","lab_scene","Pharma cleanroom 017","cold-chain pharmaceutical warehouse anteroom with validated cold rooms — bay 10","wide anteroom and cold-room doors","cool blue cold-chain GMP lighting","no product close-up; full pharmaceutical cleanroom; compound via typography / optional distant labeled sterile vial","","V-PT1-001","PT-141","https://www.palmbeach-vitality.store/products/pt-141","FULL PHARMA LAB SCENE (wide). Photoreal PHARMACEUTICAL MANUFACTURING cleanroom (GMP / sterile injectables aesthetic). Looks like a real pharma fill-finish or sterile manufacturing suite — stainless, HEPA, classified grades, sanitary finishes — not a generic sci-fi biotech set, not a university teaching lab. Environment: cold-chain pharmaceutical warehouse anteroom with validated cold rooms — bay 10. Camera: wide anteroom and cold-room doors. Lighting: cool blue cold-chain GMP lighting. Do not crop to a single object. Show the entire pharmaceutical cleanroom. Product lock for captions/typography only: PT-141 (V-PT1-001). Optional: one distant labeled 10mL sterile crimp-seal vial on a clean bench — never a macro close-up. SIGNAGE RULE: premium pharmaceutical cleanroom only. No cartoon hazard graphics, no biohazard trefoils, no striped danger tape as decor, no alert-word posters. Neutral room IDs and GMP status panels only.","Captions MUST be only about PT-141 (V-PT1-001) and its catalog listing.","Active","223",""
"LAB-127","vial_10ml_scene","Pharma lab + 10mL vial 127","pharmaceutical batch-record kiosk corridor overlooking manufacturing suites — bay 12","wide corridor overlook into suites","warm-neutral softboxes, clean speculars","10mL sterile crimp-seal injectable vial mid-ground in pharmaceutical cleanroom; never twist/screw cap; not extreme macro","10mL sterile injectable-style glass vial with rubber stopper and aluminum crimp seal (NOT screw-cap, NOT black twist cap)","V-SEL-001","Selank","https://www.palmbeach-vitality.store/products/selank","FULL PHARMA LAB + 10mL STERILE VIAL SCENE. Photoreal PHARMACEUTICAL MANUFACTURING cleanroom (GMP / sterile injectables aesthetic). Looks like a real pharma fill-finish or sterile manufacturing suite — stainless, HEPA, classified grades, sanitary finishes — not a generic sci-fi biotech set, not a university teaching lab. Environment: pharmaceutical batch-record kiosk corridor overlooking manufacturing suites — bay 12. Camera: wide corridor overlook into suites. Lighting: warm-neutral softboxes, clean speculars. Show the full pharmaceutical cleanroom; place one 10mL sterile injectable-style glass vial (rubber stopper + aluminum crimp seal only; NEVER black twist/screw cap) mid-ground on a clean bench. Not a close-up. Product lock: Selank (V-SEL-001). SIGNAGE RULE: premium pharmaceutical cleanroom only. No cartoon hazard graphics, no biohazard trefoils, no striped danger tape as decor, no alert-word posters. Neutral room IDs and GMP status panels only.","Captions MUST be only about Selank (V-SEL-001) and its catalog listing.","Active","224",""
"LAB-207","pen_3ml_scene","Pharma lab + 3mL pen 207","sterile powder handling isolator suite for potent pharmaceutical actives — bay 4","wide isolator suite","cool contained-processing lighting","LOCKED PBV slightly elongated 3mL research pen (gray body, clear left cap, crimson red ring + ribbed dial, white DNA-helix label) mid-ground in pharmaceutical cleanroom; not extreme macro; not spa/lifestyle backdrop","LOCKED PBV research pen hardware (exact every time; slightly elongated longer 3mL barrel): light gray/off-white matte elongated barrel; clear transparent plastic tip-cap on left; bright crimson red accent ring mid-barrel; white wrap-around label with red stylized DNA double-helix graphic on the left of the label; compound name in large red sans-serif on the label with smaller secondary line like '8mg 3ml pen' or '3ml pen'; bright crimson red textured/ribbed dial on the right end. Color family: standard peptide — RED accents (not GLP blue). Same longer silhouette/proportions as Palm Beach Vitality research pen template — ONLY the label text changes per compound. Never invent a different pen shape, dial, or wrong accent color.","P-SER-001","Sermorelin","https://www.palmbeach-vitality.store/products/sermorelin-pen","FULL PHARMA LAB + LOCKED PBV 3mL RESEARCH PEN SCENE. Photoreal PHARMACEUTICAL MANUFACTURING cleanroom (GMP / sterile injectables aesthetic). Looks like a real pharma fill-finish or sterile manufacturing suite — stainless, HEPA, classified grades, sanitary finishes — not a generic sci-fi biotech set, not a university teaching lab, NOT a spa/bathroom/lifestyle marble set. Environment: sterile powder handling isolator suite for potent pharmaceutical actives — bay 4. Camera: wide isolator suite. Lighting: cool contained-processing lighting. Show the full pharmaceutical cleanroom; place ONE locked PBV research pen mid-ground on a clean bench. Not a close-up. PEN HARDWARE LOCK (must match exactly): slightly elongated longer light gray/off-white matte 3mL barrel; clear transparent left tip-cap; bright crimson red mid accent ring; white wrap label with red DNA helix graphic; label text 'Sermorelin' in large red type plus a smaller '3ml pen' secondary line; bright crimson red ribbed dial on right. ACCENT COLOR LOCK: RED for this peptide (NOT blue). Blue is reserved for Semaglutide, Tirzepatide, and Retatrutide only. Same longer hardware as Palm Beach Vitality research pen template — only label name changes. Product lock: Sermorelin (P-SER-001). SIGNAGE RULE: premium pharmaceutical cleanroom only. No cartoon hazard graphics, no biohazard trefoils, no striped danger tape as decor, no alert-word posters. Neutral room IDs and GMP status panels only.","Captions MUST be only about Sermorelin (P-SER-001) and its catalog listing.","Active","225",""
"LAB-022","lab_scene","Pharma cleanroom 022","CIP/SIP skid room supporting sterile manufacturing equipment — bay 8","wide CIP/SIP skid room","cool stainless utility lighting","no product close-up; full pharmaceutical cleanroom; compound via typography / optional distant labeled sterile vial","","V-TES-001","Tesamorelin","https://www.palmbeach-vitality.store/products/tesamorelin","FULL PHARMA LAB SCENE (wide). Photoreal PHARMACEUTICAL MANUFACTURING cleanroom (GMP / sterile injectables aesthetic). Looks like a real pharma fill-finish or sterile manufacturing suite — stainless, HEPA, classified grades, sanitary finishes — not a generic sci-fi biotech set, not a university teaching lab. Environment: CIP/SIP skid room supporting sterile manufacturing equipment — bay 8. Camera: wide CIP/SIP skid room. Lighting: cool stainless utility lighting. Do not crop to a single object. Show the entire pharmaceutical cleanroom. Product lock for captions/typography only: Tesamorelin (V-TES-001). Optional: one distant labeled 10mL sterile crimp-seal vial on a clean bench — never a macro close-up. SIGNAGE RULE: premium pharmaceutical cleanroom only. No cartoon hazard graphics, no biohazard trefoils, no striped danger tape as decor, no alert-word posters. Neutral room IDs and GMP status panels only.","Captions MUST be only about Tesamorelin (V-TES-001) and its catalog listing.","Active","226",""
"LAB-129","vial_10ml_scene","Pharma lab + 10mL vial 129","automated vial tray loader cell beside aseptic filler — bay 1","wide automation cell","high-tech cool white GMP lighting","10mL sterile crimp-seal injectable vial mid-ground in pharmaceutical cleanroom; never twist/screw cap; not extreme macro","10mL sterile injectable-style glass vial with rubber stopper and aluminum crimp seal (NOT screw-cap, NOT black twist cap)","V-SS3-001","SS-31","https://www.palmbeach-vitality.store/products/ss-31","FULL PHARMA LAB + 10mL STERILE VIAL SCENE. Photoreal PHARMACEUTICAL MANUFACTURING cleanroom (GMP / sterile injectables aesthetic). Looks like a real pharma fill-finish or sterile manufacturing suite — stainless, HEPA, classified grades, sanitary finishes — not a generic sci-fi biotech set, not a university teaching lab. Environment: automated vial tray loader cell beside aseptic filler — bay 1. Camera: wide automation cell. Lighting: high-tech cool white GMP lighting. Show the full pharmaceutical cleanroom; place one 10mL sterile injectable-style glass vial (rubber stopper + aluminum crimp seal only; NEVER black twist/screw cap) mid-ground on a clean bench. Not a close-up. Product lock: SS-31 (V-SS3-001). SIGNAGE RULE: premium pharmaceutical cleanroom only. No cartoon hazard graphics, no biohazard trefoils, no striped danger tape as decor, no alert-word posters. Neutral room IDs and GMP status panels only.","Captions MUST be only about SS-31 (V-SS3-001) and its catalog listing.","Active","227",""
"LAB-230","pen_3ml_scene","Pharma lab + 3mL pen 230","clean compressor / clean utility plant room feeding sterile suites — bay 5","wide utility plant room","cool industrial-pharma lighting","LOCKED PBV slightly elongated 3mL research pen (gray body, clear left cap, crimson red ring + ribbed dial, white DNA-helix label) mid-ground in pharmaceutical cleanroom; not extreme macro; not spa/lifestyle backdrop","LOCKED PBV research pen hardware (exact every time; slightly elongated longer 3mL barrel): light gray/off-white matte elongated barrel; clear transparent plastic tip-cap on left; bright crimson red accent ring mid-barrel; white wrap-around label with red stylized DNA double-helix graphic on the left of the label; compound name in large red sans-serif on the label with smaller secondary line like '8mg 3ml pen' or '3ml pen'; bright crimson red textured/ribbed dial on the right end. Color family: standard peptide — RED accents (not GLP blue). Same longer silhouette/proportions as Palm Beach Vitality research pen template — ONLY the label text changes per compound. Never invent a different pen shape, dial, or wrong accent color.","P-TA1-001","Thymosin Alpha-1","https://www.palmbeach-vitality.store/products/ta-2","FULL PHARMA LAB + LOCKED PBV 3mL RESEARCH PEN SCENE. Photoreal PHARMACEUTICAL MANUFACTURING cleanroom (GMP / sterile injectables aesthetic). Looks like a real pharma fill-finish or sterile manufacturing suite — stainless, HEPA, classified grades, sanitary finishes — not a generic sci-fi biotech set, not a university teaching lab, NOT a spa/bathroom/lifestyle marble set. Environment: clean compressor / clean utility plant room feeding sterile suites — bay 5. Camera: wide utility plant room. Lighting: cool industrial-pharma lighting. Show the full pharmaceutical cleanroom; place ONE locked PBV research pen mid-ground on a clean bench. Not a close-up. PEN HARDWARE LOCK (must match exactly): slightly elongated longer light gray/off-white matte 3mL barrel; clear transparent left tip-cap; bright crimson red mid accent ring; white wrap label with red DNA helix graphic; label text 'Thymosin Alpha-1' in large red type plus a smaller '3ml pen' secondary line; bright crimson red ribbed dial on right. ACCENT COLOR LOCK: RED for this peptide (NOT blue). Blue is reserved for Semaglutide, Tirzepatide, and Retatrutide only. Same longer hardware as Palm Beach Vitality research pen template — only label name changes. Product lock: Thymosin Alpha-1 (P-TA1-001). SIGNAGE RULE: premium pharmaceutical cleanroom only. No cartoon hazard graphics, no biohazard trefoils, no striped danger tape as decor, no alert-word posters. Neutral room IDs and GMP status panels only.","Captions MUST be only about Thymosin Alpha-1 (P-TA1-001) and its catalog listing.","Active","228",""
"LAB-052","lab_scene","Pharma cleanroom 052","component prep room for sterile stoppers, seals, and depyrogenated vials — bay 13","wide component prep room","cool catalog GMP light","no product close-up; full pharmaceutical cleanroom; compound via typography / optional distant labeled sterile vial","","P-GLO-001","BPC-157 / TB-500 / GHK-Cu","https://www.palmbeach-vitality.store/products/glow-pen","FULL PHARMA LAB SCENE (wide). Photoreal PHARMACEUTICAL MANUFACTURING cleanroom (GMP / sterile injectables aesthetic). Looks like a real pharma fill-finish or sterile manufacturing suite — stainless, HEPA, classified grades, sanitary finishes — not a generic sci-fi biotech set, not a university teaching lab. Environment: component prep room for sterile stoppers, seals, and depyrogenated vials — bay 13. Camera: wide component prep room. Lighting: cool catalog GMP light. Do not crop to a single object. Show the entire pharmaceutical cleanroom. Product lock for captions/typography only: BPC-157 / TB-500 / GHK-Cu (P-GLO-001). Optional: one distant labeled 10mL sterile crimp-seal vial on a clean bench — never a macro close-up. SIGNAGE RULE: premium pharmaceutical cleanroom only. No cartoon hazard graphics, no biohazard trefoils, no striped danger tape as decor, no alert-word posters. Neutral room IDs and GMP status panels only.","Captions MUST be only about BPC-157 / TB-500 / GHK-Cu (P-GLO-001) and its catalog listing.","Active","229",""
"LAB-136","vial_10ml_scene","Pharma lab + 10mL vial 136","formulation compounding suite with jacketed stainless compounding vessels — bay 5","elevated wide of compounding suite","warm-neutral pharmaceutical softboxes","10mL sterile crimp-seal injectable vial mid-ground in pharmaceutical cleanroom; never twist/screw cap; not extreme macro","10mL sterile injectable-style glass vial with rubber stopper and aluminum crimp seal (NOT screw-cap, NOT black twist cap)","V-CII-001","CJC (no DAC)/Ipamorelin","https://www.palmbeach-vitality.store/products/cjc-ipamorelin","FULL PHARMA LAB + 10mL STERILE VIAL SCENE. Photoreal PHARMACEUTICAL MANUFACTURING cleanroom (GMP / sterile injectables aesthetic). Looks like a real pharma fill-finish or sterile manufacturing suite — stainless, HEPA, classified grades, sanitary finishes — not a generic sci-fi biotech set, not a university teaching lab. Environment: formulation compounding suite with jacketed stainless compounding vessels — bay 5. Camera: elevated wide of compounding suite. Lighting: warm-neutral pharmaceutical softboxes. Show the full pharmaceutical cleanroom; place one 10mL sterile injectable-style glass vial (rubber stopper + aluminum crimp seal only; NEVER black twist/screw cap) mid-ground on a clean bench. Not a close-up. Product lock: CJC (no DAC)/Ipamorelin (V-CII-001). SIGNAGE RULE: premium pharmaceutical cleanroom only. No cartoon hazard graphics, no biohazard trefoils, no striped danger tape as decor, no alert-word posters. Neutral room IDs and GMP status panels only.","Captions MUST be only about CJC (no DAC)/Ipamorelin (V-CII-001) and its catalog listing.","Active","230",""
"LAB-237","pen_3ml_scene","Pharma lab + 3mL pen 237","QC microbiology clean suite with laminar hoods and incubation banks — bay 9","wide QC micro suite","soft daylight-balanced sterile panels","LOCKED PBV slightly elongated 3mL research pen (gray body, clear left cap, crimson red ring + ribbed dial, white DNA-helix label) mid-ground in pharmaceutical cleanroom; not extreme macro; not spa/lifestyle backdrop","LOCKED PBV research pen hardware (exact every time; slightly elongated longer 3mL barrel): light gray/off-white matte elongated barrel; clear transparent plastic tip-cap on left; bright crimson red accent ring mid-barrel; white wrap-around label with red stylized DNA double-helix graphic on the left of the label; compound name in large red sans-serif on the label with smaller secondary line like '8mg 3ml pen' or '3ml pen'; bright crimson red textured/ribbed dial on the right end. Color family: standard peptide — RED accents (not GLP blue). Same longer silhouette/proportions as Palm Beach Vitality research pen template — ONLY the label text changes per compound. Never invent a different pen shape, dial, or wrong accent color.","P-GHK-001","GHK-Cu","https://www.palmbeach-vitality.store/products/ghk-cu-pen","FULL PHARMA LAB + LOCKED PBV 3mL RESEARCH PEN SCENE. Photoreal PHARMACEUTICAL MANUFACTURING cleanroom (GMP / sterile injectables aesthetic). Looks like a real pharma fill-finish or sterile manufacturing suite — stainless, HEPA, classified grades, sanitary finishes — not a generic sci-fi biotech set, not a university teaching lab, NOT a spa/bathroom/lifestyle marble set. Environment: QC microbiology clean suite with laminar hoods and incubation banks — bay 9. Camera: wide QC micro suite. Lighting: soft daylight-balanced sterile panels. Show the full pharmaceutical cleanroom; place ONE locked PBV research pen mid-ground on a clean bench. Not a close-up. PEN HARDWARE LOCK (must match exactly): slightly elongated longer light gray/off-white matte 3mL barrel; clear transparent left tip-cap; bright crimson red mid accent ring; white wrap label with red DNA helix graphic; label text 'GHK-Cu' in large red type plus a smaller '3ml pen' secondary line; bright crimson red ribbed dial on right. ACCENT COLOR LOCK: RED for this peptide (NOT blue). Blue is reserved for Semaglutide, Tirzepatide, and Retatrutide only. Same longer hardware as Palm Beach Vitality research pen template — only label name changes. Product lock: GHK-Cu (P-GHK-001). SIGNAGE RULE: premium pharmaceutical cleanroom only. No cartoon hazard graphics, no biohazard trefoils, no striped danger tape as decor, no alert-word posters. Neutral room IDs and GMP status panels only.","Captions MUST be only about GHK-Cu (P-GHK-001) and its catalog listing.","Active","231",""
"LAB-055","lab_scene","Pharma cleanroom 055","validated cleanroom corridor with flush windows into fill-finish suites — bay 5","dolly-style corridor looking into suites","high-key minimal-shadow sterile white","no product close-up; full pharmaceutical cleanroom; compound via typography / optional distant labeled sterile vial","","P-SEM-001","Semaglutide","https://www.palmbeach-vitality.store/products/semaglutide-1-5mg-pen","FULL PHARMA LAB SCENE (wide). Photoreal PHARMACEUTICAL MANUFACTURING cleanroom (GMP / sterile injectables aesthetic). Looks like a real pharma fill-finish or sterile manufacturing suite — stainless, HEPA, classified grades, sanitary finishes — not a generic sci-fi biotech set, not a university teaching lab. Environment: validated cleanroom corridor with flush windows into fill-finish suites — bay 5. Camera: dolly-style corridor looking into suites. Lighting: high-key minimal-shadow sterile white. Do not crop to a single object. Show the entire pharmaceutical cleanroom. Product lock for captions/typography only: Semaglutide (P-SEM-001). Optional: one distant labeled 10mL sterile crimp-seal vial on a clean bench — never a macro close-up. SIGNAGE RULE: premium pharmaceutical cleanroom only. No cartoon hazard graphics, no biohazard trefoils, no striped danger tape as decor, no alert-word posters. Neutral room IDs and GMP status panels only.","Captions MUST be only about Semaglutide (P-SEM-001) and its catalog listing.","Active","232",""
"LAB-143","vial_10ml_scene","Pharma lab + 10mL vial 143","environmental monitoring ante-room with settle-plate prep benches — bay 9","wide EM ante-room","soft daylight sterile panels","10mL sterile crimp-seal injectable vial mid-ground in pharmaceutical cleanroom; never twist/screw cap; not extreme macro","10mL sterile injectable-style glass vial with rubber stopper and aluminum crimp seal (NOT screw-cap, NOT black twist cap)","V-TIR-001","Tirzepatide","https://www.palmbeach-vitality.store/products/tirzepatide","FULL PHARMA LAB + 10mL STERILE VIAL SCENE. Photoreal PHARMACEUTICAL MANUFACTURING cleanroom (GMP / sterile injectables aesthetic). Looks like a real pharma fill-finish or sterile manufacturing suite — stainless, HEPA, classified grades, sanitary finishes — not a generic sci-fi biotech set, not a university teaching lab. Environment: environmental monitoring ante-room with settle-plate prep benches — bay 9. Camera: wide EM ante-room. Lighting: soft daylight sterile panels. Show the full pharmaceutical cleanroom; place one 10mL sterile injectable-style glass vial (rubber stopper + aluminum crimp seal only; NEVER black twist/screw cap) mid-ground on a clean bench. Not a close-up. Product lock: Tirzepatide (V-TIR-001). SIGNAGE RULE: premium pharmaceutical cleanroom only. No cartoon hazard graphics, no biohazard trefoils, no striped danger tape as decor, no alert-word posters. Neutral room IDs and GMP status panels only.","Captions MUST be only about Tirzepatide (V-TIR-001) and its catalog listing.","Active","233",""
"LAB-266","pen_3ml_scene","Pharma lab + 3mL pen 266","validated freezer farm for pharmaceutical drug substance storage — bay 11","wide freezer farm aisle","cold blue storage lighting","LOCKED PBV slightly elongated 3mL research pen (gray body, clear left cap, cobalt blue ring + ribbed dial, white DNA-helix label) mid-ground in pharmaceutical cleanroom; not extreme macro; not spa/lifestyle backdrop","LOCKED PBV research pen hardware (exact every time; slightly elongated longer 3mL barrel): light gray/off-white matte elongated barrel; clear transparent plastic tip-cap on left; bright cobalt blue accent ring mid-barrel; white wrap-around label with blue stylized DNA double-helix graphic on the left of the label; compound name in large blue sans-serif on the label with smaller secondary line like '8mg 3ml pen' or '3ml pen'; bright cobalt blue textured/ribbed dial on the right end. Color family: GLP family (Semaglutide / Tirzepatide / Retatrutide) — BLUE accents. Same longer silhouette/proportions as Palm Beach Vitality research pen template — ONLY the label text changes per compound. Never invent a different pen shape, dial, or wrong accent color.","P-RET-001","Retatrutide","https://www.palmbeach-vitality.store/products/retatrutride-8mg-pen","FULL PHARMA LAB + LOCKED PBV 3mL RESEARCH PEN SCENE. Photoreal PHARMACEUTICAL MANUFACTURING cleanroom (GMP / sterile injectables aesthetic). Looks like a real pharma fill-finish or sterile manufacturing suite — stainless, HEPA, classified grades, sanitary finishes — not a generic sci-fi biotech set, not a university teaching lab, NOT a spa/bathroom/lifestyle marble set. Environment: validated freezer farm for pharmaceutical drug substance storage — bay 11. Camera: wide freezer farm aisle. Lighting: cold blue storage lighting. Show the full pharmaceutical cleanroom; place ONE locked PBV research pen mid-ground on a clean bench. Not a close-up. PEN HARDWARE LOCK (must match exactly): slightly elongated longer light gray/off-white matte 3mL barrel; clear transparent left tip-cap; bright cobalt blue mid accent ring; white wrap label with blue DNA helix graphic; label text 'Retatrutide' in large blue type plus a smaller '3ml pen' secondary line; bright cobalt blue ribbed dial on right. ACCENT COLOR LOCK: BLUE (Semaglutide / Tirzepatide / Retatrutide only). Same longer hardware as Palm Beach Vitality research pen template — only label name changes. Product lock: Retatrutide (P-RET-001). SIGNAGE RULE: premium pharmaceutical cleanroom only. No cartoon hazard graphics, no biohazard trefoils, no striped danger tape as decor, no alert-word posters. Neutral room IDs and GMP status panels only.","Captions MUST be only about Retatrutide (P-RET-001) and its catalog listing.","Active","234",""
"LAB-132","vial_10ml_scene","Pharma lab + 10mL vial 132","secondary packaging clean cell with cartoners for cold-chain SKUs — bay 10","elevated packaging cell","bright neutral softboxes","10mL sterile crimp-seal injectable vial mid-ground in pharmaceutical cleanroom; never twist/screw cap; not extreme macro","10mL sterile injectable-style glass vial with rubber stopper and aluminum crimp seal (NOT screw-cap, NOT black twist cap)","V-BPC-001","BPC-157","https://www.palmbeach-vitality.store/products/bpc-157","FULL PHARMA LAB + 10mL STERILE VIAL SCENE. Photoreal PHARMACEUTICAL MANUFACTURING cleanroom (GMP / sterile injectables aesthetic). Looks like a real pharma fill-finish or sterile manufacturing suite — stainless, HEPA, classified grades, sanitary finishes — not a generic sci-fi biotech set, not a university teaching lab. Environment: secondary packaging clean cell with cartoners for cold-chain SKUs — bay 10. Camera: elevated packaging cell. Lighting: bright neutral softboxes. Show the full pharmaceutical cleanroom; place one 10mL sterile injectable-style glass vial (rubber stopper + aluminum crimp seal only; NEVER black twist/screw cap) mid-ground on a clean bench. Not a close-up. Product lock: BPC-157 (V-BPC-001). SIGNAGE RULE: premium pharmaceutical cleanroom only. No cartoon hazard graphics, no biohazard trefoils, no striped danger tape as decor, no alert-word posters. Neutral room IDs and GMP status panels only.","Captions MUST be only about BPC-157 (V-BPC-001) and its catalog listing.","Active","235",""
"LAB-234","pen_3ml_scene","Pharma lab + 3mL pen 234","sterile lyophilization suite with production-scale freeze-dryer banks and clean aisle — bay 17","wide establishing shot of lyophilizer row","cool steel-blue GMP lighting with clean speculars","LOCKED PBV slightly elongated 3mL research pen (gray body, clear left cap, crimson red ring + ribbed dial, white DNA-helix label) mid-ground in pharmaceutical cleanroom; not extreme macro; not spa/lifestyle backdrop","LOCKED PBV research pen hardware (exact every time; slightly elongated longer 3mL barrel): light gray/off-white matte elongated barrel; clear transparent plastic tip-cap on left; bright crimson red accent ring mid-barrel; white wrap-around label with red stylized DNA double-helix graphic on the left of the label; compound name in large red sans-serif on the label with smaller secondary line like '8mg 3ml pen' or '3ml pen'; bright crimson red textured/ribbed dial on the right end. Color family: standard peptide — RED accents (not GLP blue). Same longer silhouette/proportions as Palm Beach Vitality research pen template — ONLY the label text changes per compound. Never invent a different pen shape, dial, or wrong accent color.","P-WOL-001","BPC-157 / TB-500","https://www.palmbeach-vitality.store/products/wolverine-pen","FULL PHARMA LAB + LOCKED PBV 3mL RESEARCH PEN SCENE. Photoreal PHARMACEUTICAL MANUFACTURING cleanroom (GMP / sterile injectables aesthetic). Looks like a real pharma fill-finish or sterile manufacturing suite — stainless, HEPA, classified grades, sanitary finishes — not a generic sci-fi biotech set, not a university teaching lab, NOT a spa/bathroom/lifestyle marble set. Environment: sterile lyophilization suite with production-scale freeze-dryer banks and clean aisle — bay 17. Camera: wide establishing shot of lyophilizer row. Lighting: cool steel-blue GMP lighting with clean speculars. Show the full pharmaceutical cleanroom; place ONE locked PBV research pen mid-ground on a clean bench. Not a close-up. PEN HARDWARE LOCK (must match exactly): slightly elongated longer light gray/off-white matte 3mL barrel; clear transparent left tip-cap; bright crimson red mid accent ring; white wrap label with red DNA helix graphic; label text 'BPC-157 / TB-500' in large red type plus a smaller '3ml pen' secondary line; bright crimson red ribbed dial on right. ACCENT COLOR LOCK: RED for this peptide (NOT blue). Blue is reserved for Semaglutide, Tirzepatide, and Retatrutide only. Same longer hardware as Palm Beach Vitality research pen template — only label name changes. Product lock: BPC-157 / TB-500 (P-WOL-001). SIGNAGE RULE: premium pharmaceutical cleanroom only. No cartoon hazard graphics, no biohazard trefoils, no striped danger tape as decor, no alert-word posters. Neutral room IDs and GMP status panels only.","Captions MUST be only about BPC-157 / TB-500 (P-WOL-001) and its catalog listing.","Active","236",""
"LAB-036","lab_scene","Pharma cleanroom 036","clean packaging cell for secondary packaging of sterile injectables — bay 16","elevated wide of packaging cell","bright neutral pharmaceutical softboxes","no product close-up; full pharmaceutical cleanroom; compound via typography / optional distant labeled sterile vial","","P-KLO-001","KPV / BPC-157 / TB-500 / GHK-Cu","https://www.palmbeach-vitality.store/products/klow-pen","FULL PHARMA LAB SCENE (wide). Photoreal PHARMACEUTICAL MANUFACTURING cleanroom (GMP / sterile injectables aesthetic). Looks like a real pharma fill-finish or sterile manufacturing suite — stainless, HEPA, classified grades, sanitary finishes — not a generic sci-fi biotech set, not a university teaching lab. Environment: clean packaging cell for secondary packaging of sterile injectables — bay 16. Camera: elevated wide of packaging cell. Lighting: bright neutral pharmaceutical softboxes. Do not crop to a single object. Show the entire pharmaceutical cleanroom. Product lock for captions/typography only: KPV / BPC-157 / TB-500 / GHK-Cu (P-KLO-001). Optional: one distant labeled 10mL sterile crimp-seal vial on a clean bench — never a macro close-up. SIGNAGE RULE: premium pharmaceutical cleanroom only. No cartoon hazard graphics, no biohazard trefoils, no striped danger tape as decor, no alert-word posters. Neutral room IDs and GMP status panels only.","Captions MUST be only about KPV / BPC-157 / TB-500 / GHK-Cu (P-KLO-001) and its catalog listing.","Active","237",""
"LAB-146","vial_10ml_scene","Pharma lab + 10mL vial 146","injectable solution hold-tank suite with sanitary vessels and agitators — bay 15","elevated wide of hold-tank suite","clean stainless specular lighting","10mL sterile crimp-seal injectable vial mid-ground in pharmaceutical cleanroom; never twist/screw cap; not extreme macro","10mL sterile injectable-style glass vial with rubber stopper and aluminum crimp seal (NOT screw-cap, NOT black twist cap)","V-MOT-001","MOTS-C","https://www.palmbeach-vitality.store/products/mots-c-10mg-5ml-vial","FULL PHARMA LAB + 10mL STERILE VIAL SCENE. Photoreal PHARMACEUTICAL MANUFACTURING cleanroom (GMP / sterile injectables aesthetic). Looks like a real pharma fill-finish or sterile manufacturing suite — stainless, HEPA, classified grades, sanitary finishes — not a generic sci-fi biotech set, not a university teaching lab. Environment: injectable solution hold-tank suite with sanitary vessels and agitators — bay 15. Camera: elevated wide of hold-tank suite. Lighting: clean stainless specular lighting. Show the full pharmaceutical cleanroom; place one 10mL sterile injectable-style glass vial (rubber stopper + aluminum crimp seal only; NEVER black twist/screw cap) mid-ground on a clean bench. Not a close-up. Product lock: MOTS-C (V-MOT-001). SIGNAGE RULE: premium pharmaceutical cleanroom only. No cartoon hazard graphics, no biohazard trefoils, no striped danger tape as decor, no alert-word posters. Neutral room IDs and GMP status panels only.","Captions MUST be only about MOTS-C (V-MOT-001) and its catalog listing.","Active","238",""
"LAB-225","pen_3ml_scene","Pharma lab + 3mL pen 225","CIP/SIP skid room supporting sterile manufacturing equipment — bay 7","wide CIP/SIP skid room","cool stainless utility lighting","LOCKED PBV slightly elongated 3mL research pen (gray body, clear left cap, crimson red ring + ribbed dial, white DNA-helix label) mid-ground in pharmaceutical cleanroom; not extreme macro; not spa/lifestyle backdrop","LOCKED PBV research pen hardware (exact every time; slightly elongated longer 3mL barrel): light gray/off-white matte elongated barrel; clear transparent plastic tip-cap on left; bright crimson red accent ring mid-barrel; white wrap-around label with red stylized DNA double-helix graphic on the left of the label; compound name in large red sans-serif on the label with smaller secondary line like '8mg 3ml pen' or '3ml pen'; bright crimson red textured/ribbed dial on the right end. Color family: standard peptide — RED accents (not GLP blue). Same longer silhouette/proportions as Palm Beach Vitality research pen template — ONLY the label text changes per compound. Never invent a different pen shape, dial, or wrong accent color.","P-NAD-001","NAD+","https://www.palmbeach-vitality.store/products/nad-pen-500mg","FULL PHARMA LAB + LOCKED PBV 3mL RESEARCH PEN SCENE. Photoreal PHARMACEUTICAL MANUFACTURING cleanroom (GMP / sterile injectables aesthetic). Looks like a real pharma fill-finish or sterile manufacturing suite — stainless, HEPA, classified grades, sanitary finishes — not a generic sci-fi biotech set, not a university teaching lab, NOT a spa/bathroom/lifestyle marble set. Environment: CIP/SIP skid room supporting sterile manufacturing equipment — bay 7. Camera: wide CIP/SIP skid room. Lighting: cool stainless utility lighting. Show the full pharmaceutical cleanroom; place ONE locked PBV research pen mid-ground on a clean bench. Not a close-up. PEN HARDWARE LOCK (must match exactly): slightly elongated longer light gray/off-white matte 3mL barrel; clear transparent left tip-cap; bright crimson red mid accent ring; white wrap label with red DNA helix graphic; label text 'NAD+' in large red type plus a smaller '3ml pen' secondary line; bright crimson red ribbed dial on right. ACCENT COLOR LOCK: RED for this peptide (NOT blue). Blue is reserved for Semaglutide, Tirzepatide, and Retatrutide only. Same longer hardware as Palm Beach Vitality research pen template — only label name changes. Product lock: NAD+ (P-NAD-001). SIGNAGE RULE: premium pharmaceutical cleanroom only. No cartoon hazard graphics, no biohazard trefoils, no striped danger tape as decor, no alert-word posters. Neutral room IDs and GMP status panels only.","Captions MUST be only about NAD+ (P-NAD-001) and its catalog listing.","Active","239",""
"LAB-039","lab_scene","Pharma cleanroom 039","raw-material pharmaceutical quarantine cage with barcode racking — bay 8","architectural wide of quarantine cage","neutral warehouse-GMP hybrid lighting","no product close-up; full pharmaceutical cleanroom; compound via typography / optional distant labeled sterile vial","","P-PT1-001","PT-141","https://www.palmbeach-vitality.store/products/pt-141-pen","FULL PHARMA LAB SCENE (wide). Photoreal PHARMACEUTICAL MANUFACTURING cleanroom (GMP / sterile injectables aesthetic). Looks like a real pharma fill-finish or sterile manufacturing suite — stainless, HEPA, classified grades, sanitary finishes — not a generic sci-fi biotech set, not a university teaching lab. Environment: raw-material pharmaceutical quarantine cage with barcode racking — bay 8. Camera: architectural wide of quarantine cage. Lighting: neutral warehouse-GMP hybrid lighting. Do not crop to a single object. Show the entire pharmaceutical cleanroom. Product lock for captions/typography only: PT-141 (P-PT1-001). Optional: one distant labeled 10mL sterile crimp-seal vial on a clean bench — never a macro close-up. SIGNAGE RULE: premium pharmaceutical cleanroom only. No cartoon hazard graphics, no biohazard trefoils, no striped danger tape as decor, no alert-word posters. Neutral room IDs and GMP status panels only.","Captions MUST be only about PT-141 (P-PT1-001) and its catalog listing.","Active","240",""
"LAB-149","vial_10ml_scene","Pharma lab + 10mL vial 149","fill-finish control room with window into Grade A zone — bay 13","wide control room looking into Grade A","dim control + bright cleanroom contrast","10mL sterile crimp-seal injectable vial mid-ground in pharmaceutical cleanroom; never twist/screw cap; not extreme macro","10mL sterile injectable-style glass vial with rubber stopper and aluminum crimp seal (NOT screw-cap, NOT black twist cap)","V-SEL-001","Selank","https://www.palmbeach-vitality.store/products/selank","FULL PHARMA LAB + 10mL STERILE VIAL SCENE. Photoreal PHARMACEUTICAL MANUFACTURING cleanroom (GMP / sterile injectables aesthetic). Looks like a real pharma fill-finish or sterile manufacturing suite — stainless, HEPA, classified grades, sanitary finishes — not a generic sci-fi biotech set, not a university teaching lab. Environment: fill-finish control room with window into Grade A zone — bay 13. Camera: wide control room looking into Grade A. Lighting: dim control + bright cleanroom contrast. Show the full pharmaceutical cleanroom; place one 10mL sterile injectable-style glass vial (rubber stopper + aluminum crimp seal only; NEVER black twist/screw cap) mid-ground on a clean bench. Not a close-up. Product lock: Selank (V-SEL-001). SIGNAGE RULE: premium pharmaceutical cleanroom only. No cartoon hazard graphics, no biohazard trefoils, no striped danger tape as decor, no alert-word posters. Neutral room IDs and GMP status panels only.","Captions MUST be only about Selank (V-SEL-001) and its catalog listing.","Active","241",""
"LAB-229","pen_3ml_scene","Pharma lab + 3mL pen 229","release-testing sample pass room between manufacturing and QC — bay 2","wide pass room","neutral clinical lighting","LOCKED PBV slightly elongated 3mL research pen (gray body, clear left cap, crimson red ring + ribbed dial, white DNA-helix label) mid-ground in pharmaceutical cleanroom; not extreme macro; not spa/lifestyle backdrop","LOCKED PBV research pen hardware (exact every time; slightly elongated longer 3mL barrel): light gray/off-white matte elongated barrel; clear transparent plastic tip-cap on left; bright crimson red accent ring mid-barrel; white wrap-around label with red stylized DNA double-helix graphic on the left of the label; compound name in large red sans-serif on the label with smaller secondary line like '8mg 3ml pen' or '3ml pen'; bright crimson red textured/ribbed dial on the right end. Color family: standard peptide — RED accents (not GLP blue). Same longer silhouette/proportions as Palm Beach Vitality research pen template — ONLY the label text changes per compound. Never invent a different pen shape, dial, or wrong accent color.","P-SER-001","Sermorelin","https://www.palmbeach-vitality.store/products/sermorelin-pen","FULL PHARMA LAB + LOCKED PBV 3mL RESEARCH PEN SCENE. Photoreal PHARMACEUTICAL MANUFACTURING cleanroom (GMP / sterile injectables aesthetic). Looks like a real pharma fill-finish or sterile manufacturing suite — stainless, HEPA, classified grades, sanitary finishes — not a generic sci-fi biotech set, not a university teaching lab, NOT a spa/bathroom/lifestyle marble set. Environment: release-testing sample pass room between manufacturing and QC — bay 2. Camera: wide pass room. Lighting: neutral clinical lighting. Show the full pharmaceutical cleanroom; place ONE locked PBV research pen mid-ground on a clean bench. Not a close-up. PEN HARDWARE LOCK (must match exactly): slightly elongated longer light gray/off-white matte 3mL barrel; clear transparent left tip-cap; bright crimson red mid accent ring; white wrap label with red DNA helix graphic; label text 'Sermorelin' in large red type plus a smaller '3ml pen' secondary line; bright crimson red ribbed dial on right. ACCENT COLOR LOCK: RED for this peptide (NOT blue). Blue is reserved for Semaglutide, Tirzepatide, and Retatrutide only. Same longer hardware as Palm Beach Vitality research pen template — only label name changes. Product lock: Sermorelin (P-SER-001). SIGNAGE RULE: premium pharmaceutical cleanroom only. No cartoon hazard graphics, no biohazard trefoils, no striped danger tape as decor, no alert-word posters. Neutral room IDs and GMP status panels only.","Captions MUST be only about Sermorelin (P-SER-001) and its catalog listing.","Active","242",""
"LAB-044","lab_scene","Pharma cleanroom 044","ISO classified material airlock with roller racks and status lights — bay 6","wide material airlock","cool sterile cyan with soft wash","no product close-up; full pharmaceutical cleanroom; compound via typography / optional distant labeled sterile vial","","P-TES-001","Tesamorelin","https://www.palmbeach-vitality.store/products/tesamorelin-30mg-pen","FULL PHARMA LAB SCENE (wide). Photoreal PHARMACEUTICAL MANUFACTURING cleanroom (GMP / sterile injectables aesthetic). Looks like a real pharma fill-finish or sterile manufacturing suite — stainless, HEPA, classified grades, sanitary finishes — not a generic sci-fi biotech set, not a university teaching lab. Environment: ISO classified material airlock with roller racks and status lights — bay 6. Camera: wide material airlock. Lighting: cool sterile cyan with soft wash. Do not crop to a single object. Show the entire pharmaceutical cleanroom. Product lock for captions/typography only: Tesamorelin (P-TES-001). Optional: one distant labeled 10mL sterile crimp-seal vial on a clean bench — never a macro close-up. SIGNAGE RULE: premium pharmaceutical cleanroom only. No cartoon hazard graphics, no biohazard trefoils, no striped danger tape as decor, no alert-word posters. Neutral room IDs and GMP status panels only.","Captions MUST be only about Tesamorelin (P-TES-001) and its catalog listing.","Active","243",""
"LAB-151","vial_10ml_scene","Pharma lab + 10mL vial 151","crimp-sealing and capping lane for sterile injectable vials — bay 2","wide lane perspective of crimp stations","cool neutral GMP wash, minimal shadows","10mL sterile crimp-seal injectable vial mid-ground in pharmaceutical cleanroom; never twist/screw cap; not extreme macro","10mL sterile injectable-style glass vial with rubber stopper and aluminum crimp seal (NOT screw-cap, NOT black twist cap)","V-SS3-001","SS-31","https://www.palmbeach-vitality.store/products/ss-31","FULL PHARMA LAB + 10mL STERILE VIAL SCENE. Photoreal PHARMACEUTICAL MANUFACTURING cleanroom (GMP / sterile injectables aesthetic). Looks like a real pharma fill-finish or sterile manufacturing suite — stainless, HEPA, classified grades, sanitary finishes — not a generic sci-fi biotech set, not a university teaching lab. Environment: crimp-sealing and capping lane for sterile injectable vials — bay 2. Camera: wide lane perspective of crimp stations. Lighting: cool neutral GMP wash, minimal shadows. Show the full pharmaceutical cleanroom; place one 10mL sterile injectable-style glass vial (rubber stopper + aluminum crimp seal only; NEVER black twist/screw cap) mid-ground on a clean bench. Not a close-up. Product lock: SS-31 (V-SS3-001). SIGNAGE RULE: premium pharmaceutical cleanroom only. No cartoon hazard graphics, no biohazard trefoils, no striped danger tape as decor, no alert-word posters. Neutral room IDs and GMP status panels only.","Captions MUST be only about SS-31 (V-SS3-001) and its catalog listing.","Active","244",""
"LAB-252","pen_3ml_scene","Pharma lab + 3mL pen 252","lyophilized-vial inspection booth row with black/white contrast stations — bay 3","wide inspection bay establishing shot","controlled high-contrast pharma inspection lighting","LOCKED PBV slightly elongated 3mL research pen (gray body, clear left cap, crimson red ring + ribbed dial, white DNA-helix label) mid-ground in pharmaceutical cleanroom; not extreme macro; not spa/lifestyle backdrop","LOCKED PBV research pen hardware (exact every time; slightly elongated longer 3mL barrel): light gray/off-white matte elongated barrel; clear transparent plastic tip-cap on left; bright crimson red accent ring mid-barrel; white wrap-around label with red stylized DNA double-helix graphic on the left of the label; compound name in large red sans-serif on the label with smaller secondary line like '8mg 3ml pen' or '3ml pen'; bright crimson red textured/ribbed dial on the right end. Color family: standard peptide — RED accents (not GLP blue). Same longer silhouette/proportions as Palm Beach Vitality research pen template — ONLY the label text changes per compound. Never invent a different pen shape, dial, or wrong accent color.","P-TA1-001","Thymosin Alpha-1","https://www.palmbeach-vitality.store/products/ta-2","FULL PHARMA LAB + LOCKED PBV 3mL RESEARCH PEN SCENE. Photoreal PHARMACEUTICAL MANUFACTURING cleanroom (GMP / sterile injectables aesthetic). Looks like a real pharma fill-finish or sterile manufacturing suite — stainless, HEPA, classified grades, sanitary finishes — not a generic sci-fi biotech set, not a university teaching lab, NOT a spa/bathroom/lifestyle marble set. Environment: lyophilized-vial inspection booth row with black/white contrast stations — bay 3. Camera: wide inspection bay establishing shot. Lighting: controlled high-contrast pharma inspection lighting. Show the full pharmaceutical cleanroom; place ONE locked PBV research pen mid-ground on a clean bench. Not a close-up. PEN HARDWARE LOCK (must match exactly): slightly elongated longer light gray/off-white matte 3mL barrel; clear transparent left tip-cap; bright crimson red mid accent ring; white wrap label with red DNA helix graphic; label text 'Thymosin Alpha-1' in large red type plus a smaller '3ml pen' secondary line; bright crimson red ribbed dial on right. ACCENT COLOR LOCK: RED for this peptide (NOT blue). Blue is reserved for Semaglutide, Tirzepatide, and Retatrutide only. Same longer hardware as Palm Beach Vitality research pen template — only label name changes. Product lock: Thymosin Alpha-1 (P-TA1-001). SIGNAGE RULE: premium pharmaceutical cleanroom only. No cartoon hazard graphics, no biohazard trefoils, no striped danger tape as decor, no alert-word posters. Neutral room IDs and GMP status panels only.","Captions MUST be only about Thymosin Alpha-1 (P-TA1-001) and its catalog listing.","Active","245",""
"LAB-073","lab_scene","Pharma cleanroom 073","environmental monitoring ante-room with settle-plate prep benches — bay 8","wide EM ante-room","soft daylight sterile panels","no product close-up; full pharmaceutical cleanroom; compound via typography / optional distant labeled sterile vial","","V-GLO-001","BPC-157 / TB-500 / GHK-Cu","https://www.palmbeach-vitality.store/products/glow","FULL PHARMA LAB SCENE (wide). Photoreal PHARMACEUTICAL MANUFACTURING cleanroom (GMP / sterile injectables aesthetic). Looks like a real pharma fill-finish or sterile manufacturing suite — stainless, HEPA, classified grades, sanitary finishes — not a generic sci-fi biotech set, not a university teaching lab. Environment: environmental monitoring ante-room with settle-plate prep benches — bay 8. Camera: wide EM ante-room. Lighting: soft daylight sterile panels. Do not crop to a single object. Show the entire pharmaceutical cleanroom. Product lock for captions/typography only: BPC-157 / TB-500 / GHK-Cu (V-GLO-001). Optional: one distant labeled 10mL sterile crimp-seal vial on a clean bench — never a macro close-up. SIGNAGE RULE: premium pharmaceutical cleanroom only. No cartoon hazard graphics, no biohazard trefoils, no striped danger tape as decor, no alert-word posters. Neutral room IDs and GMP status panels only.","Captions MUST be only about BPC-157 / TB-500 / GHK-Cu (V-GLO-001) and its catalog listing.","Active","246",""
"LAB-158","vial_10ml_scene","Pharma lab + 10mL vial 158","pass-through hatch corridor between Grade C and Grade B zones — bay 17","wide hatch corridor","sterile cyan-white cleanroom wash","10mL sterile crimp-seal injectable vial mid-ground in pharmaceutical cleanroom; never twist/screw cap; not extreme macro","10mL sterile injectable-style glass vial with rubber stopper and aluminum crimp seal (NOT screw-cap, NOT black twist cap)","V-CII-001","CJC (no DAC)/Ipamorelin","https://www.palmbeach-vitality.store/products/cjc-ipamorelin","FULL PHARMA LAB + 10mL STERILE VIAL SCENE. Photoreal PHARMACEUTICAL MANUFACTURING cleanroom (GMP / sterile injectables aesthetic). Looks like a real pharma fill-finish or sterile manufacturing suite — stainless, HEPA, classified grades, sanitary finishes — not a generic sci-fi biotech set, not a university teaching lab. Environment: pass-through hatch corridor between Grade C and Grade B zones — bay 17. Camera: wide hatch corridor. Lighting: sterile cyan-white cleanroom wash. Show the full pharmaceutical cleanroom; place one 10mL sterile injectable-style glass vial (rubber stopper + aluminum crimp seal only; NEVER black twist/screw cap) mid-ground on a clean bench. Not a close-up. Product lock: CJC (no DAC)/Ipamorelin (V-CII-001). SIGNAGE RULE: premium pharmaceutical cleanroom only. No cartoon hazard graphics, no biohazard trefoils, no striped danger tape as decor, no alert-word posters. Neutral room IDs and GMP status panels only.","Captions MUST be only about CJC (no DAC)/Ipamorelin (V-CII-001) and its catalog listing.","Active","247",""
"LAB-259","pen_3ml_scene","Pharma lab + 3mL pen 259","finished-goods cold staging for sterile peptide injectables — bay 7","wide staging area with roller racks","cool dock-to-cold-chain lighting","LOCKED PBV slightly elongated 3mL research pen (gray body, clear left cap, crimson red ring + ribbed dial, white DNA-helix label) mid-ground in pharmaceutical cleanroom; not extreme macro; not spa/lifestyle backdrop","LOCKED PBV research pen hardware (exact every time; slightly elongated longer 3mL barrel): light gray/off-white matte elongated barrel; clear transparent plastic tip-cap on left; bright crimson red accent ring mid-barrel; white wrap-around label with red stylized DNA double-helix graphic on the left of the label; compound name in large red sans-serif on the label with smaller secondary line like '8mg 3ml pen' or '3ml pen'; bright crimson red textured/ribbed dial on the right end. Color family: standard peptide — RED accents (not GLP blue). Same longer silhouette/proportions as Palm Beach Vitality research pen template — ONLY the label text changes per compound. Never invent a different pen shape, dial, or wrong accent color.","P-GHK-001","GHK-Cu","https://www.palmbeach-vitality.store/products/ghk-cu-pen","FULL PHARMA LAB + LOCKED PBV 3mL RESEARCH PEN SCENE. Photoreal PHARMACEUTICAL MANUFACTURING cleanroom (GMP / sterile injectables aesthetic). Looks like a real pharma fill-finish or sterile manufacturing suite — stainless, HEPA, classified grades, sanitary finishes — not a generic sci-fi biotech set, not a university teaching lab, NOT a spa/bathroom/lifestyle marble set. Environment: finished-goods cold staging for sterile peptide injectables — bay 7. Camera: wide staging area with roller racks. Lighting: cool dock-to-cold-chain lighting. Show the full pharmaceutical cleanroom; place ONE locked PBV research pen mid-ground on a clean bench. Not a close-up. PEN HARDWARE LOCK (must match exactly): slightly elongated longer light gray/off-white matte 3mL barrel; clear transparent left tip-cap; bright crimson red mid accent ring; white wrap label with red DNA helix graphic; label text 'GHK-Cu' in large red type plus a smaller '3ml pen' secondary line; bright crimson red ribbed dial on right. ACCENT COLOR LOCK: RED for this peptide (NOT blue). Blue is reserved for Semaglutide, Tirzepatide, and Retatrutide only. Same longer hardware as Palm Beach Vitality research pen template — only label name changes. Product lock: GHK-Cu (P-GHK-001). SIGNAGE RULE: premium pharmaceutical cleanroom only. No cartoon hazard graphics, no biohazard trefoils, no striped danger tape as decor, no alert-word posters. Neutral room IDs and GMP status panels only.","Captions MUST be only about GHK-Cu (P-GHK-001) and its catalog listing.","Active","248",""
"LAB-079","lab_scene","Pharma cleanroom 079","QC wet chemistry bench room for pharmaceutical assay support — bay 9","wide wet-chem room","clean clinical bench lighting","no product close-up; full pharmaceutical cleanroom; compound via typography / optional distant labeled sterile vial","","V-SEM-001","Semaglutide","https://www.palmbeach-vitality.store/products/semaglutide","FULL PHARMA LAB SCENE (wide). Photoreal PHARMACEUTICAL MANUFACTURING cleanroom (GMP / sterile injectables aesthetic). Looks like a real pharma fill-finish or sterile manufacturing suite — stainless, HEPA, classified grades, sanitary finishes — not a generic sci-fi biotech set, not a university teaching lab. Environment: QC wet chemistry bench room for pharmaceutical assay support — bay 9. Camera: wide wet-chem room. Lighting: clean clinical bench lighting. Do not crop to a single object. Show the entire pharmaceutical cleanroom. Product lock for captions/typography only: Semaglutide (V-SEM-001). Optional: one distant labeled 10mL sterile crimp-seal vial on a clean bench — never a macro close-up. SIGNAGE RULE: premium pharmaceutical cleanroom only. No cartoon hazard graphics, no biohazard trefoils, no striped danger tape as decor, no alert-word posters. Neutral room IDs and GMP status panels only.","Captions MUST be only about Semaglutide (V-SEM-001) and its catalog listing.","Active","249",""
"LAB-165","vial_10ml_scene","Pharma lab + 10mL vial 165","sterile gowning cubicle bank with HEPA cascade — bay 10","wide cubicle bank","high-key cascade cleanroom light","10mL sterile crimp-seal injectable vial mid-ground in pharmaceutical cleanroom; never twist/screw cap; not extreme macro","10mL sterile injectable-style glass vial with rubber stopper and aluminum crimp seal (NOT screw-cap, NOT black twist cap)","V-TIR-001","Tirzepatide","https://www.palmbeach-vitality.store/products/tirzepatide","FULL PHARMA LAB + 10mL STERILE VIAL SCENE. Photoreal PHARMACEUTICAL MANUFACTURING cleanroom (GMP / sterile injectables aesthetic). Looks like a real pharma fill-finish or sterile manufacturing suite — stainless, HEPA, classified grades, sanitary finishes — not a generic sci-fi biotech set, not a university teaching lab. Environment: sterile gowning cubicle bank with HEPA cascade — bay 10. Camera: wide cubicle bank. Lighting: high-key cascade cleanroom light. Show the full pharmaceutical cleanroom; place one 10mL sterile injectable-style glass vial (rubber stopper + aluminum crimp seal only; NEVER black twist/screw cap) mid-ground on a clean bench. Not a close-up. Product lock: Tirzepatide (V-TIR-001). SIGNAGE RULE: premium pharmaceutical cleanroom only. No cartoon hazard graphics, no biohazard trefoils, no striped danger tape as decor, no alert-word posters. Neutral room IDs and GMP status panels only.","Captions MUST be only about Tirzepatide (V-TIR-001) and its catalog listing.","Active","250",""
"LAB-288","pen_3ml_scene","Pharma lab + 3mL pen 288","stability chamber corridor for ICH pharmaceutical stability studies — bay 8","wide corridor of chamber doors","cool violet-tinged chamber LEDs with soft fill","LOCKED PBV slightly elongated 3mL research pen (gray body, clear left cap, cobalt blue ring + ribbed dial, white DNA-helix label) mid-ground in pharmaceutical cleanroom; not extreme macro; not spa/lifestyle backdrop","LOCKED PBV research pen hardware (exact every time; slightly elongated longer 3mL barrel): light gray/off-white matte elongated barrel; clear transparent plastic tip-cap on left; bright cobalt blue accent ring mid-barrel; white wrap-around label with blue stylized DNA double-helix graphic on the left of the label; compound name in large blue sans-serif on the label with smaller secondary line like '8mg 3ml pen' or '3ml pen'; bright cobalt blue textured/ribbed dial on the right end. Color family: GLP family (Semaglutide / Tirzepatide / Retatrutide) — BLUE accents. Same longer silhouette/proportions as Palm Beach Vitality research pen template — ONLY the label text changes per compound. Never invent a different pen shape, dial, or wrong accent color.","P-RET-001","Retatrutide","https://www.palmbeach-vitality.store/products/retatrutride-8mg-pen","FULL PHARMA LAB + LOCKED PBV 3mL RESEARCH PEN SCENE. Photoreal PHARMACEUTICAL MANUFACTURING cleanroom (GMP / sterile injectables aesthetic). Looks like a real pharma fill-finish or sterile manufacturing suite — stainless, HEPA, classified grades, sanitary finishes — not a generic sci-fi biotech set, not a university teaching lab, NOT a spa/bathroom/lifestyle marble set. Environment: stability chamber corridor for ICH pharmaceutical stability studies — bay 8. Camera: wide corridor of chamber doors. Lighting: cool violet-tinged chamber LEDs with soft fill. Show the full pharmaceutical cleanroom; place ONE locked PBV research pen mid-ground on a clean bench. Not a close-up. PEN HARDWARE LOCK (must match exactly): slightly elongated longer light gray/off-white matte 3mL barrel; clear transparent left tip-cap; bright cobalt blue mid accent ring; white wrap label with blue DNA helix graphic; label text 'Retatrutide' in large blue type plus a smaller '3ml pen' secondary line; bright cobalt blue ribbed dial on right. ACCENT COLOR LOCK: BLUE (Semaglutide / Tirzepatide / Retatrutide only). Same longer hardware as Palm Beach Vitality research pen template — only label name changes. Product lock: Retatrutide (P-RET-001). SIGNAGE RULE: premium pharmaceutical cleanroom only. No cartoon hazard graphics, no biohazard trefoils, no striped danger tape as decor, no alert-word posters. Neutral room IDs and GMP status panels only.","Captions MUST be only about Retatrutide (P-RET-001) and its catalog listing.","Active","251",""
"LAB-154","vial_10ml_scene","Pharma lab + 10mL vial 154","sterile filtration skid room with 0.2 micron filter trains and pressure gauges — bay 5","wide architectural shot of filtration skids","cool clinical stainless lighting","10mL sterile crimp-seal injectable vial mid-ground in pharmaceutical cleanroom; never twist/screw cap; not extreme macro","10mL sterile injectable-style glass vial with rubber stopper and aluminum crimp seal (NOT screw-cap, NOT black twist cap)","V-BPC-001","BPC-157","https://www.palmbeach-vitality.store/products/bpc-157","FULL PHARMA LAB + 10mL STERILE VIAL SCENE. Photoreal PHARMACEUTICAL MANUFACTURING cleanroom (GMP / sterile injectables aesthetic). Looks like a real pharma fill-finish or sterile manufacturing suite — stainless, HEPA, classified grades, sanitary finishes — not a generic sci-fi biotech set, not a university teaching lab. Environment: sterile filtration skid room with 0.2 micron filter trains and pressure gauges — bay 5. Camera: wide architectural shot of filtration skids. Lighting: cool clinical stainless lighting. Show the full pharmaceutical cleanroom; place one 10mL sterile injectable-style glass vial (rubber stopper + aluminum crimp seal only; NEVER black twist/screw cap) mid-ground on a clean bench. Not a close-up. Product lock: BPC-157 (V-BPC-001). SIGNAGE RULE: premium pharmaceutical cleanroom only. No cartoon hazard graphics, no biohazard trefoils, no striped danger tape as decor, no alert-word posters. Neutral room IDs and GMP status panels only.","Captions MUST be only about BPC-157 (V-BPC-001) and its catalog listing.","Active","252",""
"LAB-256","pen_3ml_scene","Pharma lab + 3mL pen 256","serialization and aggregation lane for pharmaceutical carton verification — bay 15","wide serialization lane","bright clean verification lighting","LOCKED PBV slightly elongated 3mL research pen (gray body, clear left cap, crimson red ring + ribbed dial, white DNA-helix label) mid-ground in pharmaceutical cleanroom; not extreme macro; not spa/lifestyle backdrop","LOCKED PBV research pen hardware (exact every time; slightly elongated longer 3mL barrel): light gray/off-white matte elongated barrel; clear transparent plastic tip-cap on left; bright crimson red accent ring mid-barrel; white wrap-around label with red stylized DNA double-helix graphic on the left of the label; compound name in large red sans-serif on the label with smaller secondary line like '8mg 3ml pen' or '3ml pen'; bright crimson red textured/ribbed dial on the right end. Color family: standard peptide — RED accents (not GLP blue). Same longer silhouette/proportions as Palm Beach Vitality research pen template — ONLY the label text changes per compound. Never invent a different pen shape, dial, or wrong accent color.","P-WOL-001","BPC-157 / TB-500","https://www.palmbeach-vitality.store/products/wolverine-pen","FULL PHARMA LAB + LOCKED PBV 3mL RESEARCH PEN SCENE. Photoreal PHARMACEUTICAL MANUFACTURING cleanroom (GMP / sterile injectables aesthetic). Looks like a real pharma fill-finish or sterile manufacturing suite — stainless, HEPA, classified grades, sanitary finishes — not a generic sci-fi biotech set, not a university teaching lab, NOT a spa/bathroom/lifestyle marble set. Environment: serialization and aggregation lane for pharmaceutical carton verification — bay 15. Camera: wide serialization lane. Lighting: bright clean verification lighting. Show the full pharmaceutical cleanroom; place ONE locked PBV research pen mid-ground on a clean bench. Not a close-up. PEN HARDWARE LOCK (must match exactly): slightly elongated longer light gray/off-white matte 3mL barrel; clear transparent left tip-cap; bright crimson red mid accent ring; white wrap label with red DNA helix graphic; label text 'BPC-157 / TB-500' in large red type plus a smaller '3ml pen' secondary line; bright crimson red ribbed dial on right. ACCENT COLOR LOCK: RED for this peptide (NOT blue). Blue is reserved for Semaglutide, Tirzepatide, and Retatrutide only. Same longer hardware as Palm Beach Vitality research pen template — only label name changes. Product lock: BPC-157 / TB-500 (P-WOL-001). SIGNAGE RULE: premium pharmaceutical cleanroom only. No cartoon hazard graphics, no biohazard trefoils, no striped danger tape as decor, no alert-word posters. Neutral room IDs and GMP status panels only.","Captions MUST be only about BPC-157 / TB-500 (P-WOL-001) and its catalog listing.","Active","253",""
"LAB-189","vial_10ml_scene","Pharma lab + 10mL vial 189","weighing / dispense cleanroom with anti-vibration balances under local protection — bay 9","wide weighing suite","bright soft key, clean sterile fill","10mL sterile crimp-seal injectable vial mid-ground in pharmaceutical cleanroom; never twist/screw cap; not extreme macro","10mL sterile injectable-style glass vial with rubber stopper and aluminum crimp seal (NOT screw-cap, NOT black twist cap)","V-KLO-001","KPV / BPC-157 / TB-500 / GHK-Cu","https://www.palmbeach-vitality.store/products/klow-kpv-bpc-157-tb-500-ghk","FULL PHARMA LAB + 10mL STERILE VIAL SCENE. Photoreal PHARMACEUTICAL MANUFACTURING cleanroom (GMP / sterile injectables aesthetic). Looks like a real pharma fill-finish or sterile manufacturing suite — stainless, HEPA, classified grades, sanitary finishes — not a generic sci-fi biotech set, not a university teaching lab. Environment: weighing / dispense cleanroom with anti-vibration balances under local protection — bay 9. Camera: wide weighing suite. Lighting: bright soft key, clean sterile fill. Show the full pharmaceutical cleanroom; place one 10mL sterile injectable-style glass vial (rubber stopper + aluminum crimp seal only; NEVER black twist/screw cap) mid-ground on a clean bench. Not a close-up. Product lock: KPV / BPC-157 / TB-500 / GHK-Cu (V-KLO-001). SIGNAGE RULE: premium pharmaceutical cleanroom only. No cartoon hazard graphics, no biohazard trefoils, no striped danger tape as decor, no alert-word posters. Neutral room IDs and GMP status panels only.","Captions MUST be only about KPV / BPC-157 / TB-500 / GHK-Cu (V-KLO-001) and its catalog listing.","Active","254",""
"LAB-290","pen_3ml_scene","Pharma lab + 3mL pen 290","clean packaging cell for secondary packaging of sterile injectables — bay 12","elevated wide of packaging cell","bright neutral pharmaceutical softboxes","LOCKED PBV slightly elongated 3mL research pen (gray body, clear left cap, crimson red ring + ribbed dial, white DNA-helix label) mid-ground in pharmaceutical cleanroom; not extreme macro; not spa/lifestyle backdrop","LOCKED PBV research pen hardware (exact every time; slightly elongated longer 3mL barrel): light gray/off-white matte elongated barrel; clear transparent plastic tip-cap on left; bright crimson red accent ring mid-barrel; white wrap-around label with red stylized DNA double-helix graphic on the left of the label; compound name in large red sans-serif on the label with smaller secondary line like '8mg 3ml pen' or '3ml pen'; bright crimson red textured/ribbed dial on the right end. Color family: standard peptide — RED accents (not GLP blue). Same longer silhouette/proportions as Palm Beach Vitality research pen template — ONLY the label text changes per compound. Never invent a different pen shape, dial, or wrong accent color.","P-MOT-001","MOTS-C","https://www.palmbeach-vitality.store/products/mots-c","FULL PHARMA LAB + LOCKED PBV 3mL RESEARCH PEN SCENE. Photoreal PHARMACEUTICAL MANUFACTURING cleanroom (GMP / sterile injectables aesthetic). Looks like a real pharma fill-finish or sterile manufacturing suite — stainless, HEPA, classified grades, sanitary finishes — not a generic sci-fi biotech set, not a university teaching lab, NOT a spa/bathroom/lifestyle marble set. Environment: clean packaging cell for secondary packaging of sterile injectables — bay 12. Camera: elevated wide of packaging cell. Lighting: bright neutral pharmaceutical softboxes. Show the full pharmaceutical cleanroom; place ONE locked PBV research pen mid-ground on a clean bench. Not a close-up. PEN HARDWARE LOCK (must match exactly): slightly elongated longer light gray/off-white matte 3mL barrel; clear transparent left tip-cap; bright crimson red mid accent ring; white wrap label with red DNA helix graphic; label text 'MOTS-C' in large red type plus a smaller '3ml pen' secondary line; bright crimson red ribbed dial on right. ACCENT COLOR LOCK: RED for this peptide (NOT blue). Blue is reserved for Semaglutide, Tirzepatide, and Retatrutide only. Same longer hardware as Palm Beach Vitality research pen template — only label name changes. Product lock: MOTS-C (P-MOT-001). SIGNAGE RULE: premium pharmaceutical cleanroom only. No cartoon hazard graphics, no biohazard trefoils, no striped danger tape as decor, no alert-word posters. Neutral room IDs and GMP status panels only.","Captions MUST be only about MOTS-C (P-MOT-001) and its catalog listing.","Active","255",""
"LAB-247","pen_3ml_scene","Pharma lab + 3mL pen 247","ISO classified material airlock with roller racks and status lights — bay 5","wide material airlock","cool sterile cyan with soft wash","LOCKED PBV slightly elongated 3mL research pen (gray body, clear left cap, crimson red ring + ribbed dial, white DNA-helix label) mid-ground in pharmaceutical cleanroom; not extreme macro; not spa/lifestyle backdrop","LOCKED PBV research pen hardware (exact every time; slightly elongated longer 3mL barrel): light gray/off-white matte elongated barrel; clear transparent plastic tip-cap on left; bright crimson red accent ring mid-barrel; white wrap-around label with red stylized DNA double-helix graphic on the left of the label; compound name in large red sans-serif on the label with smaller secondary line like '8mg 3ml pen' or '3ml pen'; bright crimson red textured/ribbed dial on the right end. Color family: standard peptide — RED accents (not GLP blue). Same longer silhouette/proportions as Palm Beach Vitality research pen template — ONLY the label text changes per compound. Never invent a different pen shape, dial, or wrong accent color.","P-NAD-001","NAD+","https://www.palmbeach-vitality.store/products/nad-pen-500mg","FULL PHARMA LAB + LOCKED PBV 3mL RESEARCH PEN SCENE. Photoreal PHARMACEUTICAL MANUFACTURING cleanroom (GMP / sterile injectables aesthetic). Looks like a real pharma fill-finish or sterile manufacturing suite — stainless, HEPA, classified grades, sanitary finishes — not a generic sci-fi biotech set, not a university teaching lab, NOT a spa/bathroom/lifestyle marble set. Environment: ISO classified material airlock with roller racks and status lights — bay 5. Camera: wide material airlock. Lighting: cool sterile cyan with soft wash. Show the full pharmaceutical cleanroom; place ONE locked PBV research pen mid-ground on a clean bench. Not a close-up. PEN HARDWARE LOCK (must match exactly): slightly elongated longer light gray/off-white matte 3mL barrel; clear transparent left tip-cap; bright crimson red mid accent ring; white wrap label with red DNA helix graphic; label text 'NAD+' in large red type plus a smaller '3ml pen' secondary line; bright crimson red ribbed dial on right. ACCENT COLOR LOCK: RED for this peptide (NOT blue). Blue is reserved for Semaglutide, Tirzepatide, and Retatrutide only. Same longer hardware as Palm Beach Vitality research pen template — only label name changes. Product lock: NAD+ (P-NAD-001). SIGNAGE RULE: premium pharmaceutical cleanroom only. No cartoon hazard graphics, no biohazard trefoils, no striped danger tape as decor, no alert-word posters. Neutral room IDs and GMP status panels only.","Captions MUST be only about NAD+ (P-NAD-001) and its catalog listing.","Active","256",""
"LAB-192","vial_10ml_scene","Pharma lab + 10mL vial 192","pass-through hatch corridor between Grade C and Grade B zones — bay 15","wide hatch corridor","sterile cyan-white cleanroom wash","10mL sterile crimp-seal injectable vial mid-ground in pharmaceutical cleanroom; never twist/screw cap; not extreme macro","10mL sterile injectable-style glass vial with rubber stopper and aluminum crimp seal (NOT screw-cap, NOT black twist cap)","V-PT1-001","PT-141","https://www.palmbeach-vitality.store/products/pt-141","FULL PHARMA LAB + 10mL STERILE VIAL SCENE. Photoreal PHARMACEUTICAL MANUFACTURING cleanroom (GMP / sterile injectables aesthetic). Looks like a real pharma fill-finish or sterile manufacturing suite — stainless, HEPA, classified grades, sanitary finishes — not a generic sci-fi biotech set, not a university teaching lab. Environment: pass-through hatch corridor between Grade C and Grade B zones — bay 15. Camera: wide hatch corridor. Lighting: sterile cyan-white cleanroom wash. Show the full pharmaceutical cleanroom; place one 10mL sterile injectable-style glass vial (rubber stopper + aluminum crimp seal only; NEVER black twist/screw cap) mid-ground on a clean bench. Not a close-up. Product lock: PT-141 (V-PT1-001). SIGNAGE RULE: premium pharmaceutical cleanroom only. No cartoon hazard graphics, no biohazard trefoils, no striped danger tape as decor, no alert-word posters. Neutral room IDs and GMP status panels only.","Captions MUST be only about PT-141 (V-PT1-001) and its catalog listing.","Active","257",""
"LAB-294","pen_3ml_scene","Pharma lab + 3mL pen 294","CIP/SIP skid room supporting sterile manufacturing equipment — bay 3","wide CIP/SIP skid room","cool stainless utility lighting","LOCKED PBV slightly elongated 3mL research pen (gray body, clear left cap, crimson red ring + ribbed dial, white DNA-helix label) mid-ground in pharmaceutical cleanroom; not extreme macro; not spa/lifestyle backdrop","LOCKED PBV research pen hardware (exact every time; slightly elongated longer 3mL barrel): light gray/off-white matte elongated barrel; clear transparent plastic tip-cap on left; bright crimson red accent ring mid-barrel; white wrap-around label with red stylized DNA double-helix graphic on the left of the label; compound name in large red sans-serif on the label with smaller secondary line like '8mg 3ml pen' or '3ml pen'; bright crimson red textured/ribbed dial on the right end. Color family: standard peptide — RED accents (not GLP blue). Same longer silhouette/proportions as Palm Beach Vitality research pen template — ONLY the label text changes per compound. Never invent a different pen shape, dial, or wrong accent color.","P-SEL-001","Selank","https://www.palmbeach-vitality.store/products/selank-pen","FULL PHARMA LAB + LOCKED PBV 3mL RESEARCH PEN SCENE. Photoreal PHARMACEUTICAL MANUFACTURING cleanroom (GMP / sterile injectables aesthetic). Looks like a real pharma fill-finish or sterile manufacturing suite — stainless, HEPA, classified grades, sanitary finishes — not a generic sci-fi biotech set, not a university teaching lab, NOT a spa/bathroom/lifestyle marble set. Environment: CIP/SIP skid room supporting sterile manufacturing equipment — bay 3. Camera: wide CIP/SIP skid room. Lighting: cool stainless utility lighting. Show the full pharmaceutical cleanroom; place ONE locked PBV research pen mid-ground on a clean bench. Not a close-up. PEN HARDWARE LOCK (must match exactly): slightly elongated longer light gray/off-white matte 3mL barrel; clear transparent left tip-cap; bright crimson red mid accent ring; white wrap label with red DNA helix graphic; label text 'Selank' in large red type plus a smaller '3ml pen' secondary line; bright crimson red ribbed dial on right. ACCENT COLOR LOCK: RED for this peptide (NOT blue). Blue is reserved for Semaglutide, Tirzepatide, and Retatrutide only. Same longer hardware as Palm Beach Vitality research pen template — only label name changes. Product lock: Selank (P-SEL-001). SIGNAGE RULE: premium pharmaceutical cleanroom only. No cartoon hazard graphics, no biohazard trefoils, no striped danger tape as decor, no alert-word posters. Neutral room IDs and GMP status panels only.","Captions MUST be only about Selank (P-SEL-001) and its catalog listing.","Active","258",""
"LAB-251","pen_3ml_scene","Pharma lab + 3mL pen 251","Grade B gowning airlock into Grade A/B processing with interlocking doors — bay 17","wide shot through airlock into processing suite","high-key sterile cleanroom lighting","LOCKED PBV slightly elongated 3mL research pen (gray body, clear left cap, crimson red ring + ribbed dial, white DNA-helix label) mid-ground in pharmaceutical cleanroom; not extreme macro; not spa/lifestyle backdrop","LOCKED PBV research pen hardware (exact every time; slightly elongated longer 3mL barrel): light gray/off-white matte elongated barrel; clear transparent plastic tip-cap on left; bright crimson red accent ring mid-barrel; white wrap-around label with red stylized DNA double-helix graphic on the left of the label; compound name in large red sans-serif on the label with smaller secondary line like '8mg 3ml pen' or '3ml pen'; bright crimson red textured/ribbed dial on the right end. Color family: standard peptide — RED accents (not GLP blue). Same longer silhouette/proportions as Palm Beach Vitality research pen template — ONLY the label text changes per compound. Never invent a different pen shape, dial, or wrong accent color.","P-SER-001","Sermorelin","https://www.palmbeach-vitality.store/products/sermorelin-pen","FULL PHARMA LAB + LOCKED PBV 3mL RESEARCH PEN SCENE. Photoreal PHARMACEUTICAL MANUFACTURING cleanroom (GMP / sterile injectables aesthetic). Looks like a real pharma fill-finish or sterile manufacturing suite — stainless, HEPA, classified grades, sanitary finishes — not a generic sci-fi biotech set, not a university teaching lab, NOT a spa/bathroom/lifestyle marble set. Environment: Grade B gowning airlock into Grade A/B processing with interlocking doors — bay 17. Camera: wide shot through airlock into processing suite. Lighting: high-key sterile cleanroom lighting. Show the full pharmaceutical cleanroom; place ONE locked PBV research pen mid-ground on a clean bench. Not a close-up. PEN HARDWARE LOCK (must match exactly): slightly elongated longer light gray/off-white matte 3mL barrel; clear transparent left tip-cap; bright crimson red mid accent ring; white wrap label with red DNA helix graphic; label text 'Sermorelin' in large red type plus a smaller '3ml pen' secondary line; bright crimson red ribbed dial on right. ACCENT COLOR LOCK: RED for this peptide (NOT blue). Blue is reserved for Semaglutide, Tirzepatide, and Retatrutide only. Same longer hardware as Palm Beach Vitality research pen template — only label name changes. Product lock: Sermorelin (P-SER-001). SIGNAGE RULE: premium pharmaceutical cleanroom only. No cartoon hazard graphics, no biohazard trefoils, no striped danger tape as decor, no alert-word posters. Neutral room IDs and GMP status panels only.","Captions MUST be only about Sermorelin (P-SER-001) and its catalog listing.","Active","259",""
"LAB-197","vial_10ml_scene","Pharma lab + 10mL vial 197","pharmaceutical batch-record kiosk corridor overlooking manufacturing suites — bay 8","wide corridor overlook into suites","warm-neutral softboxes, clean speculars","10mL sterile crimp-seal injectable vial mid-ground in pharmaceutical cleanroom; never twist/screw cap; not extreme macro","10mL sterile injectable-style glass vial with rubber stopper and aluminum crimp seal (NOT screw-cap, NOT black twist cap)","V-TES-001","Tesamorelin","https://www.palmbeach-vitality.store/products/tesamorelin","FULL PHARMA LAB + 10mL STERILE VIAL SCENE. Photoreal PHARMACEUTICAL MANUFACTURING cleanroom (GMP / sterile injectables aesthetic). Looks like a real pharma fill-finish or sterile manufacturing suite — stainless, HEPA, classified grades, sanitary finishes — not a generic sci-fi biotech set, not a university teaching lab. Environment: pharmaceutical batch-record kiosk corridor overlooking manufacturing suites — bay 8. Camera: wide corridor overlook into suites. Lighting: warm-neutral softboxes, clean speculars. Show the full pharmaceutical cleanroom; place one 10mL sterile injectable-style glass vial (rubber stopper + aluminum crimp seal only; NEVER black twist/screw cap) mid-ground on a clean bench. Not a close-up. Product lock: Tesamorelin (V-TES-001). SIGNAGE RULE: premium pharmaceutical cleanroom only. No cartoon hazard graphics, no biohazard trefoils, no striped danger tape as decor, no alert-word posters. Neutral room IDs and GMP status panels only.","Captions MUST be only about Tesamorelin (V-TES-001) and its catalog listing.","Active","260",""
"LAB-173","vial_10ml_scene","Pharma lab + 10mL vial 173","serialization and aggregation lane for pharmaceutical carton verification — bay 14","wide serialization lane","bright clean verification lighting","10mL sterile crimp-seal injectable vial mid-ground in pharmaceutical cleanroom; never twist/screw cap; not extreme macro","10mL sterile injectable-style glass vial with rubber stopper and aluminum crimp seal (NOT screw-cap, NOT black twist cap)","V-SS3-001","SS-31","https://www.palmbeach-vitality.store/products/ss-31","FULL PHARMA LAB + 10mL STERILE VIAL SCENE. Photoreal PHARMACEUTICAL MANUFACTURING cleanroom (GMP / sterile injectables aesthetic). Looks like a real pharma fill-finish or sterile manufacturing suite — stainless, HEPA, classified grades, sanitary finishes — not a generic sci-fi biotech set, not a university teaching lab. Environment: serialization and aggregation lane for pharmaceutical carton verification — bay 14. Camera: wide serialization lane. Lighting: bright clean verification lighting. Show the full pharmaceutical cleanroom; place one 10mL sterile injectable-style glass vial (rubber stopper + aluminum crimp seal only; NEVER black twist/screw cap) mid-ground on a clean bench. Not a close-up. Product lock: SS-31 (V-SS3-001). SIGNAGE RULE: premium pharmaceutical cleanroom only. No cartoon hazard graphics, no biohazard trefoils, no striped danger tape as decor, no alert-word posters. Neutral room IDs and GMP status panels only.","Captions MUST be only about SS-31 (V-SS3-001) and its catalog listing.","Active","261",""
"LAB-274","pen_3ml_scene","Pharma lab + 3mL pen 274","visual particulate inspection line for filled injectable vials — bay 1","wide inspection line establishing","high-contrast black/white booth lighting","LOCKED PBV slightly elongated 3mL research pen (gray body, clear left cap, crimson red ring + ribbed dial, white DNA-helix label) mid-ground in pharmaceutical cleanroom; not extreme macro; not spa/lifestyle backdrop","LOCKED PBV research pen hardware (exact every time; slightly elongated longer 3mL barrel): light gray/off-white matte elongated barrel; clear transparent plastic tip-cap on left; bright crimson red accent ring mid-barrel; white wrap-around label with red stylized DNA double-helix graphic on the left of the label; compound name in large red sans-serif on the label with smaller secondary line like '8mg 3ml pen' or '3ml pen'; bright crimson red textured/ribbed dial on the right end. Color family: standard peptide — RED accents (not GLP blue). Same longer silhouette/proportions as Palm Beach Vitality research pen template — ONLY the label text changes per compound. Never invent a different pen shape, dial, or wrong accent color.","P-TA1-001","Thymosin Alpha-1","https://www.palmbeach-vitality.store/products/ta-2","FULL PHARMA LAB + LOCKED PBV 3mL RESEARCH PEN SCENE. Photoreal PHARMACEUTICAL MANUFACTURING cleanroom (GMP / sterile injectables aesthetic). Looks like a real pharma fill-finish or sterile manufacturing suite — stainless, HEPA, classified grades, sanitary finishes — not a generic sci-fi biotech set, not a university teaching lab, NOT a spa/bathroom/lifestyle marble set. Environment: visual particulate inspection line for filled injectable vials — bay 1. Camera: wide inspection line establishing. Lighting: high-contrast black/white booth lighting. Show the full pharmaceutical cleanroom; place ONE locked PBV research pen mid-ground on a clean bench. Not a close-up. PEN HARDWARE LOCK (must match exactly): slightly elongated longer light gray/off-white matte 3mL barrel; clear transparent left tip-cap; bright crimson red mid accent ring; white wrap label with red DNA helix graphic; label text 'Thymosin Alpha-1' in large red type plus a smaller '3ml pen' secondary line; bright crimson red ribbed dial on right. ACCENT COLOR LOCK: RED for this peptide (NOT blue). Blue is reserved for Semaglutide, Tirzepatide, and Retatrutide only. Same longer hardware as Palm Beach Vitality research pen template — only label name changes. Product lock: Thymosin Alpha-1 (P-TA1-001). SIGNAGE RULE: premium pharmaceutical cleanroom only. No cartoon hazard graphics, no biohazard trefoils, no striped danger tape as decor, no alert-word posters. Neutral room IDs and GMP status panels only.","Captions MUST be only about Thymosin Alpha-1 (P-TA1-001) and its catalog listing.","Active","262",""
"LAB-096","lab_scene","Pharma cleanroom 096","sterile gowning cubicle bank with HEPA cascade — bay 9","wide cubicle bank","high-key cascade cleanroom light","no product close-up; full pharmaceutical cleanroom; compound via typography / optional distant labeled sterile vial","","P-GLO-001","BPC-157 / TB-500 / GHK-Cu","https://www.palmbeach-vitality.store/products/glow-pen","FULL PHARMA LAB SCENE (wide). Photoreal PHARMACEUTICAL MANUFACTURING cleanroom (GMP / sterile injectables aesthetic). Looks like a real pharma fill-finish or sterile manufacturing suite — stainless, HEPA, classified grades, sanitary finishes — not a generic sci-fi biotech set, not a university teaching lab. Environment: sterile gowning cubicle bank with HEPA cascade — bay 9. Camera: wide cubicle bank. Lighting: high-key cascade cleanroom light. Do not crop to a single object. Show the entire pharmaceutical cleanroom. Product lock for captions/typography only: BPC-157 / TB-500 / GHK-Cu (P-GLO-001). Optional: one distant labeled 10mL sterile crimp-seal vial on a clean bench — never a macro close-up. SIGNAGE RULE: premium pharmaceutical cleanroom only. No cartoon hazard graphics, no biohazard trefoils, no striped danger tape as decor, no alert-word posters. Neutral room IDs and GMP status panels only.","Captions MUST be only about BPC-157 / TB-500 / GHK-Cu (P-GLO-001) and its catalog listing.","Active","263",""
"LAB-180","vial_10ml_scene","Pharma lab + 10mL vial 180","sterile emulsion / peptide formulation suite with closed vessels — bay 1","wide formulation suite","soft premium pharmaceutical catalog light","10mL sterile crimp-seal injectable vial mid-ground in pharmaceutical cleanroom; never twist/screw cap; not extreme macro","10mL sterile injectable-style glass vial with rubber stopper and aluminum crimp seal (NOT screw-cap, NOT black twist cap)","V-CII-001","CJC (no DAC)/Ipamorelin","https://www.palmbeach-vitality.store/products/cjc-ipamorelin","FULL PHARMA LAB + 10mL STERILE VIAL SCENE. Photoreal PHARMACEUTICAL MANUFACTURING cleanroom (GMP / sterile injectables aesthetic). Looks like a real pharma fill-finish or sterile manufacturing suite — stainless, HEPA, classified grades, sanitary finishes — not a generic sci-fi biotech set, not a university teaching lab. Environment: sterile emulsion / peptide formulation suite with closed vessels — bay 1. Camera: wide formulation suite. Lighting: soft premium pharmaceutical catalog light. Show the full pharmaceutical cleanroom; place one 10mL sterile injectable-style glass vial (rubber stopper + aluminum crimp seal only; NEVER black twist/screw cap) mid-ground on a clean bench. Not a close-up. Product lock: CJC (no DAC)/Ipamorelin (V-CII-001). SIGNAGE RULE: premium pharmaceutical cleanroom only. No cartoon hazard graphics, no biohazard trefoils, no striped danger tape as decor, no alert-word posters. Neutral room IDs and GMP status panels only.","Captions MUST be only about CJC (no DAC)/Ipamorelin (V-CII-001) and its catalog listing.","Active","264",""
"LAB-281","pen_3ml_scene","Pharma lab + 3mL pen 281","aseptic compounding isolator farm for sterile injectables — bay 5","wide isolator farm","cool contained Grade A lighting","LOCKED PBV slightly elongated 3mL research pen (gray body, clear left cap, crimson red ring + ribbed dial, white DNA-helix label) mid-ground in pharmaceutical cleanroom; not extreme macro; not spa/lifestyle backdrop","LOCKED PBV research pen hardware (exact every time; slightly elongated longer 3mL barrel): light gray/off-white matte elongated barrel; clear transparent plastic tip-cap on left; bright crimson red accent ring mid-barrel; white wrap-around label with red stylized DNA double-helix graphic on the left of the label; compound name in large red sans-serif on the label with smaller secondary line like '8mg 3ml pen' or '3ml pen'; bright crimson red textured/ribbed dial on the right end. Color family: standard peptide — RED accents (not GLP blue). Same longer silhouette/proportions as Palm Beach Vitality research pen template — ONLY the label text changes per compound. Never invent a different pen shape, dial, or wrong accent color.","P-GHK-001","GHK-Cu","https://www.palmbeach-vitality.store/products/ghk-cu-pen","FULL PHARMA LAB + LOCKED PBV 3mL RESEARCH PEN SCENE. Photoreal PHARMACEUTICAL MANUFACTURING cleanroom (GMP / sterile injectables aesthetic). Looks like a real pharma fill-finish or sterile manufacturing suite — stainless, HEPA, classified grades, sanitary finishes — not a generic sci-fi biotech set, not a university teaching lab, NOT a spa/bathroom/lifestyle marble set. Environment: aseptic compounding isolator farm for sterile injectables — bay 5. Camera: wide isolator farm. Lighting: cool contained Grade A lighting. Show the full pharmaceutical cleanroom; place ONE locked PBV research pen mid-ground on a clean bench. Not a close-up. PEN HARDWARE LOCK (must match exactly): slightly elongated longer light gray/off-white matte 3mL barrel; clear transparent left tip-cap; bright crimson red mid accent ring; white wrap label with red DNA helix graphic; label text 'GHK-Cu' in large red type plus a smaller '3ml pen' secondary line; bright crimson red ribbed dial on right. ACCENT COLOR LOCK: RED for this peptide (NOT blue). Blue is reserved for Semaglutide, Tirzepatide, and Retatrutide only. Same longer hardware as Palm Beach Vitality research pen template — only label name changes. Product lock: GHK-Cu (P-GHK-001). SIGNAGE RULE: premium pharmaceutical cleanroom only. No cartoon hazard graphics, no biohazard trefoils, no striped danger tape as decor, no alert-word posters. Neutral room IDs and GMP status panels only.","Captions MUST be only about GHK-Cu (P-GHK-001) and its catalog listing.","Active","265",""
"LAB-099","lab_scene","Pharma cleanroom 099","lyophilized-vial inspection booth row with black/white contrast stations — bay 1","wide inspection bay establishing shot","controlled high-contrast pharma inspection lighting","no product close-up; full pharmaceutical cleanroom; compound via typography / optional distant labeled sterile vial","","P-SEM-001","Semaglutide","https://www.palmbeach-vitality.store/products/semaglutide-1-5mg-pen","FULL PHARMA LAB SCENE (wide). Photoreal PHARMACEUTICAL MANUFACTURING cleanroom (GMP / sterile injectables aesthetic). Looks like a real pharma fill-finish or sterile manufacturing suite — stainless, HEPA, classified grades, sanitary finishes — not a generic sci-fi biotech set, not a university teaching lab. Environment: lyophilized-vial inspection booth row with black/white contrast stations — bay 1. Camera: wide inspection bay establishing shot. Lighting: controlled high-contrast pharma inspection lighting. Do not crop to a single object. Show the entire pharmaceutical cleanroom. Product lock for captions/typography only: Semaglutide (P-SEM-001). Optional: one distant labeled 10mL sterile crimp-seal vial on a clean bench — never a macro close-up. SIGNAGE RULE: premium pharmaceutical cleanroom only. No cartoon hazard graphics, no biohazard trefoils, no striped danger tape as decor, no alert-word posters. Neutral room IDs and GMP status panels only.","Captions MUST be only about Semaglutide (P-SEM-001) and its catalog listing.","Active","266",""
"LAB-187","vial_10ml_scene","Pharma lab + 10mL vial 187","cold-chain pharmaceutical warehouse anteroom with validated cold rooms — bay 5","wide anteroom and cold-room doors","cool blue cold-chain GMP lighting","10mL sterile crimp-seal injectable vial mid-ground in pharmaceutical cleanroom; never twist/screw cap; not extreme macro","10mL sterile injectable-style glass vial with rubber stopper and aluminum crimp seal (NOT screw-cap, NOT black twist cap)","V-TIR-001","Tirzepatide","https://www.palmbeach-vitality.store/products/tirzepatide","FULL PHARMA LAB + 10mL STERILE VIAL SCENE. Photoreal PHARMACEUTICAL MANUFACTURING cleanroom (GMP / sterile injectables aesthetic). Looks like a real pharma fill-finish or sterile manufacturing suite — stainless, HEPA, classified grades, sanitary finishes — not a generic sci-fi biotech set, not a university teaching lab. Environment: cold-chain pharmaceutical warehouse anteroom with validated cold rooms — bay 5. Camera: wide anteroom and cold-room doors. Lighting: cool blue cold-chain GMP lighting. Show the full pharmaceutical cleanroom; place one 10mL sterile injectable-style glass vial (rubber stopper + aluminum crimp seal only; NEVER black twist/screw cap) mid-ground on a clean bench. Not a close-up. Product lock: Tirzepatide (V-TIR-001). SIGNAGE RULE: premium pharmaceutical cleanroom only. No cartoon hazard graphics, no biohazard trefoils, no striped danger tape as decor, no alert-word posters. Neutral room IDs and GMP status panels only.","Captions MUST be only about Tirzepatide (V-TIR-001) and its catalog listing.","Active","267",""
"LAB-176","vial_10ml_scene","Pharma lab + 10mL vial 176","finished-goods cold staging for sterile peptide injectables — bay 6","wide staging area with roller racks","cool dock-to-cold-chain lighting","10mL sterile crimp-seal injectable vial mid-ground in pharmaceutical cleanroom; never twist/screw cap; not extreme macro","10mL sterile injectable-style glass vial with rubber stopper and aluminum crimp seal (NOT screw-cap, NOT black twist cap)","V-BPC-001","BPC-157","https://www.palmbeach-vitality.store/products/bpc-157","FULL PHARMA LAB + 10mL STERILE VIAL SCENE. Photoreal PHARMACEUTICAL MANUFACTURING cleanroom (GMP / sterile injectables aesthetic). Looks like a real pharma fill-finish or sterile manufacturing suite — stainless, HEPA, classified grades, sanitary finishes — not a generic sci-fi biotech set, not a university teaching lab. Environment: finished-goods cold staging for sterile peptide injectables — bay 6. Camera: wide staging area with roller racks. Lighting: cool dock-to-cold-chain lighting. Show the full pharmaceutical cleanroom; place one 10mL sterile injectable-style glass vial (rubber stopper + aluminum crimp seal only; NEVER black twist/screw cap) mid-ground on a clean bench. Not a close-up. Product lock: BPC-157 (V-BPC-001). SIGNAGE RULE: premium pharmaceutical cleanroom only. No cartoon hazard graphics, no biohazard trefoils, no striped danger tape as decor, no alert-word posters. Neutral room IDs and GMP status panels only.","Captions MUST be only about BPC-157 (V-BPC-001) and its catalog listing.","Active","268",""
"LAB-278","pen_3ml_scene","Pharma lab + 3mL pen 278","injectable solution hold-tank suite with sanitary vessels and agitators — bay 13","elevated wide of hold-tank suite","clean stainless specular lighting","LOCKED PBV slightly elongated 3mL research pen (gray body, clear left cap, crimson red ring + ribbed dial, white DNA-helix label) mid-ground in pharmaceutical cleanroom; not extreme macro; not spa/lifestyle backdrop","LOCKED PBV research pen hardware (exact every time; slightly elongated longer 3mL barrel): light gray/off-white matte elongated barrel; clear transparent plastic tip-cap on left; bright crimson red accent ring mid-barrel; white wrap-around label with red stylized DNA double-helix graphic on the left of the label; compound name in large red sans-serif on the label with smaller secondary line like '8mg 3ml pen' or '3ml pen'; bright crimson red textured/ribbed dial on the right end. Color family: standard peptide — RED accents (not GLP blue). Same longer silhouette/proportions as Palm Beach Vitality research pen template — ONLY the label text changes per compound. Never invent a different pen shape, dial, or wrong accent color.","P-WOL-001","BPC-157 / TB-500","https://www.palmbeach-vitality.store/products/wolverine-pen","FULL PHARMA LAB + LOCKED PBV 3mL RESEARCH PEN SCENE. Photoreal PHARMACEUTICAL MANUFACTURING cleanroom (GMP / sterile injectables aesthetic). Looks like a real pharma fill-finish or sterile manufacturing suite — stainless, HEPA, classified grades, sanitary finishes — not a generic sci-fi biotech set, not a university teaching lab, NOT a spa/bathroom/lifestyle marble set. Environment: injectable solution hold-tank suite with sanitary vessels and agitators — bay 13. Camera: elevated wide of hold-tank suite. Lighting: clean stainless specular lighting. Show the full pharmaceutical cleanroom; place ONE locked PBV research pen mid-ground on a clean bench. Not a close-up. PEN HARDWARE LOCK (must match exactly): slightly elongated longer light gray/off-white matte 3mL barrel; clear transparent left tip-cap; bright crimson red mid accent ring; white wrap label with red DNA helix graphic; label text 'BPC-157 / TB-500' in large red type plus a smaller '3ml pen' secondary line; bright crimson red ribbed dial on right. ACCENT COLOR LOCK: RED for this peptide (NOT blue). Blue is reserved for Semaglutide, Tirzepatide, and Retatrutide only. Same longer hardware as Palm Beach Vitality research pen template — only label name changes. Product lock: BPC-157 / TB-500 (P-WOL-001). SIGNAGE RULE: premium pharmaceutical cleanroom only. No cartoon hazard graphics, no biohazard trefoils, no striped danger tape as decor, no alert-word posters. Neutral room IDs and GMP status panels only.","Captions MUST be only about BPC-157 / TB-500 (P-WOL-001) and its catalog listing.","Active","269",""
"LAB-058","lab_scene","Pharma cleanroom 058","lyo loading clean zone with tray carts staged for freeze-dryer load — bay 14","wide loading zone","cool blue-white pharmaceutical light","no product close-up; full pharmaceutical cleanroom; compound via typography / optional distant labeled sterile vial","","V-KLO-001","KPV / BPC-157 / TB-500 / GHK-Cu","https://www.palmbeach-vitality.store/products/klow-kpv-bpc-157-tb-500-ghk","FULL PHARMA LAB SCENE (wide). Photoreal PHARMACEUTICAL MANUFACTURING cleanroom (GMP / sterile injectables aesthetic). Looks like a real pharma fill-finish or sterile manufacturing suite — stainless, HEPA, classified grades, sanitary finishes — not a generic sci-fi biotech set, not a university teaching lab. Environment: lyo loading clean zone with tray carts staged for freeze-dryer load — bay 14. Camera: wide loading zone. Lighting: cool blue-white pharmaceutical light. Do not crop to a single object. Show the entire pharmaceutical cleanroom. Product lock for captions/typography only: KPV / BPC-157 / TB-500 / GHK-Cu (V-KLO-001). Optional: one distant labeled 10mL sterile crimp-seal vial on a clean bench — never a macro close-up. SIGNAGE RULE: premium pharmaceutical cleanroom only. No cartoon hazard graphics, no biohazard trefoils, no striped danger tape as decor, no alert-word posters. Neutral room IDs and GMP status panels only.","Captions MUST be only about KPV / BPC-157 / TB-500 / GHK-Cu (V-KLO-001) and its catalog listing.","Active","270",""
"LAB-168","vial_10ml_scene","Pharma lab + 10mL vial 168","Grade B gowning airlock into Grade A/B processing with interlocking doors — bay 16","wide shot through airlock into processing suite","high-key sterile cleanroom lighting","10mL sterile crimp-seal injectable vial mid-ground in pharmaceutical cleanroom; never twist/screw cap; not extreme macro","10mL sterile injectable-style glass vial with rubber stopper and aluminum crimp seal (NOT screw-cap, NOT black twist cap)","V-MOT-001","MOTS-C","https://www.palmbeach-vitality.store/products/mots-c-10mg-5ml-vial","FULL PHARMA LAB + 10mL STERILE VIAL SCENE. Photoreal PHARMACEUTICAL MANUFACTURING cleanroom (GMP / sterile injectables aesthetic). Looks like a real pharma fill-finish or sterile manufacturing suite — stainless, HEPA, classified grades, sanitary finishes — not a generic sci-fi biotech set, not a university teaching lab. Environment: Grade B gowning airlock into Grade A/B processing with interlocking doors — bay 16. Camera: wide shot through airlock into processing suite. Lighting: high-key sterile cleanroom lighting. Show the full pharmaceutical cleanroom; place one 10mL sterile injectable-style glass vial (rubber stopper + aluminum crimp seal only; NEVER black twist/screw cap) mid-ground on a clean bench. Not a close-up. Product lock: MOTS-C (V-MOT-001). SIGNAGE RULE: premium pharmaceutical cleanroom only. No cartoon hazard graphics, no biohazard trefoils, no striped danger tape as decor, no alert-word posters. Neutral room IDs and GMP status panels only.","Captions MUST be only about MOTS-C (V-MOT-001) and its catalog listing.","Active","271",""
"LAB-269","pen_3ml_scene","Pharma lab + 3mL pen 269","formulation compounding suite with jacketed stainless compounding vessels — bay 3","elevated wide of compounding suite","warm-neutral pharmaceutical softboxes","LOCKED PBV slightly elongated 3mL research pen (gray body, clear left cap, crimson red ring + ribbed dial, white DNA-helix label) mid-ground in pharmaceutical cleanroom; not extreme macro; not spa/lifestyle backdrop","LOCKED PBV research pen hardware (exact every time; slightly elongated longer 3mL barrel): light gray/off-white matte elongated barrel; clear transparent plastic tip-cap on left; bright crimson red accent ring mid-barrel; white wrap-around label with red stylized DNA double-helix graphic on the left of the label; compound name in large red sans-serif on the label with smaller secondary line like '8mg 3ml pen' or '3ml pen'; bright crimson red textured/ribbed dial on the right end. Color family: standard peptide — RED accents (not GLP blue). Same longer silhouette/proportions as Palm Beach Vitality research pen template — ONLY the label text changes per compound. Never invent a different pen shape, dial, or wrong accent color.","P-NAD-001","NAD+","https://www.palmbeach-vitality.store/products/nad-pen-500mg","FULL PHARMA LAB + LOCKED PBV 3mL RESEARCH PEN SCENE. Photoreal PHARMACEUTICAL MANUFACTURING cleanroom (GMP / sterile injectables aesthetic). Looks like a real pharma fill-finish or sterile manufacturing suite — stainless, HEPA, classified grades, sanitary finishes — not a generic sci-fi biotech set, not a university teaching lab, NOT a spa/bathroom/lifestyle marble set. Environment: formulation compounding suite with jacketed stainless compounding vessels — bay 3. Camera: elevated wide of compounding suite. Lighting: warm-neutral pharmaceutical softboxes. Show the full pharmaceutical cleanroom; place ONE locked PBV research pen mid-ground on a clean bench. Not a close-up. PEN HARDWARE LOCK (must match exactly): slightly elongated longer light gray/off-white matte 3mL barrel; clear transparent left tip-cap; bright crimson red mid accent ring; white wrap label with red DNA helix graphic; label text 'NAD+' in large red type plus a smaller '3ml pen' secondary line; bright crimson red ribbed dial on right. ACCENT COLOR LOCK: RED for this peptide (NOT blue). Blue is reserved for Semaglutide, Tirzepatide, and Retatrutide only. Same longer hardware as Palm Beach Vitality research pen template — only label name changes. Product lock: NAD+ (P-NAD-001). SIGNAGE RULE: premium pharmaceutical cleanroom only. No cartoon hazard graphics, no biohazard trefoils, no striped danger tape as decor, no alert-word posters. Neutral room IDs and GMP status panels only.","Captions MUST be only about NAD+ (P-NAD-001) and its catalog listing.","Active","272",""
"LAB-061","lab_scene","Pharma cleanroom 061","pharmaceutical cleanroom with flush LED ceiling and conductive flooring — bay 6","architectural wide of cleanroom volume","even high-key HEPA-bay lighting","no product close-up; full pharmaceutical cleanroom; compound via typography / optional distant labeled sterile vial","","V-PT1-001","PT-141","https://www.palmbeach-vitality.store/products/pt-141","FULL PHARMA LAB SCENE (wide). Photoreal PHARMACEUTICAL MANUFACTURING cleanroom (GMP / sterile injectables aesthetic). Looks like a real pharma fill-finish or sterile manufacturing suite — stainless, HEPA, classified grades, sanitary finishes — not a generic sci-fi biotech set, not a university teaching lab. Environment: pharmaceutical cleanroom with flush LED ceiling and conductive flooring — bay 6. Camera: architectural wide of cleanroom volume. Lighting: even high-key HEPA-bay lighting. Do not crop to a single object. Show the entire pharmaceutical cleanroom. Product lock for captions/typography only: PT-141 (V-PT1-001). Optional: one distant labeled 10mL sterile crimp-seal vial on a clean bench — never a macro close-up. SIGNAGE RULE: premium pharmaceutical cleanroom only. No cartoon hazard graphics, no biohazard trefoils, no striped danger tape as decor, no alert-word posters. Neutral room IDs and GMP status panels only.","Captions MUST be only about PT-141 (V-PT1-001) and its catalog listing.","Active","273",""
"LAB-171","vial_10ml_scene","Pharma lab + 10mL vial 171","HPLC / UPLC analytical QC lab for release testing of injectables — bay 8","wide instrument alley establishing shot","cool instrument-panel glow with soft overhead","10mL sterile crimp-seal injectable vial mid-ground in pharmaceutical cleanroom; never twist/screw cap; not extreme macro","10mL sterile injectable-style glass vial with rubber stopper and aluminum crimp seal (NOT screw-cap, NOT black twist cap)","V-SEL-001","Selank","https://www.palmbeach-vitality.store/products/selank","FULL PHARMA LAB + 10mL STERILE VIAL SCENE. Photoreal PHARMACEUTICAL MANUFACTURING cleanroom (GMP / sterile injectables aesthetic). Looks like a real pharma fill-finish or sterile manufacturing suite — stainless, HEPA, classified grades, sanitary finishes — not a generic sci-fi biotech set, not a university teaching lab. Environment: HPLC / UPLC analytical QC lab for release testing of injectables — bay 8. Camera: wide instrument alley establishing shot. Lighting: cool instrument-panel glow with soft overhead. Show the full pharmaceutical cleanroom; place one 10mL sterile injectable-style glass vial (rubber stopper + aluminum crimp seal only; NEVER black twist/screw cap) mid-ground on a clean bench. Not a close-up. Product lock: Selank (V-SEL-001). SIGNAGE RULE: premium pharmaceutical cleanroom only. No cartoon hazard graphics, no biohazard trefoils, no striped danger tape as decor, no alert-word posters. Neutral room IDs and GMP status panels only.","Captions MUST be only about Selank (V-SEL-001) and its catalog listing.","Active","274",""
"LAB-273","pen_3ml_scene","Pharma lab + 3mL pen 273","media-fill / aseptic process simulation suite with isolator ports — bay 15","wide media-fill suite","high-key Grade A aesthetic lighting","LOCKED PBV slightly elongated 3mL research pen (gray body, clear left cap, crimson red ring + ribbed dial, white DNA-helix label) mid-ground in pharmaceutical cleanroom; not extreme macro; not spa/lifestyle backdrop","LOCKED PBV research pen hardware (exact every time; slightly elongated longer 3mL barrel): light gray/off-white matte elongated barrel; clear transparent plastic tip-cap on left; bright crimson red accent ring mid-barrel; white wrap-around label with red stylized DNA double-helix graphic on the left of the label; compound name in large red sans-serif on the label with smaller secondary line like '8mg 3ml pen' or '3ml pen'; bright crimson red textured/ribbed dial on the right end. Color family: standard peptide — RED accents (not GLP blue). Same longer silhouette/proportions as Palm Beach Vitality research pen template — ONLY the label text changes per compound. Never invent a different pen shape, dial, or wrong accent color.","P-SER-001","Sermorelin","https://www.palmbeach-vitality.store/products/sermorelin-pen","FULL PHARMA LAB + LOCKED PBV 3mL RESEARCH PEN SCENE. Photoreal PHARMACEUTICAL MANUFACTURING cleanroom (GMP / sterile injectables aesthetic). Looks like a real pharma fill-finish or sterile manufacturing suite — stainless, HEPA, classified grades, sanitary finishes — not a generic sci-fi biotech set, not a university teaching lab, NOT a spa/bathroom/lifestyle marble set. Environment: media-fill / aseptic process simulation suite with isolator ports — bay 15. Camera: wide media-fill suite. Lighting: high-key Grade A aesthetic lighting. Show the full pharmaceutical cleanroom; place ONE locked PBV research pen mid-ground on a clean bench. Not a close-up. PEN HARDWARE LOCK (must match exactly): slightly elongated longer light gray/off-white matte 3mL barrel; clear transparent left tip-cap; bright crimson red mid accent ring; white wrap label with red DNA helix graphic; label text 'Sermorelin' in large red type plus a smaller '3ml pen' secondary line; bright crimson red ribbed dial on right. ACCENT COLOR LOCK: RED for this peptide (NOT blue). Blue is reserved for Semaglutide, Tirzepatide, and Retatrutide only. Same longer hardware as Palm Beach Vitality research pen template — only label name changes. Product lock: Sermorelin (P-SER-001). SIGNAGE RULE: premium pharmaceutical cleanroom only. No cartoon hazard graphics, no biohazard trefoils, no striped danger tape as decor, no alert-word posters. Neutral room IDs and GMP status panels only.","Captions MUST be only about Sermorelin (P-SER-001) and its catalog listing.","Active","275",""
"LAB-066","lab_scene","Pharma cleanroom 066","formulation compounding suite with jacketed stainless compounding vessels — bay 4","elevated wide of compounding suite","warm-neutral pharmaceutical softboxes","no product close-up; full pharmaceutical cleanroom; compound via typography / optional distant labeled sterile vial","","V-TES-001","Tesamorelin","https://www.palmbeach-vitality.store/products/tesamorelin","FULL PHARMA LAB SCENE (wide). Photoreal PHARMACEUTICAL MANUFACTURING cleanroom (GMP / sterile injectables aesthetic). Looks like a real pharma fill-finish or sterile manufacturing suite — stainless, HEPA, classified grades, sanitary finishes — not a generic sci-fi biotech set, not a university teaching lab. Environment: formulation compounding suite with jacketed stainless compounding vessels — bay 4. Camera: elevated wide of compounding suite. Lighting: warm-neutral pharmaceutical softboxes. Do not crop to a single object. Show the entire pharmaceutical cleanroom. Product lock for captions/typography only: Tesamorelin (V-TES-001). Optional: one distant labeled 10mL sterile crimp-seal vial on a clean bench — never a macro close-up. SIGNAGE RULE: premium pharmaceutical cleanroom only. No cartoon hazard graphics, no biohazard trefoils, no striped danger tape as decor, no alert-word posters. Neutral room IDs and GMP status panels only.","Captions MUST be only about Tesamorelin (V-TES-001) and its catalog listing.","Active","276",""
"LAB-195","vial_10ml_scene","Pharma lab + 10mL vial 195","raw-material pharmaceutical quarantine cage with barcode racking — bay 4","architectural wide of quarantine cage","neutral warehouse-GMP hybrid lighting","10mL sterile crimp-seal injectable vial mid-ground in pharmaceutical cleanroom; never twist/screw cap; not extreme macro","10mL sterile injectable-style glass vial with rubber stopper and aluminum crimp seal (NOT screw-cap, NOT black twist cap)","V-SS3-001","SS-31","https://www.palmbeach-vitality.store/products/ss-31","FULL PHARMA LAB + 10mL STERILE VIAL SCENE. Photoreal PHARMACEUTICAL MANUFACTURING cleanroom (GMP / sterile injectables aesthetic). Looks like a real pharma fill-finish or sterile manufacturing suite — stainless, HEPA, classified grades, sanitary finishes — not a generic sci-fi biotech set, not a university teaching lab. Environment: raw-material pharmaceutical quarantine cage with barcode racking — bay 4. Camera: architectural wide of quarantine cage. Lighting: neutral warehouse-GMP hybrid lighting. Show the full pharmaceutical cleanroom; place one 10mL sterile injectable-style glass vial (rubber stopper + aluminum crimp seal only; NEVER black twist/screw cap) mid-ground on a clean bench. Not a close-up. Product lock: SS-31 (V-SS3-001). SIGNAGE RULE: premium pharmaceutical cleanroom only. No cartoon hazard graphics, no biohazard trefoils, no striped danger tape as decor, no alert-word posters. Neutral room IDs and GMP status panels only.","Captions MUST be only about SS-31 (V-SS3-001) and its catalog listing.","Active","277",""
"LAB-296","pen_3ml_scene","Pharma lab + 3mL pen 296","aseptic connection / sterile tubing weld bay — bay 7","wide bay establishing shot","cool cleanroom rim with soft fill","LOCKED PBV slightly elongated 3mL research pen (gray body, clear left cap, crimson red ring + ribbed dial, white DNA-helix label) mid-ground in pharmaceutical cleanroom; not extreme macro; not spa/lifestyle backdrop","LOCKED PBV research pen hardware (exact every time; slightly elongated longer 3mL barrel): light gray/off-white matte elongated barrel; clear transparent plastic tip-cap on left; bright crimson red accent ring mid-barrel; white wrap-around label with red stylized DNA double-helix graphic on the left of the label; compound name in large red sans-serif on the label with smaller secondary line like '8mg 3ml pen' or '3ml pen'; bright crimson red textured/ribbed dial on the right end. Color family: standard peptide — RED accents (not GLP blue). Same longer silhouette/proportions as Palm Beach Vitality research pen template — ONLY the label text changes per compound. Never invent a different pen shape, dial, or wrong accent color.","P-TA1-001","Thymosin Alpha-1","https://www.palmbeach-vitality.store/products/ta-2","FULL PHARMA LAB + LOCKED PBV 3mL RESEARCH PEN SCENE. Photoreal PHARMACEUTICAL MANUFACTURING cleanroom (GMP / sterile injectables aesthetic). Looks like a real pharma fill-finish or sterile manufacturing suite — stainless, HEPA, classified grades, sanitary finishes — not a generic sci-fi biotech set, not a university teaching lab, NOT a spa/bathroom/lifestyle marble set. Environment: aseptic connection / sterile tubing weld bay — bay 7. Camera: wide bay establishing shot. Lighting: cool cleanroom rim with soft fill. Show the full pharmaceutical cleanroom; place ONE locked PBV research pen mid-ground on a clean bench. Not a close-up. PEN HARDWARE LOCK (must match exactly): slightly elongated longer light gray/off-white matte 3mL barrel; clear transparent left tip-cap; bright crimson red mid accent ring; white wrap label with red DNA helix graphic; label text 'Thymosin Alpha-1' in large red type plus a smaller '3ml pen' secondary line; bright crimson red ribbed dial on right. ACCENT COLOR LOCK: RED for this peptide (NOT blue). Blue is reserved for Semaglutide, Tirzepatide, and Retatrutide only. Same longer hardware as Palm Beach Vitality research pen template — only label name changes. Product lock: Thymosin Alpha-1 (P-TA1-001). SIGNAGE RULE: premium pharmaceutical cleanroom only. No cartoon hazard graphics, no biohazard trefoils, no striped danger tape as decor, no alert-word posters. Neutral room IDs and GMP status panels only.","Captions MUST be only about Thymosin Alpha-1 (P-TA1-001) and its catalog listing.","Active","278",""
"LAB-198","vial_10ml_scene","Pharma lab + 10mL vial 198","sterile stopper processor room with validated washers and sterilizers — bay 10","wide processor room","cool steel GMP wash","10mL sterile crimp-seal injectable vial mid-ground in pharmaceutical cleanroom; never twist/screw cap; not extreme macro","10mL sterile injectable-style glass vial with rubber stopper and aluminum crimp seal (NOT screw-cap, NOT black twist cap)","V-BPC-001","BPC-157","https://www.palmbeach-vitality.store/products/bpc-157","FULL PHARMA LAB + 10mL STERILE VIAL SCENE. Photoreal PHARMACEUTICAL MANUFACTURING cleanroom (GMP / sterile injectables aesthetic). Looks like a real pharma fill-finish or sterile manufacturing suite — stainless, HEPA, classified grades, sanitary finishes — not a generic sci-fi biotech set, not a university teaching lab. Environment: sterile stopper processor room with validated washers and sterilizers — bay 10. Camera: wide processor room. Lighting: cool steel GMP wash. Show the full pharmaceutical cleanroom; place one 10mL sterile injectable-style glass vial (rubber stopper + aluminum crimp seal only; NEVER black twist/screw cap) mid-ground on a clean bench. Not a close-up. Product lock: BPC-157 (V-BPC-001). SIGNAGE RULE: premium pharmaceutical cleanroom only. No cartoon hazard graphics, no biohazard trefoils, no striped danger tape as decor, no alert-word posters. Neutral room IDs and GMP status panels only.","Captions MUST be only about BPC-157 (V-BPC-001) and its catalog listing.","Active","279",""
"LAB-300","pen_3ml_scene","Pharma lab + 3mL pen 300","release-testing sample pass room between manufacturing and QC — bay 15","wide pass room","neutral clinical lighting","LOCKED PBV slightly elongated 3mL research pen (gray body, clear left cap, crimson red ring + ribbed dial, white DNA-helix label) mid-ground in pharmaceutical cleanroom; not extreme macro; not spa/lifestyle backdrop","LOCKED PBV research pen hardware (exact every time; slightly elongated longer 3mL barrel): light gray/off-white matte elongated barrel; clear transparent plastic tip-cap on left; bright crimson red accent ring mid-barrel; white wrap-around label with red stylized DNA double-helix graphic on the left of the label; compound name in large red sans-serif on the label with smaller secondary line like '8mg 3ml pen' or '3ml pen'; bright crimson red textured/ribbed dial on the right end. Color family: standard peptide — RED accents (not GLP blue). Same longer silhouette/proportions as Palm Beach Vitality research pen template — ONLY the label text changes per compound. Never invent a different pen shape, dial, or wrong accent color.","P-WOL-001","BPC-157 / TB-500","https://www.palmbeach-vitality.store/products/wolverine-pen","FULL PHARMA LAB + LOCKED PBV 3mL RESEARCH PEN SCENE. Photoreal PHARMACEUTICAL MANUFACTURING cleanroom (GMP / sterile injectables aesthetic). Looks like a real pharma fill-finish or sterile manufacturing suite — stainless, HEPA, classified grades, sanitary finishes — not a generic sci-fi biotech set, not a university teaching lab, NOT a spa/bathroom/lifestyle marble set. Environment: release-testing sample pass room between manufacturing and QC — bay 15. Camera: wide pass room. Lighting: neutral clinical lighting. Show the full pharmaceutical cleanroom; place ONE locked PBV research pen mid-ground on a clean bench. Not a close-up. PEN HARDWARE LOCK (must match exactly): slightly elongated longer light gray/off-white matte 3mL barrel; clear transparent left tip-cap; bright crimson red mid accent ring; white wrap label with red DNA helix graphic; label text 'BPC-157 / TB-500' in large red type plus a smaller '3ml pen' secondary line; bright crimson red ribbed dial on right. ACCENT COLOR LOCK: RED for this peptide (NOT blue). Blue is reserved for Semaglutide, Tirzepatide, and Retatrutide only. Same longer hardware as Palm Beach Vitality research pen template — only label name changes. Product lock: BPC-157 / TB-500 (P-WOL-001). SIGNAGE RULE: premium pharmaceutical cleanroom only. No cartoon hazard graphics, no biohazard trefoils, no striped danger tape as decor, no alert-word posters. Neutral room IDs and GMP status panels only.","Captions MUST be only about BPC-157 / TB-500 (P-WOL-001) and its catalog listing.","Active","280",""
"LAB-080","lab_scene","Pharma cleanroom 080","fill-finish control room with window into Grade A zone — bay 12","wide control room looking into Grade A","dim control + bright cleanroom contrast","no product close-up; full pharmaceutical cleanroom; compound via typography / optional distant labeled sterile vial","","P-KLO-001","KPV / BPC-157 / TB-500 / GHK-Cu","https://www.palmbeach-vitality.store/products/klow-pen","FULL PHARMA LAB SCENE (wide). Photoreal PHARMACEUTICAL MANUFACTURING cleanroom (GMP / sterile injectables aesthetic). Looks like a real pharma fill-finish or sterile manufacturing suite — stainless, HEPA, classified grades, sanitary finishes — not a generic sci-fi biotech set, not a university teaching lab. Environment: fill-finish control room with window into Grade A zone — bay 12. Camera: wide control room looking into Grade A. Lighting: dim control + bright cleanroom contrast. Do not crop to a single object. Show the entire pharmaceutical cleanroom. Product lock for captions/typography only: KPV / BPC-157 / TB-500 / GHK-Cu (P-KLO-001). Optional: one distant labeled 10mL sterile crimp-seal vial on a clean bench — never a macro close-up. SIGNAGE RULE: premium pharmaceutical cleanroom only. No cartoon hazard graphics, no biohazard trefoils, no striped danger tape as decor, no alert-word posters. Neutral room IDs and GMP status panels only.","Captions MUST be only about KPV / BPC-157 / TB-500 / GHK-Cu (P-KLO-001) and its catalog listing.","Active","281",""
"LAB-190","vial_10ml_scene","Pharma lab + 10mL vial 190","WFI utility corridor with polished sanitary piping and valve clusters — bay 11","wide utility corridor perspective","cool reflective pharmaceutical utility light","10mL sterile crimp-seal injectable vial mid-ground in pharmaceutical cleanroom; never twist/screw cap; not extreme macro","10mL sterile injectable-style glass vial with rubber stopper and aluminum crimp seal (NOT screw-cap, NOT black twist cap)","V-MOT-001","MOTS-C","https://www.palmbeach-vitality.store/products/mots-c-10mg-5ml-vial","FULL PHARMA LAB + 10mL STERILE VIAL SCENE. Photoreal PHARMACEUTICAL MANUFACTURING cleanroom (GMP / sterile injectables aesthetic). Looks like a real pharma fill-finish or sterile manufacturing suite — stainless, HEPA, classified grades, sanitary finishes — not a generic sci-fi biotech set, not a university teaching lab. Environment: WFI utility corridor with polished sanitary piping and valve clusters — bay 11. Camera: wide utility corridor perspective. Lighting: cool reflective pharmaceutical utility light. Show the full pharmaceutical cleanroom; place one 10mL sterile injectable-style glass vial (rubber stopper + aluminum crimp seal only; NEVER black twist/screw cap) mid-ground on a clean bench. Not a close-up. Product lock: MOTS-C (V-MOT-001). SIGNAGE RULE: premium pharmaceutical cleanroom only. No cartoon hazard graphics, no biohazard trefoils, no striped danger tape as decor, no alert-word posters. Neutral room IDs and GMP status panels only.","Captions MUST be only about MOTS-C (V-MOT-001) and its catalog listing.","Active","282",""
"LAB-291","pen_3ml_scene","Pharma lab + 3mL pen 291","media-fill / aseptic process simulation suite with isolator ports — bay 14","wide media-fill suite","high-key Grade A aesthetic lighting","LOCKED PBV slightly elongated 3mL research pen (gray body, clear left cap, crimson red ring + ribbed dial, white DNA-helix label) mid-ground in pharmaceutical cleanroom; not extreme macro; not spa/lifestyle backdrop","LOCKED PBV research pen hardware (exact every time; slightly elongated longer 3mL barrel): light gray/off-white matte elongated barrel; clear transparent plastic tip-cap on left; bright crimson red accent ring mid-barrel; white wrap-around label with red stylized DNA double-helix graphic on the left of the label; compound name in large red sans-serif on the label with smaller secondary line like '8mg 3ml pen' or '3ml pen'; bright crimson red textured/ribbed dial on the right end. Color family: standard peptide — RED accents (not GLP blue). Same longer silhouette/proportions as Palm Beach Vitality research pen template — ONLY the label text changes per compound. Never invent a different pen shape, dial, or wrong accent color.","P-NAD-001","NAD+","https://www.palmbeach-vitality.store/products/nad-pen-500mg","FULL PHARMA LAB + LOCKED PBV 3mL RESEARCH PEN SCENE. Photoreal PHARMACEUTICAL MANUFACTURING cleanroom (GMP / sterile injectables aesthetic). Looks like a real pharma fill-finish or sterile manufacturing suite — stainless, HEPA, classified grades, sanitary finishes — not a generic sci-fi biotech set, not a university teaching lab, NOT a spa/bathroom/lifestyle marble set. Environment: media-fill / aseptic process simulation suite with isolator ports — bay 14. Camera: wide media-fill suite. Lighting: high-key Grade A aesthetic lighting. Show the full pharmaceutical cleanroom; place ONE locked PBV research pen mid-ground on a clean bench. Not a close-up. PEN HARDWARE LOCK (must match exactly): slightly elongated longer light gray/off-white matte 3mL barrel; clear transparent left tip-cap; bright crimson red mid accent ring; white wrap label with red DNA helix graphic; label text 'NAD+' in large red type plus a smaller '3ml pen' secondary line; bright crimson red ribbed dial on right. ACCENT COLOR LOCK: RED for this peptide (NOT blue). Blue is reserved for Semaglutide, Tirzepatide, and Retatrutide only. Same longer hardware as Palm Beach Vitality research pen template — only label name changes. Product lock: NAD+ (P-NAD-001). SIGNAGE RULE: premium pharmaceutical cleanroom only. No cartoon hazard graphics, no biohazard trefoils, no striped danger tape as decor, no alert-word posters. Neutral room IDs and GMP status panels only.","Captions MUST be only about NAD+ (P-NAD-001) and its catalog listing.","Active","283",""
"LAB-083","lab_scene","Pharma cleanroom 083","sterile filtration skid room with 0.2 micron filter trains and pressure gauges — bay 4","wide architectural shot of filtration skids","cool clinical stainless lighting","no product close-up; full pharmaceutical cleanroom; compound via typography / optional distant labeled sterile vial","","P-PT1-001","PT-141","https://www.palmbeach-vitality.store/products/pt-141-pen","FULL PHARMA LAB SCENE (wide). Photoreal PHARMACEUTICAL MANUFACTURING cleanroom (GMP / sterile injectables aesthetic). Looks like a real pharma fill-finish or sterile manufacturing suite — stainless, HEPA, classified grades, sanitary finishes — not a generic sci-fi biotech set, not a university teaching lab. Environment: sterile filtration skid room with 0.2 micron filter trains and pressure gauges — bay 4. Camera: wide architectural shot of filtration skids. Lighting: cool clinical stainless lighting. Do not crop to a single object. Show the entire pharmaceutical cleanroom. Product lock for captions/typography only: PT-141 (P-PT1-001). Optional: one distant labeled 10mL sterile crimp-seal vial on a clean bench — never a macro close-up. SIGNAGE RULE: premium pharmaceutical cleanroom only. No cartoon hazard graphics, no biohazard trefoils, no striped danger tape as decor, no alert-word posters. Neutral room IDs and GMP status panels only.","Captions MUST be only about PT-141 (P-PT1-001) and its catalog listing.","Active","284",""
"LAB-193","vial_10ml_scene","Pharma lab + 10mL vial 193","visual particulate inspection line for filled injectable vials — bay 17","wide inspection line establishing","high-contrast black/white booth lighting","10mL sterile crimp-seal injectable vial mid-ground in pharmaceutical cleanroom; never twist/screw cap; not extreme macro","10mL sterile injectable-style glass vial with rubber stopper and aluminum crimp seal (NOT screw-cap, NOT black twist cap)","V-SEL-001","Selank","https://www.palmbeach-vitality.store/products/selank","FULL PHARMA LAB + 10mL STERILE VIAL SCENE. Photoreal PHARMACEUTICAL MANUFACTURING cleanroom (GMP / sterile injectables aesthetic). Looks like a real pharma fill-finish or sterile manufacturing suite — stainless, HEPA, classified grades, sanitary finishes — not a generic sci-fi biotech set, not a university teaching lab. Environment: visual particulate inspection line for filled injectable vials — bay 17. Camera: wide inspection line establishing. Lighting: high-contrast black/white booth lighting. Show the full pharmaceutical cleanroom; place one 10mL sterile injectable-style glass vial (rubber stopper + aluminum crimp seal only; NEVER black twist/screw cap) mid-ground on a clean bench. Not a close-up. Product lock: Selank (V-SEL-001). SIGNAGE RULE: premium pharmaceutical cleanroom only. No cartoon hazard graphics, no biohazard trefoils, no striped danger tape as decor, no alert-word posters. Neutral room IDs and GMP status panels only.","Captions MUST be only about Selank (V-SEL-001) and its catalog listing.","Active","285",""
"LAB-295","pen_3ml_scene","Pharma lab + 3mL pen 295","finished-goods cold staging for sterile peptide injectables — bay 5","wide staging area with roller racks","cool dock-to-cold-chain lighting","LOCKED PBV slightly elongated 3mL research pen (gray body, clear left cap, crimson red ring + ribbed dial, white DNA-helix label) mid-ground in pharmaceutical cleanroom; not extreme macro; not spa/lifestyle backdrop","LOCKED PBV research pen hardware (exact every time; slightly elongated longer 3mL barrel): light gray/off-white matte elongated barrel; clear transparent plastic tip-cap on left; bright crimson red accent ring mid-barrel; white wrap-around label with red stylized DNA double-helix graphic on the left of the label; compound name in large red sans-serif on the label with smaller secondary line like '8mg 3ml pen' or '3ml pen'; bright crimson red textured/ribbed dial on the right end. Color family: standard peptide — RED accents (not GLP blue). Same longer silhouette/proportions as Palm Beach Vitality research pen template — ONLY the label text changes per compound. Never invent a different pen shape, dial, or wrong accent color.","P-SER-001","Sermorelin","https://www.palmbeach-vitality.store/products/sermorelin-pen","FULL PHARMA LAB + LOCKED PBV 3mL RESEARCH PEN SCENE. Photoreal PHARMACEUTICAL MANUFACTURING cleanroom (GMP / sterile injectables aesthetic). Looks like a real pharma fill-finish or sterile manufacturing suite — stainless, HEPA, classified grades, sanitary finishes — not a generic sci-fi biotech set, not a university teaching lab, NOT a spa/bathroom/lifestyle marble set. Environment: finished-goods cold staging for sterile peptide injectables — bay 5. Camera: wide staging area with roller racks. Lighting: cool dock-to-cold-chain lighting. Show the full pharmaceutical cleanroom; place ONE locked PBV research pen mid-ground on a clean bench. Not a close-up. PEN HARDWARE LOCK (must match exactly): slightly elongated longer light gray/off-white matte 3mL barrel; clear transparent left tip-cap; bright crimson red mid accent ring; white wrap label with red DNA helix graphic; label text 'Sermorelin' in large red type plus a smaller '3ml pen' secondary line; bright crimson red ribbed dial on right. ACCENT COLOR LOCK: RED for this peptide (NOT blue). Blue is reserved for Semaglutide, Tirzepatide, and Retatrutide only. Same longer hardware as Palm Beach Vitality research pen template — only label name changes. Product lock: Sermorelin (P-SER-001). SIGNAGE RULE: premium pharmaceutical cleanroom only. No cartoon hazard graphics, no biohazard trefoils, no striped danger tape as decor, no alert-word posters. Neutral room IDs and GMP status panels only.","Captions MUST be only about Sermorelin (P-SER-001) and its catalog listing.","Active","286",""
"LAB-088","lab_scene","Pharma cleanroom 088","pharmaceutical label control room with verified print-and-apply systems — bay 2","wide label control room","bright office-cleanroom hybrid light","no product close-up; full pharmaceutical cleanroom; compound via typography / optional distant labeled sterile vial","","P-TES-001","Tesamorelin","https://www.palmbeach-vitality.store/products/tesamorelin-30mg-pen","FULL PHARMA LAB SCENE (wide). Photoreal PHARMACEUTICAL MANUFACTURING cleanroom (GMP / sterile injectables aesthetic). Looks like a real pharma fill-finish or sterile manufacturing suite — stainless, HEPA, classified grades, sanitary finishes — not a generic sci-fi biotech set, not a university teaching lab. Environment: pharmaceutical label control room with verified print-and-apply systems — bay 2. Camera: wide label control room. Lighting: bright office-cleanroom hybrid light. Do not crop to a single object. Show the entire pharmaceutical cleanroom. Product lock for captions/typography only: Tesamorelin (P-TES-001). Optional: one distant labeled 10mL sterile crimp-seal vial on a clean bench — never a macro close-up. SIGNAGE RULE: premium pharmaceutical cleanroom only. No cartoon hazard graphics, no biohazard trefoils, no striped danger tape as decor, no alert-word posters. Neutral room IDs and GMP status panels only.","Captions MUST be only about Tesamorelin (P-TES-001) and its catalog listing.","Active","287",""
"LAB-001","lab_scene","Pharma cleanroom 001","depyrogenation tunnel / dry-heat sterilization line anteroom — bay 16","wide anteroom to tunnel line","warm-cool hybrid process lighting","no product close-up; full pharmaceutical cleanroom; compound via typography / optional distant labeled sterile vial","","V-KLO-001","KPV / BPC-157 / TB-500 / GHK-Cu","https://www.palmbeach-vitality.store/products/klow-kpv-bpc-157-tb-500-ghk","FULL PHARMA LAB SCENE (wide). Photoreal PHARMACEUTICAL MANUFACTURING cleanroom (GMP / sterile injectables aesthetic). Looks like a real pharma fill-finish or sterile manufacturing suite — stainless, HEPA, classified grades, sanitary finishes — not a generic sci-fi biotech set, not a university teaching lab. Environment: depyrogenation tunnel / dry-heat sterilization line anteroom — bay 16. Camera: wide anteroom to tunnel line. Lighting: warm-cool hybrid process lighting. Do not crop to a single object. Show the entire pharmaceutical cleanroom. Product lock for captions/typography only: KPV / BPC-157 / TB-500 / GHK-Cu (V-KLO-001). Optional: one distant labeled 10mL sterile crimp-seal vial on a clean bench — never a macro close-up. SIGNAGE RULE: premium pharmaceutical cleanroom only. No cartoon hazard graphics, no biohazard trefoils, no striped danger tape as decor, no alert-word posters. Neutral room IDs and GMP status panels only.","Captions MUST be only about KPV / BPC-157 / TB-500 / GHK-Cu (V-KLO-001) and its catalog listing.","Active","288","2026-07-27"
"LAB-002","lab_scene","Pharma cleanroom 002","sterile emulsion / peptide formulation suite with closed vessels — bay 17","wide formulation suite","soft premium pharmaceutical catalog light","no product close-up; full pharmaceutical cleanroom; compound via typography / optional distant labeled sterile vial","","V-MOT-001","MOTS-C","https://www.palmbeach-vitality.store/products/mots-c-10mg-5ml-vial","FULL PHARMA LAB SCENE (wide). Photoreal PHARMACEUTICAL MANUFACTURING cleanroom (GMP / sterile injectables aesthetic). Looks like a real pharma fill-finish or sterile manufacturing suite — stainless, HEPA, classified grades, sanitary finishes — not a generic sci-fi biotech set, not a university teaching lab. Environment: sterile emulsion / peptide formulation suite with closed vessels — bay 17. Camera: wide formulation suite. Lighting: soft premium pharmaceutical catalog light. Do not crop to a single object. Show the entire pharmaceutical cleanroom. Product lock for captions/typography only: MOTS-C (V-MOT-001). Optional: one distant labeled 10mL sterile crimp-seal vial on a clean bench — never a macro close-up. SIGNAGE RULE: premium pharmaceutical cleanroom only. No cartoon hazard graphics, no biohazard trefoils, no striped danger tape as decor, no alert-word posters. Neutral room IDs and GMP status panels only.","Captions MUST be only about MOTS-C (V-MOT-001) and its catalog listing.","Active","289","2026-07-28"
"LAB-003","lab_scene","Pharma cleanroom 003","clean compressor / clean utility plant room feeding sterile suites — bay 1","wide utility plant room","cool industrial-pharma lighting","no product close-up; full pharmaceutical cleanroom; compound via typography / optional distant labeled sterile vial","","V-NAD-001","NAD+","https://www.palmbeach-vitality.store/products/nad-1","FULL PHARMA LAB SCENE (wide). Photoreal PHARMACEUTICAL MANUFACTURING cleanroom (GMP / sterile injectables aesthetic). Looks like a real pharma fill-finish or sterile manufacturing suite — stainless, HEPA, classified grades, sanitary finishes — not a generic sci-fi biotech set, not a university teaching lab. Environment: clean compressor / clean utility plant room feeding sterile suites — bay 1. Camera: wide utility plant room. Lighting: cool industrial-pharma lighting. Do not crop to a single object. Show the entire pharmaceutical cleanroom. Product lock for captions/typography only: NAD+ (V-NAD-001). Optional: one distant labeled 10mL sterile crimp-seal vial on a clean bench — never a macro close-up. SIGNAGE RULE: premium pharmaceutical cleanroom only. No cartoon hazard graphics, no biohazard trefoils, no striped danger tape as decor, no alert-word posters. Neutral room IDs and GMP status panels only.","Captions MUST be only about NAD+ (V-NAD-001) and its catalog listing.","Active","290","2026-07-29"
"LAB-004","lab_scene","Pharma cleanroom 004","ISO classified material airlock with roller racks and status lights — bay 2","wide material airlock","cool sterile cyan with soft wash","no product close-up; full pharmaceutical cleanroom; compound via typography / optional distant labeled sterile vial","","V-PT1-001","PT-141","https://www.palmbeach-vitality.store/products/pt-141","FULL PHARMA LAB SCENE (wide). Photoreal PHARMACEUTICAL MANUFACTURING cleanroom (GMP / sterile injectables aesthetic). Looks like a real pharma fill-finish or sterile manufacturing suite — stainless, HEPA, classified grades, sanitary finishes — not a generic sci-fi biotech set, not a university teaching lab. Environment: ISO classified material airlock with roller racks and status lights — bay 2. Camera: wide material airlock. Lighting: cool sterile cyan with soft wash. Do not crop to a single object. Show the entire pharmaceutical cleanroom. Product lock for captions/typography only: PT-141 (V-PT1-001). Optional: one distant labeled 10mL sterile crimp-seal vial on a clean bench — never a macro close-up. SIGNAGE RULE: premium pharmaceutical cleanroom only. No cartoon hazard graphics, no biohazard trefoils, no striped danger tape as decor, no alert-word posters. Neutral room IDs and GMP status panels only.","Captions MUST be only about PT-141 (V-PT1-001) and its catalog listing.","Active","291","2026-07-30"
"LAB-005","lab_scene","Pharma cleanroom 005","pharmaceutical cleanroom with flush LED ceiling and conductive flooring — bay 3","architectural wide of cleanroom volume","even high-key HEPA-bay lighting","no product close-up; full pharmaceutical cleanroom; compound via typography / optional distant labeled sterile vial","","V-SEL-001","Selank","https://www.palmbeach-vitality.store/products/selank","FULL PHARMA LAB SCENE (wide). Photoreal PHARMACEUTICAL MANUFACTURING cleanroom (GMP / sterile injectables aesthetic). Looks like a real pharma fill-finish or sterile manufacturing suite — stainless, HEPA, classified grades, sanitary finishes — not a generic sci-fi biotech set, not a university teaching lab. Environment: pharmaceutical cleanroom with flush LED ceiling and conductive flooring — bay 3. Camera: architectural wide of cleanroom volume. Lighting: even high-key HEPA-bay lighting. Do not crop to a single object. Show the entire pharmaceutical cleanroom. Product lock for captions/typography only: Selank (V-SEL-001). Optional: one distant labeled 10mL sterile crimp-seal vial on a clean bench — never a macro close-up. SIGNAGE RULE: premium pharmaceutical cleanroom only. No cartoon hazard graphics, no biohazard trefoils, no striped danger tape as decor, no alert-word posters. Neutral room IDs and GMP status panels only.","Captions MUST be only about Selank (V-SEL-001) and its catalog listing.","Active","292","2026-07-31"
"LAB-006","lab_scene","Pharma cleanroom 006","aseptic compounding isolator farm for sterile injectables — bay 4","wide isolator farm","cool contained Grade A lighting","no product close-up; full pharmaceutical cleanroom; compound via typography / optional distant labeled sterile vial","","V-SER-001","Sermorelin","https://www.palmbeach-vitality.store/products/sermorelin","FULL PHARMA LAB SCENE (wide). Photoreal PHARMACEUTICAL MANUFACTURING cleanroom (GMP / sterile injectables aesthetic). Looks like a real pharma fill-finish or sterile manufacturing suite — stainless, HEPA, classified grades, sanitary finishes — not a generic sci-fi biotech set, not a university teaching lab. Environment: aseptic compounding isolator farm for sterile injectables — bay 4. Camera: wide isolator farm. Lighting: cool contained Grade A lighting. Do not crop to a single object. Show the entire pharmaceutical cleanroom. Product lock for captions/typography only: Sermorelin (V-SER-001). Optional: one distant labeled 10mL sterile crimp-seal vial on a clean bench — never a macro close-up. SIGNAGE RULE: premium pharmaceutical cleanroom only. No cartoon hazard graphics, no biohazard trefoils, no striped danger tape as decor, no alert-word posters. Neutral room IDs and GMP status panels only.","Captions MUST be only about Sermorelin (V-SER-001) and its catalog listing.","Active","293","2026-08-01"
"LAB-007","lab_scene","Pharma cleanroom 007","vial washing and depyrogenation prep hall — bay 5","wide prep hall","bright sterile process lighting","no product close-up; full pharmaceutical cleanroom; compound via typography / optional distant labeled sterile vial","","V-SS3-001","SS-31","https://www.palmbeach-vitality.store/products/ss-31","FULL PHARMA LAB SCENE (wide). Photoreal PHARMACEUTICAL MANUFACTURING cleanroom (GMP / sterile injectables aesthetic). Looks like a real pharma fill-finish or sterile manufacturing suite — stainless, HEPA, classified grades, sanitary finishes — not a generic sci-fi biotech set, not a university teaching lab. Environment: vial washing and depyrogenation prep hall — bay 5. Camera: wide prep hall. Lighting: bright sterile process lighting. Do not crop to a single object. Show the entire pharmaceutical cleanroom. Product lock for captions/typography only: SS-31 (V-SS3-001). Optional: one distant labeled 10mL sterile crimp-seal vial on a clean bench — never a macro close-up. SIGNAGE RULE: premium pharmaceutical cleanroom only. No cartoon hazard graphics, no biohazard trefoils, no striped danger tape as decor, no alert-word posters. Neutral room IDs and GMP status panels only.","Captions MUST be only about SS-31 (V-SS3-001) and its catalog listing.","Active","294","2026-08-02"
"LAB-008","lab_scene","Pharma cleanroom 008","secondary packaging clean cell with cartoners for cold-chain SKUs — bay 6","elevated packaging cell","bright neutral softboxes","no product close-up; full pharmaceutical cleanroom; compound via typography / optional distant labeled sterile vial","","V-TB5-001","TB-500","https://www.palmbeach-vitality.store/products/tb-500","FULL PHARMA LAB SCENE (wide). Photoreal PHARMACEUTICAL MANUFACTURING cleanroom (GMP / sterile injectables aesthetic). Looks like a real pharma fill-finish or sterile manufacturing suite — stainless, HEPA, classified grades, sanitary finishes — not a generic sci-fi biotech set, not a university teaching lab. Environment: secondary packaging clean cell with cartoners for cold-chain SKUs — bay 6. Camera: elevated packaging cell. Lighting: bright neutral softboxes. Do not crop to a single object. Show the entire pharmaceutical cleanroom. Product lock for captions/typography only: TB-500 (V-TB5-001). Optional: one distant labeled 10mL sterile crimp-seal vial on a clean bench — never a macro close-up. SIGNAGE RULE: premium pharmaceutical cleanroom only. No cartoon hazard graphics, no biohazard trefoils, no striped danger tape as decor, no alert-word posters. Neutral room IDs and GMP status panels only.","Captions MUST be only about TB-500 (V-TB5-001) and its catalog listing.","Active","295","2026-08-03"
"LAB-009","lab_scene","Pharma cleanroom 009","QC wet chemistry bench room for pharmaceutical assay support — bay 7","wide wet-chem room","clean clinical bench lighting","no product close-up; full pharmaceutical cleanroom; compound via typography / optional distant labeled sterile vial","","V-TES-001","Tesamorelin","https://www.palmbeach-vitality.store/products/tesamorelin","FULL PHARMA LAB SCENE (wide). Photoreal PHARMACEUTICAL MANUFACTURING cleanroom (GMP / sterile injectables aesthetic). Looks like a real pharma fill-finish or sterile manufacturing suite — stainless, HEPA, classified grades, sanitary finishes — not a generic sci-fi biotech set, not a university teaching lab. Environment: QC wet chemistry bench room for pharmaceutical assay support — bay 7. Camera: wide wet-chem room. Lighting: clean clinical bench lighting. Do not crop to a single object. Show the entire pharmaceutical cleanroom. Product lock for captions/typography only: Tesamorelin (V-TES-001). Optional: one distant labeled 10mL sterile crimp-seal vial on a clean bench — never a macro close-up. SIGNAGE RULE: premium pharmaceutical cleanroom only. No cartoon hazard graphics, no biohazard trefoils, no striped danger tape as decor, no alert-word posters. Neutral room IDs and GMP status panels only.","Captions MUST be only about Tesamorelin (V-TES-001) and its catalog listing.","Active","296","2026-08-04"
"LAB-010","lab_scene","Pharma cleanroom 010","sterile gowning cubicle bank with HEPA cascade — bay 8","wide cubicle bank","high-key cascade cleanroom light","no product close-up; full pharmaceutical cleanroom; compound via typography / optional distant labeled sterile vial","","V-BPC-001","BPC-157","https://www.palmbeach-vitality.store/products/bpc-157","FULL PHARMA LAB SCENE (wide). Photoreal PHARMACEUTICAL MANUFACTURING cleanroom (GMP / sterile injectables aesthetic). Looks like a real pharma fill-finish or sterile manufacturing suite — stainless, HEPA, classified grades, sanitary finishes — not a generic sci-fi biotech set, not a university teaching lab. Environment: sterile gowning cubicle bank with HEPA cascade — bay 8. Camera: wide cubicle bank. Lighting: high-key cascade cleanroom light. Do not crop to a single object. Show the entire pharmaceutical cleanroom. Product lock for captions/typography only: BPC-157 (V-BPC-001). Optional: one distant labeled 10mL sterile crimp-seal vial on a clean bench — never a macro close-up. SIGNAGE RULE: premium pharmaceutical cleanroom only. No cartoon hazard graphics, no biohazard trefoils, no striped danger tape as decor, no alert-word posters. Neutral room IDs and GMP status panels only.","Captions MUST be only about BPC-157 (V-BPC-001) and its catalog listing.","Active","297","2026-08-05"
"LAB-011","lab_scene","Pharma cleanroom 011","validated freezer farm for pharmaceutical drug substance storage — bay 9","wide freezer farm aisle","cold blue storage lighting","no product close-up; full pharmaceutical cleanroom; compound via typography / optional distant labeled sterile vial","","V-WOL-001","BPC-157 / TB-500","https://www.palmbeach-vitality.store/products/wolverine-stack","FULL PHARMA LAB SCENE (wide). Photoreal PHARMACEUTICAL MANUFACTURING cleanroom (GMP / sterile injectables aesthetic). Looks like a real pharma fill-finish or sterile manufacturing suite — stainless, HEPA, classified grades, sanitary finishes — not a generic sci-fi biotech set, not a university teaching lab. Environment: validated freezer farm for pharmaceutical drug substance storage — bay 9. Camera: wide freezer farm aisle. Lighting: cold blue storage lighting. Do not crop to a single object. Show the entire pharmaceutical cleanroom. Product lock for captions/typography only: BPC-157 / TB-500 (V-WOL-001). Optional: one distant labeled 10mL sterile crimp-seal vial on a clean bench — never a macro close-up. SIGNAGE RULE: premium pharmaceutical cleanroom only. No cartoon hazard graphics, no biohazard trefoils, no striped danger tape as decor, no alert-word posters. Neutral room IDs and GMP status panels only.","Captions MUST be only about BPC-157 / TB-500 (V-WOL-001) and its catalog listing.","Active","298","2026-08-06"
"LAB-012","lab_scene","Pharma cleanroom 012","fill-finish control room with window into Grade A zone — bay 10","wide control room looking into Grade A","dim control + bright cleanroom contrast","no product close-up; full pharmaceutical cleanroom; compound via typography / optional distant labeled sterile vial","","V-CAG-001","Cagrilinitide","https://www.palmbeach-vitality.store/products/cargrilinitide","FULL PHARMA LAB SCENE (wide). Photoreal PHARMACEUTICAL MANUFACTURING cleanroom (GMP / sterile injectables aesthetic). Looks like a real pharma fill-finish or sterile manufacturing suite — stainless, HEPA, classified grades, sanitary finishes — not a generic sci-fi biotech set, not a university teaching lab. Environment: fill-finish control room with window into Grade A zone — bay 10. Camera: wide control room looking into Grade A. Lighting: dim control + bright cleanroom contrast. Do not crop to a single object. Show the entire pharmaceutical cleanroom. Product lock for captions/typography only: Cagrilinitide (V-CAG-001). Optional: one distant labeled 10mL sterile crimp-seal vial on a clean bench — never a macro close-up. SIGNAGE RULE: premium pharmaceutical cleanroom only. No cartoon hazard graphics, no biohazard trefoils, no striped danger tape as decor, no alert-word posters. Neutral room IDs and GMP status panels only.","Captions MUST be only about Cagrilinitide (V-CAG-001) and its catalog listing.","Active","299","2026-08-07"
"LAB-013","lab_scene","Pharma cleanroom 013","sanitary cleanroom return corridor with flush doors and vision panels — bay 11","wide return corridor","cool even sterile wash","no product close-up; full pharmaceutical cleanroom; compound via typography / optional distant labeled sterile vial","","V-CJC-001","CJC (no DAC)","https://www.palmbeach-vitality.store/products/cjc","FULL PHARMA LAB SCENE (wide). Photoreal PHARMACEUTICAL MANUFACTURING cleanroom (GMP / sterile injectables aesthetic). Looks like a real pharma fill-finish or sterile manufacturing suite — stainless, HEPA, classified grades, sanitary finishes — not a generic sci-fi biotech set, not a university teaching lab. Environment: sanitary cleanroom return corridor with flush doors and vision panels — bay 11. Camera: wide return corridor. Lighting: cool even sterile wash. Do not crop to a single object. Show the entire pharmaceutical cleanroom. Product lock for captions/typography only: CJC (no DAC) (V-CJC-001). Optional: one distant labeled 10mL sterile crimp-seal vial on a clean bench — never a macro close-up. SIGNAGE RULE: premium pharmaceutical cleanroom only. No cartoon hazard graphics, no biohazard trefoils, no striped danger tape as decor, no alert-word posters. Neutral room IDs and GMP status panels only.","Captions MUST be only about CJC (no DAC) (V-CJC-001) and its catalog listing.","Active","300","2026-08-08"
