scene_id,workflow,aspect,scene_category,scene_name,lab_environment,camera,lighting,product_hero,product_form_detail,compound_id,compound_name,canonical_url,scene_brief,caption_lock,status,rotation_order,last_used_date
LS-LAB-001,vid_gen_landscape_scenes,16:9,lab_scene,LAB landscape 001 — KPV / BPC-157 / TB-500 / GHK-Cu,wide sterile ISO cleanroom with HEPA ceiling grid and clean floor lane markings,"16:9 landscape establishing shot, 24mm equivalent, deep focus",cool cyan-blue biotech rim with soft overhead panels,no product close-up; full 16:9 laboratory landscape; compound identity via typography; optional distant labeled 10mL sterile crimp-seal vial — never macro,,V-KLO-001,KPV / BPC-157 / TB-500 / GHK-Cu,https://www.palmbeach-vitality.store/products/klow-kpv-bpc-157-tb-500-ghk,"LANDSCAPE FULL LAB SCENE (16:9 wide). Environment: wide sterile ISO cleanroom with HEPA ceiling grid and clean floor lane markings. Camera: 16:9 landscape establishing shot, 24mm equivalent, deep focus. Lighting: cool cyan-blue biotech rim with soft overhead panels. Show the entire research space. Product lock for captions/typography: KPV / BPC-157 / TB-500 / GHK-Cu (V-KLO-001). Variant cycle 1. Never crop to a single object. SIGNAGE RULE: premium clean research lab only. No safety placards, no industrial alert graphics, no trefoil icons, no striped floor tape, no danger banners. Do not print alert words on walls, floors, labels, or posters. Only neutral room names and product typography.",Captions MUST be only about KPV / BPC-157 / TB-500 / GHK-Cu (V-KLO-001) and https://www.palmbeach-vitality.store/products/klow-kpv-bpc-157-tb-500-ghk.,Active,1,
LS-LAB-002,vid_gen_landscape_scenes,16:9,lab_scene,LAB landscape 002 — MOTS-C,multi-bay peptide synthesis suite with tall glass reactors in deep perspective,16:9 elevated three-quarter wide shot of the entire bay,warm-neutral catalog softboxes with clean speculars,no product close-up; full 16:9 laboratory landscape; compound identity via typography; optional distant labeled 10mL sterile crimp-seal vial — never macro,,V-MOT-001,MOTS-C,https://www.palmbeach-vitality.store/products/mots-c-10mg-5ml-vial,"LANDSCAPE FULL LAB SCENE (16:9 wide). Environment: multi-bay peptide synthesis suite with tall glass reactors in deep perspective. Camera: 16:9 elevated three-quarter wide shot of the entire bay. Lighting: warm-neutral catalog softboxes with clean speculars. Show the entire research space. Product lock for captions/typography: MOTS-C (V-MOT-001). Variant cycle 1. Never crop to a single object. SIGNAGE RULE: premium clean research lab only. No safety placards, no industrial alert graphics, no trefoil icons, no striped floor tape, no danger banners. Do not print alert words on walls, floors, labels, or posters. Only neutral room names and product typography.",Captions MUST be only about MOTS-C (V-MOT-001) and https://www.palmbeach-vitality.store/products/mots-c-10mg-5ml-vial.,Active,2,
LS-LAB-003,vid_gen_landscape_scenes,16:9,lab_scene,LAB landscape 003 — NAD+,analytical chemistry corridor lined with HPLC and LC-MS instrument banks,16:9 dolly-style hallway perspective into the lab,"high-key sterile white lighting, minimal shadows",no product close-up; full 16:9 laboratory landscape; compound identity via typography; optional distant labeled 10mL sterile crimp-seal vial — never macro,,V-NAD-001,NAD+,https://www.palmbeach-vitality.store/products/nad-1,"LANDSCAPE FULL LAB SCENE (16:9 wide). Environment: analytical chemistry corridor lined with HPLC and LC-MS instrument banks. Camera: 16:9 dolly-style hallway perspective into the lab. Lighting: high-key sterile white lighting, minimal shadows. Show the entire research space. Product lock for captions/typography: NAD+ (V-NAD-001). Variant cycle 1. Never crop to a single object. SIGNAGE RULE: premium clean research lab only. No safety placards, no industrial alert graphics, no trefoil icons, no striped floor tape, no danger banners. Do not print alert words on walls, floors, labels, or posters. Only neutral room names and product typography.",Captions MUST be only about NAD+ (V-NAD-001) and https://www.palmbeach-vitality.store/products/nad-1.,Active,3,
LS-LAB-004,vid_gen_landscape_scenes,16:9,lab_scene,LAB landscape 004 — PT-141,cold-chain vault anteroom with stainless freezers and temperature displays,16:9 architectural wide shot showing ceiling utilities and floor plane,low-key dramatic instrument LEDs with controlled haze,no product close-up; full 16:9 laboratory landscape; compound identity via typography; optional distant labeled 10mL sterile crimp-seal vial — never macro,,V-PT1-001,PT-141,https://www.palmbeach-vitality.store/products/pt-141,"LANDSCAPE FULL LAB SCENE (16:9 wide). Environment: cold-chain vault anteroom with stainless freezers and temperature displays. Camera: 16:9 architectural wide shot showing ceiling utilities and floor plane. Lighting: low-key dramatic instrument LEDs with controlled haze. Show the entire research space. Product lock for captions/typography: PT-141 (V-PT1-001). Variant cycle 1. Never crop to a single object. SIGNAGE RULE: premium clean research lab only. No safety placards, no industrial alert graphics, no trefoil icons, no striped floor tape, no danger banners. Do not print alert words on walls, floors, labels, or posters. Only neutral room names and product typography.",Captions MUST be only about PT-141 (V-PT1-001) and https://www.palmbeach-vitality.store/products/pt-141.,Active,4,
LS-LAB-005,vid_gen_landscape_scenes,16:9,lab_scene,LAB landscape 005 — Selank,formulation suite with laminar flow hoods across a long laboratory hall,16:9 medium-wide environmental shot with product as small mid-ground element,daylight through clerestory windows plus soft fill,no product close-up; full 16:9 laboratory landscape; compound identity via typography; optional distant labeled 10mL sterile crimp-seal vial — never macro,,V-SEL-001,Selank,https://www.palmbeach-vitality.store/products/selank,"LANDSCAPE FULL LAB SCENE (16:9 wide). Environment: formulation suite with laminar flow hoods across a long laboratory hall. Camera: 16:9 medium-wide environmental shot with product as small mid-ground element. Lighting: daylight through clerestory windows plus soft fill. Show the entire research space. Product lock for captions/typography: Selank (V-SEL-001). Variant cycle 1. Never crop to a single object. SIGNAGE RULE: premium clean research lab only. No safety placards, no industrial alert graphics, no trefoil icons, no striped floor tape, no danger banners. Do not print alert words on walls, floors, labels, or posters. Only neutral room names and product typography.",Captions MUST be only about Selank (V-SEL-001) and https://www.palmbeach-vitality.store/products/selank.,Active,5,
LS-LAB-006,vid_gen_landscape_scenes,16:9,lab_scene,LAB landscape 006 — Sermorelin,"quality-control lab with assay benches, vial racks, and soft instrument glow","16:9 landscape establishing shot, 24mm equivalent, deep focus",cool cyan-blue biotech rim with soft overhead panels,no product close-up; full 16:9 laboratory landscape; compound identity via typography; optional distant labeled 10mL sterile crimp-seal vial — never macro,,V-SER-001,Sermorelin,https://www.palmbeach-vitality.store/products/sermorelin,"LANDSCAPE FULL LAB SCENE (16:9 wide). Environment: quality-control lab with assay benches, vial racks, and soft instrument glow. Camera: 16:9 landscape establishing shot, 24mm equivalent, deep focus. Lighting: cool cyan-blue biotech rim with soft overhead panels. Show the entire research space. Product lock for captions/typography: Sermorelin (V-SER-001). Variant cycle 1. Never crop to a single object. SIGNAGE RULE: premium clean research lab only. No safety placards, no industrial alert graphics, no trefoil icons, no striped floor tape, no danger banners. Do not print alert words on walls, floors, labels, or posters. Only neutral room names and product typography.",Captions MUST be only about Sermorelin (V-SER-001) and https://www.palmbeach-vitality.store/products/sermorelin.,Active,6,
LS-LAB-007,vid_gen_landscape_scenes,16:9,lab_scene,LAB landscape 007 — SS-31,prototype engineering bay with peptide synthesizer chassis and cable trays,16:9 elevated three-quarter wide shot of the entire bay,warm-neutral catalog softboxes with clean speculars,no product close-up; full 16:9 laboratory landscape; compound identity via typography; optional distant labeled 10mL sterile crimp-seal vial — never macro,,V-SS3-001,SS-31,https://www.palmbeach-vitality.store/products/ss-31,"LANDSCAPE FULL LAB SCENE (16:9 wide). Environment: prototype engineering bay with peptide synthesizer chassis and cable trays. Camera: 16:9 elevated three-quarter wide shot of the entire bay. Lighting: warm-neutral catalog softboxes with clean speculars. Show the entire research space. Product lock for captions/typography: SS-31 (V-SS3-001). Variant cycle 1. Never crop to a single object. SIGNAGE RULE: premium clean research lab only. No safety placards, no industrial alert graphics, no trefoil icons, no striped floor tape, no danger banners. Do not print alert words on walls, floors, labels, or posters. Only neutral room names and product typography.",Captions MUST be only about SS-31 (V-SS3-001) and https://www.palmbeach-vitality.store/products/ss-31.,Active,7,
LS-LAB-008,vid_gen_landscape_scenes,16:9,lab_scene,LAB landscape 008 — TB-500,futuristic biotech floor with cool cyan LED path lighting and glass partitions,16:9 dolly-style hallway perspective into the lab,"high-key sterile white lighting, minimal shadows",no product close-up; full 16:9 laboratory landscape; compound identity via typography; optional distant labeled 10mL sterile crimp-seal vial — never macro,,V-TB5-001,TB-500,https://www.palmbeach-vitality.store/products/tb-500,"LANDSCAPE FULL LAB SCENE (16:9 wide). Environment: futuristic biotech floor with cool cyan LED path lighting and glass partitions. Camera: 16:9 dolly-style hallway perspective into the lab. Lighting: high-key sterile white lighting, minimal shadows. Show the entire research space. Product lock for captions/typography: TB-500 (V-TB5-001). Variant cycle 1. Never crop to a single object. SIGNAGE RULE: premium clean research lab only. No safety placards, no industrial alert graphics, no trefoil icons, no striped floor tape, no danger banners. Do not print alert words on walls, floors, labels, or posters. Only neutral room names and product typography.",Captions MUST be only about TB-500 (V-TB5-001) and https://www.palmbeach-vitality.store/products/tb-500.,Active,8,
LS-LAB-009,vid_gen_landscape_scenes,16:9,lab_scene,LAB landscape 009 — Tesamorelin,glass-walled observation gallery overlooking a synthesis cleanroom,16:9 architectural wide shot showing ceiling utilities and floor plane,low-key dramatic instrument LEDs with controlled haze,no product close-up; full 16:9 laboratory landscape; compound identity via typography; optional distant labeled 10mL sterile crimp-seal vial — never macro,,V-TES-001,Tesamorelin,https://www.palmbeach-vitality.store/products/tesamorelin,"LANDSCAPE FULL LAB SCENE (16:9 wide). Environment: glass-walled observation gallery overlooking a synthesis cleanroom. Camera: 16:9 architectural wide shot showing ceiling utilities and floor plane. Lighting: low-key dramatic instrument LEDs with controlled haze. Show the entire research space. Product lock for captions/typography: Tesamorelin (V-TES-001). Variant cycle 1. Never crop to a single object. SIGNAGE RULE: premium clean research lab only. No safety placards, no industrial alert graphics, no trefoil icons, no striped floor tape, no danger banners. Do not print alert words on walls, floors, labels, or posters. Only neutral room names and product typography.",Captions MUST be only about Tesamorelin (V-TES-001) and https://www.palmbeach-vitality.store/products/tesamorelin.,Active,9,
LS-LAB-010,vid_gen_landscape_scenes,16:9,lab_scene,LAB landscape 010 — BPC-157,central lab atrium with mezzanine instruments and hanging utility drops,16:9 medium-wide environmental shot with product as small mid-ground element,daylight through clerestory windows plus soft fill,no product close-up; full 16:9 laboratory landscape; compound identity via typography; optional distant labeled 10mL sterile crimp-seal vial — never macro,,V-BPC-001,BPC-157,https://www.palmbeach-vitality.store/products/bpc-157,"LANDSCAPE FULL LAB SCENE (16:9 wide). Environment: central lab atrium with mezzanine instruments and hanging utility drops. Camera: 16:9 medium-wide environmental shot with product as small mid-ground element. Lighting: daylight through clerestory windows plus soft fill. Show the entire research space. Product lock for captions/typography: BPC-157 (V-BPC-001). Variant cycle 1. Never crop to a single object. SIGNAGE RULE: premium clean research lab only. No safety placards, no industrial alert graphics, no trefoil icons, no striped floor tape, no danger banners. Do not print alert words on walls, floors, labels, or posters. Only neutral room names and product typography.",Captions MUST be only about BPC-157 (V-BPC-001) and https://www.palmbeach-vitality.store/products/bpc-157.,Active,10,
LS-LAB-011,vid_gen_landscape_scenes,16:9,lab_scene,LAB landscape 011 — BPC-157 / TB-500,chromatography alley with tall columns and solvent cabinets in recession,"16:9 landscape establishing shot, 24mm equivalent, deep focus",cool cyan-blue biotech rim with soft overhead panels,no product close-up; full 16:9 laboratory landscape; compound identity via typography; optional distant labeled 10mL sterile crimp-seal vial — never macro,,V-WOL-001,BPC-157 / TB-500,https://www.palmbeach-vitality.store/products/wolverine-stack,"LANDSCAPE FULL LAB SCENE (16:9 wide). Environment: chromatography alley with tall columns and solvent cabinets in recession. Camera: 16:9 landscape establishing shot, 24mm equivalent, deep focus. Lighting: cool cyan-blue biotech rim with soft overhead panels. Show the entire research space. Product lock for captions/typography: BPC-157 / TB-500 (V-WOL-001). Variant cycle 1. Never crop to a single object. SIGNAGE RULE: premium clean research lab only. No safety placards, no industrial alert graphics, no trefoil icons, no striped floor tape, no danger banners. Do not print alert words on walls, floors, labels, or posters. Only neutral room names and product typography.",Captions MUST be only about BPC-157 / TB-500 (V-WOL-001) and https://www.palmbeach-vitality.store/products/wolverine-stack.,Active,11,
LS-LAB-012,vid_gen_landscape_scenes,16:9,lab_scene,LAB landscape 012 — Cagrilinitide,sample-prep wing with stainless benches and organized glassware walls,16:9 elevated three-quarter wide shot of the entire bay,warm-neutral catalog softboxes with clean speculars,no product close-up; full 16:9 laboratory landscape; compound identity via typography; optional distant labeled 10mL sterile crimp-seal vial — never macro,,V-CAG-001,Cagrilinitide,https://www.palmbeach-vitality.store/products/cargrilinitide,"LANDSCAPE FULL LAB SCENE (16:9 wide). Environment: sample-prep wing with stainless benches and organized glassware walls. Camera: 16:9 elevated three-quarter wide shot of the entire bay. Lighting: warm-neutral catalog softboxes with clean speculars. Show the entire research space. Product lock for captions/typography: Cagrilinitide (V-CAG-001). Variant cycle 1. Never crop to a single object. SIGNAGE RULE: premium clean research lab only. No safety placards, no industrial alert graphics, no trefoil icons, no striped floor tape, no danger banners. Do not print alert words on walls, floors, labels, or posters. Only neutral room names and product typography.",Captions MUST be only about Cagrilinitide (V-CAG-001) and https://www.palmbeach-vitality.store/products/cargrilinitide.,Active,12,
LS-LAB-013,vid_gen_landscape_scenes,16:9,lab_scene,LAB landscape 013 — CJC (no DAC),stability testing room with climate chambers in repeating landscape rows,16:9 dolly-style hallway perspective into the lab,"high-key sterile white lighting, minimal shadows",no product close-up; full 16:9 laboratory landscape; compound identity via typography; optional distant labeled 10mL sterile crimp-seal vial — never macro,,V-CJC-001,CJC (no DAC),https://www.palmbeach-vitality.store/products/cjc,"LANDSCAPE FULL LAB SCENE (16:9 wide). Environment: stability testing room with climate chambers in repeating landscape rows. Camera: 16:9 dolly-style hallway perspective into the lab. Lighting: high-key sterile white lighting, minimal shadows. Show the entire research space. Product lock for captions/typography: CJC (no DAC) (V-CJC-001). Variant cycle 1. Never crop to a single object. SIGNAGE RULE: premium clean research lab only. No safety placards, no industrial alert graphics, no trefoil icons, no striped floor tape, no danger banners. Do not print alert words on walls, floors, labels, or posters. Only neutral room names and product typography.",Captions MUST be only about CJC (no DAC) (V-CJC-001) and https://www.palmbeach-vitality.store/products/cjc.,Active,13,
LS-LAB-014,vid_gen_landscape_scenes,16:9,lab_scene,LAB landscape 014 — CJC (no DAC)/Ipamorelin,receiving quarantine lab with labeled totes and barcode stations,16:9 architectural wide shot showing ceiling utilities and floor plane,low-key dramatic instrument LEDs with controlled haze,no product close-up; full 16:9 laboratory landscape; compound identity via typography; optional distant labeled 10mL sterile crimp-seal vial — never macro,,V-CII-001,CJC (no DAC)/Ipamorelin,https://www.palmbeach-vitality.store/products/cjc-ipamorelin,"LANDSCAPE FULL LAB SCENE (16:9 wide). Environment: receiving quarantine lab with labeled totes and barcode stations. Camera: 16:9 architectural wide shot showing ceiling utilities and floor plane. Lighting: low-key dramatic instrument LEDs with controlled haze. Show the entire research space. Product lock for captions/typography: CJC (no DAC)/Ipamorelin (V-CII-001). Variant cycle 1. Never crop to a single object. SIGNAGE RULE: premium clean research lab only. No safety placards, no industrial alert graphics, no trefoil icons, no striped floor tape, no danger banners. Do not print alert words on walls, floors, labels, or posters. Only neutral room names and product typography.",Captions MUST be only about CJC (no DAC)/Ipamorelin (V-CII-001) and https://www.palmbeach-vitality.store/products/cjc-ipamorelin.,Active,14,
LS-LAB-015,vid_gen_landscape_scenes,16:9,lab_scene,LAB landscape 015 — GHK-Cu,method-development lab with modular instrument islands,16:9 medium-wide environmental shot with product as small mid-ground element,daylight through clerestory windows plus soft fill,no product close-up; full 16:9 laboratory landscape; compound identity via typography; optional distant labeled 10mL sterile crimp-seal vial — never macro,,V-GHK-001,GHK-Cu,https://www.palmbeach-vitality.store/products/ghk-cu,"LANDSCAPE FULL LAB SCENE (16:9 wide). Environment: method-development lab with modular instrument islands. Camera: 16:9 medium-wide environmental shot with product as small mid-ground element. Lighting: daylight through clerestory windows plus soft fill. Show the entire research space. Product lock for captions/typography: GHK-Cu (V-GHK-001). Variant cycle 1. Never crop to a single object. SIGNAGE RULE: premium clean research lab only. No safety placards, no industrial alert graphics, no trefoil icons, no striped floor tape, no danger banners. Do not print alert words on walls, floors, labels, or posters. Only neutral room names and product typography.",Captions MUST be only about GHK-Cu (V-GHK-001) and https://www.palmbeach-vitality.store/products/ghk-cu.,Active,15,
LS-LAB-016,vid_gen_landscape_scenes,16:9,lab_scene,LAB landscape 016 — BPC-157 / TB-500 / GHK-Cu,lyophilization suite with freeze-dryer banks and vapor ducting,"16:9 landscape establishing shot, 24mm equivalent, deep focus",cool cyan-blue biotech rim with soft overhead panels,no product close-up; full 16:9 laboratory landscape; compound identity via typography; optional distant labeled 10mL sterile crimp-seal vial — never macro,,V-GLO-001,BPC-157 / TB-500 / GHK-Cu,https://www.palmbeach-vitality.store/products/glow,"LANDSCAPE FULL LAB SCENE (16:9 wide). Environment: lyophilization suite with freeze-dryer banks and vapor ducting. Camera: 16:9 landscape establishing shot, 24mm equivalent, deep focus. Lighting: cool cyan-blue biotech rim with soft overhead panels. Show the entire research space. Product lock for captions/typography: BPC-157 / TB-500 / GHK-Cu (V-GLO-001). Variant cycle 1. Never crop to a single object. SIGNAGE RULE: premium clean research lab only. No safety placards, no industrial alert graphics, no trefoil icons, no striped floor tape, no danger banners. Do not print alert words on walls, floors, labels, or posters. Only neutral room names and product typography.",Captions MUST be only about BPC-157 / TB-500 / GHK-Cu (V-GLO-001) and https://www.palmbeach-vitality.store/products/glow.,Active,16,
LS-LAB-017,vid_gen_landscape_scenes,16:9,lab_scene,LAB landscape 017 — Thymosin Alpha-1,fill-finish staging room with pass-through windows (no people),16:9 elevated three-quarter wide shot of the entire bay,warm-neutral catalog softboxes with clean speculars,no product close-up; full 16:9 laboratory landscape; compound identity via typography; optional distant labeled 10mL sterile crimp-seal vial — never macro,,V-TA1-001,Thymosin Alpha-1,https://www.palmbeach-vitality.store/products/ta-1,"LANDSCAPE FULL LAB SCENE (16:9 wide). Environment: fill-finish staging room with pass-through windows (no people). Camera: 16:9 elevated three-quarter wide shot of the entire bay. Lighting: warm-neutral catalog softboxes with clean speculars. Show the entire research space. Product lock for captions/typography: Thymosin Alpha-1 (V-TA1-001). Variant cycle 1. Never crop to a single object. SIGNAGE RULE: premium clean research lab only. No safety placards, no industrial alert graphics, no trefoil icons, no striped floor tape, no danger banners. Do not print alert words on walls, floors, labels, or posters. Only neutral room names and product typography.",Captions MUST be only about Thymosin Alpha-1 (V-TA1-001) and https://www.palmbeach-vitality.store/products/ta-1.,Active,17,
LS-LAB-018,vid_gen_landscape_scenes,16:9,lab_scene,LAB landscape 018 — AOD-9604,robotics-assisted assay bay with idle arms over plate hotels,16:9 dolly-style hallway perspective into the lab,"high-key sterile white lighting, minimal shadows",no product close-up; full 16:9 laboratory landscape; compound identity via typography; optional distant labeled 10mL sterile crimp-seal vial — never macro,,V-AOD-001,AOD-9604,https://www.palmbeach-vitality.store/products/aod-9604,"LANDSCAPE FULL LAB SCENE (16:9 wide). Environment: robotics-assisted assay bay with idle arms over plate hotels. Camera: 16:9 dolly-style hallway perspective into the lab. Lighting: high-key sterile white lighting, minimal shadows. Show the entire research space. Product lock for captions/typography: AOD-9604 (V-AOD-001). Variant cycle 1. Never crop to a single object. SIGNAGE RULE: premium clean research lab only. No safety placards, no industrial alert graphics, no trefoil icons, no striped floor tape, no danger banners. Do not print alert words on walls, floors, labels, or posters. Only neutral room names and product typography.",Captions MUST be only about AOD-9604 (V-AOD-001) and https://www.palmbeach-vitality.store/products/aod-9604.,Active,18,
LS-LAB-019,vid_gen_landscape_scenes,16:9,lab_scene,LAB landscape 019 — Melanotan 2,optical inspection corridor with softbox lighting and mirror panels,16:9 architectural wide shot showing ceiling utilities and floor plane,low-key dramatic instrument LEDs with controlled haze,no product close-up; full 16:9 laboratory landscape; compound identity via typography; optional distant labeled 10mL sterile crimp-seal vial — never macro,,V-MT2-001,Melanotan 2,https://www.palmbeach-vitality.store/products/melonotan,"LANDSCAPE FULL LAB SCENE (16:9 wide). Environment: optical inspection corridor with softbox lighting and mirror panels. Camera: 16:9 architectural wide shot showing ceiling utilities and floor plane. Lighting: low-key dramatic instrument LEDs with controlled haze. Show the entire research space. Product lock for captions/typography: Melanotan 2 (V-MT2-001). Variant cycle 1. Never crop to a single object. SIGNAGE RULE: premium clean research lab only. No safety placards, no industrial alert graphics, no trefoil icons, no striped floor tape, no danger banners. Do not print alert words on walls, floors, labels, or posters. Only neutral room names and product typography.",Captions MUST be only about Melanotan 2 (V-MT2-001) and https://www.palmbeach-vitality.store/products/melonotan.,Active,19,
LS-LAB-020,vid_gen_landscape_scenes,16:9,lab_scene,LAB landscape 020 — Retatrutide,wet lab adjacent to solvent storage with clear bench spans,16:9 medium-wide environmental shot with product as small mid-ground element,daylight through clerestory windows plus soft fill,no product close-up; full 16:9 laboratory landscape; compound identity via typography; optional distant labeled 10mL sterile crimp-seal vial — never macro,,V-RET-001,Retatrutide,https://www.palmbeach-vitality.store/products/retatrutide,"LANDSCAPE FULL LAB SCENE (16:9 wide). Environment: wet lab adjacent to solvent storage with clear bench spans. Camera: 16:9 medium-wide environmental shot with product as small mid-ground element. Lighting: daylight through clerestory windows plus soft fill. Show the entire research space. Product lock for captions/typography: Retatrutide (V-RET-001). Variant cycle 1. Never crop to a single object. SIGNAGE RULE: premium clean research lab only. No safety placards, no industrial alert graphics, no trefoil icons, no striped floor tape, no danger banners. Do not print alert words on walls, floors, labels, or posters. Only neutral room names and product typography.",Captions MUST be only about Retatrutide (V-RET-001) and https://www.palmbeach-vitality.store/products/retatrutide.,Active,20,
LS-LAB-021,vid_gen_landscape_scenes,16:9,lab_scene,LAB landscape 021 — Tirzepatide,spectroscopy annex hallway with instrument rooms on both sides,"16:9 landscape establishing shot, 24mm equivalent, deep focus",cool cyan-blue biotech rim with soft overhead panels,no product close-up; full 16:9 laboratory landscape; compound identity via typography; optional distant labeled 10mL sterile crimp-seal vial — never macro,,V-TIR-001,Tirzepatide,https://www.palmbeach-vitality.store/products/tirzepatide,"LANDSCAPE FULL LAB SCENE (16:9 wide). Environment: spectroscopy annex hallway with instrument rooms on both sides. Camera: 16:9 landscape establishing shot, 24mm equivalent, deep focus. Lighting: cool cyan-blue biotech rim with soft overhead panels. Show the entire research space. Product lock for captions/typography: Tirzepatide (V-TIR-001). Variant cycle 1. Never crop to a single object. SIGNAGE RULE: premium clean research lab only. No safety placards, no industrial alert graphics, no trefoil icons, no striped floor tape, no danger banners. Do not print alert words on walls, floors, labels, or posters. Only neutral room names and product typography.",Captions MUST be only about Tirzepatide (V-TIR-001) and https://www.palmbeach-vitality.store/products/tirzepatide.,Active,21,
LS-LAB-022,vid_gen_landscape_scenes,16:9,lab_scene,LAB landscape 022 — Semaglutide,bioreactor gallery with cylindrical vessels and control panels,16:9 elevated three-quarter wide shot of the entire bay,warm-neutral catalog softboxes with clean speculars,no product close-up; full 16:9 laboratory landscape; compound identity via typography; optional distant labeled 10mL sterile crimp-seal vial — never macro,,V-SEM-001,Semaglutide,https://www.palmbeach-vitality.store/products/semaglutide,"LANDSCAPE FULL LAB SCENE (16:9 wide). Environment: bioreactor gallery with cylindrical vessels and control panels. Camera: 16:9 elevated three-quarter wide shot of the entire bay. Lighting: warm-neutral catalog softboxes with clean speculars. Show the entire research space. Product lock for captions/typography: Semaglutide (V-SEM-001). Variant cycle 1. Never crop to a single object. SIGNAGE RULE: premium clean research lab only. No safety placards, no industrial alert graphics, no trefoil icons, no striped floor tape, no danger banners. Do not print alert words on walls, floors, labels, or posters. Only neutral room names and product typography.",Captions MUST be only about Semaglutide (V-SEM-001) and https://www.palmbeach-vitality.store/products/semaglutide.,Active,22,
LS-LAB-023,vid_gen_landscape_scenes,16:9,lab_scene,LAB landscape 023 — KPV / BPC-157 / TB-500 / GHK-Cu,clean packaging prep room with acrylic risers and catalog lighting,16:9 dolly-style hallway perspective into the lab,"high-key sterile white lighting, minimal shadows",no product close-up; full 16:9 laboratory landscape; compound identity via typography; optional distant labeled 10mL sterile crimp-seal vial — never macro,,P-KLO-001,KPV / BPC-157 / TB-500 / GHK-Cu,https://www.palmbeach-vitality.store/products/klow-pen,"LANDSCAPE FULL LAB SCENE (16:9 wide). Environment: clean packaging prep room with acrylic risers and catalog lighting. Camera: 16:9 dolly-style hallway perspective into the lab. Lighting: high-key sterile white lighting, minimal shadows. Show the entire research space. Product lock for captions/typography: KPV / BPC-157 / TB-500 / GHK-Cu (P-KLO-001). Variant cycle 1. Never crop to a single object. SIGNAGE RULE: premium clean research lab only. No safety placards, no industrial alert graphics, no trefoil icons, no striped floor tape, no danger banners. Do not print alert words on walls, floors, labels, or posters. Only neutral room names and product typography.",Captions MUST be only about KPV / BPC-157 / TB-500 / GHK-Cu (P-KLO-001) and https://www.palmbeach-vitality.store/products/klow-pen.,Active,23,
LS-LAB-024,vid_gen_landscape_scenes,16:9,lab_scene,LAB landscape 024 — MOTS-C,low-ambient night lab with instrument standby LEDs,16:9 architectural wide shot showing ceiling utilities and floor plane,low-key dramatic instrument LEDs with controlled haze,no product close-up; full 16:9 laboratory landscape; compound identity via typography; optional distant labeled 10mL sterile crimp-seal vial — never macro,,P-MOT-001,MOTS-C,https://www.palmbeach-vitality.store/products/mots-c,"LANDSCAPE FULL LAB SCENE (16:9 wide). Environment: low-ambient night lab with instrument standby LEDs. Camera: 16:9 architectural wide shot showing ceiling utilities and floor plane. Lighting: low-key dramatic instrument LEDs with controlled haze. Show the entire research space. Product lock for captions/typography: MOTS-C (P-MOT-001). Variant cycle 1. Never crop to a single object. SIGNAGE RULE: premium clean research lab only. No safety placards, no industrial alert graphics, no trefoil icons, no striped floor tape, no danger banners. Do not print alert words on walls, floors, labels, or posters. Only neutral room names and product typography.",Captions MUST be only about MOTS-C (P-MOT-001) and https://www.palmbeach-vitality.store/products/mots-c.,Active,24,
LS-LAB-025,vid_gen_landscape_scenes,16:9,lab_scene,LAB landscape 025 — NAD+,mezzanine utility corridor above the main synthesis floor,16:9 medium-wide environmental shot with product as small mid-ground element,daylight through clerestory windows plus soft fill,no product close-up; full 16:9 laboratory landscape; compound identity via typography; optional distant labeled 10mL sterile crimp-seal vial — never macro,,P-NAD-001,NAD+,https://www.palmbeach-vitality.store/products/nad-pen-500mg,"LANDSCAPE FULL LAB SCENE (16:9 wide). Environment: mezzanine utility corridor above the main synthesis floor. Camera: 16:9 medium-wide environmental shot with product as small mid-ground element. Lighting: daylight through clerestory windows plus soft fill. Show the entire research space. Product lock for captions/typography: NAD+ (P-NAD-001). Variant cycle 1. Never crop to a single object. SIGNAGE RULE: premium clean research lab only. No safety placards, no industrial alert graphics, no trefoil icons, no striped floor tape, no danger banners. Do not print alert words on walls, floors, labels, or posters. Only neutral room names and product typography.",Captions MUST be only about NAD+ (P-NAD-001) and https://www.palmbeach-vitality.store/products/nad-pen-500mg.,Active,25,
LS-LAB-026,vid_gen_landscape_scenes,16:9,lab_scene,LAB landscape 026 — PT-141,glassware prep lab with drying racks stretching into distance,"16:9 landscape establishing shot, 24mm equivalent, deep focus",cool cyan-blue biotech rim with soft overhead panels,no product close-up; full 16:9 laboratory landscape; compound identity via typography; optional distant labeled 10mL sterile crimp-seal vial — never macro,,P-PT1-001,PT-141,https://www.palmbeach-vitality.store/products/pt-141-pen,"LANDSCAPE FULL LAB SCENE (16:9 wide). Environment: glassware prep lab with drying racks stretching into distance. Camera: 16:9 landscape establishing shot, 24mm equivalent, deep focus. Lighting: cool cyan-blue biotech rim with soft overhead panels. Show the entire research space. Product lock for captions/typography: PT-141 (P-PT1-001). Variant cycle 1. Never crop to a single object. SIGNAGE RULE: premium clean research lab only. No safety placards, no industrial alert graphics, no trefoil icons, no striped floor tape, no danger banners. Do not print alert words on walls, floors, labels, or posters. Only neutral room names and product typography.",Captions MUST be only about PT-141 (P-PT1-001) and https://www.palmbeach-vitality.store/products/pt-141-pen.,Active,26,
LS-LAB-027,vid_gen_landscape_scenes,16:9,lab_scene,LAB landscape 027 — Semax,calibration lab with metrology benches and precision fixtures,16:9 elevated three-quarter wide shot of the entire bay,warm-neutral catalog softboxes with clean speculars,no product close-up; full 16:9 laboratory landscape; compound identity via typography; optional distant labeled 10mL sterile crimp-seal vial — never macro,,P-SMX-001,Semax,https://www.palmbeach-vitality.store/products/semax-pen,"LANDSCAPE FULL LAB SCENE (16:9 wide). Environment: calibration lab with metrology benches and precision fixtures. Camera: 16:9 elevated three-quarter wide shot of the entire bay. Lighting: warm-neutral catalog softboxes with clean speculars. Show the entire research space. Product lock for captions/typography: Semax (P-SMX-001). Variant cycle 1. Never crop to a single object. SIGNAGE RULE: premium clean research lab only. No safety placards, no industrial alert graphics, no trefoil icons, no striped floor tape, no danger banners. Do not print alert words on walls, floors, labels, or posters. Only neutral room names and product typography.",Captions MUST be only about Semax (P-SMX-001) and https://www.palmbeach-vitality.store/products/semax-pen.,Active,27,
LS-LAB-028,vid_gen_landscape_scenes,16:9,lab_scene,LAB landscape 028 — Selank,lab control room with wall displays (no faces),16:9 dolly-style hallway perspective into the lab,"high-key sterile white lighting, minimal shadows",no product close-up; full 16:9 laboratory landscape; compound identity via typography; optional distant labeled 10mL sterile crimp-seal vial — never macro,,P-SEL-001,Selank,https://www.palmbeach-vitality.store/products/selank-pen,"LANDSCAPE FULL LAB SCENE (16:9 wide). Environment: lab control room with wall displays (no faces). Camera: 16:9 dolly-style hallway perspective into the lab. Lighting: high-key sterile white lighting, minimal shadows. Show the entire research space. Product lock for captions/typography: Selank (P-SEL-001). Variant cycle 1. Never crop to a single object. SIGNAGE RULE: premium clean research lab only. No safety placards, no industrial alert graphics, no trefoil icons, no striped floor tape, no danger banners. Do not print alert words on walls, floors, labels, or posters. Only neutral room names and product typography.",Captions MUST be only about Selank (P-SEL-001) and https://www.palmbeach-vitality.store/products/selank-pen.,Active,28,
LS-LAB-029,vid_gen_landscape_scenes,16:9,lab_scene,LAB landscape 029 — Sermorelin,modular containerized lab pods in a warehouse-scale bay,16:9 architectural wide shot showing ceiling utilities and floor plane,low-key dramatic instrument LEDs with controlled haze,no product close-up; full 16:9 laboratory landscape; compound identity via typography; optional distant labeled 10mL sterile crimp-seal vial — never macro,,P-SER-001,Sermorelin,https://www.palmbeach-vitality.store/products/sermorelin-pen,"LANDSCAPE FULL LAB SCENE (16:9 wide). Environment: modular containerized lab pods in a warehouse-scale bay. Camera: 16:9 architectural wide shot showing ceiling utilities and floor plane. Lighting: low-key dramatic instrument LEDs with controlled haze. Show the entire research space. Product lock for captions/typography: Sermorelin (P-SER-001). Variant cycle 1. Never crop to a single object. SIGNAGE RULE: premium clean research lab only. No safety placards, no industrial alert graphics, no trefoil icons, no striped floor tape, no danger banners. Do not print alert words on walls, floors, labels, or posters. Only neutral room names and product typography.",Captions MUST be only about Sermorelin (P-SER-001) and https://www.palmbeach-vitality.store/products/sermorelin-pen.,Active,29,
LS-LAB-030,vid_gen_landscape_scenes,16:9,lab_scene,LAB landscape 030 — Thymosin Alpha-1,high-key white research catalog stage built as a full laboratory,16:9 medium-wide environmental shot with product as small mid-ground element,daylight through clerestory windows plus soft fill,no product close-up; full 16:9 laboratory landscape; compound identity via typography; optional distant labeled 10mL sterile crimp-seal vial — never macro,,P-TA1-001,Thymosin Alpha-1,https://www.palmbeach-vitality.store/products/ta-2,"LANDSCAPE FULL LAB SCENE (16:9 wide). Environment: high-key white research catalog stage built as a full laboratory. Camera: 16:9 medium-wide environmental shot with product as small mid-ground element. Lighting: daylight through clerestory windows plus soft fill. Show the entire research space. Product lock for captions/typography: Thymosin Alpha-1 (P-TA1-001). Variant cycle 1. Never crop to a single object. SIGNAGE RULE: premium clean research lab only. No safety placards, no industrial alert graphics, no trefoil icons, no striped floor tape, no danger banners. Do not print alert words on walls, floors, labels, or posters. Only neutral room names and product typography.",Captions MUST be only about Thymosin Alpha-1 (P-TA1-001) and https://www.palmbeach-vitality.store/products/ta-2.,Active,30,
LS-LAB-031,vid_gen_landscape_scenes,16:9,lab_scene,LAB landscape 031 — Tesamorelin,bronze-and-glass premium lab lobby opening into research floors,"16:9 landscape establishing shot, 24mm equivalent, deep focus",cool cyan-blue biotech rim with soft overhead panels,no product close-up; full 16:9 laboratory landscape; compound identity via typography; optional distant labeled 10mL sterile crimp-seal vial — never macro,,P-TES-001,Tesamorelin,https://www.palmbeach-vitality.store/products/tesamorelin-30mg-pen,"LANDSCAPE FULL LAB SCENE (16:9 wide). Environment: bronze-and-glass premium lab lobby opening into research floors. Camera: 16:9 landscape establishing shot, 24mm equivalent, deep focus. Lighting: cool cyan-blue biotech rim with soft overhead panels. Show the entire research space. Product lock for captions/typography: Tesamorelin (P-TES-001). Variant cycle 1. Never crop to a single object. SIGNAGE RULE: premium clean research lab only. No safety placards, no industrial alert graphics, no trefoil icons, no striped floor tape, no danger banners. Do not print alert words on walls, floors, labels, or posters. Only neutral room names and product typography.",Captions MUST be only about Tesamorelin (P-TES-001) and https://www.palmbeach-vitality.store/products/tesamorelin-30mg-pen.,Active,31,
LS-LAB-032,vid_gen_landscape_scenes,16:9,lab_scene,LAB landscape 032 — Tesamorelin/Ipamorelin,secure research vault corridor with airlocks (no alert signage),16:9 elevated three-quarter wide shot of the entire bay,warm-neutral catalog softboxes with clean speculars,no product close-up; full 16:9 laboratory landscape; compound identity via typography; optional distant labeled 10mL sterile crimp-seal vial — never macro,,P-TEI-001,Tesamorelin/Ipamorelin,https://www.palmbeach-vitality.store/products/tesamorelin-ipamorelin-pen,"LANDSCAPE FULL LAB SCENE (16:9 wide). Environment: secure research vault corridor with airlocks (no alert signage). Camera: 16:9 elevated three-quarter wide shot of the entire bay. Lighting: warm-neutral catalog softboxes with clean speculars. Show the entire research space. Product lock for captions/typography: Tesamorelin/Ipamorelin (P-TEI-001). Variant cycle 1. Never crop to a single object. SIGNAGE RULE: premium clean research lab only. No safety placards, no industrial alert graphics, no trefoil icons, no striped floor tape, no danger banners. Do not print alert words on walls, floors, labels, or posters. Only neutral room names and product typography.",Captions MUST be only about Tesamorelin/Ipamorelin (P-TEI-001) and https://www.palmbeach-vitality.store/products/tesamorelin-ipamorelin-pen.,Active,32,
LS-LAB-033,vid_gen_landscape_scenes,16:9,lab_scene,LAB landscape 033 — BPC-157,rooftop mechanical penthouse lab with HVAC stacks in wide frame,16:9 dolly-style hallway perspective into the lab,"high-key sterile white lighting, minimal shadows",no product close-up; full 16:9 laboratory landscape; compound identity via typography; optional distant labeled 10mL sterile crimp-seal vial — never macro,,P-BPC-001,BPC-157,https://www.palmbeach-vitality.store/products/bpc-157-pen,"LANDSCAPE FULL LAB SCENE (16:9 wide). Environment: rooftop mechanical penthouse lab with HVAC stacks in wide frame. Camera: 16:9 dolly-style hallway perspective into the lab. Lighting: high-key sterile white lighting, minimal shadows. Show the entire research space. Product lock for captions/typography: BPC-157 (P-BPC-001). Variant cycle 1. Never crop to a single object. SIGNAGE RULE: premium clean research lab only. No safety placards, no industrial alert graphics, no trefoil icons, no striped floor tape, no danger banners. Do not print alert words on walls, floors, labels, or posters. Only neutral room names and product typography.",Captions MUST be only about BPC-157 (P-BPC-001) and https://www.palmbeach-vitality.store/products/bpc-157-pen.,Active,33,
LS-LAB-034,vid_gen_landscape_scenes,16:9,lab_scene,LAB landscape 034 — BPC-157 / TB-500,coastal research campus lab with clerestory daylight,16:9 architectural wide shot showing ceiling utilities and floor plane,low-key dramatic instrument LEDs with controlled haze,no product close-up; full 16:9 laboratory landscape; compound identity via typography; optional distant labeled 10mL sterile crimp-seal vial — never macro,,P-WOL-001,BPC-157 / TB-500,https://www.palmbeach-vitality.store/products/wolverine-pen,"LANDSCAPE FULL LAB SCENE (16:9 wide). Environment: coastal research campus lab with clerestory daylight. Camera: 16:9 architectural wide shot showing ceiling utilities and floor plane. Lighting: low-key dramatic instrument LEDs with controlled haze. Show the entire research space. Product lock for captions/typography: BPC-157 / TB-500 (P-WOL-001). Variant cycle 1. Never crop to a single object. SIGNAGE RULE: premium clean research lab only. No safety placards, no industrial alert graphics, no trefoil icons, no striped floor tape, no danger banners. Do not print alert words on walls, floors, labels, or posters. Only neutral room names and product typography.",Captions MUST be only about BPC-157 / TB-500 (P-WOL-001) and https://www.palmbeach-vitality.store/products/wolverine-pen.,Active,34,
LS-LAB-035,vid_gen_landscape_scenes,16:9,lab_scene,LAB landscape 035 — CJC (no DAC)/Ipamorelin,blackout photography lab stage dressed as a peptide research floor,16:9 medium-wide environmental shot with product as small mid-ground element,daylight through clerestory windows plus soft fill,no product close-up; full 16:9 laboratory landscape; compound identity via typography; optional distant labeled 10mL sterile crimp-seal vial — never macro,,P-CII-001,CJC (no DAC)/Ipamorelin,https://www.palmbeach-vitality.store/products/cjc-ipamorelin-1,"LANDSCAPE FULL LAB SCENE (16:9 wide). Environment: blackout photography lab stage dressed as a peptide research floor. Camera: 16:9 medium-wide environmental shot with product as small mid-ground element. Lighting: daylight through clerestory windows plus soft fill. Show the entire research space. Product lock for captions/typography: CJC (no DAC)/Ipamorelin (P-CII-001). Variant cycle 1. Never crop to a single object. SIGNAGE RULE: premium clean research lab only. No safety placards, no industrial alert graphics, no trefoil icons, no striped floor tape, no danger banners. Do not print alert words on walls, floors, labels, or posters. Only neutral room names and product typography.",Captions MUST be only about CJC (no DAC)/Ipamorelin (P-CII-001) and https://www.palmbeach-vitality.store/products/cjc-ipamorelin-1.,Active,35,
LS-LAB-036,vid_gen_landscape_scenes,16:9,lab_scene,LAB landscape 036 — DSIP,hex-grid raised floor tech lab with cable management under glass tiles,"16:9 landscape establishing shot, 24mm equivalent, deep focus",cool cyan-blue biotech rim with soft overhead panels,no product close-up; full 16:9 laboratory landscape; compound identity via typography; optional distant labeled 10mL sterile crimp-seal vial — never macro,,P-DSI-001,DSIP,https://www.palmbeach-vitality.store/products/dsip-pen,"LANDSCAPE FULL LAB SCENE (16:9 wide). Environment: hex-grid raised floor tech lab with cable management under glass tiles. Camera: 16:9 landscape establishing shot, 24mm equivalent, deep focus. Lighting: cool cyan-blue biotech rim with soft overhead panels. Show the entire research space. Product lock for captions/typography: DSIP (P-DSI-001). Variant cycle 1. Never crop to a single object. SIGNAGE RULE: premium clean research lab only. No safety placards, no industrial alert graphics, no trefoil icons, no striped floor tape, no danger banners. Do not print alert words on walls, floors, labels, or posters. Only neutral room names and product typography.",Captions MUST be only about DSIP (P-DSI-001) and https://www.palmbeach-vitality.store/products/dsip-pen.,Active,36,
LS-LAB-037,vid_gen_landscape_scenes,16:9,lab_scene,LAB landscape 037 — GHK-Cu,double-height synthesis hall with hanging reactor scaffolds,16:9 elevated three-quarter wide shot of the entire bay,warm-neutral catalog softboxes with clean speculars,no product close-up; full 16:9 laboratory landscape; compound identity via typography; optional distant labeled 10mL sterile crimp-seal vial — never macro,,P-GHK-001,GHK-Cu,https://www.palmbeach-vitality.store/products/ghk-cu-pen,"LANDSCAPE FULL LAB SCENE (16:9 wide). Environment: double-height synthesis hall with hanging reactor scaffolds. Camera: 16:9 elevated three-quarter wide shot of the entire bay. Lighting: warm-neutral catalog softboxes with clean speculars. Show the entire research space. Product lock for captions/typography: GHK-Cu (P-GHK-001). Variant cycle 1. Never crop to a single object. SIGNAGE RULE: premium clean research lab only. No safety placards, no industrial alert graphics, no trefoil icons, no striped floor tape, no danger banners. Do not print alert words on walls, floors, labels, or posters. Only neutral room names and product typography.",Captions MUST be only about GHK-Cu (P-GHK-001) and https://www.palmbeach-vitality.store/products/ghk-cu-pen.,Active,37,
LS-LAB-038,vid_gen_landscape_scenes,16:9,lab_scene,LAB landscape 038 — 5-Amino-1MQ,narrow instrument canyon between two rows of tall analyzers,16:9 dolly-style hallway perspective into the lab,"high-key sterile white lighting, minimal shadows",no product close-up; full 16:9 laboratory landscape; compound identity via typography; optional distant labeled 10mL sterile crimp-seal vial — never macro,,P-5AM-001,5-Amino-1MQ,https://www.palmbeach-vitality.store/products/5-amino-mq-pen,"LANDSCAPE FULL LAB SCENE (16:9 wide). Environment: narrow instrument canyon between two rows of tall analyzers. Camera: 16:9 dolly-style hallway perspective into the lab. Lighting: high-key sterile white lighting, minimal shadows. Show the entire research space. Product lock for captions/typography: 5-Amino-1MQ (P-5AM-001). Variant cycle 1. Never crop to a single object. SIGNAGE RULE: premium clean research lab only. No safety placards, no industrial alert graphics, no trefoil icons, no striped floor tape, no danger banners. Do not print alert words on walls, floors, labels, or posters. Only neutral room names and product typography.",Captions MUST be only about 5-Amino-1MQ (P-5AM-001) and https://www.palmbeach-vitality.store/products/5-amino-mq-pen.,Active,38,
LS-LAB-039,vid_gen_landscape_scenes,16:9,lab_scene,LAB landscape 039 — BPC-157 / TB-500 / GHK-Cu,circular empty collaboration lab with ring benches and center island,16:9 architectural wide shot showing ceiling utilities and floor plane,low-key dramatic instrument LEDs with controlled haze,no product close-up; full 16:9 laboratory landscape; compound identity via typography; optional distant labeled 10mL sterile crimp-seal vial — never macro,,P-GLO-001,BPC-157 / TB-500 / GHK-Cu,https://www.palmbeach-vitality.store/products/glow-pen,"LANDSCAPE FULL LAB SCENE (16:9 wide). Environment: circular empty collaboration lab with ring benches and center island. Camera: 16:9 architectural wide shot showing ceiling utilities and floor plane. Lighting: low-key dramatic instrument LEDs with controlled haze. Show the entire research space. Product lock for captions/typography: BPC-157 / TB-500 / GHK-Cu (P-GLO-001). Variant cycle 1. Never crop to a single object. SIGNAGE RULE: premium clean research lab only. No safety placards, no industrial alert graphics, no trefoil icons, no striped floor tape, no danger banners. Do not print alert words on walls, floors, labels, or posters. Only neutral room names and product typography.",Captions MUST be only about BPC-157 / TB-500 / GHK-Cu (P-GLO-001) and https://www.palmbeach-vitality.store/products/glow-pen.,Active,39,
LS-LAB-040,vid_gen_landscape_scenes,16:9,lab_scene,LAB landscape 040 — SS-31,reference-standard vault with labeled drawers and cold cases,16:9 medium-wide environmental shot with product as small mid-ground element,daylight through clerestory windows plus soft fill,no product close-up; full 16:9 laboratory landscape; compound identity via typography; optional distant labeled 10mL sterile crimp-seal vial — never macro,,P-SS3-001,SS-31,https://www.palmbeach-vitality.store/products/ss-31-pen,"LANDSCAPE FULL LAB SCENE (16:9 wide). Environment: reference-standard vault with labeled drawers and cold cases. Camera: 16:9 medium-wide environmental shot with product as small mid-ground element. Lighting: daylight through clerestory windows plus soft fill. Show the entire research space. Product lock for captions/typography: SS-31 (P-SS3-001). Variant cycle 1. Never crop to a single object. SIGNAGE RULE: premium clean research lab only. No safety placards, no industrial alert graphics, no trefoil icons, no striped floor tape, no danger banners. Do not print alert words on walls, floors, labels, or posters. Only neutral room names and product typography.",Captions MUST be only about SS-31 (P-SS3-001) and https://www.palmbeach-vitality.store/products/ss-31-pen.,Active,40,
LS-LAB-041,vid_gen_landscape_scenes,16:9,lab_scene,LAB landscape 041 — KPV,training cleanroom mockup with gowning anteroom (no people),"16:9 landscape establishing shot, 24mm equivalent, deep focus",cool cyan-blue biotech rim with soft overhead panels,no product close-up; full 16:9 laboratory landscape; compound identity via typography; optional distant labeled 10mL sterile crimp-seal vial — never macro,,P-KPV-001,KPV,https://www.palmbeach-vitality.store/products/kpv,"LANDSCAPE FULL LAB SCENE (16:9 wide). Environment: training cleanroom mockup with gowning anteroom (no people). Camera: 16:9 landscape establishing shot, 24mm equivalent, deep focus. Lighting: cool cyan-blue biotech rim with soft overhead panels. Show the entire research space. Product lock for captions/typography: KPV (P-KPV-001). Variant cycle 1. Never crop to a single object. SIGNAGE RULE: premium clean research lab only. No safety placards, no industrial alert graphics, no trefoil icons, no striped floor tape, no danger banners. Do not print alert words on walls, floors, labels, or posters. Only neutral room names and product typography.",Captions MUST be only about KPV (P-KPV-001) and https://www.palmbeach-vitality.store/products/kpv.,Active,41,
LS-LAB-042,vid_gen_landscape_scenes,16:9,lab_scene,LAB landscape 042 — Semaglutide,pilot-scale manufacturing cell with skid systems and umbilicals,16:9 elevated three-quarter wide shot of the entire bay,warm-neutral catalog softboxes with clean speculars,no product close-up; full 16:9 laboratory landscape; compound identity via typography; optional distant labeled 10mL sterile crimp-seal vial — never macro,,P-SEM-001,Semaglutide,https://www.palmbeach-vitality.store/products/semaglutide-1-5mg-pen,"LANDSCAPE FULL LAB SCENE (16:9 wide). Environment: pilot-scale manufacturing cell with skid systems and umbilicals. Camera: 16:9 elevated three-quarter wide shot of the entire bay. Lighting: warm-neutral catalog softboxes with clean speculars. Show the entire research space. Product lock for captions/typography: Semaglutide (P-SEM-001). Variant cycle 1. Never crop to a single object. SIGNAGE RULE: premium clean research lab only. No safety placards, no industrial alert graphics, no trefoil icons, no striped floor tape, no danger banners. Do not print alert words on walls, floors, labels, or posters. Only neutral room names and product typography.",Captions MUST be only about Semaglutide (P-SEM-001) and https://www.palmbeach-vitality.store/products/semaglutide-1-5mg-pen.,Active,42,
LS-LAB-043,vid_gen_landscape_scenes,16:9,lab_scene,LAB landscape 043 — Tirzepatide,dark fluorescence-ready lab with instrument towers,16:9 dolly-style hallway perspective into the lab,"high-key sterile white lighting, minimal shadows",no product close-up; full 16:9 laboratory landscape; compound identity via typography; optional distant labeled 10mL sterile crimp-seal vial — never macro,,P-TIR-001,Tirzepatide,https://www.palmbeach-vitality.store/products/tirzepatide-10mg-pen,"LANDSCAPE FULL LAB SCENE (16:9 wide). Environment: dark fluorescence-ready lab with instrument towers. Camera: 16:9 dolly-style hallway perspective into the lab. Lighting: high-key sterile white lighting, minimal shadows. Show the entire research space. Product lock for captions/typography: Tirzepatide (P-TIR-001). Variant cycle 1. Never crop to a single object. SIGNAGE RULE: premium clean research lab only. No safety placards, no industrial alert graphics, no trefoil icons, no striped floor tape, no danger banners. Do not print alert words on walls, floors, labels, or posters. Only neutral room names and product typography.",Captions MUST be only about Tirzepatide (P-TIR-001) and https://www.palmbeach-vitality.store/products/tirzepatide-10mg-pen.,Active,43,
LS-LAB-044,vid_gen_landscape_scenes,16:9,lab_scene,LAB landscape 044 — Retatrutide,cross-shaped intersection of four research corridors,16:9 architectural wide shot showing ceiling utilities and floor plane,low-key dramatic instrument LEDs with controlled haze,no product close-up; full 16:9 laboratory landscape; compound identity via typography; optional distant labeled 10mL sterile crimp-seal vial — never macro,,P-RET-001,Retatrutide,https://www.palmbeach-vitality.store/products/retatrutride-8mg-pen,"LANDSCAPE FULL LAB SCENE (16:9 wide). Environment: cross-shaped intersection of four research corridors. Camera: 16:9 architectural wide shot showing ceiling utilities and floor plane. Lighting: low-key dramatic instrument LEDs with controlled haze. Show the entire research space. Product lock for captions/typography: Retatrutide (P-RET-001). Variant cycle 1. Never crop to a single object. SIGNAGE RULE: premium clean research lab only. No safety placards, no industrial alert graphics, no trefoil icons, no striped floor tape, no danger banners. Do not print alert words on walls, floors, labels, or posters. Only neutral room names and product typography.",Captions MUST be only about Retatrutide (P-RET-001) and https://www.palmbeach-vitality.store/products/retatrutride-8mg-pen.,Active,44,
LS-LAB-045,vid_gen_landscape_scenes,16:9,lab_scene,LAB landscape 045 — KPV / BPC-157 / TB-500 / GHK-Cu,minimalist white future-lab pavilion with floating island benches,16:9 medium-wide environmental shot with product as small mid-ground element,daylight through clerestory windows plus soft fill,no product close-up; full 16:9 laboratory landscape; compound identity via typography; optional distant labeled 10mL sterile crimp-seal vial — never macro,,V-KLO-001,KPV / BPC-157 / TB-500 / GHK-Cu,https://www.palmbeach-vitality.store/products/klow-kpv-bpc-157-tb-500-ghk,"LANDSCAPE FULL LAB SCENE (16:9 wide). Environment: minimalist white future-lab pavilion with floating island benches. Camera: 16:9 medium-wide environmental shot with product as small mid-ground element. Lighting: daylight through clerestory windows plus soft fill. Show the entire research space. Product lock for captions/typography: KPV / BPC-157 / TB-500 / GHK-Cu (V-KLO-001). Variant cycle 1. Never crop to a single object. SIGNAGE RULE: premium clean research lab only. No safety placards, no industrial alert graphics, no trefoil icons, no striped floor tape, no danger banners. Do not print alert words on walls, floors, labels, or posters. Only neutral room names and product typography.",Captions MUST be only about KPV / BPC-157 / TB-500 / GHK-Cu (V-KLO-001) and https://www.palmbeach-vitality.store/products/klow-kpv-bpc-157-tb-500-ghk.,Active,45,
LS-LAB-046,vid_gen_landscape_scenes,16:9,lab_scene,LAB landscape 046 — MOTS-C,modern utility spine corridor through a lab hall,"16:9 landscape establishing shot, 24mm equivalent, deep focus",cool cyan-blue biotech rim with soft overhead panels,no product close-up; full 16:9 laboratory landscape; compound identity via typography; optional distant labeled 10mL sterile crimp-seal vial — never macro,,V-MOT-001,MOTS-C,https://www.palmbeach-vitality.store/products/mots-c-10mg-5ml-vial,"LANDSCAPE FULL LAB SCENE (16:9 wide). Environment: modern utility spine corridor through a lab hall. Camera: 16:9 landscape establishing shot, 24mm equivalent, deep focus. Lighting: cool cyan-blue biotech rim with soft overhead panels. Show the entire research space. Product lock for captions/typography: MOTS-C (V-MOT-001). Variant cycle 1. Never crop to a single object. SIGNAGE RULE: premium clean research lab only. No safety placards, no industrial alert graphics, no trefoil icons, no striped floor tape, no danger banners. Do not print alert words on walls, floors, labels, or posters. Only neutral room names and product typography.",Captions MUST be only about MOTS-C (V-MOT-001) and https://www.palmbeach-vitality.store/products/mots-c-10mg-5ml-vial.,Active,46,
LS-LAB-047,vid_gen_landscape_scenes,16:9,lab_scene,LAB landscape 047 — NAD+,teal-glass sterile suite with ocean-tone partitions,16:9 elevated three-quarter wide shot of the entire bay,warm-neutral catalog softboxes with clean speculars,no product close-up; full 16:9 laboratory landscape; compound identity via typography; optional distant labeled 10mL sterile crimp-seal vial — never macro,,V-NAD-001,NAD+,https://www.palmbeach-vitality.store/products/nad-1,"LANDSCAPE FULL LAB SCENE (16:9 wide). Environment: teal-glass sterile suite with ocean-tone partitions. Camera: 16:9 elevated three-quarter wide shot of the entire bay. Lighting: warm-neutral catalog softboxes with clean speculars. Show the entire research space. Product lock for captions/typography: NAD+ (V-NAD-001). Variant cycle 1. Never crop to a single object. SIGNAGE RULE: premium clean research lab only. No safety placards, no industrial alert graphics, no trefoil icons, no striped floor tape, no danger banners. Do not print alert words on walls, floors, labels, or posters. Only neutral room names and product typography.",Captions MUST be only about NAD+ (V-NAD-001) and https://www.palmbeach-vitality.store/products/nad-1.,Active,47,
LS-LAB-048,vid_gen_landscape_scenes,16:9,lab_scene,LAB landscape 048 — PT-141,sandstone-and-steel desert research lab with warm hard light,16:9 dolly-style hallway perspective into the lab,"high-key sterile white lighting, minimal shadows",no product close-up; full 16:9 laboratory landscape; compound identity via typography; optional distant labeled 10mL sterile crimp-seal vial — never macro,,V-PT1-001,PT-141,https://www.palmbeach-vitality.store/products/pt-141,"LANDSCAPE FULL LAB SCENE (16:9 wide). Environment: sandstone-and-steel desert research lab with warm hard light. Camera: 16:9 dolly-style hallway perspective into the lab. Lighting: high-key sterile white lighting, minimal shadows. Show the entire research space. Product lock for captions/typography: PT-141 (V-PT1-001). Variant cycle 1. Never crop to a single object. SIGNAGE RULE: premium clean research lab only. No safety placards, no industrial alert graphics, no trefoil icons, no striped floor tape, no danger banners. Do not print alert words on walls, floors, labels, or posters. Only neutral room names and product typography.",Captions MUST be only about PT-141 (V-PT1-001) and https://www.palmbeach-vitality.store/products/pt-141.,Active,48,
LS-LAB-049,vid_gen_landscape_scenes,16:9,lab_scene,LAB landscape 049 — Selank,indigo night lab with magenta instrument accents,16:9 architectural wide shot showing ceiling utilities and floor plane,low-key dramatic instrument LEDs with controlled haze,no product close-up; full 16:9 laboratory landscape; compound identity via typography; optional distant labeled 10mL sterile crimp-seal vial — never macro,,V-SEL-001,Selank,https://www.palmbeach-vitality.store/products/selank,"LANDSCAPE FULL LAB SCENE (16:9 wide). Environment: indigo night lab with magenta instrument accents. Camera: 16:9 architectural wide shot showing ceiling utilities and floor plane. Lighting: low-key dramatic instrument LEDs with controlled haze. Show the entire research space. Product lock for captions/typography: Selank (V-SEL-001). Variant cycle 1. Never crop to a single object. SIGNAGE RULE: premium clean research lab only. No safety placards, no industrial alert graphics, no trefoil icons, no striped floor tape, no danger banners. Do not print alert words on walls, floors, labels, or posters. Only neutral room names and product typography.",Captions MUST be only about Selank (V-SEL-001) and https://www.palmbeach-vitality.store/products/selank.,Active,49,
LS-LAB-050,vid_gen_landscape_scenes,16:9,lab_scene,LAB landscape 050 — Sermorelin,sunrise lab with long window light across empty benches,16:9 medium-wide environmental shot with product as small mid-ground element,daylight through clerestory windows plus soft fill,no product close-up; full 16:9 laboratory landscape; compound identity via typography; optional distant labeled 10mL sterile crimp-seal vial — never macro,,V-SER-001,Sermorelin,https://www.palmbeach-vitality.store/products/sermorelin,"LANDSCAPE FULL LAB SCENE (16:9 wide). Environment: sunrise lab with long window light across empty benches. Camera: 16:9 medium-wide environmental shot with product as small mid-ground element. Lighting: daylight through clerestory windows plus soft fill. Show the entire research space. Product lock for captions/typography: Sermorelin (V-SER-001). Variant cycle 1. Never crop to a single object. SIGNAGE RULE: premium clean research lab only. No safety placards, no industrial alert graphics, no trefoil icons, no striped floor tape, no danger banners. Do not print alert words on walls, floors, labels, or posters. Only neutral room names and product typography.",Captions MUST be only about Sermorelin (V-SER-001) and https://www.palmbeach-vitality.store/products/sermorelin.,Active,50,
LS-LAB-051,vid_gen_landscape_scenes,16:9,lab_scene,LAB landscape 051 — SS-31,landscape view of a peptide purification suite with skids in a row,"16:9 landscape establishing shot, 24mm equivalent, deep focus",cool cyan-blue biotech rim with soft overhead panels,no product close-up; full 16:9 laboratory landscape; compound identity via typography; optional distant labeled 10mL sterile crimp-seal vial — never macro,,V-SS3-001,SS-31,https://www.palmbeach-vitality.store/products/ss-31,"LANDSCAPE FULL LAB SCENE (16:9 wide). Environment: landscape view of a peptide purification suite with skids in a row. Camera: 16:9 landscape establishing shot, 24mm equivalent, deep focus. Lighting: cool cyan-blue biotech rim with soft overhead panels. Show the entire research space. Product lock for captions/typography: SS-31 (V-SS3-001). Variant cycle 1. Never crop to a single object. SIGNAGE RULE: premium clean research lab only. No safety placards, no industrial alert graphics, no trefoil icons, no striped floor tape, no danger banners. Do not print alert words on walls, floors, labels, or posters. Only neutral room names and product typography.",Captions MUST be only about SS-31 (V-SS3-001) and https://www.palmbeach-vitality.store/products/ss-31.,Active,51,
LS-LAB-052,vid_gen_landscape_scenes,16:9,lab_scene,LAB landscape 052 — TB-500,wide clean packaging line room with conveyor idle (no people),16:9 elevated three-quarter wide shot of the entire bay,warm-neutral catalog softboxes with clean speculars,no product close-up; full 16:9 laboratory landscape; compound identity via typography; optional distant labeled 10mL sterile crimp-seal vial — never macro,,V-TB5-001,TB-500,https://www.palmbeach-vitality.store/products/tb-500,"LANDSCAPE FULL LAB SCENE (16:9 wide). Environment: wide clean packaging line room with conveyor idle (no people). Camera: 16:9 elevated three-quarter wide shot of the entire bay. Lighting: warm-neutral catalog softboxes with clean speculars. Show the entire research space. Product lock for captions/typography: TB-500 (V-TB5-001). Variant cycle 1. Never crop to a single object. SIGNAGE RULE: premium clean research lab only. No safety placards, no industrial alert graphics, no trefoil icons, no striped floor tape, no danger banners. Do not print alert words on walls, floors, labels, or posters. Only neutral room names and product typography.",Captions MUST be only about TB-500 (V-TB5-001) and https://www.palmbeach-vitality.store/products/tb-500.,Active,52,
LS-LAB-053,vid_gen_landscape_scenes,16:9,lab_scene,LAB landscape 053 — Tesamorelin,open-plan QC bullpen of benches under linear lights,16:9 dolly-style hallway perspective into the lab,"high-key sterile white lighting, minimal shadows",no product close-up; full 16:9 laboratory landscape; compound identity via typography; optional distant labeled 10mL sterile crimp-seal vial — never macro,,V-TES-001,Tesamorelin,https://www.palmbeach-vitality.store/products/tesamorelin,"LANDSCAPE FULL LAB SCENE (16:9 wide). Environment: open-plan QC bullpen of benches under linear lights. Camera: 16:9 dolly-style hallway perspective into the lab. Lighting: high-key sterile white lighting, minimal shadows. Show the entire research space. Product lock for captions/typography: Tesamorelin (V-TES-001). Variant cycle 1. Never crop to a single object. SIGNAGE RULE: premium clean research lab only. No safety placards, no industrial alert graphics, no trefoil icons, no striped floor tape, no danger banners. Do not print alert words on walls, floors, labels, or posters. Only neutral room names and product typography.",Captions MUST be only about Tesamorelin (V-TES-001) and https://www.palmbeach-vitality.store/products/tesamorelin.,Active,53,
LS-LAB-054,vid_gen_landscape_scenes,16:9,lab_scene,LAB landscape 054 — BPC-157,glass bridge corridor between two lab wings,16:9 architectural wide shot showing ceiling utilities and floor plane,low-key dramatic instrument LEDs with controlled haze,no product close-up; full 16:9 laboratory landscape; compound identity via typography; optional distant labeled 10mL sterile crimp-seal vial — never macro,,V-BPC-001,BPC-157,https://www.palmbeach-vitality.store/products/bpc-157,"LANDSCAPE FULL LAB SCENE (16:9 wide). Environment: glass bridge corridor between two lab wings. Camera: 16:9 architectural wide shot showing ceiling utilities and floor plane. Lighting: low-key dramatic instrument LEDs with controlled haze. Show the entire research space. Product lock for captions/typography: BPC-157 (V-BPC-001). Variant cycle 1. Never crop to a single object. SIGNAGE RULE: premium clean research lab only. No safety placards, no industrial alert graphics, no trefoil icons, no striped floor tape, no danger banners. Do not print alert words on walls, floors, labels, or posters. Only neutral room names and product typography.",Captions MUST be only about BPC-157 (V-BPC-001) and https://www.palmbeach-vitality.store/products/bpc-157.,Active,54,
LS-LAB-055,vid_gen_landscape_scenes,16:9,lab_scene,LAB landscape 055 — BPC-157 / TB-500,sub-zero cold room anteroom landscape with frost-edged doors,16:9 medium-wide environmental shot with product as small mid-ground element,daylight through clerestory windows plus soft fill,no product close-up; full 16:9 laboratory landscape; compound identity via typography; optional distant labeled 10mL sterile crimp-seal vial — never macro,,V-WOL-001,BPC-157 / TB-500,https://www.palmbeach-vitality.store/products/wolverine-stack,"LANDSCAPE FULL LAB SCENE (16:9 wide). Environment: sub-zero cold room anteroom landscape with frost-edged doors. Camera: 16:9 medium-wide environmental shot with product as small mid-ground element. Lighting: daylight through clerestory windows plus soft fill. Show the entire research space. Product lock for captions/typography: BPC-157 / TB-500 (V-WOL-001). Variant cycle 1. Never crop to a single object. SIGNAGE RULE: premium clean research lab only. No safety placards, no industrial alert graphics, no trefoil icons, no striped floor tape, no danger banners. Do not print alert words on walls, floors, labels, or posters. Only neutral room names and product typography.",Captions MUST be only about BPC-157 / TB-500 (V-WOL-001) and https://www.palmbeach-vitality.store/products/wolverine-stack.,Active,55,
LS-LAB-056,vid_gen_landscape_scenes,16:9,lab_scene,LAB landscape 056 — Cagrilinitide,media prep kitchen-lab with stainless tables in wide shot,"16:9 landscape establishing shot, 24mm equivalent, deep focus",cool cyan-blue biotech rim with soft overhead panels,no product close-up; full 16:9 laboratory landscape; compound identity via typography; optional distant labeled 10mL sterile crimp-seal vial — never macro,,V-CAG-001,Cagrilinitide,https://www.palmbeach-vitality.store/products/cargrilinitide,"LANDSCAPE FULL LAB SCENE (16:9 wide). Environment: media prep kitchen-lab with stainless tables in wide shot. Camera: 16:9 landscape establishing shot, 24mm equivalent, deep focus. Lighting: cool cyan-blue biotech rim with soft overhead panels. Show the entire research space. Product lock for captions/typography: Cagrilinitide (V-CAG-001). Variant cycle 1. Never crop to a single object. SIGNAGE RULE: premium clean research lab only. No safety placards, no industrial alert graphics, no trefoil icons, no striped floor tape, no danger banners. Do not print alert words on walls, floors, labels, or posters. Only neutral room names and product typography.",Captions MUST be only about Cagrilinitide (V-CAG-001) and https://www.palmbeach-vitality.store/products/cargrilinitide.,Active,56,
LS-LAB-057,vid_gen_landscape_scenes,16:9,lab_scene,LAB landscape 057 — CJC (no DAC),autoclave bay with chamber doors aligned in perspective,16:9 elevated three-quarter wide shot of the entire bay,warm-neutral catalog softboxes with clean speculars,no product close-up; full 16:9 laboratory landscape; compound identity via typography; optional distant labeled 10mL sterile crimp-seal vial — never macro,,V-CJC-001,CJC (no DAC),https://www.palmbeach-vitality.store/products/cjc,"LANDSCAPE FULL LAB SCENE (16:9 wide). Environment: autoclave bay with chamber doors aligned in perspective. Camera: 16:9 elevated three-quarter wide shot of the entire bay. Lighting: warm-neutral catalog softboxes with clean speculars. Show the entire research space. Product lock for captions/typography: CJC (no DAC) (V-CJC-001). Variant cycle 1. Never crop to a single object. SIGNAGE RULE: premium clean research lab only. No safety placards, no industrial alert graphics, no trefoil icons, no striped floor tape, no danger banners. Do not print alert words on walls, floors, labels, or posters. Only neutral room names and product typography.",Captions MUST be only about CJC (no DAC) (V-CJC-001) and https://www.palmbeach-vitality.store/products/cjc.,Active,57,
LS-LAB-058,vid_gen_landscape_scenes,16:9,lab_scene,LAB landscape 058 — CJC (no DAC)/Ipamorelin,water purification plant room adjacent to research labs,16:9 dolly-style hallway perspective into the lab,"high-key sterile white lighting, minimal shadows",no product close-up; full 16:9 laboratory landscape; compound identity via typography; optional distant labeled 10mL sterile crimp-seal vial — never macro,,V-CII-001,CJC (no DAC)/Ipamorelin,https://www.palmbeach-vitality.store/products/cjc-ipamorelin,"LANDSCAPE FULL LAB SCENE (16:9 wide). Environment: water purification plant room adjacent to research labs. Camera: 16:9 dolly-style hallway perspective into the lab. Lighting: high-key sterile white lighting, minimal shadows. Show the entire research space. Product lock for captions/typography: CJC (no DAC)/Ipamorelin (V-CII-001). Variant cycle 1. Never crop to a single object. SIGNAGE RULE: premium clean research lab only. No safety placards, no industrial alert graphics, no trefoil icons, no striped floor tape, no danger banners. Do not print alert words on walls, floors, labels, or posters. Only neutral room names and product typography.",Captions MUST be only about CJC (no DAC)/Ipamorelin (V-CII-001) and https://www.palmbeach-vitality.store/products/cjc-ipamorelin.,Active,58,
LS-LAB-059,vid_gen_landscape_scenes,16:9,lab_scene,LAB landscape 059 — GHK-Cu,gas manifold corridor with clean stainless piping runs,16:9 architectural wide shot showing ceiling utilities and floor plane,low-key dramatic instrument LEDs with controlled haze,no product close-up; full 16:9 laboratory landscape; compound identity via typography; optional distant labeled 10mL sterile crimp-seal vial — never macro,,V-GHK-001,GHK-Cu,https://www.palmbeach-vitality.store/products/ghk-cu,"LANDSCAPE FULL LAB SCENE (16:9 wide). Environment: gas manifold corridor with clean stainless piping runs. Camera: 16:9 architectural wide shot showing ceiling utilities and floor plane. Lighting: low-key dramatic instrument LEDs with controlled haze. Show the entire research space. Product lock for captions/typography: GHK-Cu (V-GHK-001). Variant cycle 1. Never crop to a single object. SIGNAGE RULE: premium clean research lab only. No safety placards, no industrial alert graphics, no trefoil icons, no striped floor tape, no danger banners. Do not print alert words on walls, floors, labels, or posters. Only neutral room names and product typography.",Captions MUST be only about GHK-Cu (V-GHK-001) and https://www.palmbeach-vitality.store/products/ghk-cu.,Active,59,
LS-LAB-060,vid_gen_landscape_scenes,16:9,lab_scene,LAB landscape 060 — BPC-157 / TB-500 / GHK-Cu,server-adjacent instrument data hall with quiet racks,16:9 medium-wide environmental shot with product as small mid-ground element,daylight through clerestory windows plus soft fill,no product close-up; full 16:9 laboratory landscape; compound identity via typography; optional distant labeled 10mL sterile crimp-seal vial — never macro,,V-GLO-001,BPC-157 / TB-500 / GHK-Cu,https://www.palmbeach-vitality.store/products/glow,"LANDSCAPE FULL LAB SCENE (16:9 wide). Environment: server-adjacent instrument data hall with quiet racks. Camera: 16:9 medium-wide environmental shot with product as small mid-ground element. Lighting: daylight through clerestory windows plus soft fill. Show the entire research space. Product lock for captions/typography: BPC-157 / TB-500 / GHK-Cu (V-GLO-001). Variant cycle 1. Never crop to a single object. SIGNAGE RULE: premium clean research lab only. No safety placards, no industrial alert graphics, no trefoil icons, no striped floor tape, no danger banners. Do not print alert words on walls, floors, labels, or posters. Only neutral room names and product typography.",Captions MUST be only about BPC-157 / TB-500 / GHK-Cu (V-GLO-001) and https://www.palmbeach-vitality.store/products/glow.,Active,60,
LS-LAB-061,vid_gen_landscape_scenes,16:9,lab_scene,LAB landscape 061 — Thymosin Alpha-1,raw-material weigh room with balance benches in a wide bay,"16:9 landscape establishing shot, 24mm equivalent, deep focus",cool cyan-blue biotech rim with soft overhead panels,no product close-up; full 16:9 laboratory landscape; compound identity via typography; optional distant labeled 10mL sterile crimp-seal vial — never macro,,V-TA1-001,Thymosin Alpha-1,https://www.palmbeach-vitality.store/products/ta-1,"LANDSCAPE FULL LAB SCENE (16:9 wide). Environment: raw-material weigh room with balance benches in a wide bay. Camera: 16:9 landscape establishing shot, 24mm equivalent, deep focus. Lighting: cool cyan-blue biotech rim with soft overhead panels. Show the entire research space. Product lock for captions/typography: Thymosin Alpha-1 (V-TA1-001). Variant cycle 1. Never crop to a single object. SIGNAGE RULE: premium clean research lab only. No safety placards, no industrial alert graphics, no trefoil icons, no striped floor tape, no danger banners. Do not print alert words on walls, floors, labels, or posters. Only neutral room names and product typography.",Captions MUST be only about Thymosin Alpha-1 (V-TA1-001) and https://www.palmbeach-vitality.store/products/ta-1.,Active,61,
LS-LAB-062,vid_gen_landscape_scenes,16:9,lab_scene,LAB landscape 062 — AOD-9604,dissolution apparatus room in catalog lighting,16:9 elevated three-quarter wide shot of the entire bay,warm-neutral catalog softboxes with clean speculars,no product close-up; full 16:9 laboratory landscape; compound identity via typography; optional distant labeled 10mL sterile crimp-seal vial — never macro,,V-AOD-001,AOD-9604,https://www.palmbeach-vitality.store/products/aod-9604,"LANDSCAPE FULL LAB SCENE (16:9 wide). Environment: dissolution apparatus room in catalog lighting. Camera: 16:9 elevated three-quarter wide shot of the entire bay. Lighting: warm-neutral catalog softboxes with clean speculars. Show the entire research space. Product lock for captions/typography: AOD-9604 (V-AOD-001). Variant cycle 1. Never crop to a single object. SIGNAGE RULE: premium clean research lab only. No safety placards, no industrial alert graphics, no trefoil icons, no striped floor tape, no danger banners. Do not print alert words on walls, floors, labels, or posters. Only neutral room names and product typography.",Captions MUST be only about AOD-9604 (V-AOD-001) and https://www.palmbeach-vitality.store/products/aod-9604.,Active,62,
LS-LAB-063,vid_gen_landscape_scenes,16:9,lab_scene,LAB landscape 063 — Melanotan 2,particle counter clean zone with soft white architecture,16:9 dolly-style hallway perspective into the lab,"high-key sterile white lighting, minimal shadows",no product close-up; full 16:9 laboratory landscape; compound identity via typography; optional distant labeled 10mL sterile crimp-seal vial — never macro,,V-MT2-001,Melanotan 2,https://www.palmbeach-vitality.store/products/melonotan,"LANDSCAPE FULL LAB SCENE (16:9 wide). Environment: particle counter clean zone with soft white architecture. Camera: 16:9 dolly-style hallway perspective into the lab. Lighting: high-key sterile white lighting, minimal shadows. Show the entire research space. Product lock for captions/typography: Melanotan 2 (V-MT2-001). Variant cycle 1. Never crop to a single object. SIGNAGE RULE: premium clean research lab only. No safety placards, no industrial alert graphics, no trefoil icons, no striped floor tape, no danger banners. Do not print alert words on walls, floors, labels, or posters. Only neutral room names and product typography.",Captions MUST be only about Melanotan 2 (V-MT2-001) and https://www.palmbeach-vitality.store/products/melonotan.,Active,63,
LS-LAB-064,vid_gen_landscape_scenes,16:9,lab_scene,LAB landscape 064 — Retatrutide,labeling and kitting room with organized shelf landscapes,16:9 architectural wide shot showing ceiling utilities and floor plane,low-key dramatic instrument LEDs with controlled haze,no product close-up; full 16:9 laboratory landscape; compound identity via typography; optional distant labeled 10mL sterile crimp-seal vial — never macro,,V-RET-001,Retatrutide,https://www.palmbeach-vitality.store/products/retatrutide,"LANDSCAPE FULL LAB SCENE (16:9 wide). Environment: labeling and kitting room with organized shelf landscapes. Camera: 16:9 architectural wide shot showing ceiling utilities and floor plane. Lighting: low-key dramatic instrument LEDs with controlled haze. Show the entire research space. Product lock for captions/typography: Retatrutide (V-RET-001). Variant cycle 1. Never crop to a single object. SIGNAGE RULE: premium clean research lab only. No safety placards, no industrial alert graphics, no trefoil icons, no striped floor tape, no danger banners. Do not print alert words on walls, floors, labels, or posters. Only neutral room names and product typography.",Captions MUST be only about Retatrutide (V-RET-001) and https://www.palmbeach-vitality.store/products/retatrutide.,Active,64,
LS-LAB-065,vid_gen_landscape_scenes,16:9,lab_scene,LAB landscape 065 — Tirzepatide,retain sample archive hall with rolling shelving,16:9 medium-wide environmental shot with product as small mid-ground element,daylight through clerestory windows plus soft fill,no product close-up; full 16:9 laboratory landscape; compound identity via typography; optional distant labeled 10mL sterile crimp-seal vial — never macro,,V-TIR-001,Tirzepatide,https://www.palmbeach-vitality.store/products/tirzepatide,"LANDSCAPE FULL LAB SCENE (16:9 wide). Environment: retain sample archive hall with rolling shelving. Camera: 16:9 medium-wide environmental shot with product as small mid-ground element. Lighting: daylight through clerestory windows plus soft fill. Show the entire research space. Product lock for captions/typography: Tirzepatide (V-TIR-001). Variant cycle 1. Never crop to a single object. SIGNAGE RULE: premium clean research lab only. No safety placards, no industrial alert graphics, no trefoil icons, no striped floor tape, no danger banners. Do not print alert words on walls, floors, labels, or posters. Only neutral room names and product typography.",Captions MUST be only about Tirzepatide (V-TIR-001) and https://www.palmbeach-vitality.store/products/tirzepatide.,Active,65,
LS-LAB-066,vid_gen_landscape_scenes,16:9,lab_scene,LAB landscape 066 — Semaglutide,solvent cabinet alley with reflective epoxy floor,"16:9 landscape establishing shot, 24mm equivalent, deep focus",cool cyan-blue biotech rim with soft overhead panels,no product close-up; full 16:9 laboratory landscape; compound identity via typography; optional distant labeled 10mL sterile crimp-seal vial — never macro,,V-SEM-001,Semaglutide,https://www.palmbeach-vitality.store/products/semaglutide,"LANDSCAPE FULL LAB SCENE (16:9 wide). Environment: solvent cabinet alley with reflective epoxy floor. Camera: 16:9 landscape establishing shot, 24mm equivalent, deep focus. Lighting: cool cyan-blue biotech rim with soft overhead panels. Show the entire research space. Product lock for captions/typography: Semaglutide (V-SEM-001). Variant cycle 1. Never crop to a single object. SIGNAGE RULE: premium clean research lab only. No safety placards, no industrial alert graphics, no trefoil icons, no striped floor tape, no danger banners. Do not print alert words on walls, floors, labels, or posters. Only neutral room names and product typography.",Captions MUST be only about Semaglutide (V-SEM-001) and https://www.palmbeach-vitality.store/products/semaglutide.,Active,66,
LS-LAB-067,vid_gen_landscape_scenes,16:9,lab_scene,LAB landscape 067 — KPV / BPC-157 / TB-500 / GHK-Cu,gowning corridor looking into a bright sterile bay,16:9 elevated three-quarter wide shot of the entire bay,warm-neutral catalog softboxes with clean speculars,no product close-up; full 16:9 laboratory landscape; compound identity via typography; optional distant labeled 10mL sterile crimp-seal vial — never macro,,P-KLO-001,KPV / BPC-157 / TB-500 / GHK-Cu,https://www.palmbeach-vitality.store/products/klow-pen,"LANDSCAPE FULL LAB SCENE (16:9 wide). Environment: gowning corridor looking into a bright sterile bay. Camera: 16:9 elevated three-quarter wide shot of the entire bay. Lighting: warm-neutral catalog softboxes with clean speculars. Show the entire research space. Product lock for captions/typography: KPV / BPC-157 / TB-500 / GHK-Cu (P-KLO-001). Variant cycle 1. Never crop to a single object. SIGNAGE RULE: premium clean research lab only. No safety placards, no industrial alert graphics, no trefoil icons, no striped floor tape, no danger banners. Do not print alert words on walls, floors, labels, or posters. Only neutral room names and product typography.",Captions MUST be only about KPV / BPC-157 / TB-500 / GHK-Cu (P-KLO-001) and https://www.palmbeach-vitality.store/products/klow-pen.,Active,67,
LS-LAB-068,vid_gen_landscape_scenes,16:9,lab_scene,LAB landscape 068 — MOTS-C,pass-box wall landscape between gray and white zones,16:9 dolly-style hallway perspective into the lab,"high-key sterile white lighting, minimal shadows",no product close-up; full 16:9 laboratory landscape; compound identity via typography; optional distant labeled 10mL sterile crimp-seal vial — never macro,,P-MOT-001,MOTS-C,https://www.palmbeach-vitality.store/products/mots-c,"LANDSCAPE FULL LAB SCENE (16:9 wide). Environment: pass-box wall landscape between gray and white zones. Camera: 16:9 dolly-style hallway perspective into the lab. Lighting: high-key sterile white lighting, minimal shadows. Show the entire research space. Product lock for captions/typography: MOTS-C (P-MOT-001). Variant cycle 1. Never crop to a single object. SIGNAGE RULE: premium clean research lab only. No safety placards, no industrial alert graphics, no trefoil icons, no striped floor tape, no danger banners. Do not print alert words on walls, floors, labels, or posters. Only neutral room names and product typography.",Captions MUST be only about MOTS-C (P-MOT-001) and https://www.palmbeach-vitality.store/products/mots-c.,Active,68,
LS-LAB-069,vid_gen_landscape_scenes,16:9,lab_scene,LAB landscape 069 — NAD+,HVAC chase balcony overlooking the main lab floor,16:9 architectural wide shot showing ceiling utilities and floor plane,low-key dramatic instrument LEDs with controlled haze,no product close-up; full 16:9 laboratory landscape; compound identity via typography; optional distant labeled 10mL sterile crimp-seal vial — never macro,,P-NAD-001,NAD+,https://www.palmbeach-vitality.store/products/nad-pen-500mg,"LANDSCAPE FULL LAB SCENE (16:9 wide). Environment: HVAC chase balcony overlooking the main lab floor. Camera: 16:9 architectural wide shot showing ceiling utilities and floor plane. Lighting: low-key dramatic instrument LEDs with controlled haze. Show the entire research space. Product lock for captions/typography: NAD+ (P-NAD-001). Variant cycle 1. Never crop to a single object. SIGNAGE RULE: premium clean research lab only. No safety placards, no industrial alert graphics, no trefoil icons, no striped floor tape, no danger banners. Do not print alert words on walls, floors, labels, or posters. Only neutral room names and product typography.",Captions MUST be only about NAD+ (P-NAD-001) and https://www.palmbeach-vitality.store/products/nad-pen-500mg.,Active,69,
LS-LAB-070,vid_gen_landscape_scenes,16:9,lab_scene,LAB landscape 070 — PT-141,loading dock lab receiving bay converted to clean staging,16:9 medium-wide environmental shot with product as small mid-ground element,daylight through clerestory windows plus soft fill,no product close-up; full 16:9 laboratory landscape; compound identity via typography; optional distant labeled 10mL sterile crimp-seal vial — never macro,,P-PT1-001,PT-141,https://www.palmbeach-vitality.store/products/pt-141-pen,"LANDSCAPE FULL LAB SCENE (16:9 wide). Environment: loading dock lab receiving bay converted to clean staging. Camera: 16:9 medium-wide environmental shot with product as small mid-ground element. Lighting: daylight through clerestory windows plus soft fill. Show the entire research space. Product lock for captions/typography: PT-141 (P-PT1-001). Variant cycle 1. Never crop to a single object. SIGNAGE RULE: premium clean research lab only. No safety placards, no industrial alert graphics, no trefoil icons, no striped floor tape, no danger banners. Do not print alert words on walls, floors, labels, or posters. Only neutral room names and product typography.",Captions MUST be only about PT-141 (P-PT1-001) and https://www.palmbeach-vitality.store/products/pt-141-pen.,Active,70,
LS-LAB-071,vid_gen_landscape_scenes,16:9,lab_scene,LAB landscape 071 — Semax,multi-level lab with stairs and glass rails (empty),"16:9 landscape establishing shot, 24mm equivalent, deep focus",cool cyan-blue biotech rim with soft overhead panels,no product close-up; full 16:9 laboratory landscape; compound identity via typography; optional distant labeled 10mL sterile crimp-seal vial — never macro,,P-SMX-001,Semax,https://www.palmbeach-vitality.store/products/semax-pen,"LANDSCAPE FULL LAB SCENE (16:9 wide). Environment: multi-level lab with stairs and glass rails (empty). Camera: 16:9 landscape establishing shot, 24mm equivalent, deep focus. Lighting: cool cyan-blue biotech rim with soft overhead panels. Show the entire research space. Product lock for captions/typography: Semax (P-SMX-001). Variant cycle 1. Never crop to a single object. SIGNAGE RULE: premium clean research lab only. No safety placards, no industrial alert graphics, no trefoil icons, no striped floor tape, no danger banners. Do not print alert words on walls, floors, labels, or posters. Only neutral room names and product typography.",Captions MUST be only about Semax (P-SMX-001) and https://www.palmbeach-vitality.store/products/semax-pen.,Active,71,
LS-LAB-072,vid_gen_landscape_scenes,16:9,lab_scene,LAB landscape 072 — Selank,circular airlock cluster in a radial lab plan,16:9 elevated three-quarter wide shot of the entire bay,warm-neutral catalog softboxes with clean speculars,no product close-up; full 16:9 laboratory landscape; compound identity via typography; optional distant labeled 10mL sterile crimp-seal vial — never macro,,P-SEL-001,Selank,https://www.palmbeach-vitality.store/products/selank-pen,"LANDSCAPE FULL LAB SCENE (16:9 wide). Environment: circular airlock cluster in a radial lab plan. Camera: 16:9 elevated three-quarter wide shot of the entire bay. Lighting: warm-neutral catalog softboxes with clean speculars. Show the entire research space. Product lock for captions/typography: Selank (P-SEL-001). Variant cycle 1. Never crop to a single object. SIGNAGE RULE: premium clean research lab only. No safety placards, no industrial alert graphics, no trefoil icons, no striped floor tape, no danger banners. Do not print alert words on walls, floors, labels, or posters. Only neutral room names and product typography.",Captions MUST be only about Selank (P-SEL-001) and https://www.palmbeach-vitality.store/products/selank-pen.,Active,72,
LS-LAB-073,vid_gen_landscape_scenes,16:9,lab_scene,LAB landscape 073 — Sermorelin,long HPLC farm in a single vanishing-point shot,16:9 dolly-style hallway perspective into the lab,"high-key sterile white lighting, minimal shadows",no product close-up; full 16:9 laboratory landscape; compound identity via typography; optional distant labeled 10mL sterile crimp-seal vial — never macro,,P-SER-001,Sermorelin,https://www.palmbeach-vitality.store/products/sermorelin-pen,"LANDSCAPE FULL LAB SCENE (16:9 wide). Environment: long HPLC farm in a single vanishing-point shot. Camera: 16:9 dolly-style hallway perspective into the lab. Lighting: high-key sterile white lighting, minimal shadows. Show the entire research space. Product lock for captions/typography: Sermorelin (P-SER-001). Variant cycle 1. Never crop to a single object. SIGNAGE RULE: premium clean research lab only. No safety placards, no industrial alert graphics, no trefoil icons, no striped floor tape, no danger banners. Do not print alert words on walls, floors, labels, or posters. Only neutral room names and product typography.",Captions MUST be only about Sermorelin (P-SER-001) and https://www.palmbeach-vitality.store/products/sermorelin-pen.,Active,73,
LS-LAB-074,vid_gen_landscape_scenes,16:9,lab_scene,LAB landscape 074 — Thymosin Alpha-1,mass-spec bank room with cable arms and chillers,16:9 architectural wide shot showing ceiling utilities and floor plane,low-key dramatic instrument LEDs with controlled haze,no product close-up; full 16:9 laboratory landscape; compound identity via typography; optional distant labeled 10mL sterile crimp-seal vial — never macro,,P-TA1-001,Thymosin Alpha-1,https://www.palmbeach-vitality.store/products/ta-2,"LANDSCAPE FULL LAB SCENE (16:9 wide). Environment: mass-spec bank room with cable arms and chillers. Camera: 16:9 architectural wide shot showing ceiling utilities and floor plane. Lighting: low-key dramatic instrument LEDs with controlled haze. Show the entire research space. Product lock for captions/typography: Thymosin Alpha-1 (P-TA1-001). Variant cycle 1. Never crop to a single object. SIGNAGE RULE: premium clean research lab only. No safety placards, no industrial alert graphics, no trefoil icons, no striped floor tape, no danger banners. Do not print alert words on walls, floors, labels, or posters. Only neutral room names and product typography.",Captions MUST be only about Thymosin Alpha-1 (P-TA1-001) and https://www.palmbeach-vitality.store/products/ta-2.,Active,74,
LS-LAB-075,vid_gen_landscape_scenes,16:9,lab_scene,LAB landscape 075 — Tesamorelin,incubator wall landscape with glass doors,16:9 medium-wide environmental shot with product as small mid-ground element,daylight through clerestory windows plus soft fill,no product close-up; full 16:9 laboratory landscape; compound identity via typography; optional distant labeled 10mL sterile crimp-seal vial — never macro,,P-TES-001,Tesamorelin,https://www.palmbeach-vitality.store/products/tesamorelin-30mg-pen,"LANDSCAPE FULL LAB SCENE (16:9 wide). Environment: incubator wall landscape with glass doors. Camera: 16:9 medium-wide environmental shot with product as small mid-ground element. Lighting: daylight through clerestory windows plus soft fill. Show the entire research space. Product lock for captions/typography: Tesamorelin (P-TES-001). Variant cycle 1. Never crop to a single object. SIGNAGE RULE: premium clean research lab only. No safety placards, no industrial alert graphics, no trefoil icons, no striped floor tape, no danger banners. Do not print alert words on walls, floors, labels, or posters. Only neutral room names and product typography.",Captions MUST be only about Tesamorelin (P-TES-001) and https://www.palmbeach-vitality.store/products/tesamorelin-30mg-pen.,Active,75,
LS-LAB-076,vid_gen_landscape_scenes,16:9,lab_scene,LAB landscape 076 — Tesamorelin/Ipamorelin,centrifuge suite with machines in a disciplined row,"16:9 landscape establishing shot, 24mm equivalent, deep focus",cool cyan-blue biotech rim with soft overhead panels,no product close-up; full 16:9 laboratory landscape; compound identity via typography; optional distant labeled 10mL sterile crimp-seal vial — never macro,,P-TEI-001,Tesamorelin/Ipamorelin,https://www.palmbeach-vitality.store/products/tesamorelin-ipamorelin-pen,"LANDSCAPE FULL LAB SCENE (16:9 wide). Environment: centrifuge suite with machines in a disciplined row. Camera: 16:9 landscape establishing shot, 24mm equivalent, deep focus. Lighting: cool cyan-blue biotech rim with soft overhead panels. Show the entire research space. Product lock for captions/typography: Tesamorelin/Ipamorelin (P-TEI-001). Variant cycle 1. Never crop to a single object. SIGNAGE RULE: premium clean research lab only. No safety placards, no industrial alert graphics, no trefoil icons, no striped floor tape, no danger banners. Do not print alert words on walls, floors, labels, or posters. Only neutral room names and product typography.",Captions MUST be only about Tesamorelin/Ipamorelin (P-TEI-001) and https://www.palmbeach-vitality.store/products/tesamorelin-ipamorelin-pen.,Active,76,
LS-LAB-077,vid_gen_landscape_scenes,16:9,lab_scene,LAB landscape 077 — BPC-157,microscopy corridor with darkened side rooms,16:9 elevated three-quarter wide shot of the entire bay,warm-neutral catalog softboxes with clean speculars,no product close-up; full 16:9 laboratory landscape; compound identity via typography; optional distant labeled 10mL sterile crimp-seal vial — never macro,,P-BPC-001,BPC-157,https://www.palmbeach-vitality.store/products/bpc-157-pen,"LANDSCAPE FULL LAB SCENE (16:9 wide). Environment: microscopy corridor with darkened side rooms. Camera: 16:9 elevated three-quarter wide shot of the entire bay. Lighting: warm-neutral catalog softboxes with clean speculars. Show the entire research space. Product lock for captions/typography: BPC-157 (P-BPC-001). Variant cycle 1. Never crop to a single object. SIGNAGE RULE: premium clean research lab only. No safety placards, no industrial alert graphics, no trefoil icons, no striped floor tape, no danger banners. Do not print alert words on walls, floors, labels, or posters. Only neutral room names and product typography.",Captions MUST be only about BPC-157 (P-BPC-001) and https://www.palmbeach-vitality.store/products/bpc-157-pen.,Active,77,
LS-LAB-078,vid_gen_landscape_scenes,16:9,lab_scene,LAB landscape 078 — BPC-157 / TB-500,chemical fume hood line in a wide chemistry bay,16:9 dolly-style hallway perspective into the lab,"high-key sterile white lighting, minimal shadows",no product close-up; full 16:9 laboratory landscape; compound identity via typography; optional distant labeled 10mL sterile crimp-seal vial — never macro,,P-WOL-001,BPC-157 / TB-500,https://www.palmbeach-vitality.store/products/wolverine-pen,"LANDSCAPE FULL LAB SCENE (16:9 wide). Environment: chemical fume hood line in a wide chemistry bay. Camera: 16:9 dolly-style hallway perspective into the lab. Lighting: high-key sterile white lighting, minimal shadows. Show the entire research space. Product lock for captions/typography: BPC-157 / TB-500 (P-WOL-001). Variant cycle 1. Never crop to a single object. SIGNAGE RULE: premium clean research lab only. No safety placards, no industrial alert graphics, no trefoil icons, no striped floor tape, no danger banners. Do not print alert words on walls, floors, labels, or posters. Only neutral room names and product typography.",Captions MUST be only about BPC-157 / TB-500 (P-WOL-001) and https://www.palmbeach-vitality.store/products/wolverine-pen.,Active,78,
LS-LAB-079,vid_gen_landscape_scenes,16:9,lab_scene,LAB landscape 079 — CJC (no DAC)/Ipamorelin,balance room with anti-vibration tables repeating,16:9 architectural wide shot showing ceiling utilities and floor plane,low-key dramatic instrument LEDs with controlled haze,no product close-up; full 16:9 laboratory landscape; compound identity via typography; optional distant labeled 10mL sterile crimp-seal vial — never macro,,P-CII-001,CJC (no DAC)/Ipamorelin,https://www.palmbeach-vitality.store/products/cjc-ipamorelin-1,"LANDSCAPE FULL LAB SCENE (16:9 wide). Environment: balance room with anti-vibration tables repeating. Camera: 16:9 architectural wide shot showing ceiling utilities and floor plane. Lighting: low-key dramatic instrument LEDs with controlled haze. Show the entire research space. Product lock for captions/typography: CJC (no DAC)/Ipamorelin (P-CII-001). Variant cycle 1. Never crop to a single object. SIGNAGE RULE: premium clean research lab only. No safety placards, no industrial alert graphics, no trefoil icons, no striped floor tape, no danger banners. Do not print alert words on walls, floors, labels, or posters. Only neutral room names and product typography.",Captions MUST be only about CJC (no DAC)/Ipamorelin (P-CII-001) and https://www.palmbeach-vitality.store/products/cjc-ipamorelin-1.,Active,79,
LS-LAB-080,vid_gen_landscape_scenes,16:9,lab_scene,LAB landscape 080 — DSIP,buffer prep hall with mixing tanks mid-ground,16:9 medium-wide environmental shot with product as small mid-ground element,daylight through clerestory windows plus soft fill,no product close-up; full 16:9 laboratory landscape; compound identity via typography; optional distant labeled 10mL sterile crimp-seal vial — never macro,,P-DSI-001,DSIP,https://www.palmbeach-vitality.store/products/dsip-pen,"LANDSCAPE FULL LAB SCENE (16:9 wide). Environment: buffer prep hall with mixing tanks mid-ground. Camera: 16:9 medium-wide environmental shot with product as small mid-ground element. Lighting: daylight through clerestory windows plus soft fill. Show the entire research space. Product lock for captions/typography: DSIP (P-DSI-001). Variant cycle 1. Never crop to a single object. SIGNAGE RULE: premium clean research lab only. No safety placards, no industrial alert graphics, no trefoil icons, no striped floor tape, no danger banners. Do not print alert words on walls, floors, labels, or posters. Only neutral room names and product typography.",Captions MUST be only about DSIP (P-DSI-001) and https://www.palmbeach-vitality.store/products/dsip-pen.,Active,80,
LS-LAB-081,vid_gen_landscape_scenes,16:9,lab_scene,LAB landscape 081 — GHK-Cu,filtration skid gallery in polished stainless,"16:9 landscape establishing shot, 24mm equivalent, deep focus",cool cyan-blue biotech rim with soft overhead panels,no product close-up; full 16:9 laboratory landscape; compound identity via typography; optional distant labeled 10mL sterile crimp-seal vial — never macro,,P-GHK-001,GHK-Cu,https://www.palmbeach-vitality.store/products/ghk-cu-pen,"LANDSCAPE FULL LAB SCENE (16:9 wide). Environment: filtration skid gallery in polished stainless. Camera: 16:9 landscape establishing shot, 24mm equivalent, deep focus. Lighting: cool cyan-blue biotech rim with soft overhead panels. Show the entire research space. Product lock for captions/typography: GHK-Cu (P-GHK-001). Variant cycle 1. Never crop to a single object. SIGNAGE RULE: premium clean research lab only. No safety placards, no industrial alert graphics, no trefoil icons, no striped floor tape, no danger banners. Do not print alert words on walls, floors, labels, or posters. Only neutral room names and product typography.",Captions MUST be only about GHK-Cu (P-GHK-001) and https://www.palmbeach-vitality.store/products/ghk-cu-pen.,Active,81,
LS-LAB-082,vid_gen_landscape_scenes,16:9,lab_scene,LAB landscape 082 — 5-Amino-1MQ,cryogenic Dewar storage alcove in a wide vault,16:9 elevated three-quarter wide shot of the entire bay,warm-neutral catalog softboxes with clean speculars,no product close-up; full 16:9 laboratory landscape; compound identity via typography; optional distant labeled 10mL sterile crimp-seal vial — never macro,,P-5AM-001,5-Amino-1MQ,https://www.palmbeach-vitality.store/products/5-amino-mq-pen,"LANDSCAPE FULL LAB SCENE (16:9 wide). Environment: cryogenic Dewar storage alcove in a wide vault. Camera: 16:9 elevated three-quarter wide shot of the entire bay. Lighting: warm-neutral catalog softboxes with clean speculars. Show the entire research space. Product lock for captions/typography: 5-Amino-1MQ (P-5AM-001). Variant cycle 1. Never crop to a single object. SIGNAGE RULE: premium clean research lab only. No safety placards, no industrial alert graphics, no trefoil icons, no striped floor tape, no danger banners. Do not print alert words on walls, floors, labels, or posters. Only neutral room names and product typography.",Captions MUST be only about 5-Amino-1MQ (P-5AM-001) and https://www.palmbeach-vitality.store/products/5-amino-mq-pen.,Active,82,
LS-LAB-083,vid_gen_landscape_scenes,16:9,lab_scene,LAB landscape 083 — BPC-157 / TB-500 / GHK-Cu,clean steam generator plant adjacent to labs,16:9 dolly-style hallway perspective into the lab,"high-key sterile white lighting, minimal shadows",no product close-up; full 16:9 laboratory landscape; compound identity via typography; optional distant labeled 10mL sterile crimp-seal vial — never macro,,P-GLO-001,BPC-157 / TB-500 / GHK-Cu,https://www.palmbeach-vitality.store/products/glow-pen,"LANDSCAPE FULL LAB SCENE (16:9 wide). Environment: clean steam generator plant adjacent to labs. Camera: 16:9 dolly-style hallway perspective into the lab. Lighting: high-key sterile white lighting, minimal shadows. Show the entire research space. Product lock for captions/typography: BPC-157 / TB-500 / GHK-Cu (P-GLO-001). Variant cycle 1. Never crop to a single object. SIGNAGE RULE: premium clean research lab only. No safety placards, no industrial alert graphics, no trefoil icons, no striped floor tape, no danger banners. Do not print alert words on walls, floors, labels, or posters. Only neutral room names and product typography.",Captions MUST be only about BPC-157 / TB-500 / GHK-Cu (P-GLO-001) and https://www.palmbeach-vitality.store/products/glow-pen.,Active,83,
LS-LAB-084,vid_gen_landscape_scenes,16:9,lab_scene,LAB landscape 084 — SS-31,WFI loop corridor with polished tube runs,16:9 architectural wide shot showing ceiling utilities and floor plane,low-key dramatic instrument LEDs with controlled haze,no product close-up; full 16:9 laboratory landscape; compound identity via typography; optional distant labeled 10mL sterile crimp-seal vial — never macro,,P-SS3-001,SS-31,https://www.palmbeach-vitality.store/products/ss-31-pen,"LANDSCAPE FULL LAB SCENE (16:9 wide). Environment: WFI loop corridor with polished tube runs. Camera: 16:9 architectural wide shot showing ceiling utilities and floor plane. Lighting: low-key dramatic instrument LEDs with controlled haze. Show the entire research space. Product lock for captions/typography: SS-31 (P-SS3-001). Variant cycle 1. Never crop to a single object. SIGNAGE RULE: premium clean research lab only. No safety placards, no industrial alert graphics, no trefoil icons, no striped floor tape, no danger banners. Do not print alert words on walls, floors, labels, or posters. Only neutral room names and product typography.",Captions MUST be only about SS-31 (P-SS3-001) and https://www.palmbeach-vitality.store/products/ss-31-pen.,Active,84,
LS-LAB-085,vid_gen_landscape_scenes,16:9,lab_scene,LAB landscape 085 — KPV,environmental monitoring station landscape,16:9 medium-wide environmental shot with product as small mid-ground element,daylight through clerestory windows plus soft fill,no product close-up; full 16:9 laboratory landscape; compound identity via typography; optional distant labeled 10mL sterile crimp-seal vial — never macro,,P-KPV-001,KPV,https://www.palmbeach-vitality.store/products/kpv,"LANDSCAPE FULL LAB SCENE (16:9 wide). Environment: environmental monitoring station landscape. Camera: 16:9 medium-wide environmental shot with product as small mid-ground element. Lighting: daylight through clerestory windows plus soft fill. Show the entire research space. Product lock for captions/typography: KPV (P-KPV-001). Variant cycle 1. Never crop to a single object. SIGNAGE RULE: premium clean research lab only. No safety placards, no industrial alert graphics, no trefoil icons, no striped floor tape, no danger banners. Do not print alert words on walls, floors, labels, or posters. Only neutral room names and product typography.",Captions MUST be only about KPV (P-KPV-001) and https://www.palmbeach-vitality.store/products/kpv.,Active,85,
LS-LAB-086,vid_gen_landscape_scenes,16:9,lab_scene,LAB landscape 086 — Semaglutide,document control window looking into the lab (no people),"16:9 landscape establishing shot, 24mm equivalent, deep focus",cool cyan-blue biotech rim with soft overhead panels,no product close-up; full 16:9 laboratory landscape; compound identity via typography; optional distant labeled 10mL sterile crimp-seal vial — never macro,,P-SEM-001,Semaglutide,https://www.palmbeach-vitality.store/products/semaglutide-1-5mg-pen,"LANDSCAPE FULL LAB SCENE (16:9 wide). Environment: document control window looking into the lab (no people). Camera: 16:9 landscape establishing shot, 24mm equivalent, deep focus. Lighting: cool cyan-blue biotech rim with soft overhead panels. Show the entire research space. Product lock for captions/typography: Semaglutide (P-SEM-001). Variant cycle 1. Never crop to a single object. SIGNAGE RULE: premium clean research lab only. No safety placards, no industrial alert graphics, no trefoil icons, no striped floor tape, no danger banners. Do not print alert words on walls, floors, labels, or posters. Only neutral room names and product typography.",Captions MUST be only about Semaglutide (P-SEM-001) and https://www.palmbeach-vitality.store/products/semaglutide-1-5mg-pen.,Active,86,
LS-LAB-087,vid_gen_landscape_scenes,16:9,lab_scene,LAB landscape 087 — Tirzepatide,shift-handoff empty bullpen with monitors idle,16:9 elevated three-quarter wide shot of the entire bay,warm-neutral catalog softboxes with clean speculars,no product close-up; full 16:9 laboratory landscape; compound identity via typography; optional distant labeled 10mL sterile crimp-seal vial — never macro,,P-TIR-001,Tirzepatide,https://www.palmbeach-vitality.store/products/tirzepatide-10mg-pen,"LANDSCAPE FULL LAB SCENE (16:9 wide). Environment: shift-handoff empty bullpen with monitors idle. Camera: 16:9 elevated three-quarter wide shot of the entire bay. Lighting: warm-neutral catalog softboxes with clean speculars. Show the entire research space. Product lock for captions/typography: Tirzepatide (P-TIR-001). Variant cycle 1. Never crop to a single object. SIGNAGE RULE: premium clean research lab only. No safety placards, no industrial alert graphics, no trefoil icons, no striped floor tape, no danger banners. Do not print alert words on walls, floors, labels, or posters. Only neutral room names and product typography.",Captions MUST be only about Tirzepatide (P-TIR-001) and https://www.palmbeach-vitality.store/products/tirzepatide-10mg-pen.,Active,87,
LS-LAB-088,vid_gen_landscape_scenes,16:9,lab_scene,LAB landscape 088 — Retatrutide,glassware kiln / dry heat room exterior corridor,16:9 dolly-style hallway perspective into the lab,"high-key sterile white lighting, minimal shadows",no product close-up; full 16:9 laboratory landscape; compound identity via typography; optional distant labeled 10mL sterile crimp-seal vial — never macro,,P-RET-001,Retatrutide,https://www.palmbeach-vitality.store/products/retatrutride-8mg-pen,"LANDSCAPE FULL LAB SCENE (16:9 wide). Environment: glassware kiln / dry heat room exterior corridor. Camera: 16:9 dolly-style hallway perspective into the lab. Lighting: high-key sterile white lighting, minimal shadows. Show the entire research space. Product lock for captions/typography: Retatrutide (P-RET-001). Variant cycle 1. Never crop to a single object. SIGNAGE RULE: premium clean research lab only. No safety placards, no industrial alert graphics, no trefoil icons, no striped floor tape, no danger banners. Do not print alert words on walls, floors, labels, or posters. Only neutral room names and product typography.",Captions MUST be only about Retatrutide (P-RET-001) and https://www.palmbeach-vitality.store/products/retatrutride-8mg-pen.,Active,88,
LS-LAB-089,vid_gen_landscape_scenes,16:9,lab_scene,LAB landscape 089 — KPV / BPC-157 / TB-500 / GHK-Cu,spill-free epoxy floor expanse reflecting overhead lights,16:9 architectural wide shot showing ceiling utilities and floor plane,low-key dramatic instrument LEDs with controlled haze,no product close-up; full 16:9 laboratory landscape; compound identity via typography; optional distant labeled 10mL sterile crimp-seal vial — never macro,,V-KLO-001,KPV / BPC-157 / TB-500 / GHK-Cu,https://www.palmbeach-vitality.store/products/klow-kpv-bpc-157-tb-500-ghk,"LANDSCAPE FULL LAB SCENE (16:9 wide). Environment: spill-free epoxy floor expanse reflecting overhead lights. Camera: 16:9 architectural wide shot showing ceiling utilities and floor plane. Lighting: low-key dramatic instrument LEDs with controlled haze. Show the entire research space. Product lock for captions/typography: KPV / BPC-157 / TB-500 / GHK-Cu (V-KLO-001). Variant cycle 1. Never crop to a single object. SIGNAGE RULE: premium clean research lab only. No safety placards, no industrial alert graphics, no trefoil icons, no striped floor tape, no danger banners. Do not print alert words on walls, floors, labels, or posters. Only neutral room names and product typography.",Captions MUST be only about KPV / BPC-157 / TB-500 / GHK-Cu (V-KLO-001) and https://www.palmbeach-vitality.store/products/klow-kpv-bpc-157-tb-500-ghk.,Active,89,
LS-LAB-090,vid_gen_landscape_scenes,16:9,lab_scene,LAB landscape 090 — MOTS-C,mezzanine looking down on a synthesis theater,16:9 medium-wide environmental shot with product as small mid-ground element,daylight through clerestory windows plus soft fill,no product close-up; full 16:9 laboratory landscape; compound identity via typography; optional distant labeled 10mL sterile crimp-seal vial — never macro,,V-MOT-001,MOTS-C,https://www.palmbeach-vitality.store/products/mots-c-10mg-5ml-vial,"LANDSCAPE FULL LAB SCENE (16:9 wide). Environment: mezzanine looking down on a synthesis theater. Camera: 16:9 medium-wide environmental shot with product as small mid-ground element. Lighting: daylight through clerestory windows plus soft fill. Show the entire research space. Product lock for captions/typography: MOTS-C (V-MOT-001). Variant cycle 1. Never crop to a single object. SIGNAGE RULE: premium clean research lab only. No safety placards, no industrial alert graphics, no trefoil icons, no striped floor tape, no danger banners. Do not print alert words on walls, floors, labels, or posters. Only neutral room names and product typography.",Captions MUST be only about MOTS-C (V-MOT-001) and https://www.palmbeach-vitality.store/products/mots-c-10mg-5ml-vial.,Active,90,
LS-LAB-091,vid_gen_landscape_scenes,16:9,lab_scene,LAB landscape 091 — NAD+,catalog hero stage: full lab built for 16:9 cinema framing,"16:9 landscape establishing shot, 24mm equivalent, deep focus",cool cyan-blue biotech rim with soft overhead panels,no product close-up; full 16:9 laboratory landscape; compound identity via typography; optional distant labeled 10mL sterile crimp-seal vial — never macro,,V-NAD-001,NAD+,https://www.palmbeach-vitality.store/products/nad-1,"LANDSCAPE FULL LAB SCENE (16:9 wide). Environment: catalog hero stage: full lab built for 16:9 cinema framing. Camera: 16:9 landscape establishing shot, 24mm equivalent, deep focus. Lighting: cool cyan-blue biotech rim with soft overhead panels. Show the entire research space. Product lock for captions/typography: NAD+ (V-NAD-001). Variant cycle 1. Never crop to a single object. SIGNAGE RULE: premium clean research lab only. No safety placards, no industrial alert graphics, no trefoil icons, no striped floor tape, no danger banners. Do not print alert words on walls, floors, labels, or posters. Only neutral room names and product typography.",Captions MUST be only about NAD+ (V-NAD-001) and https://www.palmbeach-vitality.store/products/nad-1.,Active,91,
LS-LAB-092,vid_gen_landscape_scenes,16:9,lab_scene,LAB landscape 092 — PT-141,twin laminar hoods facing a wide sterile aisle,16:9 elevated three-quarter wide shot of the entire bay,warm-neutral catalog softboxes with clean speculars,no product close-up; full 16:9 laboratory landscape; compound identity via typography; optional distant labeled 10mL sterile crimp-seal vial — never macro,,V-PT1-001,PT-141,https://www.palmbeach-vitality.store/products/pt-141,"LANDSCAPE FULL LAB SCENE (16:9 wide). Environment: twin laminar hoods facing a wide sterile aisle. Camera: 16:9 elevated three-quarter wide shot of the entire bay. Lighting: warm-neutral catalog softboxes with clean speculars. Show the entire research space. Product lock for captions/typography: PT-141 (V-PT1-001). Variant cycle 1. Never crop to a single object. SIGNAGE RULE: premium clean research lab only. No safety placards, no industrial alert graphics, no trefoil icons, no striped floor tape, no danger banners. Do not print alert words on walls, floors, labels, or posters. Only neutral room names and product typography.",Captions MUST be only about PT-141 (V-PT1-001) and https://www.palmbeach-vitality.store/products/pt-141.,Active,92,
LS-LAB-093,vid_gen_landscape_scenes,16:9,lab_scene,LAB landscape 093 — Selank,vial rack farm on carts arranged in landscape depth,16:9 dolly-style hallway perspective into the lab,"high-key sterile white lighting, minimal shadows",no product close-up; full 16:9 laboratory landscape; compound identity via typography; optional distant labeled 10mL sterile crimp-seal vial — never macro,,V-SEL-001,Selank,https://www.palmbeach-vitality.store/products/selank,"LANDSCAPE FULL LAB SCENE (16:9 wide). Environment: vial rack farm on carts arranged in landscape depth. Camera: 16:9 dolly-style hallway perspective into the lab. Lighting: high-key sterile white lighting, minimal shadows. Show the entire research space. Product lock for captions/typography: Selank (V-SEL-001). Variant cycle 1. Never crop to a single object. SIGNAGE RULE: premium clean research lab only. No safety placards, no industrial alert graphics, no trefoil icons, no striped floor tape, no danger banners. Do not print alert words on walls, floors, labels, or posters. Only neutral room names and product typography.",Captions MUST be only about Selank (V-SEL-001) and https://www.palmbeach-vitality.store/products/selank.,Active,93,
LS-LAB-094,vid_gen_landscape_scenes,16:9,lab_scene,LAB landscape 094 — Sermorelin,pen-format staging table mid-ground in a large prep bay,16:9 architectural wide shot showing ceiling utilities and floor plane,low-key dramatic instrument LEDs with controlled haze,no product close-up; full 16:9 laboratory landscape; compound identity via typography; optional distant labeled 10mL sterile crimp-seal vial — never macro,,V-SER-001,Sermorelin,https://www.palmbeach-vitality.store/products/sermorelin,"LANDSCAPE FULL LAB SCENE (16:9 wide). Environment: pen-format staging table mid-ground in a large prep bay. Camera: 16:9 architectural wide shot showing ceiling utilities and floor plane. Lighting: low-key dramatic instrument LEDs with controlled haze. Show the entire research space. Product lock for captions/typography: Sermorelin (V-SER-001). Variant cycle 1. Never crop to a single object. SIGNAGE RULE: premium clean research lab only. No safety placards, no industrial alert graphics, no trefoil icons, no striped floor tape, no danger banners. Do not print alert words on walls, floors, labels, or posters. Only neutral room names and product typography.",Captions MUST be only about Sermorelin (V-SER-001) and https://www.palmbeach-vitality.store/products/sermorelin.,Active,94,
LS-LAB-095,vid_gen_landscape_scenes,16:9,lab_scene,LAB landscape 095 — SS-31,acrylic product riser island inside a complete lab set,16:9 medium-wide environmental shot with product as small mid-ground element,daylight through clerestory windows plus soft fill,no product close-up; full 16:9 laboratory landscape; compound identity via typography; optional distant labeled 10mL sterile crimp-seal vial — never macro,,V-SS3-001,SS-31,https://www.palmbeach-vitality.store/products/ss-31,"LANDSCAPE FULL LAB SCENE (16:9 wide). Environment: acrylic product riser island inside a complete lab set. Camera: 16:9 medium-wide environmental shot with product as small mid-ground element. Lighting: daylight through clerestory windows plus soft fill. Show the entire research space. Product lock for captions/typography: SS-31 (V-SS3-001). Variant cycle 1. Never crop to a single object. SIGNAGE RULE: premium clean research lab only. No safety placards, no industrial alert graphics, no trefoil icons, no striped floor tape, no danger banners. Do not print alert words on walls, floors, labels, or posters. Only neutral room names and product typography.",Captions MUST be only about SS-31 (V-SS3-001) and https://www.palmbeach-vitality.store/products/ss-31.,Active,95,
LS-LAB-096,vid_gen_landscape_scenes,16:9,lab_scene,LAB landscape 096 — TB-500,blue-hour exterior glass lab facade reflecting instruments inside,"16:9 landscape establishing shot, 24mm equivalent, deep focus",cool cyan-blue biotech rim with soft overhead panels,no product close-up; full 16:9 laboratory landscape; compound identity via typography; optional distant labeled 10mL sterile crimp-seal vial — never macro,,V-TB5-001,TB-500,https://www.palmbeach-vitality.store/products/tb-500,"LANDSCAPE FULL LAB SCENE (16:9 wide). Environment: blue-hour exterior glass lab facade reflecting instruments inside. Camera: 16:9 landscape establishing shot, 24mm equivalent, deep focus. Lighting: cool cyan-blue biotech rim with soft overhead panels. Show the entire research space. Product lock for captions/typography: TB-500 (V-TB5-001). Variant cycle 1. Never crop to a single object. SIGNAGE RULE: premium clean research lab only. No safety placards, no industrial alert graphics, no trefoil icons, no striped floor tape, no danger banners. Do not print alert words on walls, floors, labels, or posters. Only neutral room names and product typography.",Captions MUST be only about TB-500 (V-TB5-001) and https://www.palmbeach-vitality.store/products/tb-500.,Active,96,
LS-LAB-097,vid_gen_landscape_scenes,16:9,lab_scene,LAB landscape 097 — Tesamorelin,interior courtyard lab with plants outside glass (no people),16:9 elevated three-quarter wide shot of the entire bay,warm-neutral catalog softboxes with clean speculars,no product close-up; full 16:9 laboratory landscape; compound identity via typography; optional distant labeled 10mL sterile crimp-seal vial — never macro,,V-TES-001,Tesamorelin,https://www.palmbeach-vitality.store/products/tesamorelin,"LANDSCAPE FULL LAB SCENE (16:9 wide). Environment: interior courtyard lab with plants outside glass (no people). Camera: 16:9 elevated three-quarter wide shot of the entire bay. Lighting: warm-neutral catalog softboxes with clean speculars. Show the entire research space. Product lock for captions/typography: Tesamorelin (V-TES-001). Variant cycle 1. Never crop to a single object. SIGNAGE RULE: premium clean research lab only. No safety placards, no industrial alert graphics, no trefoil icons, no striped floor tape, no danger banners. Do not print alert words on walls, floors, labels, or posters. Only neutral room names and product typography.",Captions MUST be only about Tesamorelin (V-TES-001) and https://www.palmbeach-vitality.store/products/tesamorelin.,Active,97,
LS-LAB-098,vid_gen_landscape_scenes,16:9,lab_scene,LAB landscape 098 — BPC-157,matte-black premium lab cinema set with teal accents,16:9 dolly-style hallway perspective into the lab,"high-key sterile white lighting, minimal shadows",no product close-up; full 16:9 laboratory landscape; compound identity via typography; optional distant labeled 10mL sterile crimp-seal vial — never macro,,V-BPC-001,BPC-157,https://www.palmbeach-vitality.store/products/bpc-157,"LANDSCAPE FULL LAB SCENE (16:9 wide). Environment: matte-black premium lab cinema set with teal accents. Camera: 16:9 dolly-style hallway perspective into the lab. Lighting: high-key sterile white lighting, minimal shadows. Show the entire research space. Product lock for captions/typography: BPC-157 (V-BPC-001). Variant cycle 1. Never crop to a single object. SIGNAGE RULE: premium clean research lab only. No safety placards, no industrial alert graphics, no trefoil icons, no striped floor tape, no danger banners. Do not print alert words on walls, floors, labels, or posters. Only neutral room names and product typography.",Captions MUST be only about BPC-157 (V-BPC-001) and https://www.palmbeach-vitality.store/products/bpc-157.,Active,98,
LS-LAB-099,vid_gen_landscape_scenes,16:9,lab_scene,LAB landscape 099 — BPC-157 / TB-500,white-on-white ultra-minimal research pavilion,16:9 architectural wide shot showing ceiling utilities and floor plane,low-key dramatic instrument LEDs with controlled haze,no product close-up; full 16:9 laboratory landscape; compound identity via typography; optional distant labeled 10mL sterile crimp-seal vial — never macro,,V-WOL-001,BPC-157 / TB-500,https://www.palmbeach-vitality.store/products/wolverine-stack,"LANDSCAPE FULL LAB SCENE (16:9 wide). Environment: white-on-white ultra-minimal research pavilion. Camera: 16:9 architectural wide shot showing ceiling utilities and floor plane. Lighting: low-key dramatic instrument LEDs with controlled haze. Show the entire research space. Product lock for captions/typography: BPC-157 / TB-500 (V-WOL-001). Variant cycle 1. Never crop to a single object. SIGNAGE RULE: premium clean research lab only. No safety placards, no industrial alert graphics, no trefoil icons, no striped floor tape, no danger banners. Do not print alert words on walls, floors, labels, or posters. Only neutral room names and product typography.",Captions MUST be only about BPC-157 / TB-500 (V-WOL-001) and https://www.palmbeach-vitality.store/products/wolverine-stack.,Active,99,
LS-LAB-100,vid_gen_landscape_scenes,16:9,lab_scene,LAB landscape 100 — Cagrilinitide,copper-trim luxury lab lounge transitioning to research floor,16:9 medium-wide environmental shot with product as small mid-ground element,daylight through clerestory windows plus soft fill,no product close-up; full 16:9 laboratory landscape; compound identity via typography; optional distant labeled 10mL sterile crimp-seal vial — never macro,,V-CAG-001,Cagrilinitide,https://www.palmbeach-vitality.store/products/cargrilinitide,"LANDSCAPE FULL LAB SCENE (16:9 wide). Environment: copper-trim luxury lab lounge transitioning to research floor. Camera: 16:9 medium-wide environmental shot with product as small mid-ground element. Lighting: daylight through clerestory windows plus soft fill. Show the entire research space. Product lock for captions/typography: Cagrilinitide (V-CAG-001). Variant cycle 1. Never crop to a single object. SIGNAGE RULE: premium clean research lab only. No safety placards, no industrial alert graphics, no trefoil icons, no striped floor tape, no danger banners. Do not print alert words on walls, floors, labels, or posters. Only neutral room names and product typography.",Captions MUST be only about Cagrilinitide (V-CAG-001) and https://www.palmbeach-vitality.store/products/cargrilinitide.,Active,100,
LS-LAB-101,vid_gen_landscape_scenes,16:9,lab_scene,LAB landscape 101 — CJC (no DAC),infinite-perspective sterile corridor with soft vanishing light,"16:9 landscape establishing shot, 24mm equivalent, deep focus",cool cyan-blue biotech rim with soft overhead panels,no product close-up; full 16:9 laboratory landscape; compound identity via typography; optional distant labeled 10mL sterile crimp-seal vial — never macro,,V-CJC-001,CJC (no DAC),https://www.palmbeach-vitality.store/products/cjc,"LANDSCAPE FULL LAB SCENE (16:9 wide). Environment: infinite-perspective sterile corridor with soft vanishing light. Camera: 16:9 landscape establishing shot, 24mm equivalent, deep focus. Lighting: cool cyan-blue biotech rim with soft overhead panels. Show the entire research space. Product lock for captions/typography: CJC (no DAC) (V-CJC-001). Variant cycle 1. Never crop to a single object. SIGNAGE RULE: premium clean research lab only. No safety placards, no industrial alert graphics, no trefoil icons, no striped floor tape, no danger banners. Do not print alert words on walls, floors, labels, or posters. Only neutral room names and product typography.",Captions MUST be only about CJC (no DAC) (V-CJC-001) and https://www.palmbeach-vitality.store/products/cjc.,Active,101,
LS-LAB-102,vid_gen_landscape_scenes,16:9,lab_scene,LAB landscape 102 — CJC (no DAC)/Ipamorelin,wide sterile ISO cleanroom with HEPA ceiling grid and clean floor lane markings,16:9 elevated three-quarter wide shot of the entire bay,warm-neutral catalog softboxes with clean speculars,no product close-up; full 16:9 laboratory landscape; compound identity via typography; optional distant labeled 10mL sterile crimp-seal vial — never macro,,V-CII-001,CJC (no DAC)/Ipamorelin,https://www.palmbeach-vitality.store/products/cjc-ipamorelin,"LANDSCAPE FULL LAB SCENE (16:9 wide). Environment: wide sterile ISO cleanroom with HEPA ceiling grid and clean floor lane markings. Camera: 16:9 elevated three-quarter wide shot of the entire bay. Lighting: warm-neutral catalog softboxes with clean speculars. Show the entire research space. Product lock for captions/typography: CJC (no DAC)/Ipamorelin (V-CII-001). Variant cycle 2. Never crop to a single object. SIGNAGE RULE: premium clean research lab only. No safety placards, no industrial alert graphics, no trefoil icons, no striped floor tape, no danger banners. Do not print alert words on walls, floors, labels, or posters. Only neutral room names and product typography.",Captions MUST be only about CJC (no DAC)/Ipamorelin (V-CII-001) and https://www.palmbeach-vitality.store/products/cjc-ipamorelin.,Active,102,
LS-LAB-103,vid_gen_landscape_scenes,16:9,lab_scene,LAB landscape 103 — GHK-Cu,multi-bay peptide synthesis suite with tall glass reactors in deep perspective,16:9 dolly-style hallway perspective into the lab,"high-key sterile white lighting, minimal shadows",no product close-up; full 16:9 laboratory landscape; compound identity via typography; optional distant labeled 10mL sterile crimp-seal vial — never macro,,V-GHK-001,GHK-Cu,https://www.palmbeach-vitality.store/products/ghk-cu,"LANDSCAPE FULL LAB SCENE (16:9 wide). Environment: multi-bay peptide synthesis suite with tall glass reactors in deep perspective. Camera: 16:9 dolly-style hallway perspective into the lab. Lighting: high-key sterile white lighting, minimal shadows. Show the entire research space. Product lock for captions/typography: GHK-Cu (V-GHK-001). Variant cycle 2. Never crop to a single object. SIGNAGE RULE: premium clean research lab only. No safety placards, no industrial alert graphics, no trefoil icons, no striped floor tape, no danger banners. Do not print alert words on walls, floors, labels, or posters. Only neutral room names and product typography.",Captions MUST be only about GHK-Cu (V-GHK-001) and https://www.palmbeach-vitality.store/products/ghk-cu.,Active,103,
LS-LAB-104,vid_gen_landscape_scenes,16:9,lab_scene,LAB landscape 104 — BPC-157 / TB-500 / GHK-Cu,analytical chemistry corridor lined with HPLC and LC-MS instrument banks,16:9 architectural wide shot showing ceiling utilities and floor plane,low-key dramatic instrument LEDs with controlled haze,no product close-up; full 16:9 laboratory landscape; compound identity via typography; optional distant labeled 10mL sterile crimp-seal vial — never macro,,V-GLO-001,BPC-157 / TB-500 / GHK-Cu,https://www.palmbeach-vitality.store/products/glow,"LANDSCAPE FULL LAB SCENE (16:9 wide). Environment: analytical chemistry corridor lined with HPLC and LC-MS instrument banks. Camera: 16:9 architectural wide shot showing ceiling utilities and floor plane. Lighting: low-key dramatic instrument LEDs with controlled haze. Show the entire research space. Product lock for captions/typography: BPC-157 / TB-500 / GHK-Cu (V-GLO-001). Variant cycle 2. Never crop to a single object. SIGNAGE RULE: premium clean research lab only. No safety placards, no industrial alert graphics, no trefoil icons, no striped floor tape, no danger banners. Do not print alert words on walls, floors, labels, or posters. Only neutral room names and product typography.",Captions MUST be only about BPC-157 / TB-500 / GHK-Cu (V-GLO-001) and https://www.palmbeach-vitality.store/products/glow.,Active,104,
LS-LAB-105,vid_gen_landscape_scenes,16:9,lab_scene,LAB landscape 105 — Thymosin Alpha-1,cold-chain vault anteroom with stainless freezers and temperature displays,16:9 medium-wide environmental shot with product as small mid-ground element,daylight through clerestory windows plus soft fill,no product close-up; full 16:9 laboratory landscape; compound identity via typography; optional distant labeled 10mL sterile crimp-seal vial — never macro,,V-TA1-001,Thymosin Alpha-1,https://www.palmbeach-vitality.store/products/ta-1,"LANDSCAPE FULL LAB SCENE (16:9 wide). Environment: cold-chain vault anteroom with stainless freezers and temperature displays. Camera: 16:9 medium-wide environmental shot with product as small mid-ground element. Lighting: daylight through clerestory windows plus soft fill. Show the entire research space. Product lock for captions/typography: Thymosin Alpha-1 (V-TA1-001). Variant cycle 2. Never crop to a single object. SIGNAGE RULE: premium clean research lab only. No safety placards, no industrial alert graphics, no trefoil icons, no striped floor tape, no danger banners. Do not print alert words on walls, floors, labels, or posters. Only neutral room names and product typography.",Captions MUST be only about Thymosin Alpha-1 (V-TA1-001) and https://www.palmbeach-vitality.store/products/ta-1.,Active,105,
LS-LAB-106,vid_gen_landscape_scenes,16:9,lab_scene,LAB landscape 106 — AOD-9604,formulation suite with laminar flow hoods across a long laboratory hall,"16:9 landscape establishing shot, 24mm equivalent, deep focus",cool cyan-blue biotech rim with soft overhead panels,no product close-up; full 16:9 laboratory landscape; compound identity via typography; optional distant labeled 10mL sterile crimp-seal vial — never macro,,V-AOD-001,AOD-9604,https://www.palmbeach-vitality.store/products/aod-9604,"LANDSCAPE FULL LAB SCENE (16:9 wide). Environment: formulation suite with laminar flow hoods across a long laboratory hall. Camera: 16:9 landscape establishing shot, 24mm equivalent, deep focus. Lighting: cool cyan-blue biotech rim with soft overhead panels. Show the entire research space. Product lock for captions/typography: AOD-9604 (V-AOD-001). Variant cycle 2. Never crop to a single object. SIGNAGE RULE: premium clean research lab only. No safety placards, no industrial alert graphics, no trefoil icons, no striped floor tape, no danger banners. Do not print alert words on walls, floors, labels, or posters. Only neutral room names and product typography.",Captions MUST be only about AOD-9604 (V-AOD-001) and https://www.palmbeach-vitality.store/products/aod-9604.,Active,106,
LS-LAB-107,vid_gen_landscape_scenes,16:9,lab_scene,LAB landscape 107 — Melanotan 2,"quality-control lab with assay benches, vial racks, and soft instrument glow",16:9 elevated three-quarter wide shot of the entire bay,warm-neutral catalog softboxes with clean speculars,no product close-up; full 16:9 laboratory landscape; compound identity via typography; optional distant labeled 10mL sterile crimp-seal vial — never macro,,V-MT2-001,Melanotan 2,https://www.palmbeach-vitality.store/products/melonotan,"LANDSCAPE FULL LAB SCENE (16:9 wide). Environment: quality-control lab with assay benches, vial racks, and soft instrument glow. Camera: 16:9 elevated three-quarter wide shot of the entire bay. Lighting: warm-neutral catalog softboxes with clean speculars. Show the entire research space. Product lock for captions/typography: Melanotan 2 (V-MT2-001). Variant cycle 2. Never crop to a single object. SIGNAGE RULE: premium clean research lab only. No safety placards, no industrial alert graphics, no trefoil icons, no striped floor tape, no danger banners. Do not print alert words on walls, floors, labels, or posters. Only neutral room names and product typography.",Captions MUST be only about Melanotan 2 (V-MT2-001) and https://www.palmbeach-vitality.store/products/melonotan.,Active,107,
LS-LAB-108,vid_gen_landscape_scenes,16:9,lab_scene,LAB landscape 108 — Retatrutide,prototype engineering bay with peptide synthesizer chassis and cable trays,16:9 dolly-style hallway perspective into the lab,"high-key sterile white lighting, minimal shadows",no product close-up; full 16:9 laboratory landscape; compound identity via typography; optional distant labeled 10mL sterile crimp-seal vial — never macro,,V-RET-001,Retatrutide,https://www.palmbeach-vitality.store/products/retatrutide,"LANDSCAPE FULL LAB SCENE (16:9 wide). Environment: prototype engineering bay with peptide synthesizer chassis and cable trays. Camera: 16:9 dolly-style hallway perspective into the lab. Lighting: high-key sterile white lighting, minimal shadows. Show the entire research space. Product lock for captions/typography: Retatrutide (V-RET-001). Variant cycle 2. Never crop to a single object. SIGNAGE RULE: premium clean research lab only. No safety placards, no industrial alert graphics, no trefoil icons, no striped floor tape, no danger banners. Do not print alert words on walls, floors, labels, or posters. Only neutral room names and product typography.",Captions MUST be only about Retatrutide (V-RET-001) and https://www.palmbeach-vitality.store/products/retatrutide.,Active,108,
LS-LAB-109,vid_gen_landscape_scenes,16:9,lab_scene,LAB landscape 109 — Tirzepatide,futuristic biotech floor with cool cyan LED path lighting and glass partitions,16:9 architectural wide shot showing ceiling utilities and floor plane,low-key dramatic instrument LEDs with controlled haze,no product close-up; full 16:9 laboratory landscape; compound identity via typography; optional distant labeled 10mL sterile crimp-seal vial — never macro,,V-TIR-001,Tirzepatide,https://www.palmbeach-vitality.store/products/tirzepatide,"LANDSCAPE FULL LAB SCENE (16:9 wide). Environment: futuristic biotech floor with cool cyan LED path lighting and glass partitions. Camera: 16:9 architectural wide shot showing ceiling utilities and floor plane. Lighting: low-key dramatic instrument LEDs with controlled haze. Show the entire research space. Product lock for captions/typography: Tirzepatide (V-TIR-001). Variant cycle 2. Never crop to a single object. SIGNAGE RULE: premium clean research lab only. No safety placards, no industrial alert graphics, no trefoil icons, no striped floor tape, no danger banners. Do not print alert words on walls, floors, labels, or posters. Only neutral room names and product typography.",Captions MUST be only about Tirzepatide (V-TIR-001) and https://www.palmbeach-vitality.store/products/tirzepatide.,Active,109,
LS-LAB-110,vid_gen_landscape_scenes,16:9,lab_scene,LAB landscape 110 — Semaglutide,glass-walled observation gallery overlooking a synthesis cleanroom,16:9 medium-wide environmental shot with product as small mid-ground element,daylight through clerestory windows plus soft fill,no product close-up; full 16:9 laboratory landscape; compound identity via typography; optional distant labeled 10mL sterile crimp-seal vial — never macro,,V-SEM-001,Semaglutide,https://www.palmbeach-vitality.store/products/semaglutide,"LANDSCAPE FULL LAB SCENE (16:9 wide). Environment: glass-walled observation gallery overlooking a synthesis cleanroom. Camera: 16:9 medium-wide environmental shot with product as small mid-ground element. Lighting: daylight through clerestory windows plus soft fill. Show the entire research space. Product lock for captions/typography: Semaglutide (V-SEM-001). Variant cycle 2. Never crop to a single object. SIGNAGE RULE: premium clean research lab only. No safety placards, no industrial alert graphics, no trefoil icons, no striped floor tape, no danger banners. Do not print alert words on walls, floors, labels, or posters. Only neutral room names and product typography.",Captions MUST be only about Semaglutide (V-SEM-001) and https://www.palmbeach-vitality.store/products/semaglutide.,Active,110,
LS-LAB-111,vid_gen_landscape_scenes,16:9,lab_scene,LAB landscape 111 — KPV / BPC-157 / TB-500 / GHK-Cu,central lab atrium with mezzanine instruments and hanging utility drops,"16:9 landscape establishing shot, 24mm equivalent, deep focus",cool cyan-blue biotech rim with soft overhead panels,no product close-up; full 16:9 laboratory landscape; compound identity via typography; optional distant labeled 10mL sterile crimp-seal vial — never macro,,P-KLO-001,KPV / BPC-157 / TB-500 / GHK-Cu,https://www.palmbeach-vitality.store/products/klow-pen,"LANDSCAPE FULL LAB SCENE (16:9 wide). Environment: central lab atrium with mezzanine instruments and hanging utility drops. Camera: 16:9 landscape establishing shot, 24mm equivalent, deep focus. Lighting: cool cyan-blue biotech rim with soft overhead panels. Show the entire research space. Product lock for captions/typography: KPV / BPC-157 / TB-500 / GHK-Cu (P-KLO-001). Variant cycle 2. Never crop to a single object. SIGNAGE RULE: premium clean research lab only. No safety placards, no industrial alert graphics, no trefoil icons, no striped floor tape, no danger banners. Do not print alert words on walls, floors, labels, or posters. Only neutral room names and product typography.",Captions MUST be only about KPV / BPC-157 / TB-500 / GHK-Cu (P-KLO-001) and https://www.palmbeach-vitality.store/products/klow-pen.,Active,111,
LS-LAB-112,vid_gen_landscape_scenes,16:9,lab_scene,LAB landscape 112 — MOTS-C,chromatography alley with tall columns and solvent cabinets in recession,16:9 elevated three-quarter wide shot of the entire bay,warm-neutral catalog softboxes with clean speculars,no product close-up; full 16:9 laboratory landscape; compound identity via typography; optional distant labeled 10mL sterile crimp-seal vial — never macro,,P-MOT-001,MOTS-C,https://www.palmbeach-vitality.store/products/mots-c,"LANDSCAPE FULL LAB SCENE (16:9 wide). Environment: chromatography alley with tall columns and solvent cabinets in recession. Camera: 16:9 elevated three-quarter wide shot of the entire bay. Lighting: warm-neutral catalog softboxes with clean speculars. Show the entire research space. Product lock for captions/typography: MOTS-C (P-MOT-001). Variant cycle 2. Never crop to a single object. SIGNAGE RULE: premium clean research lab only. No safety placards, no industrial alert graphics, no trefoil icons, no striped floor tape, no danger banners. Do not print alert words on walls, floors, labels, or posters. Only neutral room names and product typography.",Captions MUST be only about MOTS-C (P-MOT-001) and https://www.palmbeach-vitality.store/products/mots-c.,Active,112,
LS-LAB-113,vid_gen_landscape_scenes,16:9,lab_scene,LAB landscape 113 — NAD+,sample-prep wing with stainless benches and organized glassware walls,16:9 dolly-style hallway perspective into the lab,"high-key sterile white lighting, minimal shadows",no product close-up; full 16:9 laboratory landscape; compound identity via typography; optional distant labeled 10mL sterile crimp-seal vial — never macro,,P-NAD-001,NAD+,https://www.palmbeach-vitality.store/products/nad-pen-500mg,"LANDSCAPE FULL LAB SCENE (16:9 wide). Environment: sample-prep wing with stainless benches and organized glassware walls. Camera: 16:9 dolly-style hallway perspective into the lab. Lighting: high-key sterile white lighting, minimal shadows. Show the entire research space. Product lock for captions/typography: NAD+ (P-NAD-001). Variant cycle 2. Never crop to a single object. SIGNAGE RULE: premium clean research lab only. No safety placards, no industrial alert graphics, no trefoil icons, no striped floor tape, no danger banners. Do not print alert words on walls, floors, labels, or posters. Only neutral room names and product typography.",Captions MUST be only about NAD+ (P-NAD-001) and https://www.palmbeach-vitality.store/products/nad-pen-500mg.,Active,113,
LS-LAB-114,vid_gen_landscape_scenes,16:9,lab_scene,LAB landscape 114 — PT-141,stability testing room with climate chambers in repeating landscape rows,16:9 architectural wide shot showing ceiling utilities and floor plane,low-key dramatic instrument LEDs with controlled haze,no product close-up; full 16:9 laboratory landscape; compound identity via typography; optional distant labeled 10mL sterile crimp-seal vial — never macro,,P-PT1-001,PT-141,https://www.palmbeach-vitality.store/products/pt-141-pen,"LANDSCAPE FULL LAB SCENE (16:9 wide). Environment: stability testing room with climate chambers in repeating landscape rows. Camera: 16:9 architectural wide shot showing ceiling utilities and floor plane. Lighting: low-key dramatic instrument LEDs with controlled haze. Show the entire research space. Product lock for captions/typography: PT-141 (P-PT1-001). Variant cycle 2. Never crop to a single object. SIGNAGE RULE: premium clean research lab only. No safety placards, no industrial alert graphics, no trefoil icons, no striped floor tape, no danger banners. Do not print alert words on walls, floors, labels, or posters. Only neutral room names and product typography.",Captions MUST be only about PT-141 (P-PT1-001) and https://www.palmbeach-vitality.store/products/pt-141-pen.,Active,114,
LS-LAB-115,vid_gen_landscape_scenes,16:9,lab_scene,LAB landscape 115 — Semax,receiving quarantine lab with labeled totes and barcode stations,16:9 medium-wide environmental shot with product as small mid-ground element,daylight through clerestory windows plus soft fill,no product close-up; full 16:9 laboratory landscape; compound identity via typography; optional distant labeled 10mL sterile crimp-seal vial — never macro,,P-SMX-001,Semax,https://www.palmbeach-vitality.store/products/semax-pen,"LANDSCAPE FULL LAB SCENE (16:9 wide). Environment: receiving quarantine lab with labeled totes and barcode stations. Camera: 16:9 medium-wide environmental shot with product as small mid-ground element. Lighting: daylight through clerestory windows plus soft fill. Show the entire research space. Product lock for captions/typography: Semax (P-SMX-001). Variant cycle 2. Never crop to a single object. SIGNAGE RULE: premium clean research lab only. No safety placards, no industrial alert graphics, no trefoil icons, no striped floor tape, no danger banners. Do not print alert words on walls, floors, labels, or posters. Only neutral room names and product typography.",Captions MUST be only about Semax (P-SMX-001) and https://www.palmbeach-vitality.store/products/semax-pen.,Active,115,
LS-LAB-116,vid_gen_landscape_scenes,16:9,lab_scene,LAB landscape 116 — Selank,method-development lab with modular instrument islands,"16:9 landscape establishing shot, 24mm equivalent, deep focus",cool cyan-blue biotech rim with soft overhead panels,no product close-up; full 16:9 laboratory landscape; compound identity via typography; optional distant labeled 10mL sterile crimp-seal vial — never macro,,P-SEL-001,Selank,https://www.palmbeach-vitality.store/products/selank-pen,"LANDSCAPE FULL LAB SCENE (16:9 wide). Environment: method-development lab with modular instrument islands. Camera: 16:9 landscape establishing shot, 24mm equivalent, deep focus. Lighting: cool cyan-blue biotech rim with soft overhead panels. Show the entire research space. Product lock for captions/typography: Selank (P-SEL-001). Variant cycle 2. Never crop to a single object. SIGNAGE RULE: premium clean research lab only. No safety placards, no industrial alert graphics, no trefoil icons, no striped floor tape, no danger banners. Do not print alert words on walls, floors, labels, or posters. Only neutral room names and product typography.",Captions MUST be only about Selank (P-SEL-001) and https://www.palmbeach-vitality.store/products/selank-pen.,Active,116,
LS-LAB-117,vid_gen_landscape_scenes,16:9,lab_scene,LAB landscape 117 — Sermorelin,lyophilization suite with freeze-dryer banks and vapor ducting,16:9 elevated three-quarter wide shot of the entire bay,warm-neutral catalog softboxes with clean speculars,no product close-up; full 16:9 laboratory landscape; compound identity via typography; optional distant labeled 10mL sterile crimp-seal vial — never macro,,P-SER-001,Sermorelin,https://www.palmbeach-vitality.store/products/sermorelin-pen,"LANDSCAPE FULL LAB SCENE (16:9 wide). Environment: lyophilization suite with freeze-dryer banks and vapor ducting. Camera: 16:9 elevated three-quarter wide shot of the entire bay. Lighting: warm-neutral catalog softboxes with clean speculars. Show the entire research space. Product lock for captions/typography: Sermorelin (P-SER-001). Variant cycle 2. Never crop to a single object. SIGNAGE RULE: premium clean research lab only. No safety placards, no industrial alert graphics, no trefoil icons, no striped floor tape, no danger banners. Do not print alert words on walls, floors, labels, or posters. Only neutral room names and product typography.",Captions MUST be only about Sermorelin (P-SER-001) and https://www.palmbeach-vitality.store/products/sermorelin-pen.,Active,117,
LS-LAB-118,vid_gen_landscape_scenes,16:9,lab_scene,LAB landscape 118 — Thymosin Alpha-1,fill-finish staging room with pass-through windows (no people),16:9 dolly-style hallway perspective into the lab,"high-key sterile white lighting, minimal shadows",no product close-up; full 16:9 laboratory landscape; compound identity via typography; optional distant labeled 10mL sterile crimp-seal vial — never macro,,P-TA1-001,Thymosin Alpha-1,https://www.palmbeach-vitality.store/products/ta-2,"LANDSCAPE FULL LAB SCENE (16:9 wide). Environment: fill-finish staging room with pass-through windows (no people). Camera: 16:9 dolly-style hallway perspective into the lab. Lighting: high-key sterile white lighting, minimal shadows. Show the entire research space. Product lock for captions/typography: Thymosin Alpha-1 (P-TA1-001). Variant cycle 2. Never crop to a single object. SIGNAGE RULE: premium clean research lab only. No safety placards, no industrial alert graphics, no trefoil icons, no striped floor tape, no danger banners. Do not print alert words on walls, floors, labels, or posters. Only neutral room names and product typography.",Captions MUST be only about Thymosin Alpha-1 (P-TA1-001) and https://www.palmbeach-vitality.store/products/ta-2.,Active,118,
LS-LAB-119,vid_gen_landscape_scenes,16:9,lab_scene,LAB landscape 119 — Tesamorelin,robotics-assisted assay bay with idle arms over plate hotels,16:9 architectural wide shot showing ceiling utilities and floor plane,low-key dramatic instrument LEDs with controlled haze,no product close-up; full 16:9 laboratory landscape; compound identity via typography; optional distant labeled 10mL sterile crimp-seal vial — never macro,,P-TES-001,Tesamorelin,https://www.palmbeach-vitality.store/products/tesamorelin-30mg-pen,"LANDSCAPE FULL LAB SCENE (16:9 wide). Environment: robotics-assisted assay bay with idle arms over plate hotels. Camera: 16:9 architectural wide shot showing ceiling utilities and floor plane. Lighting: low-key dramatic instrument LEDs with controlled haze. Show the entire research space. Product lock for captions/typography: Tesamorelin (P-TES-001). Variant cycle 2. Never crop to a single object. SIGNAGE RULE: premium clean research lab only. No safety placards, no industrial alert graphics, no trefoil icons, no striped floor tape, no danger banners. Do not print alert words on walls, floors, labels, or posters. Only neutral room names and product typography.",Captions MUST be only about Tesamorelin (P-TES-001) and https://www.palmbeach-vitality.store/products/tesamorelin-30mg-pen.,Active,119,
LS-LAB-120,vid_gen_landscape_scenes,16:9,lab_scene,LAB landscape 120 — Tesamorelin/Ipamorelin,optical inspection corridor with softbox lighting and mirror panels,16:9 medium-wide environmental shot with product as small mid-ground element,daylight through clerestory windows plus soft fill,no product close-up; full 16:9 laboratory landscape; compound identity via typography; optional distant labeled 10mL sterile crimp-seal vial — never macro,,P-TEI-001,Tesamorelin/Ipamorelin,https://www.palmbeach-vitality.store/products/tesamorelin-ipamorelin-pen,"LANDSCAPE FULL LAB SCENE (16:9 wide). Environment: optical inspection corridor with softbox lighting and mirror panels. Camera: 16:9 medium-wide environmental shot with product as small mid-ground element. Lighting: daylight through clerestory windows plus soft fill. Show the entire research space. Product lock for captions/typography: Tesamorelin/Ipamorelin (P-TEI-001). Variant cycle 2. Never crop to a single object. SIGNAGE RULE: premium clean research lab only. No safety placards, no industrial alert graphics, no trefoil icons, no striped floor tape, no danger banners. Do not print alert words on walls, floors, labels, or posters. Only neutral room names and product typography.",Captions MUST be only about Tesamorelin/Ipamorelin (P-TEI-001) and https://www.palmbeach-vitality.store/products/tesamorelin-ipamorelin-pen.,Active,120,
LS-LAB-121,vid_gen_landscape_scenes,16:9,lab_scene,LAB landscape 121 — BPC-157,wet lab adjacent to solvent storage with clear bench spans,"16:9 landscape establishing shot, 24mm equivalent, deep focus",cool cyan-blue biotech rim with soft overhead panels,no product close-up; full 16:9 laboratory landscape; compound identity via typography; optional distant labeled 10mL sterile crimp-seal vial — never macro,,P-BPC-001,BPC-157,https://www.palmbeach-vitality.store/products/bpc-157-pen,"LANDSCAPE FULL LAB SCENE (16:9 wide). Environment: wet lab adjacent to solvent storage with clear bench spans. Camera: 16:9 landscape establishing shot, 24mm equivalent, deep focus. Lighting: cool cyan-blue biotech rim with soft overhead panels. Show the entire research space. Product lock for captions/typography: BPC-157 (P-BPC-001). Variant cycle 2. Never crop to a single object. SIGNAGE RULE: premium clean research lab only. No safety placards, no industrial alert graphics, no trefoil icons, no striped floor tape, no danger banners. Do not print alert words on walls, floors, labels, or posters. Only neutral room names and product typography.",Captions MUST be only about BPC-157 (P-BPC-001) and https://www.palmbeach-vitality.store/products/bpc-157-pen.,Active,121,
LS-LAB-122,vid_gen_landscape_scenes,16:9,lab_scene,LAB landscape 122 — BPC-157 / TB-500,spectroscopy annex hallway with instrument rooms on both sides,16:9 elevated three-quarter wide shot of the entire bay,warm-neutral catalog softboxes with clean speculars,no product close-up; full 16:9 laboratory landscape; compound identity via typography; optional distant labeled 10mL sterile crimp-seal vial — never macro,,P-WOL-001,BPC-157 / TB-500,https://www.palmbeach-vitality.store/products/wolverine-pen,"LANDSCAPE FULL LAB SCENE (16:9 wide). Environment: spectroscopy annex hallway with instrument rooms on both sides. Camera: 16:9 elevated three-quarter wide shot of the entire bay. Lighting: warm-neutral catalog softboxes with clean speculars. Show the entire research space. Product lock for captions/typography: BPC-157 / TB-500 (P-WOL-001). Variant cycle 2. Never crop to a single object. SIGNAGE RULE: premium clean research lab only. No safety placards, no industrial alert graphics, no trefoil icons, no striped floor tape, no danger banners. Do not print alert words on walls, floors, labels, or posters. Only neutral room names and product typography.",Captions MUST be only about BPC-157 / TB-500 (P-WOL-001) and https://www.palmbeach-vitality.store/products/wolverine-pen.,Active,122,
LS-LAB-123,vid_gen_landscape_scenes,16:9,lab_scene,LAB landscape 123 — CJC (no DAC)/Ipamorelin,bioreactor gallery with cylindrical vessels and control panels,16:9 dolly-style hallway perspective into the lab,"high-key sterile white lighting, minimal shadows",no product close-up; full 16:9 laboratory landscape; compound identity via typography; optional distant labeled 10mL sterile crimp-seal vial — never macro,,P-CII-001,CJC (no DAC)/Ipamorelin,https://www.palmbeach-vitality.store/products/cjc-ipamorelin-1,"LANDSCAPE FULL LAB SCENE (16:9 wide). Environment: bioreactor gallery with cylindrical vessels and control panels. Camera: 16:9 dolly-style hallway perspective into the lab. Lighting: high-key sterile white lighting, minimal shadows. Show the entire research space. Product lock for captions/typography: CJC (no DAC)/Ipamorelin (P-CII-001). Variant cycle 2. Never crop to a single object. SIGNAGE RULE: premium clean research lab only. No safety placards, no industrial alert graphics, no trefoil icons, no striped floor tape, no danger banners. Do not print alert words on walls, floors, labels, or posters. Only neutral room names and product typography.",Captions MUST be only about CJC (no DAC)/Ipamorelin (P-CII-001) and https://www.palmbeach-vitality.store/products/cjc-ipamorelin-1.,Active,123,
LS-LAB-124,vid_gen_landscape_scenes,16:9,lab_scene,LAB landscape 124 — DSIP,clean packaging prep room with acrylic risers and catalog lighting,16:9 architectural wide shot showing ceiling utilities and floor plane,low-key dramatic instrument LEDs with controlled haze,no product close-up; full 16:9 laboratory landscape; compound identity via typography; optional distant labeled 10mL sterile crimp-seal vial — never macro,,P-DSI-001,DSIP,https://www.palmbeach-vitality.store/products/dsip-pen,"LANDSCAPE FULL LAB SCENE (16:9 wide). Environment: clean packaging prep room with acrylic risers and catalog lighting. Camera: 16:9 architectural wide shot showing ceiling utilities and floor plane. Lighting: low-key dramatic instrument LEDs with controlled haze. Show the entire research space. Product lock for captions/typography: DSIP (P-DSI-001). Variant cycle 2. Never crop to a single object. SIGNAGE RULE: premium clean research lab only. No safety placards, no industrial alert graphics, no trefoil icons, no striped floor tape, no danger banners. Do not print alert words on walls, floors, labels, or posters. Only neutral room names and product typography.",Captions MUST be only about DSIP (P-DSI-001) and https://www.palmbeach-vitality.store/products/dsip-pen.,Active,124,
LS-LAB-125,vid_gen_landscape_scenes,16:9,lab_scene,LAB landscape 125 — GHK-Cu,low-ambient night lab with instrument standby LEDs,16:9 medium-wide environmental shot with product as small mid-ground element,daylight through clerestory windows plus soft fill,no product close-up; full 16:9 laboratory landscape; compound identity via typography; optional distant labeled 10mL sterile crimp-seal vial — never macro,,P-GHK-001,GHK-Cu,https://www.palmbeach-vitality.store/products/ghk-cu-pen,"LANDSCAPE FULL LAB SCENE (16:9 wide). Environment: low-ambient night lab with instrument standby LEDs. Camera: 16:9 medium-wide environmental shot with product as small mid-ground element. Lighting: daylight through clerestory windows plus soft fill. Show the entire research space. Product lock for captions/typography: GHK-Cu (P-GHK-001). Variant cycle 2. Never crop to a single object. SIGNAGE RULE: premium clean research lab only. No safety placards, no industrial alert graphics, no trefoil icons, no striped floor tape, no danger banners. Do not print alert words on walls, floors, labels, or posters. Only neutral room names and product typography.",Captions MUST be only about GHK-Cu (P-GHK-001) and https://www.palmbeach-vitality.store/products/ghk-cu-pen.,Active,125,
LS-LAB-126,vid_gen_landscape_scenes,16:9,lab_scene,LAB landscape 126 — 5-Amino-1MQ,mezzanine utility corridor above the main synthesis floor,"16:9 landscape establishing shot, 24mm equivalent, deep focus",cool cyan-blue biotech rim with soft overhead panels,no product close-up; full 16:9 laboratory landscape; compound identity via typography; optional distant labeled 10mL sterile crimp-seal vial — never macro,,P-5AM-001,5-Amino-1MQ,https://www.palmbeach-vitality.store/products/5-amino-mq-pen,"LANDSCAPE FULL LAB SCENE (16:9 wide). Environment: mezzanine utility corridor above the main synthesis floor. Camera: 16:9 landscape establishing shot, 24mm equivalent, deep focus. Lighting: cool cyan-blue biotech rim with soft overhead panels. Show the entire research space. Product lock for captions/typography: 5-Amino-1MQ (P-5AM-001). Variant cycle 2. Never crop to a single object. SIGNAGE RULE: premium clean research lab only. No safety placards, no industrial alert graphics, no trefoil icons, no striped floor tape, no danger banners. Do not print alert words on walls, floors, labels, or posters. Only neutral room names and product typography.",Captions MUST be only about 5-Amino-1MQ (P-5AM-001) and https://www.palmbeach-vitality.store/products/5-amino-mq-pen.,Active,126,
LS-LAB-127,vid_gen_landscape_scenes,16:9,lab_scene,LAB landscape 127 — BPC-157 / TB-500 / GHK-Cu,glassware prep lab with drying racks stretching into distance,16:9 elevated three-quarter wide shot of the entire bay,warm-neutral catalog softboxes with clean speculars,no product close-up; full 16:9 laboratory landscape; compound identity via typography; optional distant labeled 10mL sterile crimp-seal vial — never macro,,P-GLO-001,BPC-157 / TB-500 / GHK-Cu,https://www.palmbeach-vitality.store/products/glow-pen,"LANDSCAPE FULL LAB SCENE (16:9 wide). Environment: glassware prep lab with drying racks stretching into distance. Camera: 16:9 elevated three-quarter wide shot of the entire bay. Lighting: warm-neutral catalog softboxes with clean speculars. Show the entire research space. Product lock for captions/typography: BPC-157 / TB-500 / GHK-Cu (P-GLO-001). Variant cycle 2. Never crop to a single object. SIGNAGE RULE: premium clean research lab only. No safety placards, no industrial alert graphics, no trefoil icons, no striped floor tape, no danger banners. Do not print alert words on walls, floors, labels, or posters. Only neutral room names and product typography.",Captions MUST be only about BPC-157 / TB-500 / GHK-Cu (P-GLO-001) and https://www.palmbeach-vitality.store/products/glow-pen.,Active,127,
LS-LAB-128,vid_gen_landscape_scenes,16:9,lab_scene,LAB landscape 128 — SS-31,calibration lab with metrology benches and precision fixtures,16:9 dolly-style hallway perspective into the lab,"high-key sterile white lighting, minimal shadows",no product close-up; full 16:9 laboratory landscape; compound identity via typography; optional distant labeled 10mL sterile crimp-seal vial — never macro,,P-SS3-001,SS-31,https://www.palmbeach-vitality.store/products/ss-31-pen,"LANDSCAPE FULL LAB SCENE (16:9 wide). Environment: calibration lab with metrology benches and precision fixtures. Camera: 16:9 dolly-style hallway perspective into the lab. Lighting: high-key sterile white lighting, minimal shadows. Show the entire research space. Product lock for captions/typography: SS-31 (P-SS3-001). Variant cycle 2. Never crop to a single object. SIGNAGE RULE: premium clean research lab only. No safety placards, no industrial alert graphics, no trefoil icons, no striped floor tape, no danger banners. Do not print alert words on walls, floors, labels, or posters. Only neutral room names and product typography.",Captions MUST be only about SS-31 (P-SS3-001) and https://www.palmbeach-vitality.store/products/ss-31-pen.,Active,128,
LS-LAB-129,vid_gen_landscape_scenes,16:9,lab_scene,LAB landscape 129 — KPV,lab control room with wall displays (no faces),16:9 architectural wide shot showing ceiling utilities and floor plane,low-key dramatic instrument LEDs with controlled haze,no product close-up; full 16:9 laboratory landscape; compound identity via typography; optional distant labeled 10mL sterile crimp-seal vial — never macro,,P-KPV-001,KPV,https://www.palmbeach-vitality.store/products/kpv,"LANDSCAPE FULL LAB SCENE (16:9 wide). Environment: lab control room with wall displays (no faces). Camera: 16:9 architectural wide shot showing ceiling utilities and floor plane. Lighting: low-key dramatic instrument LEDs with controlled haze. Show the entire research space. Product lock for captions/typography: KPV (P-KPV-001). Variant cycle 2. Never crop to a single object. SIGNAGE RULE: premium clean research lab only. No safety placards, no industrial alert graphics, no trefoil icons, no striped floor tape, no danger banners. Do not print alert words on walls, floors, labels, or posters. Only neutral room names and product typography.",Captions MUST be only about KPV (P-KPV-001) and https://www.palmbeach-vitality.store/products/kpv.,Active,129,
LS-LAB-130,vid_gen_landscape_scenes,16:9,lab_scene,LAB landscape 130 — Semaglutide,modular containerized lab pods in a warehouse-scale bay,16:9 medium-wide environmental shot with product as small mid-ground element,daylight through clerestory windows plus soft fill,no product close-up; full 16:9 laboratory landscape; compound identity via typography; optional distant labeled 10mL sterile crimp-seal vial — never macro,,P-SEM-001,Semaglutide,https://www.palmbeach-vitality.store/products/semaglutide-1-5mg-pen,"LANDSCAPE FULL LAB SCENE (16:9 wide). Environment: modular containerized lab pods in a warehouse-scale bay. Camera: 16:9 medium-wide environmental shot with product as small mid-ground element. Lighting: daylight through clerestory windows plus soft fill. Show the entire research space. Product lock for captions/typography: Semaglutide (P-SEM-001). Variant cycle 2. Never crop to a single object. SIGNAGE RULE: premium clean research lab only. No safety placards, no industrial alert graphics, no trefoil icons, no striped floor tape, no danger banners. Do not print alert words on walls, floors, labels, or posters. Only neutral room names and product typography.",Captions MUST be only about Semaglutide (P-SEM-001) and https://www.palmbeach-vitality.store/products/semaglutide-1-5mg-pen.,Active,130,
LS-LAB-131,vid_gen_landscape_scenes,16:9,lab_scene,LAB landscape 131 — Tirzepatide,high-key white research catalog stage built as a full laboratory,"16:9 landscape establishing shot, 24mm equivalent, deep focus",cool cyan-blue biotech rim with soft overhead panels,no product close-up; full 16:9 laboratory landscape; compound identity via typography; optional distant labeled 10mL sterile crimp-seal vial — never macro,,P-TIR-001,Tirzepatide,https://www.palmbeach-vitality.store/products/tirzepatide-10mg-pen,"LANDSCAPE FULL LAB SCENE (16:9 wide). Environment: high-key white research catalog stage built as a full laboratory. Camera: 16:9 landscape establishing shot, 24mm equivalent, deep focus. Lighting: cool cyan-blue biotech rim with soft overhead panels. Show the entire research space. Product lock for captions/typography: Tirzepatide (P-TIR-001). Variant cycle 2. Never crop to a single object. SIGNAGE RULE: premium clean research lab only. No safety placards, no industrial alert graphics, no trefoil icons, no striped floor tape, no danger banners. Do not print alert words on walls, floors, labels, or posters. Only neutral room names and product typography.",Captions MUST be only about Tirzepatide (P-TIR-001) and https://www.palmbeach-vitality.store/products/tirzepatide-10mg-pen.,Active,131,
LS-LAB-132,vid_gen_landscape_scenes,16:9,lab_scene,LAB landscape 132 — Retatrutide,bronze-and-glass premium lab lobby opening into research floors,16:9 elevated three-quarter wide shot of the entire bay,warm-neutral catalog softboxes with clean speculars,no product close-up; full 16:9 laboratory landscape; compound identity via typography; optional distant labeled 10mL sterile crimp-seal vial — never macro,,P-RET-001,Retatrutide,https://www.palmbeach-vitality.store/products/retatrutride-8mg-pen,"LANDSCAPE FULL LAB SCENE (16:9 wide). Environment: bronze-and-glass premium lab lobby opening into research floors. Camera: 16:9 elevated three-quarter wide shot of the entire bay. Lighting: warm-neutral catalog softboxes with clean speculars. Show the entire research space. Product lock for captions/typography: Retatrutide (P-RET-001). Variant cycle 2. Never crop to a single object. SIGNAGE RULE: premium clean research lab only. No safety placards, no industrial alert graphics, no trefoil icons, no striped floor tape, no danger banners. Do not print alert words on walls, floors, labels, or posters. Only neutral room names and product typography.",Captions MUST be only about Retatrutide (P-RET-001) and https://www.palmbeach-vitality.store/products/retatrutride-8mg-pen.,Active,132,
LS-LAB-133,vid_gen_landscape_scenes,16:9,lab_scene,LAB landscape 133 — KPV / BPC-157 / TB-500 / GHK-Cu,secure research vault corridor with airlocks (no alert signage),16:9 dolly-style hallway perspective into the lab,"high-key sterile white lighting, minimal shadows",no product close-up; full 16:9 laboratory landscape; compound identity via typography; optional distant labeled 10mL sterile crimp-seal vial — never macro,,V-KLO-001,KPV / BPC-157 / TB-500 / GHK-Cu,https://www.palmbeach-vitality.store/products/klow-kpv-bpc-157-tb-500-ghk,"LANDSCAPE FULL LAB SCENE (16:9 wide). Environment: secure research vault corridor with airlocks (no alert signage). Camera: 16:9 dolly-style hallway perspective into the lab. Lighting: high-key sterile white lighting, minimal shadows. Show the entire research space. Product lock for captions/typography: KPV / BPC-157 / TB-500 / GHK-Cu (V-KLO-001). Variant cycle 2. Never crop to a single object. SIGNAGE RULE: premium clean research lab only. No safety placards, no industrial alert graphics, no trefoil icons, no striped floor tape, no danger banners. Do not print alert words on walls, floors, labels, or posters. Only neutral room names and product typography.",Captions MUST be only about KPV / BPC-157 / TB-500 / GHK-Cu (V-KLO-001) and https://www.palmbeach-vitality.store/products/klow-kpv-bpc-157-tb-500-ghk.,Active,133,
LS-LAB-134,vid_gen_landscape_scenes,16:9,lab_scene,LAB landscape 134 — MOTS-C,rooftop mechanical penthouse lab with HVAC stacks in wide frame,16:9 architectural wide shot showing ceiling utilities and floor plane,low-key dramatic instrument LEDs with controlled haze,no product close-up; full 16:9 laboratory landscape; compound identity via typography; optional distant labeled 10mL sterile crimp-seal vial — never macro,,V-MOT-001,MOTS-C,https://www.palmbeach-vitality.store/products/mots-c-10mg-5ml-vial,"LANDSCAPE FULL LAB SCENE (16:9 wide). Environment: rooftop mechanical penthouse lab with HVAC stacks in wide frame. Camera: 16:9 architectural wide shot showing ceiling utilities and floor plane. Lighting: low-key dramatic instrument LEDs with controlled haze. Show the entire research space. Product lock for captions/typography: MOTS-C (V-MOT-001). Variant cycle 2. Never crop to a single object. SIGNAGE RULE: premium clean research lab only. No safety placards, no industrial alert graphics, no trefoil icons, no striped floor tape, no danger banners. Do not print alert words on walls, floors, labels, or posters. Only neutral room names and product typography.",Captions MUST be only about MOTS-C (V-MOT-001) and https://www.palmbeach-vitality.store/products/mots-c-10mg-5ml-vial.,Active,134,
LS-LAB-135,vid_gen_landscape_scenes,16:9,lab_scene,LAB landscape 135 — NAD+,coastal research campus lab with clerestory daylight,16:9 medium-wide environmental shot with product as small mid-ground element,daylight through clerestory windows plus soft fill,no product close-up; full 16:9 laboratory landscape; compound identity via typography; optional distant labeled 10mL sterile crimp-seal vial — never macro,,V-NAD-001,NAD+,https://www.palmbeach-vitality.store/products/nad-1,"LANDSCAPE FULL LAB SCENE (16:9 wide). Environment: coastal research campus lab with clerestory daylight. Camera: 16:9 medium-wide environmental shot with product as small mid-ground element. Lighting: daylight through clerestory windows plus soft fill. Show the entire research space. Product lock for captions/typography: NAD+ (V-NAD-001). Variant cycle 2. Never crop to a single object. SIGNAGE RULE: premium clean research lab only. No safety placards, no industrial alert graphics, no trefoil icons, no striped floor tape, no danger banners. Do not print alert words on walls, floors, labels, or posters. Only neutral room names and product typography.",Captions MUST be only about NAD+ (V-NAD-001) and https://www.palmbeach-vitality.store/products/nad-1.,Active,135,
LS-LAB-136,vid_gen_landscape_scenes,16:9,lab_scene,LAB landscape 136 — PT-141,blackout photography lab stage dressed as a peptide research floor,"16:9 landscape establishing shot, 24mm equivalent, deep focus",cool cyan-blue biotech rim with soft overhead panels,no product close-up; full 16:9 laboratory landscape; compound identity via typography; optional distant labeled 10mL sterile crimp-seal vial — never macro,,V-PT1-001,PT-141,https://www.palmbeach-vitality.store/products/pt-141,"LANDSCAPE FULL LAB SCENE (16:9 wide). Environment: blackout photography lab stage dressed as a peptide research floor. Camera: 16:9 landscape establishing shot, 24mm equivalent, deep focus. Lighting: cool cyan-blue biotech rim with soft overhead panels. Show the entire research space. Product lock for captions/typography: PT-141 (V-PT1-001). Variant cycle 2. Never crop to a single object. SIGNAGE RULE: premium clean research lab only. No safety placards, no industrial alert graphics, no trefoil icons, no striped floor tape, no danger banners. Do not print alert words on walls, floors, labels, or posters. Only neutral room names and product typography.",Captions MUST be only about PT-141 (V-PT1-001) and https://www.palmbeach-vitality.store/products/pt-141.,Active,136,
LS-LAB-137,vid_gen_landscape_scenes,16:9,lab_scene,LAB landscape 137 — Selank,hex-grid raised floor tech lab with cable management under glass tiles,16:9 elevated three-quarter wide shot of the entire bay,warm-neutral catalog softboxes with clean speculars,no product close-up; full 16:9 laboratory landscape; compound identity via typography; optional distant labeled 10mL sterile crimp-seal vial — never macro,,V-SEL-001,Selank,https://www.palmbeach-vitality.store/products/selank,"LANDSCAPE FULL LAB SCENE (16:9 wide). Environment: hex-grid raised floor tech lab with cable management under glass tiles. Camera: 16:9 elevated three-quarter wide shot of the entire bay. Lighting: warm-neutral catalog softboxes with clean speculars. Show the entire research space. Product lock for captions/typography: Selank (V-SEL-001). Variant cycle 2. Never crop to a single object. SIGNAGE RULE: premium clean research lab only. No safety placards, no industrial alert graphics, no trefoil icons, no striped floor tape, no danger banners. Do not print alert words on walls, floors, labels, or posters. Only neutral room names and product typography.",Captions MUST be only about Selank (V-SEL-001) and https://www.palmbeach-vitality.store/products/selank.,Active,137,
LS-LAB-138,vid_gen_landscape_scenes,16:9,lab_scene,LAB landscape 138 — Sermorelin,double-height synthesis hall with hanging reactor scaffolds,16:9 dolly-style hallway perspective into the lab,"high-key sterile white lighting, minimal shadows",no product close-up; full 16:9 laboratory landscape; compound identity via typography; optional distant labeled 10mL sterile crimp-seal vial — never macro,,V-SER-001,Sermorelin,https://www.palmbeach-vitality.store/products/sermorelin,"LANDSCAPE FULL LAB SCENE (16:9 wide). Environment: double-height synthesis hall with hanging reactor scaffolds. Camera: 16:9 dolly-style hallway perspective into the lab. Lighting: high-key sterile white lighting, minimal shadows. Show the entire research space. Product lock for captions/typography: Sermorelin (V-SER-001). Variant cycle 2. Never crop to a single object. SIGNAGE RULE: premium clean research lab only. No safety placards, no industrial alert graphics, no trefoil icons, no striped floor tape, no danger banners. Do not print alert words on walls, floors, labels, or posters. Only neutral room names and product typography.",Captions MUST be only about Sermorelin (V-SER-001) and https://www.palmbeach-vitality.store/products/sermorelin.,Active,138,
LS-LAB-139,vid_gen_landscape_scenes,16:9,lab_scene,LAB landscape 139 — SS-31,narrow instrument canyon between two rows of tall analyzers,16:9 architectural wide shot showing ceiling utilities and floor plane,low-key dramatic instrument LEDs with controlled haze,no product close-up; full 16:9 laboratory landscape; compound identity via typography; optional distant labeled 10mL sterile crimp-seal vial — never macro,,V-SS3-001,SS-31,https://www.palmbeach-vitality.store/products/ss-31,"LANDSCAPE FULL LAB SCENE (16:9 wide). Environment: narrow instrument canyon between two rows of tall analyzers. Camera: 16:9 architectural wide shot showing ceiling utilities and floor plane. Lighting: low-key dramatic instrument LEDs with controlled haze. Show the entire research space. Product lock for captions/typography: SS-31 (V-SS3-001). Variant cycle 2. Never crop to a single object. SIGNAGE RULE: premium clean research lab only. No safety placards, no industrial alert graphics, no trefoil icons, no striped floor tape, no danger banners. Do not print alert words on walls, floors, labels, or posters. Only neutral room names and product typography.",Captions MUST be only about SS-31 (V-SS3-001) and https://www.palmbeach-vitality.store/products/ss-31.,Active,139,
LS-LAB-140,vid_gen_landscape_scenes,16:9,lab_scene,LAB landscape 140 — TB-500,circular empty collaboration lab with ring benches and center island,16:9 medium-wide environmental shot with product as small mid-ground element,daylight through clerestory windows plus soft fill,no product close-up; full 16:9 laboratory landscape; compound identity via typography; optional distant labeled 10mL sterile crimp-seal vial — never macro,,V-TB5-001,TB-500,https://www.palmbeach-vitality.store/products/tb-500,"LANDSCAPE FULL LAB SCENE (16:9 wide). Environment: circular empty collaboration lab with ring benches and center island. Camera: 16:9 medium-wide environmental shot with product as small mid-ground element. Lighting: daylight through clerestory windows plus soft fill. Show the entire research space. Product lock for captions/typography: TB-500 (V-TB5-001). Variant cycle 2. Never crop to a single object. SIGNAGE RULE: premium clean research lab only. No safety placards, no industrial alert graphics, no trefoil icons, no striped floor tape, no danger banners. Do not print alert words on walls, floors, labels, or posters. Only neutral room names and product typography.",Captions MUST be only about TB-500 (V-TB5-001) and https://www.palmbeach-vitality.store/products/tb-500.,Active,140,
LS-LAB-141,vid_gen_landscape_scenes,16:9,lab_scene,LAB landscape 141 — Tesamorelin,reference-standard vault with labeled drawers and cold cases,"16:9 landscape establishing shot, 24mm equivalent, deep focus",cool cyan-blue biotech rim with soft overhead panels,no product close-up; full 16:9 laboratory landscape; compound identity via typography; optional distant labeled 10mL sterile crimp-seal vial — never macro,,V-TES-001,Tesamorelin,https://www.palmbeach-vitality.store/products/tesamorelin,"LANDSCAPE FULL LAB SCENE (16:9 wide). Environment: reference-standard vault with labeled drawers and cold cases. Camera: 16:9 landscape establishing shot, 24mm equivalent, deep focus. Lighting: cool cyan-blue biotech rim with soft overhead panels. Show the entire research space. Product lock for captions/typography: Tesamorelin (V-TES-001). Variant cycle 2. Never crop to a single object. SIGNAGE RULE: premium clean research lab only. No safety placards, no industrial alert graphics, no trefoil icons, no striped floor tape, no danger banners. Do not print alert words on walls, floors, labels, or posters. Only neutral room names and product typography.",Captions MUST be only about Tesamorelin (V-TES-001) and https://www.palmbeach-vitality.store/products/tesamorelin.,Active,141,
LS-LAB-142,vid_gen_landscape_scenes,16:9,lab_scene,LAB landscape 142 — BPC-157,training cleanroom mockup with gowning anteroom (no people),16:9 elevated three-quarter wide shot of the entire bay,warm-neutral catalog softboxes with clean speculars,no product close-up; full 16:9 laboratory landscape; compound identity via typography; optional distant labeled 10mL sterile crimp-seal vial — never macro,,V-BPC-001,BPC-157,https://www.palmbeach-vitality.store/products/bpc-157,"LANDSCAPE FULL LAB SCENE (16:9 wide). Environment: training cleanroom mockup with gowning anteroom (no people). Camera: 16:9 elevated three-quarter wide shot of the entire bay. Lighting: warm-neutral catalog softboxes with clean speculars. Show the entire research space. Product lock for captions/typography: BPC-157 (V-BPC-001). Variant cycle 2. Never crop to a single object. SIGNAGE RULE: premium clean research lab only. No safety placards, no industrial alert graphics, no trefoil icons, no striped floor tape, no danger banners. Do not print alert words on walls, floors, labels, or posters. Only neutral room names and product typography.",Captions MUST be only about BPC-157 (V-BPC-001) and https://www.palmbeach-vitality.store/products/bpc-157.,Active,142,
LS-LAB-143,vid_gen_landscape_scenes,16:9,lab_scene,LAB landscape 143 — BPC-157 / TB-500,pilot-scale manufacturing cell with skid systems and umbilicals,16:9 dolly-style hallway perspective into the lab,"high-key sterile white lighting, minimal shadows",no product close-up; full 16:9 laboratory landscape; compound identity via typography; optional distant labeled 10mL sterile crimp-seal vial — never macro,,V-WOL-001,BPC-157 / TB-500,https://www.palmbeach-vitality.store/products/wolverine-stack,"LANDSCAPE FULL LAB SCENE (16:9 wide). Environment: pilot-scale manufacturing cell with skid systems and umbilicals. Camera: 16:9 dolly-style hallway perspective into the lab. Lighting: high-key sterile white lighting, minimal shadows. Show the entire research space. Product lock for captions/typography: BPC-157 / TB-500 (V-WOL-001). Variant cycle 2. Never crop to a single object. SIGNAGE RULE: premium clean research lab only. No safety placards, no industrial alert graphics, no trefoil icons, no striped floor tape, no danger banners. Do not print alert words on walls, floors, labels, or posters. Only neutral room names and product typography.",Captions MUST be only about BPC-157 / TB-500 (V-WOL-001) and https://www.palmbeach-vitality.store/products/wolverine-stack.,Active,143,
LS-LAB-144,vid_gen_landscape_scenes,16:9,lab_scene,LAB landscape 144 — Cagrilinitide,dark fluorescence-ready lab with instrument towers,16:9 architectural wide shot showing ceiling utilities and floor plane,low-key dramatic instrument LEDs with controlled haze,no product close-up; full 16:9 laboratory landscape; compound identity via typography; optional distant labeled 10mL sterile crimp-seal vial — never macro,,V-CAG-001,Cagrilinitide,https://www.palmbeach-vitality.store/products/cargrilinitide,"LANDSCAPE FULL LAB SCENE (16:9 wide). Environment: dark fluorescence-ready lab with instrument towers. Camera: 16:9 architectural wide shot showing ceiling utilities and floor plane. Lighting: low-key dramatic instrument LEDs with controlled haze. Show the entire research space. Product lock for captions/typography: Cagrilinitide (V-CAG-001). Variant cycle 2. Never crop to a single object. SIGNAGE RULE: premium clean research lab only. No safety placards, no industrial alert graphics, no trefoil icons, no striped floor tape, no danger banners. Do not print alert words on walls, floors, labels, or posters. Only neutral room names and product typography.",Captions MUST be only about Cagrilinitide (V-CAG-001) and https://www.palmbeach-vitality.store/products/cargrilinitide.,Active,144,
LS-LAB-145,vid_gen_landscape_scenes,16:9,lab_scene,LAB landscape 145 — CJC (no DAC),cross-shaped intersection of four research corridors,16:9 medium-wide environmental shot with product as small mid-ground element,daylight through clerestory windows plus soft fill,no product close-up; full 16:9 laboratory landscape; compound identity via typography; optional distant labeled 10mL sterile crimp-seal vial — never macro,,V-CJC-001,CJC (no DAC),https://www.palmbeach-vitality.store/products/cjc,"LANDSCAPE FULL LAB SCENE (16:9 wide). Environment: cross-shaped intersection of four research corridors. Camera: 16:9 medium-wide environmental shot with product as small mid-ground element. Lighting: daylight through clerestory windows plus soft fill. Show the entire research space. Product lock for captions/typography: CJC (no DAC) (V-CJC-001). Variant cycle 2. Never crop to a single object. SIGNAGE RULE: premium clean research lab only. No safety placards, no industrial alert graphics, no trefoil icons, no striped floor tape, no danger banners. Do not print alert words on walls, floors, labels, or posters. Only neutral room names and product typography.",Captions MUST be only about CJC (no DAC) (V-CJC-001) and https://www.palmbeach-vitality.store/products/cjc.,Active,145,
LS-LAB-146,vid_gen_landscape_scenes,16:9,lab_scene,LAB landscape 146 — CJC (no DAC)/Ipamorelin,minimalist white future-lab pavilion with floating island benches,"16:9 landscape establishing shot, 24mm equivalent, deep focus",cool cyan-blue biotech rim with soft overhead panels,no product close-up; full 16:9 laboratory landscape; compound identity via typography; optional distant labeled 10mL sterile crimp-seal vial — never macro,,V-CII-001,CJC (no DAC)/Ipamorelin,https://www.palmbeach-vitality.store/products/cjc-ipamorelin,"LANDSCAPE FULL LAB SCENE (16:9 wide). Environment: minimalist white future-lab pavilion with floating island benches. Camera: 16:9 landscape establishing shot, 24mm equivalent, deep focus. Lighting: cool cyan-blue biotech rim with soft overhead panels. Show the entire research space. Product lock for captions/typography: CJC (no DAC)/Ipamorelin (V-CII-001). Variant cycle 2. Never crop to a single object. SIGNAGE RULE: premium clean research lab only. No safety placards, no industrial alert graphics, no trefoil icons, no striped floor tape, no danger banners. Do not print alert words on walls, floors, labels, or posters. Only neutral room names and product typography.",Captions MUST be only about CJC (no DAC)/Ipamorelin (V-CII-001) and https://www.palmbeach-vitality.store/products/cjc-ipamorelin.,Active,146,
LS-LAB-147,vid_gen_landscape_scenes,16:9,lab_scene,LAB landscape 147 — GHK-Cu,modern utility spine corridor through a lab hall,16:9 elevated three-quarter wide shot of the entire bay,warm-neutral catalog softboxes with clean speculars,no product close-up; full 16:9 laboratory landscape; compound identity via typography; optional distant labeled 10mL sterile crimp-seal vial — never macro,,V-GHK-001,GHK-Cu,https://www.palmbeach-vitality.store/products/ghk-cu,"LANDSCAPE FULL LAB SCENE (16:9 wide). Environment: modern utility spine corridor through a lab hall. Camera: 16:9 elevated three-quarter wide shot of the entire bay. Lighting: warm-neutral catalog softboxes with clean speculars. Show the entire research space. Product lock for captions/typography: GHK-Cu (V-GHK-001). Variant cycle 2. Never crop to a single object. SIGNAGE RULE: premium clean research lab only. No safety placards, no industrial alert graphics, no trefoil icons, no striped floor tape, no danger banners. Do not print alert words on walls, floors, labels, or posters. Only neutral room names and product typography.",Captions MUST be only about GHK-Cu (V-GHK-001) and https://www.palmbeach-vitality.store/products/ghk-cu.,Active,147,
LS-LAB-148,vid_gen_landscape_scenes,16:9,lab_scene,LAB landscape 148 — BPC-157 / TB-500 / GHK-Cu,teal-glass sterile suite with ocean-tone partitions,16:9 dolly-style hallway perspective into the lab,"high-key sterile white lighting, minimal shadows",no product close-up; full 16:9 laboratory landscape; compound identity via typography; optional distant labeled 10mL sterile crimp-seal vial — never macro,,V-GLO-001,BPC-157 / TB-500 / GHK-Cu,https://www.palmbeach-vitality.store/products/glow,"LANDSCAPE FULL LAB SCENE (16:9 wide). Environment: teal-glass sterile suite with ocean-tone partitions. Camera: 16:9 dolly-style hallway perspective into the lab. Lighting: high-key sterile white lighting, minimal shadows. Show the entire research space. Product lock for captions/typography: BPC-157 / TB-500 / GHK-Cu (V-GLO-001). Variant cycle 2. Never crop to a single object. SIGNAGE RULE: premium clean research lab only. No safety placards, no industrial alert graphics, no trefoil icons, no striped floor tape, no danger banners. Do not print alert words on walls, floors, labels, or posters. Only neutral room names and product typography.",Captions MUST be only about BPC-157 / TB-500 / GHK-Cu (V-GLO-001) and https://www.palmbeach-vitality.store/products/glow.,Active,148,
LS-LAB-149,vid_gen_landscape_scenes,16:9,lab_scene,LAB landscape 149 — Thymosin Alpha-1,sandstone-and-steel desert research lab with warm hard light,16:9 architectural wide shot showing ceiling utilities and floor plane,low-key dramatic instrument LEDs with controlled haze,no product close-up; full 16:9 laboratory landscape; compound identity via typography; optional distant labeled 10mL sterile crimp-seal vial — never macro,,V-TA1-001,Thymosin Alpha-1,https://www.palmbeach-vitality.store/products/ta-1,"LANDSCAPE FULL LAB SCENE (16:9 wide). Environment: sandstone-and-steel desert research lab with warm hard light. Camera: 16:9 architectural wide shot showing ceiling utilities and floor plane. Lighting: low-key dramatic instrument LEDs with controlled haze. Show the entire research space. Product lock for captions/typography: Thymosin Alpha-1 (V-TA1-001). Variant cycle 2. Never crop to a single object. SIGNAGE RULE: premium clean research lab only. No safety placards, no industrial alert graphics, no trefoil icons, no striped floor tape, no danger banners. Do not print alert words on walls, floors, labels, or posters. Only neutral room names and product typography.",Captions MUST be only about Thymosin Alpha-1 (V-TA1-001) and https://www.palmbeach-vitality.store/products/ta-1.,Active,149,
LS-LAB-150,vid_gen_landscape_scenes,16:9,lab_scene,LAB landscape 150 — AOD-9604,indigo night lab with magenta instrument accents,16:9 medium-wide environmental shot with product as small mid-ground element,daylight through clerestory windows plus soft fill,no product close-up; full 16:9 laboratory landscape; compound identity via typography; optional distant labeled 10mL sterile crimp-seal vial — never macro,,V-AOD-001,AOD-9604,https://www.palmbeach-vitality.store/products/aod-9604,"LANDSCAPE FULL LAB SCENE (16:9 wide). Environment: indigo night lab with magenta instrument accents. Camera: 16:9 medium-wide environmental shot with product as small mid-ground element. Lighting: daylight through clerestory windows plus soft fill. Show the entire research space. Product lock for captions/typography: AOD-9604 (V-AOD-001). Variant cycle 2. Never crop to a single object. SIGNAGE RULE: premium clean research lab only. No safety placards, no industrial alert graphics, no trefoil icons, no striped floor tape, no danger banners. Do not print alert words on walls, floors, labels, or posters. Only neutral room names and product typography.",Captions MUST be only about AOD-9604 (V-AOD-001) and https://www.palmbeach-vitality.store/products/aod-9604.,Active,150,
LS-LAB-151,vid_gen_landscape_scenes,16:9,lab_scene,LAB landscape 151 — Melanotan 2,sunrise lab with long window light across empty benches,"16:9 landscape establishing shot, 24mm equivalent, deep focus",cool cyan-blue biotech rim with soft overhead panels,no product close-up; full 16:9 laboratory landscape; compound identity via typography; optional distant labeled 10mL sterile crimp-seal vial — never macro,,V-MT2-001,Melanotan 2,https://www.palmbeach-vitality.store/products/melonotan,"LANDSCAPE FULL LAB SCENE (16:9 wide). Environment: sunrise lab with long window light across empty benches. Camera: 16:9 landscape establishing shot, 24mm equivalent, deep focus. Lighting: cool cyan-blue biotech rim with soft overhead panels. Show the entire research space. Product lock for captions/typography: Melanotan 2 (V-MT2-001). Variant cycle 2. Never crop to a single object. SIGNAGE RULE: premium clean research lab only. No safety placards, no industrial alert graphics, no trefoil icons, no striped floor tape, no danger banners. Do not print alert words on walls, floors, labels, or posters. Only neutral room names and product typography.",Captions MUST be only about Melanotan 2 (V-MT2-001) and https://www.palmbeach-vitality.store/products/melonotan.,Active,151,
LS-LAB-152,vid_gen_landscape_scenes,16:9,lab_scene,LAB landscape 152 — Retatrutide,landscape view of a peptide purification suite with skids in a row,16:9 elevated three-quarter wide shot of the entire bay,warm-neutral catalog softboxes with clean speculars,no product close-up; full 16:9 laboratory landscape; compound identity via typography; optional distant labeled 10mL sterile crimp-seal vial — never macro,,V-RET-001,Retatrutide,https://www.palmbeach-vitality.store/products/retatrutide,"LANDSCAPE FULL LAB SCENE (16:9 wide). Environment: landscape view of a peptide purification suite with skids in a row. Camera: 16:9 elevated three-quarter wide shot of the entire bay. Lighting: warm-neutral catalog softboxes with clean speculars. Show the entire research space. Product lock for captions/typography: Retatrutide (V-RET-001). Variant cycle 2. Never crop to a single object. SIGNAGE RULE: premium clean research lab only. No safety placards, no industrial alert graphics, no trefoil icons, no striped floor tape, no danger banners. Do not print alert words on walls, floors, labels, or posters. Only neutral room names and product typography.",Captions MUST be only about Retatrutide (V-RET-001) and https://www.palmbeach-vitality.store/products/retatrutide.,Active,152,
LS-LAB-153,vid_gen_landscape_scenes,16:9,lab_scene,LAB landscape 153 — Tirzepatide,wide clean packaging line room with conveyor idle (no people),16:9 dolly-style hallway perspective into the lab,"high-key sterile white lighting, minimal shadows",no product close-up; full 16:9 laboratory landscape; compound identity via typography; optional distant labeled 10mL sterile crimp-seal vial — never macro,,V-TIR-001,Tirzepatide,https://www.palmbeach-vitality.store/products/tirzepatide,"LANDSCAPE FULL LAB SCENE (16:9 wide). Environment: wide clean packaging line room with conveyor idle (no people). Camera: 16:9 dolly-style hallway perspective into the lab. Lighting: high-key sterile white lighting, minimal shadows. Show the entire research space. Product lock for captions/typography: Tirzepatide (V-TIR-001). Variant cycle 2. Never crop to a single object. SIGNAGE RULE: premium clean research lab only. No safety placards, no industrial alert graphics, no trefoil icons, no striped floor tape, no danger banners. Do not print alert words on walls, floors, labels, or posters. Only neutral room names and product typography.",Captions MUST be only about Tirzepatide (V-TIR-001) and https://www.palmbeach-vitality.store/products/tirzepatide.,Active,153,
LS-LAB-154,vid_gen_landscape_scenes,16:9,lab_scene,LAB landscape 154 — Semaglutide,open-plan QC bullpen of benches under linear lights,16:9 architectural wide shot showing ceiling utilities and floor plane,low-key dramatic instrument LEDs with controlled haze,no product close-up; full 16:9 laboratory landscape; compound identity via typography; optional distant labeled 10mL sterile crimp-seal vial — never macro,,V-SEM-001,Semaglutide,https://www.palmbeach-vitality.store/products/semaglutide,"LANDSCAPE FULL LAB SCENE (16:9 wide). Environment: open-plan QC bullpen of benches under linear lights. Camera: 16:9 architectural wide shot showing ceiling utilities and floor plane. Lighting: low-key dramatic instrument LEDs with controlled haze. Show the entire research space. Product lock for captions/typography: Semaglutide (V-SEM-001). Variant cycle 2. Never crop to a single object. SIGNAGE RULE: premium clean research lab only. No safety placards, no industrial alert graphics, no trefoil icons, no striped floor tape, no danger banners. Do not print alert words on walls, floors, labels, or posters. Only neutral room names and product typography.",Captions MUST be only about Semaglutide (V-SEM-001) and https://www.palmbeach-vitality.store/products/semaglutide.,Active,154,
LS-LAB-155,vid_gen_landscape_scenes,16:9,lab_scene,LAB landscape 155 — KPV / BPC-157 / TB-500 / GHK-Cu,glass bridge corridor between two lab wings,16:9 medium-wide environmental shot with product as small mid-ground element,daylight through clerestory windows plus soft fill,no product close-up; full 16:9 laboratory landscape; compound identity via typography; optional distant labeled 10mL sterile crimp-seal vial — never macro,,P-KLO-001,KPV / BPC-157 / TB-500 / GHK-Cu,https://www.palmbeach-vitality.store/products/klow-pen,"LANDSCAPE FULL LAB SCENE (16:9 wide). Environment: glass bridge corridor between two lab wings. Camera: 16:9 medium-wide environmental shot with product as small mid-ground element. Lighting: daylight through clerestory windows plus soft fill. Show the entire research space. Product lock for captions/typography: KPV / BPC-157 / TB-500 / GHK-Cu (P-KLO-001). Variant cycle 2. Never crop to a single object. SIGNAGE RULE: premium clean research lab only. No safety placards, no industrial alert graphics, no trefoil icons, no striped floor tape, no danger banners. Do not print alert words on walls, floors, labels, or posters. Only neutral room names and product typography.",Captions MUST be only about KPV / BPC-157 / TB-500 / GHK-Cu (P-KLO-001) and https://www.palmbeach-vitality.store/products/klow-pen.,Active,155,
LS-LAB-156,vid_gen_landscape_scenes,16:9,lab_scene,LAB landscape 156 — MOTS-C,sub-zero cold room anteroom landscape with frost-edged doors,"16:9 landscape establishing shot, 24mm equivalent, deep focus",cool cyan-blue biotech rim with soft overhead panels,no product close-up; full 16:9 laboratory landscape; compound identity via typography; optional distant labeled 10mL sterile crimp-seal vial — never macro,,P-MOT-001,MOTS-C,https://www.palmbeach-vitality.store/products/mots-c,"LANDSCAPE FULL LAB SCENE (16:9 wide). Environment: sub-zero cold room anteroom landscape with frost-edged doors. Camera: 16:9 landscape establishing shot, 24mm equivalent, deep focus. Lighting: cool cyan-blue biotech rim with soft overhead panels. Show the entire research space. Product lock for captions/typography: MOTS-C (P-MOT-001). Variant cycle 2. Never crop to a single object. SIGNAGE RULE: premium clean research lab only. No safety placards, no industrial alert graphics, no trefoil icons, no striped floor tape, no danger banners. Do not print alert words on walls, floors, labels, or posters. Only neutral room names and product typography.",Captions MUST be only about MOTS-C (P-MOT-001) and https://www.palmbeach-vitality.store/products/mots-c.,Active,156,
LS-LAB-157,vid_gen_landscape_scenes,16:9,lab_scene,LAB landscape 157 — NAD+,media prep kitchen-lab with stainless tables in wide shot,16:9 elevated three-quarter wide shot of the entire bay,warm-neutral catalog softboxes with clean speculars,no product close-up; full 16:9 laboratory landscape; compound identity via typography; optional distant labeled 10mL sterile crimp-seal vial — never macro,,P-NAD-001,NAD+,https://www.palmbeach-vitality.store/products/nad-pen-500mg,"LANDSCAPE FULL LAB SCENE (16:9 wide). Environment: media prep kitchen-lab with stainless tables in wide shot. Camera: 16:9 elevated three-quarter wide shot of the entire bay. Lighting: warm-neutral catalog softboxes with clean speculars. Show the entire research space. Product lock for captions/typography: NAD+ (P-NAD-001). Variant cycle 2. Never crop to a single object. SIGNAGE RULE: premium clean research lab only. No safety placards, no industrial alert graphics, no trefoil icons, no striped floor tape, no danger banners. Do not print alert words on walls, floors, labels, or posters. Only neutral room names and product typography.",Captions MUST be only about NAD+ (P-NAD-001) and https://www.palmbeach-vitality.store/products/nad-pen-500mg.,Active,157,
LS-LAB-158,vid_gen_landscape_scenes,16:9,lab_scene,LAB landscape 158 — PT-141,autoclave bay with chamber doors aligned in perspective,16:9 dolly-style hallway perspective into the lab,"high-key sterile white lighting, minimal shadows",no product close-up; full 16:9 laboratory landscape; compound identity via typography; optional distant labeled 10mL sterile crimp-seal vial — never macro,,P-PT1-001,PT-141,https://www.palmbeach-vitality.store/products/pt-141-pen,"LANDSCAPE FULL LAB SCENE (16:9 wide). Environment: autoclave bay with chamber doors aligned in perspective. Camera: 16:9 dolly-style hallway perspective into the lab. Lighting: high-key sterile white lighting, minimal shadows. Show the entire research space. Product lock for captions/typography: PT-141 (P-PT1-001). Variant cycle 2. Never crop to a single object. SIGNAGE RULE: premium clean research lab only. No safety placards, no industrial alert graphics, no trefoil icons, no striped floor tape, no danger banners. Do not print alert words on walls, floors, labels, or posters. Only neutral room names and product typography.",Captions MUST be only about PT-141 (P-PT1-001) and https://www.palmbeach-vitality.store/products/pt-141-pen.,Active,158,
LS-LAB-159,vid_gen_landscape_scenes,16:9,lab_scene,LAB landscape 159 — Semax,water purification plant room adjacent to research labs,16:9 architectural wide shot showing ceiling utilities and floor plane,low-key dramatic instrument LEDs with controlled haze,no product close-up; full 16:9 laboratory landscape; compound identity via typography; optional distant labeled 10mL sterile crimp-seal vial — never macro,,P-SMX-001,Semax,https://www.palmbeach-vitality.store/products/semax-pen,"LANDSCAPE FULL LAB SCENE (16:9 wide). Environment: water purification plant room adjacent to research labs. Camera: 16:9 architectural wide shot showing ceiling utilities and floor plane. Lighting: low-key dramatic instrument LEDs with controlled haze. Show the entire research space. Product lock for captions/typography: Semax (P-SMX-001). Variant cycle 2. Never crop to a single object. SIGNAGE RULE: premium clean research lab only. No safety placards, no industrial alert graphics, no trefoil icons, no striped floor tape, no danger banners. Do not print alert words on walls, floors, labels, or posters. Only neutral room names and product typography.",Captions MUST be only about Semax (P-SMX-001) and https://www.palmbeach-vitality.store/products/semax-pen.,Active,159,
LS-LAB-160,vid_gen_landscape_scenes,16:9,lab_scene,LAB landscape 160 — Selank,gas manifold corridor with clean stainless piping runs,16:9 medium-wide environmental shot with product as small mid-ground element,daylight through clerestory windows plus soft fill,no product close-up; full 16:9 laboratory landscape; compound identity via typography; optional distant labeled 10mL sterile crimp-seal vial — never macro,,P-SEL-001,Selank,https://www.palmbeach-vitality.store/products/selank-pen,"LANDSCAPE FULL LAB SCENE (16:9 wide). Environment: gas manifold corridor with clean stainless piping runs. Camera: 16:9 medium-wide environmental shot with product as small mid-ground element. Lighting: daylight through clerestory windows plus soft fill. Show the entire research space. Product lock for captions/typography: Selank (P-SEL-001). Variant cycle 2. Never crop to a single object. SIGNAGE RULE: premium clean research lab only. No safety placards, no industrial alert graphics, no trefoil icons, no striped floor tape, no danger banners. Do not print alert words on walls, floors, labels, or posters. Only neutral room names and product typography.",Captions MUST be only about Selank (P-SEL-001) and https://www.palmbeach-vitality.store/products/selank-pen.,Active,160,
LS-LAB-161,vid_gen_landscape_scenes,16:9,lab_scene,LAB landscape 161 — Sermorelin,server-adjacent instrument data hall with quiet racks,"16:9 landscape establishing shot, 24mm equivalent, deep focus",cool cyan-blue biotech rim with soft overhead panels,no product close-up; full 16:9 laboratory landscape; compound identity via typography; optional distant labeled 10mL sterile crimp-seal vial — never macro,,P-SER-001,Sermorelin,https://www.palmbeach-vitality.store/products/sermorelin-pen,"LANDSCAPE FULL LAB SCENE (16:9 wide). Environment: server-adjacent instrument data hall with quiet racks. Camera: 16:9 landscape establishing shot, 24mm equivalent, deep focus. Lighting: cool cyan-blue biotech rim with soft overhead panels. Show the entire research space. Product lock for captions/typography: Sermorelin (P-SER-001). Variant cycle 2. Never crop to a single object. SIGNAGE RULE: premium clean research lab only. No safety placards, no industrial alert graphics, no trefoil icons, no striped floor tape, no danger banners. Do not print alert words on walls, floors, labels, or posters. Only neutral room names and product typography.",Captions MUST be only about Sermorelin (P-SER-001) and https://www.palmbeach-vitality.store/products/sermorelin-pen.,Active,161,
LS-LAB-162,vid_gen_landscape_scenes,16:9,lab_scene,LAB landscape 162 — Thymosin Alpha-1,raw-material weigh room with balance benches in a wide bay,16:9 elevated three-quarter wide shot of the entire bay,warm-neutral catalog softboxes with clean speculars,no product close-up; full 16:9 laboratory landscape; compound identity via typography; optional distant labeled 10mL sterile crimp-seal vial — never macro,,P-TA1-001,Thymosin Alpha-1,https://www.palmbeach-vitality.store/products/ta-2,"LANDSCAPE FULL LAB SCENE (16:9 wide). Environment: raw-material weigh room with balance benches in a wide bay. Camera: 16:9 elevated three-quarter wide shot of the entire bay. Lighting: warm-neutral catalog softboxes with clean speculars. Show the entire research space. Product lock for captions/typography: Thymosin Alpha-1 (P-TA1-001). Variant cycle 2. Never crop to a single object. SIGNAGE RULE: premium clean research lab only. No safety placards, no industrial alert graphics, no trefoil icons, no striped floor tape, no danger banners. Do not print alert words on walls, floors, labels, or posters. Only neutral room names and product typography.",Captions MUST be only about Thymosin Alpha-1 (P-TA1-001) and https://www.palmbeach-vitality.store/products/ta-2.,Active,162,
LS-LAB-163,vid_gen_landscape_scenes,16:9,lab_scene,LAB landscape 163 — Tesamorelin,dissolution apparatus room in catalog lighting,16:9 dolly-style hallway perspective into the lab,"high-key sterile white lighting, minimal shadows",no product close-up; full 16:9 laboratory landscape; compound identity via typography; optional distant labeled 10mL sterile crimp-seal vial — never macro,,P-TES-001,Tesamorelin,https://www.palmbeach-vitality.store/products/tesamorelin-30mg-pen,"LANDSCAPE FULL LAB SCENE (16:9 wide). Environment: dissolution apparatus room in catalog lighting. Camera: 16:9 dolly-style hallway perspective into the lab. Lighting: high-key sterile white lighting, minimal shadows. Show the entire research space. Product lock for captions/typography: Tesamorelin (P-TES-001). Variant cycle 2. Never crop to a single object. SIGNAGE RULE: premium clean research lab only. No safety placards, no industrial alert graphics, no trefoil icons, no striped floor tape, no danger banners. Do not print alert words on walls, floors, labels, or posters. Only neutral room names and product typography.",Captions MUST be only about Tesamorelin (P-TES-001) and https://www.palmbeach-vitality.store/products/tesamorelin-30mg-pen.,Active,163,
LS-LAB-164,vid_gen_landscape_scenes,16:9,lab_scene,LAB landscape 164 — Tesamorelin/Ipamorelin,particle counter clean zone with soft white architecture,16:9 architectural wide shot showing ceiling utilities and floor plane,low-key dramatic instrument LEDs with controlled haze,no product close-up; full 16:9 laboratory landscape; compound identity via typography; optional distant labeled 10mL sterile crimp-seal vial — never macro,,P-TEI-001,Tesamorelin/Ipamorelin,https://www.palmbeach-vitality.store/products/tesamorelin-ipamorelin-pen,"LANDSCAPE FULL LAB SCENE (16:9 wide). Environment: particle counter clean zone with soft white architecture. Camera: 16:9 architectural wide shot showing ceiling utilities and floor plane. Lighting: low-key dramatic instrument LEDs with controlled haze. Show the entire research space. Product lock for captions/typography: Tesamorelin/Ipamorelin (P-TEI-001). Variant cycle 2. Never crop to a single object. SIGNAGE RULE: premium clean research lab only. No safety placards, no industrial alert graphics, no trefoil icons, no striped floor tape, no danger banners. Do not print alert words on walls, floors, labels, or posters. Only neutral room names and product typography.",Captions MUST be only about Tesamorelin/Ipamorelin (P-TEI-001) and https://www.palmbeach-vitality.store/products/tesamorelin-ipamorelin-pen.,Active,164,
LS-LAB-165,vid_gen_landscape_scenes,16:9,lab_scene,LAB landscape 165 — BPC-157,labeling and kitting room with organized shelf landscapes,16:9 medium-wide environmental shot with product as small mid-ground element,daylight through clerestory windows plus soft fill,no product close-up; full 16:9 laboratory landscape; compound identity via typography; optional distant labeled 10mL sterile crimp-seal vial — never macro,,P-BPC-001,BPC-157,https://www.palmbeach-vitality.store/products/bpc-157-pen,"LANDSCAPE FULL LAB SCENE (16:9 wide). Environment: labeling and kitting room with organized shelf landscapes. Camera: 16:9 medium-wide environmental shot with product as small mid-ground element. Lighting: daylight through clerestory windows plus soft fill. Show the entire research space. Product lock for captions/typography: BPC-157 (P-BPC-001). Variant cycle 2. Never crop to a single object. SIGNAGE RULE: premium clean research lab only. No safety placards, no industrial alert graphics, no trefoil icons, no striped floor tape, no danger banners. Do not print alert words on walls, floors, labels, or posters. Only neutral room names and product typography.",Captions MUST be only about BPC-157 (P-BPC-001) and https://www.palmbeach-vitality.store/products/bpc-157-pen.,Active,165,
LS-LAB-166,vid_gen_landscape_scenes,16:9,lab_scene,LAB landscape 166 — BPC-157 / TB-500,retain sample archive hall with rolling shelving,"16:9 landscape establishing shot, 24mm equivalent, deep focus",cool cyan-blue biotech rim with soft overhead panels,no product close-up; full 16:9 laboratory landscape; compound identity via typography; optional distant labeled 10mL sterile crimp-seal vial — never macro,,P-WOL-001,BPC-157 / TB-500,https://www.palmbeach-vitality.store/products/wolverine-pen,"LANDSCAPE FULL LAB SCENE (16:9 wide). Environment: retain sample archive hall with rolling shelving. Camera: 16:9 landscape establishing shot, 24mm equivalent, deep focus. Lighting: cool cyan-blue biotech rim with soft overhead panels. Show the entire research space. Product lock for captions/typography: BPC-157 / TB-500 (P-WOL-001). Variant cycle 2. Never crop to a single object. SIGNAGE RULE: premium clean research lab only. No safety placards, no industrial alert graphics, no trefoil icons, no striped floor tape, no danger banners. Do not print alert words on walls, floors, labels, or posters. Only neutral room names and product typography.",Captions MUST be only about BPC-157 / TB-500 (P-WOL-001) and https://www.palmbeach-vitality.store/products/wolverine-pen.,Active,166,
LS-LAB-167,vid_gen_landscape_scenes,16:9,lab_scene,LAB landscape 167 — CJC (no DAC)/Ipamorelin,solvent cabinet alley with reflective epoxy floor,16:9 elevated three-quarter wide shot of the entire bay,warm-neutral catalog softboxes with clean speculars,no product close-up; full 16:9 laboratory landscape; compound identity via typography; optional distant labeled 10mL sterile crimp-seal vial — never macro,,P-CII-001,CJC (no DAC)/Ipamorelin,https://www.palmbeach-vitality.store/products/cjc-ipamorelin-1,"LANDSCAPE FULL LAB SCENE (16:9 wide). Environment: solvent cabinet alley with reflective epoxy floor. Camera: 16:9 elevated three-quarter wide shot of the entire bay. Lighting: warm-neutral catalog softboxes with clean speculars. Show the entire research space. Product lock for captions/typography: CJC (no DAC)/Ipamorelin (P-CII-001). Variant cycle 2. Never crop to a single object. SIGNAGE RULE: premium clean research lab only. No safety placards, no industrial alert graphics, no trefoil icons, no striped floor tape, no danger banners. Do not print alert words on walls, floors, labels, or posters. Only neutral room names and product typography.",Captions MUST be only about CJC (no DAC)/Ipamorelin (P-CII-001) and https://www.palmbeach-vitality.store/products/cjc-ipamorelin-1.,Active,167,
LS-LAB-168,vid_gen_landscape_scenes,16:9,lab_scene,LAB landscape 168 — DSIP,gowning corridor looking into a bright sterile bay,16:9 dolly-style hallway perspective into the lab,"high-key sterile white lighting, minimal shadows",no product close-up; full 16:9 laboratory landscape; compound identity via typography; optional distant labeled 10mL sterile crimp-seal vial — never macro,,P-DSI-001,DSIP,https://www.palmbeach-vitality.store/products/dsip-pen,"LANDSCAPE FULL LAB SCENE (16:9 wide). Environment: gowning corridor looking into a bright sterile bay. Camera: 16:9 dolly-style hallway perspective into the lab. Lighting: high-key sterile white lighting, minimal shadows. Show the entire research space. Product lock for captions/typography: DSIP (P-DSI-001). Variant cycle 2. Never crop to a single object. SIGNAGE RULE: premium clean research lab only. No safety placards, no industrial alert graphics, no trefoil icons, no striped floor tape, no danger banners. Do not print alert words on walls, floors, labels, or posters. Only neutral room names and product typography.",Captions MUST be only about DSIP (P-DSI-001) and https://www.palmbeach-vitality.store/products/dsip-pen.,Active,168,
LS-LAB-169,vid_gen_landscape_scenes,16:9,lab_scene,LAB landscape 169 — GHK-Cu,pass-box wall landscape between gray and white zones,16:9 architectural wide shot showing ceiling utilities and floor plane,low-key dramatic instrument LEDs with controlled haze,no product close-up; full 16:9 laboratory landscape; compound identity via typography; optional distant labeled 10mL sterile crimp-seal vial — never macro,,P-GHK-001,GHK-Cu,https://www.palmbeach-vitality.store/products/ghk-cu-pen,"LANDSCAPE FULL LAB SCENE (16:9 wide). Environment: pass-box wall landscape between gray and white zones. Camera: 16:9 architectural wide shot showing ceiling utilities and floor plane. Lighting: low-key dramatic instrument LEDs with controlled haze. Show the entire research space. Product lock for captions/typography: GHK-Cu (P-GHK-001). Variant cycle 2. Never crop to a single object. SIGNAGE RULE: premium clean research lab only. No safety placards, no industrial alert graphics, no trefoil icons, no striped floor tape, no danger banners. Do not print alert words on walls, floors, labels, or posters. Only neutral room names and product typography.",Captions MUST be only about GHK-Cu (P-GHK-001) and https://www.palmbeach-vitality.store/products/ghk-cu-pen.,Active,169,
LS-LAB-170,vid_gen_landscape_scenes,16:9,lab_scene,LAB landscape 170 — 5-Amino-1MQ,HVAC chase balcony overlooking the main lab floor,16:9 medium-wide environmental shot with product as small mid-ground element,daylight through clerestory windows plus soft fill,no product close-up; full 16:9 laboratory landscape; compound identity via typography; optional distant labeled 10mL sterile crimp-seal vial — never macro,,P-5AM-001,5-Amino-1MQ,https://www.palmbeach-vitality.store/products/5-amino-mq-pen,"LANDSCAPE FULL LAB SCENE (16:9 wide). Environment: HVAC chase balcony overlooking the main lab floor. Camera: 16:9 medium-wide environmental shot with product as small mid-ground element. Lighting: daylight through clerestory windows plus soft fill. Show the entire research space. Product lock for captions/typography: 5-Amino-1MQ (P-5AM-001). Variant cycle 2. Never crop to a single object. SIGNAGE RULE: premium clean research lab only. No safety placards, no industrial alert graphics, no trefoil icons, no striped floor tape, no danger banners. Do not print alert words on walls, floors, labels, or posters. Only neutral room names and product typography.",Captions MUST be only about 5-Amino-1MQ (P-5AM-001) and https://www.palmbeach-vitality.store/products/5-amino-mq-pen.,Active,170,
LS-LAB-171,vid_gen_landscape_scenes,16:9,lab_scene,LAB landscape 171 — BPC-157 / TB-500 / GHK-Cu,loading dock lab receiving bay converted to clean staging,"16:9 landscape establishing shot, 24mm equivalent, deep focus",cool cyan-blue biotech rim with soft overhead panels,no product close-up; full 16:9 laboratory landscape; compound identity via typography; optional distant labeled 10mL sterile crimp-seal vial — never macro,,P-GLO-001,BPC-157 / TB-500 / GHK-Cu,https://www.palmbeach-vitality.store/products/glow-pen,"LANDSCAPE FULL LAB SCENE (16:9 wide). Environment: loading dock lab receiving bay converted to clean staging. Camera: 16:9 landscape establishing shot, 24mm equivalent, deep focus. Lighting: cool cyan-blue biotech rim with soft overhead panels. Show the entire research space. Product lock for captions/typography: BPC-157 / TB-500 / GHK-Cu (P-GLO-001). Variant cycle 2. Never crop to a single object. SIGNAGE RULE: premium clean research lab only. No safety placards, no industrial alert graphics, no trefoil icons, no striped floor tape, no danger banners. Do not print alert words on walls, floors, labels, or posters. Only neutral room names and product typography.",Captions MUST be only about BPC-157 / TB-500 / GHK-Cu (P-GLO-001) and https://www.palmbeach-vitality.store/products/glow-pen.,Active,171,
LS-LAB-172,vid_gen_landscape_scenes,16:9,lab_scene,LAB landscape 172 — SS-31,multi-level lab with stairs and glass rails (empty),16:9 elevated three-quarter wide shot of the entire bay,warm-neutral catalog softboxes with clean speculars,no product close-up; full 16:9 laboratory landscape; compound identity via typography; optional distant labeled 10mL sterile crimp-seal vial — never macro,,P-SS3-001,SS-31,https://www.palmbeach-vitality.store/products/ss-31-pen,"LANDSCAPE FULL LAB SCENE (16:9 wide). Environment: multi-level lab with stairs and glass rails (empty). Camera: 16:9 elevated three-quarter wide shot of the entire bay. Lighting: warm-neutral catalog softboxes with clean speculars. Show the entire research space. Product lock for captions/typography: SS-31 (P-SS3-001). Variant cycle 2. Never crop to a single object. SIGNAGE RULE: premium clean research lab only. No safety placards, no industrial alert graphics, no trefoil icons, no striped floor tape, no danger banners. Do not print alert words on walls, floors, labels, or posters. Only neutral room names and product typography.",Captions MUST be only about SS-31 (P-SS3-001) and https://www.palmbeach-vitality.store/products/ss-31-pen.,Active,172,
LS-LAB-173,vid_gen_landscape_scenes,16:9,lab_scene,LAB landscape 173 — KPV,circular airlock cluster in a radial lab plan,16:9 dolly-style hallway perspective into the lab,"high-key sterile white lighting, minimal shadows",no product close-up; full 16:9 laboratory landscape; compound identity via typography; optional distant labeled 10mL sterile crimp-seal vial — never macro,,P-KPV-001,KPV,https://www.palmbeach-vitality.store/products/kpv,"LANDSCAPE FULL LAB SCENE (16:9 wide). Environment: circular airlock cluster in a radial lab plan. Camera: 16:9 dolly-style hallway perspective into the lab. Lighting: high-key sterile white lighting, minimal shadows. Show the entire research space. Product lock for captions/typography: KPV (P-KPV-001). Variant cycle 2. Never crop to a single object. SIGNAGE RULE: premium clean research lab only. No safety placards, no industrial alert graphics, no trefoil icons, no striped floor tape, no danger banners. Do not print alert words on walls, floors, labels, or posters. Only neutral room names and product typography.",Captions MUST be only about KPV (P-KPV-001) and https://www.palmbeach-vitality.store/products/kpv.,Active,173,
LS-LAB-174,vid_gen_landscape_scenes,16:9,lab_scene,LAB landscape 174 — Semaglutide,long HPLC farm in a single vanishing-point shot,16:9 architectural wide shot showing ceiling utilities and floor plane,low-key dramatic instrument LEDs with controlled haze,no product close-up; full 16:9 laboratory landscape; compound identity via typography; optional distant labeled 10mL sterile crimp-seal vial — never macro,,P-SEM-001,Semaglutide,https://www.palmbeach-vitality.store/products/semaglutide-1-5mg-pen,"LANDSCAPE FULL LAB SCENE (16:9 wide). Environment: long HPLC farm in a single vanishing-point shot. Camera: 16:9 architectural wide shot showing ceiling utilities and floor plane. Lighting: low-key dramatic instrument LEDs with controlled haze. Show the entire research space. Product lock for captions/typography: Semaglutide (P-SEM-001). Variant cycle 2. Never crop to a single object. SIGNAGE RULE: premium clean research lab only. No safety placards, no industrial alert graphics, no trefoil icons, no striped floor tape, no danger banners. Do not print alert words on walls, floors, labels, or posters. Only neutral room names and product typography.",Captions MUST be only about Semaglutide (P-SEM-001) and https://www.palmbeach-vitality.store/products/semaglutide-1-5mg-pen.,Active,174,
LS-LAB-175,vid_gen_landscape_scenes,16:9,lab_scene,LAB landscape 175 — Tirzepatide,mass-spec bank room with cable arms and chillers,16:9 medium-wide environmental shot with product as small mid-ground element,daylight through clerestory windows plus soft fill,no product close-up; full 16:9 laboratory landscape; compound identity via typography; optional distant labeled 10mL sterile crimp-seal vial — never macro,,P-TIR-001,Tirzepatide,https://www.palmbeach-vitality.store/products/tirzepatide-10mg-pen,"LANDSCAPE FULL LAB SCENE (16:9 wide). Environment: mass-spec bank room with cable arms and chillers. Camera: 16:9 medium-wide environmental shot with product as small mid-ground element. Lighting: daylight through clerestory windows plus soft fill. Show the entire research space. Product lock for captions/typography: Tirzepatide (P-TIR-001). Variant cycle 2. Never crop to a single object. SIGNAGE RULE: premium clean research lab only. No safety placards, no industrial alert graphics, no trefoil icons, no striped floor tape, no danger banners. Do not print alert words on walls, floors, labels, or posters. Only neutral room names and product typography.",Captions MUST be only about Tirzepatide (P-TIR-001) and https://www.palmbeach-vitality.store/products/tirzepatide-10mg-pen.,Active,175,
LS-LAB-176,vid_gen_landscape_scenes,16:9,lab_scene,LAB landscape 176 — Retatrutide,incubator wall landscape with glass doors,"16:9 landscape establishing shot, 24mm equivalent, deep focus",cool cyan-blue biotech rim with soft overhead panels,no product close-up; full 16:9 laboratory landscape; compound identity via typography; optional distant labeled 10mL sterile crimp-seal vial — never macro,,P-RET-001,Retatrutide,https://www.palmbeach-vitality.store/products/retatrutride-8mg-pen,"LANDSCAPE FULL LAB SCENE (16:9 wide). Environment: incubator wall landscape with glass doors. Camera: 16:9 landscape establishing shot, 24mm equivalent, deep focus. Lighting: cool cyan-blue biotech rim with soft overhead panels. Show the entire research space. Product lock for captions/typography: Retatrutide (P-RET-001). Variant cycle 2. Never crop to a single object. SIGNAGE RULE: premium clean research lab only. No safety placards, no industrial alert graphics, no trefoil icons, no striped floor tape, no danger banners. Do not print alert words on walls, floors, labels, or posters. Only neutral room names and product typography.",Captions MUST be only about Retatrutide (P-RET-001) and https://www.palmbeach-vitality.store/products/retatrutride-8mg-pen.,Active,176,
LS-LAB-177,vid_gen_landscape_scenes,16:9,lab_scene,LAB landscape 177 — KPV / BPC-157 / TB-500 / GHK-Cu,centrifuge suite with machines in a disciplined row,16:9 elevated three-quarter wide shot of the entire bay,warm-neutral catalog softboxes with clean speculars,no product close-up; full 16:9 laboratory landscape; compound identity via typography; optional distant labeled 10mL sterile crimp-seal vial — never macro,,V-KLO-001,KPV / BPC-157 / TB-500 / GHK-Cu,https://www.palmbeach-vitality.store/products/klow-kpv-bpc-157-tb-500-ghk,"LANDSCAPE FULL LAB SCENE (16:9 wide). Environment: centrifuge suite with machines in a disciplined row. Camera: 16:9 elevated three-quarter wide shot of the entire bay. Lighting: warm-neutral catalog softboxes with clean speculars. Show the entire research space. Product lock for captions/typography: KPV / BPC-157 / TB-500 / GHK-Cu (V-KLO-001). Variant cycle 2. Never crop to a single object. SIGNAGE RULE: premium clean research lab only. No safety placards, no industrial alert graphics, no trefoil icons, no striped floor tape, no danger banners. Do not print alert words on walls, floors, labels, or posters. Only neutral room names and product typography.",Captions MUST be only about KPV / BPC-157 / TB-500 / GHK-Cu (V-KLO-001) and https://www.palmbeach-vitality.store/products/klow-kpv-bpc-157-tb-500-ghk.,Active,177,
LS-LAB-178,vid_gen_landscape_scenes,16:9,lab_scene,LAB landscape 178 — MOTS-C,microscopy corridor with darkened side rooms,16:9 dolly-style hallway perspective into the lab,"high-key sterile white lighting, minimal shadows",no product close-up; full 16:9 laboratory landscape; compound identity via typography; optional distant labeled 10mL sterile crimp-seal vial — never macro,,V-MOT-001,MOTS-C,https://www.palmbeach-vitality.store/products/mots-c-10mg-5ml-vial,"LANDSCAPE FULL LAB SCENE (16:9 wide). Environment: microscopy corridor with darkened side rooms. Camera: 16:9 dolly-style hallway perspective into the lab. Lighting: high-key sterile white lighting, minimal shadows. Show the entire research space. Product lock for captions/typography: MOTS-C (V-MOT-001). Variant cycle 2. Never crop to a single object. SIGNAGE RULE: premium clean research lab only. No safety placards, no industrial alert graphics, no trefoil icons, no striped floor tape, no danger banners. Do not print alert words on walls, floors, labels, or posters. Only neutral room names and product typography.",Captions MUST be only about MOTS-C (V-MOT-001) and https://www.palmbeach-vitality.store/products/mots-c-10mg-5ml-vial.,Active,178,
LS-LAB-179,vid_gen_landscape_scenes,16:9,lab_scene,LAB landscape 179 — NAD+,chemical fume hood line in a wide chemistry bay,16:9 architectural wide shot showing ceiling utilities and floor plane,low-key dramatic instrument LEDs with controlled haze,no product close-up; full 16:9 laboratory landscape; compound identity via typography; optional distant labeled 10mL sterile crimp-seal vial — never macro,,V-NAD-001,NAD+,https://www.palmbeach-vitality.store/products/nad-1,"LANDSCAPE FULL LAB SCENE (16:9 wide). Environment: chemical fume hood line in a wide chemistry bay. Camera: 16:9 architectural wide shot showing ceiling utilities and floor plane. Lighting: low-key dramatic instrument LEDs with controlled haze. Show the entire research space. Product lock for captions/typography: NAD+ (V-NAD-001). Variant cycle 2. Never crop to a single object. SIGNAGE RULE: premium clean research lab only. No safety placards, no industrial alert graphics, no trefoil icons, no striped floor tape, no danger banners. Do not print alert words on walls, floors, labels, or posters. Only neutral room names and product typography.",Captions MUST be only about NAD+ (V-NAD-001) and https://www.palmbeach-vitality.store/products/nad-1.,Active,179,
LS-LAB-180,vid_gen_landscape_scenes,16:9,lab_scene,LAB landscape 180 — PT-141,balance room with anti-vibration tables repeating,16:9 medium-wide environmental shot with product as small mid-ground element,daylight through clerestory windows plus soft fill,no product close-up; full 16:9 laboratory landscape; compound identity via typography; optional distant labeled 10mL sterile crimp-seal vial — never macro,,V-PT1-001,PT-141,https://www.palmbeach-vitality.store/products/pt-141,"LANDSCAPE FULL LAB SCENE (16:9 wide). Environment: balance room with anti-vibration tables repeating. Camera: 16:9 medium-wide environmental shot with product as small mid-ground element. Lighting: daylight through clerestory windows plus soft fill. Show the entire research space. Product lock for captions/typography: PT-141 (V-PT1-001). Variant cycle 2. Never crop to a single object. SIGNAGE RULE: premium clean research lab only. No safety placards, no industrial alert graphics, no trefoil icons, no striped floor tape, no danger banners. Do not print alert words on walls, floors, labels, or posters. Only neutral room names and product typography.",Captions MUST be only about PT-141 (V-PT1-001) and https://www.palmbeach-vitality.store/products/pt-141.,Active,180,
LS-LAB-181,vid_gen_landscape_scenes,16:9,lab_scene,LAB landscape 181 — Selank,buffer prep hall with mixing tanks mid-ground,"16:9 landscape establishing shot, 24mm equivalent, deep focus",cool cyan-blue biotech rim with soft overhead panels,no product close-up; full 16:9 laboratory landscape; compound identity via typography; optional distant labeled 10mL sterile crimp-seal vial — never macro,,V-SEL-001,Selank,https://www.palmbeach-vitality.store/products/selank,"LANDSCAPE FULL LAB SCENE (16:9 wide). Environment: buffer prep hall with mixing tanks mid-ground. Camera: 16:9 landscape establishing shot, 24mm equivalent, deep focus. Lighting: cool cyan-blue biotech rim with soft overhead panels. Show the entire research space. Product lock for captions/typography: Selank (V-SEL-001). Variant cycle 2. Never crop to a single object. SIGNAGE RULE: premium clean research lab only. No safety placards, no industrial alert graphics, no trefoil icons, no striped floor tape, no danger banners. Do not print alert words on walls, floors, labels, or posters. Only neutral room names and product typography.",Captions MUST be only about Selank (V-SEL-001) and https://www.palmbeach-vitality.store/products/selank.,Active,181,
LS-LAB-182,vid_gen_landscape_scenes,16:9,lab_scene,LAB landscape 182 — Sermorelin,filtration skid gallery in polished stainless,16:9 elevated three-quarter wide shot of the entire bay,warm-neutral catalog softboxes with clean speculars,no product close-up; full 16:9 laboratory landscape; compound identity via typography; optional distant labeled 10mL sterile crimp-seal vial — never macro,,V-SER-001,Sermorelin,https://www.palmbeach-vitality.store/products/sermorelin,"LANDSCAPE FULL LAB SCENE (16:9 wide). Environment: filtration skid gallery in polished stainless. Camera: 16:9 elevated three-quarter wide shot of the entire bay. Lighting: warm-neutral catalog softboxes with clean speculars. Show the entire research space. Product lock for captions/typography: Sermorelin (V-SER-001). Variant cycle 2. Never crop to a single object. SIGNAGE RULE: premium clean research lab only. No safety placards, no industrial alert graphics, no trefoil icons, no striped floor tape, no danger banners. Do not print alert words on walls, floors, labels, or posters. Only neutral room names and product typography.",Captions MUST be only about Sermorelin (V-SER-001) and https://www.palmbeach-vitality.store/products/sermorelin.,Active,182,
LS-LAB-183,vid_gen_landscape_scenes,16:9,lab_scene,LAB landscape 183 — SS-31,cryogenic Dewar storage alcove in a wide vault,16:9 dolly-style hallway perspective into the lab,"high-key sterile white lighting, minimal shadows",no product close-up; full 16:9 laboratory landscape; compound identity via typography; optional distant labeled 10mL sterile crimp-seal vial — never macro,,V-SS3-001,SS-31,https://www.palmbeach-vitality.store/products/ss-31,"LANDSCAPE FULL LAB SCENE (16:9 wide). Environment: cryogenic Dewar storage alcove in a wide vault. Camera: 16:9 dolly-style hallway perspective into the lab. Lighting: high-key sterile white lighting, minimal shadows. Show the entire research space. Product lock for captions/typography: SS-31 (V-SS3-001). Variant cycle 2. Never crop to a single object. SIGNAGE RULE: premium clean research lab only. No safety placards, no industrial alert graphics, no trefoil icons, no striped floor tape, no danger banners. Do not print alert words on walls, floors, labels, or posters. Only neutral room names and product typography.",Captions MUST be only about SS-31 (V-SS3-001) and https://www.palmbeach-vitality.store/products/ss-31.,Active,183,
LS-LAB-184,vid_gen_landscape_scenes,16:9,lab_scene,LAB landscape 184 — TB-500,clean steam generator plant adjacent to labs,16:9 architectural wide shot showing ceiling utilities and floor plane,low-key dramatic instrument LEDs with controlled haze,no product close-up; full 16:9 laboratory landscape; compound identity via typography; optional distant labeled 10mL sterile crimp-seal vial — never macro,,V-TB5-001,TB-500,https://www.palmbeach-vitality.store/products/tb-500,"LANDSCAPE FULL LAB SCENE (16:9 wide). Environment: clean steam generator plant adjacent to labs. Camera: 16:9 architectural wide shot showing ceiling utilities and floor plane. Lighting: low-key dramatic instrument LEDs with controlled haze. Show the entire research space. Product lock for captions/typography: TB-500 (V-TB5-001). Variant cycle 2. Never crop to a single object. SIGNAGE RULE: premium clean research lab only. No safety placards, no industrial alert graphics, no trefoil icons, no striped floor tape, no danger banners. Do not print alert words on walls, floors, labels, or posters. Only neutral room names and product typography.",Captions MUST be only about TB-500 (V-TB5-001) and https://www.palmbeach-vitality.store/products/tb-500.,Active,184,
LS-LAB-185,vid_gen_landscape_scenes,16:9,lab_scene,LAB landscape 185 — Tesamorelin,WFI loop corridor with polished tube runs,16:9 medium-wide environmental shot with product as small mid-ground element,daylight through clerestory windows plus soft fill,no product close-up; full 16:9 laboratory landscape; compound identity via typography; optional distant labeled 10mL sterile crimp-seal vial — never macro,,V-TES-001,Tesamorelin,https://www.palmbeach-vitality.store/products/tesamorelin,"LANDSCAPE FULL LAB SCENE (16:9 wide). Environment: WFI loop corridor with polished tube runs. Camera: 16:9 medium-wide environmental shot with product as small mid-ground element. Lighting: daylight through clerestory windows plus soft fill. Show the entire research space. Product lock for captions/typography: Tesamorelin (V-TES-001). Variant cycle 2. Never crop to a single object. SIGNAGE RULE: premium clean research lab only. No safety placards, no industrial alert graphics, no trefoil icons, no striped floor tape, no danger banners. Do not print alert words on walls, floors, labels, or posters. Only neutral room names and product typography.",Captions MUST be only about Tesamorelin (V-TES-001) and https://www.palmbeach-vitality.store/products/tesamorelin.,Active,185,
LS-LAB-186,vid_gen_landscape_scenes,16:9,lab_scene,LAB landscape 186 — BPC-157,environmental monitoring station landscape,"16:9 landscape establishing shot, 24mm equivalent, deep focus",cool cyan-blue biotech rim with soft overhead panels,no product close-up; full 16:9 laboratory landscape; compound identity via typography; optional distant labeled 10mL sterile crimp-seal vial — never macro,,V-BPC-001,BPC-157,https://www.palmbeach-vitality.store/products/bpc-157,"LANDSCAPE FULL LAB SCENE (16:9 wide). Environment: environmental monitoring station landscape. Camera: 16:9 landscape establishing shot, 24mm equivalent, deep focus. Lighting: cool cyan-blue biotech rim with soft overhead panels. Show the entire research space. Product lock for captions/typography: BPC-157 (V-BPC-001). Variant cycle 2. Never crop to a single object. SIGNAGE RULE: premium clean research lab only. No safety placards, no industrial alert graphics, no trefoil icons, no striped floor tape, no danger banners. Do not print alert words on walls, floors, labels, or posters. Only neutral room names and product typography.",Captions MUST be only about BPC-157 (V-BPC-001) and https://www.palmbeach-vitality.store/products/bpc-157.,Active,186,
LS-LAB-187,vid_gen_landscape_scenes,16:9,lab_scene,LAB landscape 187 — BPC-157 / TB-500,document control window looking into the lab (no people),16:9 elevated three-quarter wide shot of the entire bay,warm-neutral catalog softboxes with clean speculars,no product close-up; full 16:9 laboratory landscape; compound identity via typography; optional distant labeled 10mL sterile crimp-seal vial — never macro,,V-WOL-001,BPC-157 / TB-500,https://www.palmbeach-vitality.store/products/wolverine-stack,"LANDSCAPE FULL LAB SCENE (16:9 wide). Environment: document control window looking into the lab (no people). Camera: 16:9 elevated three-quarter wide shot of the entire bay. Lighting: warm-neutral catalog softboxes with clean speculars. Show the entire research space. Product lock for captions/typography: BPC-157 / TB-500 (V-WOL-001). Variant cycle 2. Never crop to a single object. SIGNAGE RULE: premium clean research lab only. No safety placards, no industrial alert graphics, no trefoil icons, no striped floor tape, no danger banners. Do not print alert words on walls, floors, labels, or posters. Only neutral room names and product typography.",Captions MUST be only about BPC-157 / TB-500 (V-WOL-001) and https://www.palmbeach-vitality.store/products/wolverine-stack.,Active,187,
LS-LAB-188,vid_gen_landscape_scenes,16:9,lab_scene,LAB landscape 188 — Cagrilinitide,shift-handoff empty bullpen with monitors idle,16:9 dolly-style hallway perspective into the lab,"high-key sterile white lighting, minimal shadows",no product close-up; full 16:9 laboratory landscape; compound identity via typography; optional distant labeled 10mL sterile crimp-seal vial — never macro,,V-CAG-001,Cagrilinitide,https://www.palmbeach-vitality.store/products/cargrilinitide,"LANDSCAPE FULL LAB SCENE (16:9 wide). Environment: shift-handoff empty bullpen with monitors idle. Camera: 16:9 dolly-style hallway perspective into the lab. Lighting: high-key sterile white lighting, minimal shadows. Show the entire research space. Product lock for captions/typography: Cagrilinitide (V-CAG-001). Variant cycle 2. Never crop to a single object. SIGNAGE RULE: premium clean research lab only. No safety placards, no industrial alert graphics, no trefoil icons, no striped floor tape, no danger banners. Do not print alert words on walls, floors, labels, or posters. Only neutral room names and product typography.",Captions MUST be only about Cagrilinitide (V-CAG-001) and https://www.palmbeach-vitality.store/products/cargrilinitide.,Active,188,
LS-LAB-189,vid_gen_landscape_scenes,16:9,lab_scene,LAB landscape 189 — CJC (no DAC),glassware kiln / dry heat room exterior corridor,16:9 architectural wide shot showing ceiling utilities and floor plane,low-key dramatic instrument LEDs with controlled haze,no product close-up; full 16:9 laboratory landscape; compound identity via typography; optional distant labeled 10mL sterile crimp-seal vial — never macro,,V-CJC-001,CJC (no DAC),https://www.palmbeach-vitality.store/products/cjc,"LANDSCAPE FULL LAB SCENE (16:9 wide). Environment: glassware kiln / dry heat room exterior corridor. Camera: 16:9 architectural wide shot showing ceiling utilities and floor plane. Lighting: low-key dramatic instrument LEDs with controlled haze. Show the entire research space. Product lock for captions/typography: CJC (no DAC) (V-CJC-001). Variant cycle 2. Never crop to a single object. SIGNAGE RULE: premium clean research lab only. No safety placards, no industrial alert graphics, no trefoil icons, no striped floor tape, no danger banners. Do not print alert words on walls, floors, labels, or posters. Only neutral room names and product typography.",Captions MUST be only about CJC (no DAC) (V-CJC-001) and https://www.palmbeach-vitality.store/products/cjc.,Active,189,
LS-LAB-190,vid_gen_landscape_scenes,16:9,lab_scene,LAB landscape 190 — CJC (no DAC)/Ipamorelin,spill-free epoxy floor expanse reflecting overhead lights,16:9 medium-wide environmental shot with product as small mid-ground element,daylight through clerestory windows plus soft fill,no product close-up; full 16:9 laboratory landscape; compound identity via typography; optional distant labeled 10mL sterile crimp-seal vial — never macro,,V-CII-001,CJC (no DAC)/Ipamorelin,https://www.palmbeach-vitality.store/products/cjc-ipamorelin,"LANDSCAPE FULL LAB SCENE (16:9 wide). Environment: spill-free epoxy floor expanse reflecting overhead lights. Camera: 16:9 medium-wide environmental shot with product as small mid-ground element. Lighting: daylight through clerestory windows plus soft fill. Show the entire research space. Product lock for captions/typography: CJC (no DAC)/Ipamorelin (V-CII-001). Variant cycle 2. Never crop to a single object. SIGNAGE RULE: premium clean research lab only. No safety placards, no industrial alert graphics, no trefoil icons, no striped floor tape, no danger banners. Do not print alert words on walls, floors, labels, or posters. Only neutral room names and product typography.",Captions MUST be only about CJC (no DAC)/Ipamorelin (V-CII-001) and https://www.palmbeach-vitality.store/products/cjc-ipamorelin.,Active,190,
LS-LAB-191,vid_gen_landscape_scenes,16:9,lab_scene,LAB landscape 191 — GHK-Cu,mezzanine looking down on a synthesis theater,"16:9 landscape establishing shot, 24mm equivalent, deep focus",cool cyan-blue biotech rim with soft overhead panels,no product close-up; full 16:9 laboratory landscape; compound identity via typography; optional distant labeled 10mL sterile crimp-seal vial — never macro,,V-GHK-001,GHK-Cu,https://www.palmbeach-vitality.store/products/ghk-cu,"LANDSCAPE FULL LAB SCENE (16:9 wide). Environment: mezzanine looking down on a synthesis theater. Camera: 16:9 landscape establishing shot, 24mm equivalent, deep focus. Lighting: cool cyan-blue biotech rim with soft overhead panels. Show the entire research space. Product lock for captions/typography: GHK-Cu (V-GHK-001). Variant cycle 2. Never crop to a single object. SIGNAGE RULE: premium clean research lab only. No safety placards, no industrial alert graphics, no trefoil icons, no striped floor tape, no danger banners. Do not print alert words on walls, floors, labels, or posters. Only neutral room names and product typography.",Captions MUST be only about GHK-Cu (V-GHK-001) and https://www.palmbeach-vitality.store/products/ghk-cu.,Active,191,
LS-LAB-192,vid_gen_landscape_scenes,16:9,lab_scene,LAB landscape 192 — BPC-157 / TB-500 / GHK-Cu,catalog hero stage: full lab built for 16:9 cinema framing,16:9 elevated three-quarter wide shot of the entire bay,warm-neutral catalog softboxes with clean speculars,no product close-up; full 16:9 laboratory landscape; compound identity via typography; optional distant labeled 10mL sterile crimp-seal vial — never macro,,V-GLO-001,BPC-157 / TB-500 / GHK-Cu,https://www.palmbeach-vitality.store/products/glow,"LANDSCAPE FULL LAB SCENE (16:9 wide). Environment: catalog hero stage: full lab built for 16:9 cinema framing. Camera: 16:9 elevated three-quarter wide shot of the entire bay. Lighting: warm-neutral catalog softboxes with clean speculars. Show the entire research space. Product lock for captions/typography: BPC-157 / TB-500 / GHK-Cu (V-GLO-001). Variant cycle 2. Never crop to a single object. SIGNAGE RULE: premium clean research lab only. No safety placards, no industrial alert graphics, no trefoil icons, no striped floor tape, no danger banners. Do not print alert words on walls, floors, labels, or posters. Only neutral room names and product typography.",Captions MUST be only about BPC-157 / TB-500 / GHK-Cu (V-GLO-001) and https://www.palmbeach-vitality.store/products/glow.,Active,192,
LS-LAB-193,vid_gen_landscape_scenes,16:9,lab_scene,LAB landscape 193 — Thymosin Alpha-1,twin laminar hoods facing a wide sterile aisle,16:9 dolly-style hallway perspective into the lab,"high-key sterile white lighting, minimal shadows",no product close-up; full 16:9 laboratory landscape; compound identity via typography; optional distant labeled 10mL sterile crimp-seal vial — never macro,,V-TA1-001,Thymosin Alpha-1,https://www.palmbeach-vitality.store/products/ta-1,"LANDSCAPE FULL LAB SCENE (16:9 wide). Environment: twin laminar hoods facing a wide sterile aisle. Camera: 16:9 dolly-style hallway perspective into the lab. Lighting: high-key sterile white lighting, minimal shadows. Show the entire research space. Product lock for captions/typography: Thymosin Alpha-1 (V-TA1-001). Variant cycle 2. Never crop to a single object. SIGNAGE RULE: premium clean research lab only. No safety placards, no industrial alert graphics, no trefoil icons, no striped floor tape, no danger banners. Do not print alert words on walls, floors, labels, or posters. Only neutral room names and product typography.",Captions MUST be only about Thymosin Alpha-1 (V-TA1-001) and https://www.palmbeach-vitality.store/products/ta-1.,Active,193,
LS-LAB-194,vid_gen_landscape_scenes,16:9,lab_scene,LAB landscape 194 — AOD-9604,vial rack farm on carts arranged in landscape depth,16:9 architectural wide shot showing ceiling utilities and floor plane,low-key dramatic instrument LEDs with controlled haze,no product close-up; full 16:9 laboratory landscape; compound identity via typography; optional distant labeled 10mL sterile crimp-seal vial — never macro,,V-AOD-001,AOD-9604,https://www.palmbeach-vitality.store/products/aod-9604,"LANDSCAPE FULL LAB SCENE (16:9 wide). Environment: vial rack farm on carts arranged in landscape depth. Camera: 16:9 architectural wide shot showing ceiling utilities and floor plane. Lighting: low-key dramatic instrument LEDs with controlled haze. Show the entire research space. Product lock for captions/typography: AOD-9604 (V-AOD-001). Variant cycle 2. Never crop to a single object. SIGNAGE RULE: premium clean research lab only. No safety placards, no industrial alert graphics, no trefoil icons, no striped floor tape, no danger banners. Do not print alert words on walls, floors, labels, or posters. Only neutral room names and product typography.",Captions MUST be only about AOD-9604 (V-AOD-001) and https://www.palmbeach-vitality.store/products/aod-9604.,Active,194,
LS-LAB-195,vid_gen_landscape_scenes,16:9,lab_scene,LAB landscape 195 — Melanotan 2,pen-format staging table mid-ground in a large prep bay,16:9 medium-wide environmental shot with product as small mid-ground element,daylight through clerestory windows plus soft fill,no product close-up; full 16:9 laboratory landscape; compound identity via typography; optional distant labeled 10mL sterile crimp-seal vial — never macro,,V-MT2-001,Melanotan 2,https://www.palmbeach-vitality.store/products/melonotan,"LANDSCAPE FULL LAB SCENE (16:9 wide). Environment: pen-format staging table mid-ground in a large prep bay. Camera: 16:9 medium-wide environmental shot with product as small mid-ground element. Lighting: daylight through clerestory windows plus soft fill. Show the entire research space. Product lock for captions/typography: Melanotan 2 (V-MT2-001). Variant cycle 2. Never crop to a single object. SIGNAGE RULE: premium clean research lab only. No safety placards, no industrial alert graphics, no trefoil icons, no striped floor tape, no danger banners. Do not print alert words on walls, floors, labels, or posters. Only neutral room names and product typography.",Captions MUST be only about Melanotan 2 (V-MT2-001) and https://www.palmbeach-vitality.store/products/melonotan.,Active,195,
LS-LAB-196,vid_gen_landscape_scenes,16:9,lab_scene,LAB landscape 196 — Retatrutide,acrylic product riser island inside a complete lab set,"16:9 landscape establishing shot, 24mm equivalent, deep focus",cool cyan-blue biotech rim with soft overhead panels,no product close-up; full 16:9 laboratory landscape; compound identity via typography; optional distant labeled 10mL sterile crimp-seal vial — never macro,,V-RET-001,Retatrutide,https://www.palmbeach-vitality.store/products/retatrutide,"LANDSCAPE FULL LAB SCENE (16:9 wide). Environment: acrylic product riser island inside a complete lab set. Camera: 16:9 landscape establishing shot, 24mm equivalent, deep focus. Lighting: cool cyan-blue biotech rim with soft overhead panels. Show the entire research space. Product lock for captions/typography: Retatrutide (V-RET-001). Variant cycle 2. Never crop to a single object. SIGNAGE RULE: premium clean research lab only. No safety placards, no industrial alert graphics, no trefoil icons, no striped floor tape, no danger banners. Do not print alert words on walls, floors, labels, or posters. Only neutral room names and product typography.",Captions MUST be only about Retatrutide (V-RET-001) and https://www.palmbeach-vitality.store/products/retatrutide.,Active,196,
LS-LAB-197,vid_gen_landscape_scenes,16:9,lab_scene,LAB landscape 197 — Tirzepatide,blue-hour exterior glass lab facade reflecting instruments inside,16:9 elevated three-quarter wide shot of the entire bay,warm-neutral catalog softboxes with clean speculars,no product close-up; full 16:9 laboratory landscape; compound identity via typography; optional distant labeled 10mL sterile crimp-seal vial — never macro,,V-TIR-001,Tirzepatide,https://www.palmbeach-vitality.store/products/tirzepatide,"LANDSCAPE FULL LAB SCENE (16:9 wide). Environment: blue-hour exterior glass lab facade reflecting instruments inside. Camera: 16:9 elevated three-quarter wide shot of the entire bay. Lighting: warm-neutral catalog softboxes with clean speculars. Show the entire research space. Product lock for captions/typography: Tirzepatide (V-TIR-001). Variant cycle 2. Never crop to a single object. SIGNAGE RULE: premium clean research lab only. No safety placards, no industrial alert graphics, no trefoil icons, no striped floor tape, no danger banners. Do not print alert words on walls, floors, labels, or posters. Only neutral room names and product typography.",Captions MUST be only about Tirzepatide (V-TIR-001) and https://www.palmbeach-vitality.store/products/tirzepatide.,Active,197,
LS-LAB-198,vid_gen_landscape_scenes,16:9,lab_scene,LAB landscape 198 — Semaglutide,interior courtyard lab with plants outside glass (no people),16:9 dolly-style hallway perspective into the lab,"high-key sterile white lighting, minimal shadows",no product close-up; full 16:9 laboratory landscape; compound identity via typography; optional distant labeled 10mL sterile crimp-seal vial — never macro,,V-SEM-001,Semaglutide,https://www.palmbeach-vitality.store/products/semaglutide,"LANDSCAPE FULL LAB SCENE (16:9 wide). Environment: interior courtyard lab with plants outside glass (no people). Camera: 16:9 dolly-style hallway perspective into the lab. Lighting: high-key sterile white lighting, minimal shadows. Show the entire research space. Product lock for captions/typography: Semaglutide (V-SEM-001). Variant cycle 2. Never crop to a single object. SIGNAGE RULE: premium clean research lab only. No safety placards, no industrial alert graphics, no trefoil icons, no striped floor tape, no danger banners. Do not print alert words on walls, floors, labels, or posters. Only neutral room names and product typography.",Captions MUST be only about Semaglutide (V-SEM-001) and https://www.palmbeach-vitality.store/products/semaglutide.,Active,198,
LS-LAB-199,vid_gen_landscape_scenes,16:9,lab_scene,LAB landscape 199 — KPV / BPC-157 / TB-500 / GHK-Cu,matte-black premium lab cinema set with teal accents,16:9 architectural wide shot showing ceiling utilities and floor plane,low-key dramatic instrument LEDs with controlled haze,no product close-up; full 16:9 laboratory landscape; compound identity via typography; optional distant labeled 10mL sterile crimp-seal vial — never macro,,P-KLO-001,KPV / BPC-157 / TB-500 / GHK-Cu,https://www.palmbeach-vitality.store/products/klow-pen,"LANDSCAPE FULL LAB SCENE (16:9 wide). Environment: matte-black premium lab cinema set with teal accents. Camera: 16:9 architectural wide shot showing ceiling utilities and floor plane. Lighting: low-key dramatic instrument LEDs with controlled haze. Show the entire research space. Product lock for captions/typography: KPV / BPC-157 / TB-500 / GHK-Cu (P-KLO-001). Variant cycle 2. Never crop to a single object. SIGNAGE RULE: premium clean research lab only. No safety placards, no industrial alert graphics, no trefoil icons, no striped floor tape, no danger banners. Do not print alert words on walls, floors, labels, or posters. Only neutral room names and product typography.",Captions MUST be only about KPV / BPC-157 / TB-500 / GHK-Cu (P-KLO-001) and https://www.palmbeach-vitality.store/products/klow-pen.,Active,199,
LS-LAB-200,vid_gen_landscape_scenes,16:9,lab_scene,LAB landscape 200 — MOTS-C,white-on-white ultra-minimal research pavilion,16:9 medium-wide environmental shot with product as small mid-ground element,daylight through clerestory windows plus soft fill,no product close-up; full 16:9 laboratory landscape; compound identity via typography; optional distant labeled 10mL sterile crimp-seal vial — never macro,,P-MOT-001,MOTS-C,https://www.palmbeach-vitality.store/products/mots-c,"LANDSCAPE FULL LAB SCENE (16:9 wide). Environment: white-on-white ultra-minimal research pavilion. Camera: 16:9 medium-wide environmental shot with product as small mid-ground element. Lighting: daylight through clerestory windows plus soft fill. Show the entire research space. Product lock for captions/typography: MOTS-C (P-MOT-001). Variant cycle 2. Never crop to a single object. SIGNAGE RULE: premium clean research lab only. No safety placards, no industrial alert graphics, no trefoil icons, no striped floor tape, no danger banners. Do not print alert words on walls, floors, labels, or posters. Only neutral room names and product typography.",Captions MUST be only about MOTS-C (P-MOT-001) and https://www.palmbeach-vitality.store/products/mots-c.,Active,200,
LS-VIAL-001,vid_gen_landscape_scenes,16:9,vial_10ml_scene,VIAL landscape 001 — KPV / BPC-157 / TB-500 / GHK-Cu,copper-trim luxury lab lounge transitioning to research floor,"16:9 landscape establishing shot, 24mm equivalent, deep focus",cool cyan-blue biotech rim with soft overhead panels,"one 10mL sterile injectable-style glass vial of KPV / BPC-157 / TB-500 / GHK-Cu with rubber stopper + aluminum crimp seal, SMALL mid-ground (never black twist/screw cap, never macro)","10mL sterile injectable-style glass vial with rubber stopper and aluminum crimp seal (NOT screw-cap, NOT black twist cap)",V-KLO-001,KPV / BPC-157 / TB-500 / GHK-Cu,https://www.palmbeach-vitality.store/products/klow-kpv-bpc-157-tb-500-ghk,"LANDSCAPE FULL LAB + 10mL STERILE VIAL (16:9). Environment: copper-trim luxury lab lounge transitioning to research floor. Camera: 16:9 landscape establishing shot, 24mm equivalent, deep focus. Lighting: cool cyan-blue biotech rim with soft overhead panels. Hero: exactly one 10mL sterile injectable-style clear glass vial labeled KPV / BPC-157 / TB-500 / GHK-Cu (V-KLO-001), rubber stopper + aluminum crimp. FORBIDDEN: black twist cap, screw-cap, dropper. Vial mid-ground inside complete laboratory landscape. Variant cycle 2. SIGNAGE RULE: premium clean research lab only. No safety placards, no industrial alert graphics, no trefoil icons, no striped floor tape, no danger banners. Do not print alert words on walls, floors, labels, or posters. Only neutral room names and product typography.",Captions MUST be only about KPV / BPC-157 / TB-500 / GHK-Cu (V-KLO-001) and https://www.palmbeach-vitality.store/products/klow-kpv-bpc-157-tb-500-ghk.,Active,201,
LS-VIAL-002,vid_gen_landscape_scenes,16:9,vial_10ml_scene,VIAL landscape 002 — MOTS-C,infinite-perspective sterile corridor with soft vanishing light,16:9 elevated three-quarter wide shot of the entire bay,warm-neutral catalog softboxes with clean speculars,"one 10mL sterile injectable-style glass vial of MOTS-C with rubber stopper + aluminum crimp seal, SMALL mid-ground (never black twist/screw cap, never macro)","10mL sterile injectable-style glass vial with rubber stopper and aluminum crimp seal (NOT screw-cap, NOT black twist cap)",V-MOT-001,MOTS-C,https://www.palmbeach-vitality.store/products/mots-c-10mg-5ml-vial,"LANDSCAPE FULL LAB + 10mL STERILE VIAL (16:9). Environment: infinite-perspective sterile corridor with soft vanishing light. Camera: 16:9 elevated three-quarter wide shot of the entire bay. Lighting: warm-neutral catalog softboxes with clean speculars. Hero: exactly one 10mL sterile injectable-style clear glass vial labeled MOTS-C (V-MOT-001), rubber stopper + aluminum crimp. FORBIDDEN: black twist cap, screw-cap, dropper. Vial mid-ground inside complete laboratory landscape. Variant cycle 2. SIGNAGE RULE: premium clean research lab only. No safety placards, no industrial alert graphics, no trefoil icons, no striped floor tape, no danger banners. Do not print alert words on walls, floors, labels, or posters. Only neutral room names and product typography.",Captions MUST be only about MOTS-C (V-MOT-001) and https://www.palmbeach-vitality.store/products/mots-c-10mg-5ml-vial.,Active,202,
LS-VIAL-003,vid_gen_landscape_scenes,16:9,vial_10ml_scene,VIAL landscape 003 — NAD+,wide sterile ISO cleanroom with HEPA ceiling grid and clean floor lane markings,16:9 dolly-style hallway perspective into the lab,"high-key sterile white lighting, minimal shadows","one 10mL sterile injectable-style glass vial of NAD+ with rubber stopper + aluminum crimp seal, SMALL mid-ground (never black twist/screw cap, never macro)","10mL sterile injectable-style glass vial with rubber stopper and aluminum crimp seal (NOT screw-cap, NOT black twist cap)",V-NAD-001,NAD+,https://www.palmbeach-vitality.store/products/nad-1,"LANDSCAPE FULL LAB + 10mL STERILE VIAL (16:9). Environment: wide sterile ISO cleanroom with HEPA ceiling grid and clean floor lane markings. Camera: 16:9 dolly-style hallway perspective into the lab. Lighting: high-key sterile white lighting, minimal shadows. Hero: exactly one 10mL sterile injectable-style clear glass vial labeled NAD+ (V-NAD-001), rubber stopper + aluminum crimp. FORBIDDEN: black twist cap, screw-cap, dropper. Vial mid-ground inside complete laboratory landscape. Variant cycle 3. SIGNAGE RULE: premium clean research lab only. No safety placards, no industrial alert graphics, no trefoil icons, no striped floor tape, no danger banners. Do not print alert words on walls, floors, labels, or posters. Only neutral room names and product typography.",Captions MUST be only about NAD+ (V-NAD-001) and https://www.palmbeach-vitality.store/products/nad-1.,Active,203,
LS-VIAL-004,vid_gen_landscape_scenes,16:9,vial_10ml_scene,VIAL landscape 004 — PT-141,multi-bay peptide synthesis suite with tall glass reactors in deep perspective,16:9 architectural wide shot showing ceiling utilities and floor plane,low-key dramatic instrument LEDs with controlled haze,"one 10mL sterile injectable-style glass vial of PT-141 with rubber stopper + aluminum crimp seal, SMALL mid-ground (never black twist/screw cap, never macro)","10mL sterile injectable-style glass vial with rubber stopper and aluminum crimp seal (NOT screw-cap, NOT black twist cap)",V-PT1-001,PT-141,https://www.palmbeach-vitality.store/products/pt-141,"LANDSCAPE FULL LAB + 10mL STERILE VIAL (16:9). Environment: multi-bay peptide synthesis suite with tall glass reactors in deep perspective. Camera: 16:9 architectural wide shot showing ceiling utilities and floor plane. Lighting: low-key dramatic instrument LEDs with controlled haze. Hero: exactly one 10mL sterile injectable-style clear glass vial labeled PT-141 (V-PT1-001), rubber stopper + aluminum crimp. FORBIDDEN: black twist cap, screw-cap, dropper. Vial mid-ground inside complete laboratory landscape. Variant cycle 3. SIGNAGE RULE: premium clean research lab only. No safety placards, no industrial alert graphics, no trefoil icons, no striped floor tape, no danger banners. Do not print alert words on walls, floors, labels, or posters. Only neutral room names and product typography.",Captions MUST be only about PT-141 (V-PT1-001) and https://www.palmbeach-vitality.store/products/pt-141.,Active,204,
LS-VIAL-005,vid_gen_landscape_scenes,16:9,vial_10ml_scene,VIAL landscape 005 — Selank,analytical chemistry corridor lined with HPLC and LC-MS instrument banks,16:9 medium-wide environmental shot with product as small mid-ground element,daylight through clerestory windows plus soft fill,"one 10mL sterile injectable-style glass vial of Selank with rubber stopper + aluminum crimp seal, SMALL mid-ground (never black twist/screw cap, never macro)","10mL sterile injectable-style glass vial with rubber stopper and aluminum crimp seal (NOT screw-cap, NOT black twist cap)",V-SEL-001,Selank,https://www.palmbeach-vitality.store/products/selank,"LANDSCAPE FULL LAB + 10mL STERILE VIAL (16:9). Environment: analytical chemistry corridor lined with HPLC and LC-MS instrument banks. Camera: 16:9 medium-wide environmental shot with product as small mid-ground element. Lighting: daylight through clerestory windows plus soft fill. Hero: exactly one 10mL sterile injectable-style clear glass vial labeled Selank (V-SEL-001), rubber stopper + aluminum crimp. FORBIDDEN: black twist cap, screw-cap, dropper. Vial mid-ground inside complete laboratory landscape. Variant cycle 3. SIGNAGE RULE: premium clean research lab only. No safety placards, no industrial alert graphics, no trefoil icons, no striped floor tape, no danger banners. Do not print alert words on walls, floors, labels, or posters. Only neutral room names and product typography.",Captions MUST be only about Selank (V-SEL-001) and https://www.palmbeach-vitality.store/products/selank.,Active,205,
LS-VIAL-006,vid_gen_landscape_scenes,16:9,vial_10ml_scene,VIAL landscape 006 — Sermorelin,cold-chain vault anteroom with stainless freezers and temperature displays,"16:9 landscape establishing shot, 24mm equivalent, deep focus",cool cyan-blue biotech rim with soft overhead panels,"one 10mL sterile injectable-style glass vial of Sermorelin with rubber stopper + aluminum crimp seal, SMALL mid-ground (never black twist/screw cap, never macro)","10mL sterile injectable-style glass vial with rubber stopper and aluminum crimp seal (NOT screw-cap, NOT black twist cap)",V-SER-001,Sermorelin,https://www.palmbeach-vitality.store/products/sermorelin,"LANDSCAPE FULL LAB + 10mL STERILE VIAL (16:9). Environment: cold-chain vault anteroom with stainless freezers and temperature displays. Camera: 16:9 landscape establishing shot, 24mm equivalent, deep focus. Lighting: cool cyan-blue biotech rim with soft overhead panels. Hero: exactly one 10mL sterile injectable-style clear glass vial labeled Sermorelin (V-SER-001), rubber stopper + aluminum crimp. FORBIDDEN: black twist cap, screw-cap, dropper. Vial mid-ground inside complete laboratory landscape. Variant cycle 3. SIGNAGE RULE: premium clean research lab only. No safety placards, no industrial alert graphics, no trefoil icons, no striped floor tape, no danger banners. Do not print alert words on walls, floors, labels, or posters. Only neutral room names and product typography.",Captions MUST be only about Sermorelin (V-SER-001) and https://www.palmbeach-vitality.store/products/sermorelin.,Active,206,
LS-VIAL-007,vid_gen_landscape_scenes,16:9,vial_10ml_scene,VIAL landscape 007 — SS-31,formulation suite with laminar flow hoods across a long laboratory hall,16:9 elevated three-quarter wide shot of the entire bay,warm-neutral catalog softboxes with clean speculars,"one 10mL sterile injectable-style glass vial of SS-31 with rubber stopper + aluminum crimp seal, SMALL mid-ground (never black twist/screw cap, never macro)","10mL sterile injectable-style glass vial with rubber stopper and aluminum crimp seal (NOT screw-cap, NOT black twist cap)",V-SS3-001,SS-31,https://www.palmbeach-vitality.store/products/ss-31,"LANDSCAPE FULL LAB + 10mL STERILE VIAL (16:9). Environment: formulation suite with laminar flow hoods across a long laboratory hall. Camera: 16:9 elevated three-quarter wide shot of the entire bay. Lighting: warm-neutral catalog softboxes with clean speculars. Hero: exactly one 10mL sterile injectable-style clear glass vial labeled SS-31 (V-SS3-001), rubber stopper + aluminum crimp. FORBIDDEN: black twist cap, screw-cap, dropper. Vial mid-ground inside complete laboratory landscape. Variant cycle 3. SIGNAGE RULE: premium clean research lab only. No safety placards, no industrial alert graphics, no trefoil icons, no striped floor tape, no danger banners. Do not print alert words on walls, floors, labels, or posters. Only neutral room names and product typography.",Captions MUST be only about SS-31 (V-SS3-001) and https://www.palmbeach-vitality.store/products/ss-31.,Active,207,
LS-VIAL-008,vid_gen_landscape_scenes,16:9,vial_10ml_scene,VIAL landscape 008 — TB-500,"quality-control lab with assay benches, vial racks, and soft instrument glow",16:9 dolly-style hallway perspective into the lab,"high-key sterile white lighting, minimal shadows","one 10mL sterile injectable-style glass vial of TB-500 with rubber stopper + aluminum crimp seal, SMALL mid-ground (never black twist/screw cap, never macro)","10mL sterile injectable-style glass vial with rubber stopper and aluminum crimp seal (NOT screw-cap, NOT black twist cap)",V-TB5-001,TB-500,https://www.palmbeach-vitality.store/products/tb-500,"LANDSCAPE FULL LAB + 10mL STERILE VIAL (16:9). Environment: quality-control lab with assay benches, vial racks, and soft instrument glow. Camera: 16:9 dolly-style hallway perspective into the lab. Lighting: high-key sterile white lighting, minimal shadows. Hero: exactly one 10mL sterile injectable-style clear glass vial labeled TB-500 (V-TB5-001), rubber stopper + aluminum crimp. FORBIDDEN: black twist cap, screw-cap, dropper. Vial mid-ground inside complete laboratory landscape. Variant cycle 3. SIGNAGE RULE: premium clean research lab only. No safety placards, no industrial alert graphics, no trefoil icons, no striped floor tape, no danger banners. Do not print alert words on walls, floors, labels, or posters. Only neutral room names and product typography.",Captions MUST be only about TB-500 (V-TB5-001) and https://www.palmbeach-vitality.store/products/tb-500.,Active,208,
LS-VIAL-009,vid_gen_landscape_scenes,16:9,vial_10ml_scene,VIAL landscape 009 — Tesamorelin,prototype engineering bay with peptide synthesizer chassis and cable trays,16:9 architectural wide shot showing ceiling utilities and floor plane,low-key dramatic instrument LEDs with controlled haze,"one 10mL sterile injectable-style glass vial of Tesamorelin with rubber stopper + aluminum crimp seal, SMALL mid-ground (never black twist/screw cap, never macro)","10mL sterile injectable-style glass vial with rubber stopper and aluminum crimp seal (NOT screw-cap, NOT black twist cap)",V-TES-001,Tesamorelin,https://www.palmbeach-vitality.store/products/tesamorelin,"LANDSCAPE FULL LAB + 10mL STERILE VIAL (16:9). Environment: prototype engineering bay with peptide synthesizer chassis and cable trays. Camera: 16:9 architectural wide shot showing ceiling utilities and floor plane. Lighting: low-key dramatic instrument LEDs with controlled haze. Hero: exactly one 10mL sterile injectable-style clear glass vial labeled Tesamorelin (V-TES-001), rubber stopper + aluminum crimp. FORBIDDEN: black twist cap, screw-cap, dropper. Vial mid-ground inside complete laboratory landscape. Variant cycle 3. SIGNAGE RULE: premium clean research lab only. No safety placards, no industrial alert graphics, no trefoil icons, no striped floor tape, no danger banners. Do not print alert words on walls, floors, labels, or posters. Only neutral room names and product typography.",Captions MUST be only about Tesamorelin (V-TES-001) and https://www.palmbeach-vitality.store/products/tesamorelin.,Active,209,
LS-VIAL-010,vid_gen_landscape_scenes,16:9,vial_10ml_scene,VIAL landscape 010 — BPC-157,futuristic biotech floor with cool cyan LED path lighting and glass partitions,16:9 medium-wide environmental shot with product as small mid-ground element,daylight through clerestory windows plus soft fill,"one 10mL sterile injectable-style glass vial of BPC-157 with rubber stopper + aluminum crimp seal, SMALL mid-ground (never black twist/screw cap, never macro)","10mL sterile injectable-style glass vial with rubber stopper and aluminum crimp seal (NOT screw-cap, NOT black twist cap)",V-BPC-001,BPC-157,https://www.palmbeach-vitality.store/products/bpc-157,"LANDSCAPE FULL LAB + 10mL STERILE VIAL (16:9). Environment: futuristic biotech floor with cool cyan LED path lighting and glass partitions. Camera: 16:9 medium-wide environmental shot with product as small mid-ground element. Lighting: daylight through clerestory windows plus soft fill. Hero: exactly one 10mL sterile injectable-style clear glass vial labeled BPC-157 (V-BPC-001), rubber stopper + aluminum crimp. FORBIDDEN: black twist cap, screw-cap, dropper. Vial mid-ground inside complete laboratory landscape. Variant cycle 3. SIGNAGE RULE: premium clean research lab only. No safety placards, no industrial alert graphics, no trefoil icons, no striped floor tape, no danger banners. Do not print alert words on walls, floors, labels, or posters. Only neutral room names and product typography.",Captions MUST be only about BPC-157 (V-BPC-001) and https://www.palmbeach-vitality.store/products/bpc-157.,Active,210,
LS-VIAL-011,vid_gen_landscape_scenes,16:9,vial_10ml_scene,VIAL landscape 011 — BPC-157 / TB-500,glass-walled observation gallery overlooking a synthesis cleanroom,"16:9 landscape establishing shot, 24mm equivalent, deep focus",cool cyan-blue biotech rim with soft overhead panels,"one 10mL sterile injectable-style glass vial of BPC-157 / TB-500 with rubber stopper + aluminum crimp seal, SMALL mid-ground (never black twist/screw cap, never macro)","10mL sterile injectable-style glass vial with rubber stopper and aluminum crimp seal (NOT screw-cap, NOT black twist cap)",V-WOL-001,BPC-157 / TB-500,https://www.palmbeach-vitality.store/products/wolverine-stack,"LANDSCAPE FULL LAB + 10mL STERILE VIAL (16:9). Environment: glass-walled observation gallery overlooking a synthesis cleanroom. Camera: 16:9 landscape establishing shot, 24mm equivalent, deep focus. Lighting: cool cyan-blue biotech rim with soft overhead panels. Hero: exactly one 10mL sterile injectable-style clear glass vial labeled BPC-157 / TB-500 (V-WOL-001), rubber stopper + aluminum crimp. FORBIDDEN: black twist cap, screw-cap, dropper. Vial mid-ground inside complete laboratory landscape. Variant cycle 3. SIGNAGE RULE: premium clean research lab only. No safety placards, no industrial alert graphics, no trefoil icons, no striped floor tape, no danger banners. Do not print alert words on walls, floors, labels, or posters. Only neutral room names and product typography.",Captions MUST be only about BPC-157 / TB-500 (V-WOL-001) and https://www.palmbeach-vitality.store/products/wolverine-stack.,Active,211,
LS-VIAL-012,vid_gen_landscape_scenes,16:9,vial_10ml_scene,VIAL landscape 012 — Cagrilinitide,central lab atrium with mezzanine instruments and hanging utility drops,16:9 elevated three-quarter wide shot of the entire bay,warm-neutral catalog softboxes with clean speculars,"one 10mL sterile injectable-style glass vial of Cagrilinitide with rubber stopper + aluminum crimp seal, SMALL mid-ground (never black twist/screw cap, never macro)","10mL sterile injectable-style glass vial with rubber stopper and aluminum crimp seal (NOT screw-cap, NOT black twist cap)",V-CAG-001,Cagrilinitide,https://www.palmbeach-vitality.store/products/cargrilinitide,"LANDSCAPE FULL LAB + 10mL STERILE VIAL (16:9). Environment: central lab atrium with mezzanine instruments and hanging utility drops. Camera: 16:9 elevated three-quarter wide shot of the entire bay. Lighting: warm-neutral catalog softboxes with clean speculars. Hero: exactly one 10mL sterile injectable-style clear glass vial labeled Cagrilinitide (V-CAG-001), rubber stopper + aluminum crimp. FORBIDDEN: black twist cap, screw-cap, dropper. Vial mid-ground inside complete laboratory landscape. Variant cycle 3. SIGNAGE RULE: premium clean research lab only. No safety placards, no industrial alert graphics, no trefoil icons, no striped floor tape, no danger banners. Do not print alert words on walls, floors, labels, or posters. Only neutral room names and product typography.",Captions MUST be only about Cagrilinitide (V-CAG-001) and https://www.palmbeach-vitality.store/products/cargrilinitide.,Active,212,
LS-VIAL-013,vid_gen_landscape_scenes,16:9,vial_10ml_scene,VIAL landscape 013 — CJC (no DAC),chromatography alley with tall columns and solvent cabinets in recession,16:9 dolly-style hallway perspective into the lab,"high-key sterile white lighting, minimal shadows","one 10mL sterile injectable-style glass vial of CJC (no DAC) with rubber stopper + aluminum crimp seal, SMALL mid-ground (never black twist/screw cap, never macro)","10mL sterile injectable-style glass vial with rubber stopper and aluminum crimp seal (NOT screw-cap, NOT black twist cap)",V-CJC-001,CJC (no DAC),https://www.palmbeach-vitality.store/products/cjc,"LANDSCAPE FULL LAB + 10mL STERILE VIAL (16:9). Environment: chromatography alley with tall columns and solvent cabinets in recession. Camera: 16:9 dolly-style hallway perspective into the lab. Lighting: high-key sterile white lighting, minimal shadows. Hero: exactly one 10mL sterile injectable-style clear glass vial labeled CJC (no DAC) (V-CJC-001), rubber stopper + aluminum crimp. FORBIDDEN: black twist cap, screw-cap, dropper. Vial mid-ground inside complete laboratory landscape. Variant cycle 3. SIGNAGE RULE: premium clean research lab only. No safety placards, no industrial alert graphics, no trefoil icons, no striped floor tape, no danger banners. Do not print alert words on walls, floors, labels, or posters. Only neutral room names and product typography.",Captions MUST be only about CJC (no DAC) (V-CJC-001) and https://www.palmbeach-vitality.store/products/cjc.,Active,213,
LS-VIAL-014,vid_gen_landscape_scenes,16:9,vial_10ml_scene,VIAL landscape 014 — CJC (no DAC)/Ipamorelin,sample-prep wing with stainless benches and organized glassware walls,16:9 architectural wide shot showing ceiling utilities and floor plane,low-key dramatic instrument LEDs with controlled haze,"one 10mL sterile injectable-style glass vial of CJC (no DAC)/Ipamorelin with rubber stopper + aluminum crimp seal, SMALL mid-ground (never black twist/screw cap, never macro)","10mL sterile injectable-style glass vial with rubber stopper and aluminum crimp seal (NOT screw-cap, NOT black twist cap)",V-CII-001,CJC (no DAC)/Ipamorelin,https://www.palmbeach-vitality.store/products/cjc-ipamorelin,"LANDSCAPE FULL LAB + 10mL STERILE VIAL (16:9). Environment: sample-prep wing with stainless benches and organized glassware walls. Camera: 16:9 architectural wide shot showing ceiling utilities and floor plane. Lighting: low-key dramatic instrument LEDs with controlled haze. Hero: exactly one 10mL sterile injectable-style clear glass vial labeled CJC (no DAC)/Ipamorelin (V-CII-001), rubber stopper + aluminum crimp. FORBIDDEN: black twist cap, screw-cap, dropper. Vial mid-ground inside complete laboratory landscape. Variant cycle 3. SIGNAGE RULE: premium clean research lab only. No safety placards, no industrial alert graphics, no trefoil icons, no striped floor tape, no danger banners. Do not print alert words on walls, floors, labels, or posters. Only neutral room names and product typography.",Captions MUST be only about CJC (no DAC)/Ipamorelin (V-CII-001) and https://www.palmbeach-vitality.store/products/cjc-ipamorelin.,Active,214,
LS-VIAL-015,vid_gen_landscape_scenes,16:9,vial_10ml_scene,VIAL landscape 015 — GHK-Cu,stability testing room with climate chambers in repeating landscape rows,16:9 medium-wide environmental shot with product as small mid-ground element,daylight through clerestory windows plus soft fill,"one 10mL sterile injectable-style glass vial of GHK-Cu with rubber stopper + aluminum crimp seal, SMALL mid-ground (never black twist/screw cap, never macro)","10mL sterile injectable-style glass vial with rubber stopper and aluminum crimp seal (NOT screw-cap, NOT black twist cap)",V-GHK-001,GHK-Cu,https://www.palmbeach-vitality.store/products/ghk-cu,"LANDSCAPE FULL LAB + 10mL STERILE VIAL (16:9). Environment: stability testing room with climate chambers in repeating landscape rows. Camera: 16:9 medium-wide environmental shot with product as small mid-ground element. Lighting: daylight through clerestory windows plus soft fill. Hero: exactly one 10mL sterile injectable-style clear glass vial labeled GHK-Cu (V-GHK-001), rubber stopper + aluminum crimp. FORBIDDEN: black twist cap, screw-cap, dropper. Vial mid-ground inside complete laboratory landscape. Variant cycle 3. SIGNAGE RULE: premium clean research lab only. No safety placards, no industrial alert graphics, no trefoil icons, no striped floor tape, no danger banners. Do not print alert words on walls, floors, labels, or posters. Only neutral room names and product typography.",Captions MUST be only about GHK-Cu (V-GHK-001) and https://www.palmbeach-vitality.store/products/ghk-cu.,Active,215,
LS-VIAL-016,vid_gen_landscape_scenes,16:9,vial_10ml_scene,VIAL landscape 016 — BPC-157 / TB-500 / GHK-Cu,receiving quarantine lab with labeled totes and barcode stations,"16:9 landscape establishing shot, 24mm equivalent, deep focus",cool cyan-blue biotech rim with soft overhead panels,"one 10mL sterile injectable-style glass vial of BPC-157 / TB-500 / GHK-Cu with rubber stopper + aluminum crimp seal, SMALL mid-ground (never black twist/screw cap, never macro)","10mL sterile injectable-style glass vial with rubber stopper and aluminum crimp seal (NOT screw-cap, NOT black twist cap)",V-GLO-001,BPC-157 / TB-500 / GHK-Cu,https://www.palmbeach-vitality.store/products/glow,"LANDSCAPE FULL LAB + 10mL STERILE VIAL (16:9). Environment: receiving quarantine lab with labeled totes and barcode stations. Camera: 16:9 landscape establishing shot, 24mm equivalent, deep focus. Lighting: cool cyan-blue biotech rim with soft overhead panels. Hero: exactly one 10mL sterile injectable-style clear glass vial labeled BPC-157 / TB-500 / GHK-Cu (V-GLO-001), rubber stopper + aluminum crimp. FORBIDDEN: black twist cap, screw-cap, dropper. Vial mid-ground inside complete laboratory landscape. Variant cycle 3. SIGNAGE RULE: premium clean research lab only. No safety placards, no industrial alert graphics, no trefoil icons, no striped floor tape, no danger banners. Do not print alert words on walls, floors, labels, or posters. Only neutral room names and product typography.",Captions MUST be only about BPC-157 / TB-500 / GHK-Cu (V-GLO-001) and https://www.palmbeach-vitality.store/products/glow.,Active,216,
LS-VIAL-017,vid_gen_landscape_scenes,16:9,vial_10ml_scene,VIAL landscape 017 — Thymosin Alpha-1,method-development lab with modular instrument islands,16:9 elevated three-quarter wide shot of the entire bay,warm-neutral catalog softboxes with clean speculars,"one 10mL sterile injectable-style glass vial of Thymosin Alpha-1 with rubber stopper + aluminum crimp seal, SMALL mid-ground (never black twist/screw cap, never macro)","10mL sterile injectable-style glass vial with rubber stopper and aluminum crimp seal (NOT screw-cap, NOT black twist cap)",V-TA1-001,Thymosin Alpha-1,https://www.palmbeach-vitality.store/products/ta-1,"LANDSCAPE FULL LAB + 10mL STERILE VIAL (16:9). Environment: method-development lab with modular instrument islands. Camera: 16:9 elevated three-quarter wide shot of the entire bay. Lighting: warm-neutral catalog softboxes with clean speculars. Hero: exactly one 10mL sterile injectable-style clear glass vial labeled Thymosin Alpha-1 (V-TA1-001), rubber stopper + aluminum crimp. FORBIDDEN: black twist cap, screw-cap, dropper. Vial mid-ground inside complete laboratory landscape. Variant cycle 3. SIGNAGE RULE: premium clean research lab only. No safety placards, no industrial alert graphics, no trefoil icons, no striped floor tape, no danger banners. Do not print alert words on walls, floors, labels, or posters. Only neutral room names and product typography.",Captions MUST be only about Thymosin Alpha-1 (V-TA1-001) and https://www.palmbeach-vitality.store/products/ta-1.,Active,217,
LS-VIAL-018,vid_gen_landscape_scenes,16:9,vial_10ml_scene,VIAL landscape 018 — AOD-9604,lyophilization suite with freeze-dryer banks and vapor ducting,16:9 dolly-style hallway perspective into the lab,"high-key sterile white lighting, minimal shadows","one 10mL sterile injectable-style glass vial of AOD-9604 with rubber stopper + aluminum crimp seal, SMALL mid-ground (never black twist/screw cap, never macro)","10mL sterile injectable-style glass vial with rubber stopper and aluminum crimp seal (NOT screw-cap, NOT black twist cap)",V-AOD-001,AOD-9604,https://www.palmbeach-vitality.store/products/aod-9604,"LANDSCAPE FULL LAB + 10mL STERILE VIAL (16:9). Environment: lyophilization suite with freeze-dryer banks and vapor ducting. Camera: 16:9 dolly-style hallway perspective into the lab. Lighting: high-key sterile white lighting, minimal shadows. Hero: exactly one 10mL sterile injectable-style clear glass vial labeled AOD-9604 (V-AOD-001), rubber stopper + aluminum crimp. FORBIDDEN: black twist cap, screw-cap, dropper. Vial mid-ground inside complete laboratory landscape. Variant cycle 3. SIGNAGE RULE: premium clean research lab only. No safety placards, no industrial alert graphics, no trefoil icons, no striped floor tape, no danger banners. Do not print alert words on walls, floors, labels, or posters. Only neutral room names and product typography.",Captions MUST be only about AOD-9604 (V-AOD-001) and https://www.palmbeach-vitality.store/products/aod-9604.,Active,218,
LS-VIAL-019,vid_gen_landscape_scenes,16:9,vial_10ml_scene,VIAL landscape 019 — Melanotan 2,fill-finish staging room with pass-through windows (no people),16:9 architectural wide shot showing ceiling utilities and floor plane,low-key dramatic instrument LEDs with controlled haze,"one 10mL sterile injectable-style glass vial of Melanotan 2 with rubber stopper + aluminum crimp seal, SMALL mid-ground (never black twist/screw cap, never macro)","10mL sterile injectable-style glass vial with rubber stopper and aluminum crimp seal (NOT screw-cap, NOT black twist cap)",V-MT2-001,Melanotan 2,https://www.palmbeach-vitality.store/products/melonotan,"LANDSCAPE FULL LAB + 10mL STERILE VIAL (16:9). Environment: fill-finish staging room with pass-through windows (no people). Camera: 16:9 architectural wide shot showing ceiling utilities and floor plane. Lighting: low-key dramatic instrument LEDs with controlled haze. Hero: exactly one 10mL sterile injectable-style clear glass vial labeled Melanotan 2 (V-MT2-001), rubber stopper + aluminum crimp. FORBIDDEN: black twist cap, screw-cap, dropper. Vial mid-ground inside complete laboratory landscape. Variant cycle 3. SIGNAGE RULE: premium clean research lab only. No safety placards, no industrial alert graphics, no trefoil icons, no striped floor tape, no danger banners. Do not print alert words on walls, floors, labels, or posters. Only neutral room names and product typography.",Captions MUST be only about Melanotan 2 (V-MT2-001) and https://www.palmbeach-vitality.store/products/melonotan.,Active,219,
LS-VIAL-020,vid_gen_landscape_scenes,16:9,vial_10ml_scene,VIAL landscape 020 — Retatrutide,robotics-assisted assay bay with idle arms over plate hotels,16:9 medium-wide environmental shot with product as small mid-ground element,daylight through clerestory windows plus soft fill,"one 10mL sterile injectable-style glass vial of Retatrutide with rubber stopper + aluminum crimp seal, SMALL mid-ground (never black twist/screw cap, never macro)","10mL sterile injectable-style glass vial with rubber stopper and aluminum crimp seal (NOT screw-cap, NOT black twist cap)",V-RET-001,Retatrutide,https://www.palmbeach-vitality.store/products/retatrutide,"LANDSCAPE FULL LAB + 10mL STERILE VIAL (16:9). Environment: robotics-assisted assay bay with idle arms over plate hotels. Camera: 16:9 medium-wide environmental shot with product as small mid-ground element. Lighting: daylight through clerestory windows plus soft fill. Hero: exactly one 10mL sterile injectable-style clear glass vial labeled Retatrutide (V-RET-001), rubber stopper + aluminum crimp. FORBIDDEN: black twist cap, screw-cap, dropper. Vial mid-ground inside complete laboratory landscape. Variant cycle 3. SIGNAGE RULE: premium clean research lab only. No safety placards, no industrial alert graphics, no trefoil icons, no striped floor tape, no danger banners. Do not print alert words on walls, floors, labels, or posters. Only neutral room names and product typography.",Captions MUST be only about Retatrutide (V-RET-001) and https://www.palmbeach-vitality.store/products/retatrutide.,Active,220,
LS-VIAL-021,vid_gen_landscape_scenes,16:9,vial_10ml_scene,VIAL landscape 021 — Tirzepatide,optical inspection corridor with softbox lighting and mirror panels,"16:9 landscape establishing shot, 24mm equivalent, deep focus",cool cyan-blue biotech rim with soft overhead panels,"one 10mL sterile injectable-style glass vial of Tirzepatide with rubber stopper + aluminum crimp seal, SMALL mid-ground (never black twist/screw cap, never macro)","10mL sterile injectable-style glass vial with rubber stopper and aluminum crimp seal (NOT screw-cap, NOT black twist cap)",V-TIR-001,Tirzepatide,https://www.palmbeach-vitality.store/products/tirzepatide,"LANDSCAPE FULL LAB + 10mL STERILE VIAL (16:9). Environment: optical inspection corridor with softbox lighting and mirror panels. Camera: 16:9 landscape establishing shot, 24mm equivalent, deep focus. Lighting: cool cyan-blue biotech rim with soft overhead panels. Hero: exactly one 10mL sterile injectable-style clear glass vial labeled Tirzepatide (V-TIR-001), rubber stopper + aluminum crimp. FORBIDDEN: black twist cap, screw-cap, dropper. Vial mid-ground inside complete laboratory landscape. Variant cycle 3. SIGNAGE RULE: premium clean research lab only. No safety placards, no industrial alert graphics, no trefoil icons, no striped floor tape, no danger banners. Do not print alert words on walls, floors, labels, or posters. Only neutral room names and product typography.",Captions MUST be only about Tirzepatide (V-TIR-001) and https://www.palmbeach-vitality.store/products/tirzepatide.,Active,221,
LS-VIAL-022,vid_gen_landscape_scenes,16:9,vial_10ml_scene,VIAL landscape 022 — Semaglutide,wet lab adjacent to solvent storage with clear bench spans,16:9 elevated three-quarter wide shot of the entire bay,warm-neutral catalog softboxes with clean speculars,"one 10mL sterile injectable-style glass vial of Semaglutide with rubber stopper + aluminum crimp seal, SMALL mid-ground (never black twist/screw cap, never macro)","10mL sterile injectable-style glass vial with rubber stopper and aluminum crimp seal (NOT screw-cap, NOT black twist cap)",V-SEM-001,Semaglutide,https://www.palmbeach-vitality.store/products/semaglutide,"LANDSCAPE FULL LAB + 10mL STERILE VIAL (16:9). Environment: wet lab adjacent to solvent storage with clear bench spans. Camera: 16:9 elevated three-quarter wide shot of the entire bay. Lighting: warm-neutral catalog softboxes with clean speculars. Hero: exactly one 10mL sterile injectable-style clear glass vial labeled Semaglutide (V-SEM-001), rubber stopper + aluminum crimp. FORBIDDEN: black twist cap, screw-cap, dropper. Vial mid-ground inside complete laboratory landscape. Variant cycle 3. SIGNAGE RULE: premium clean research lab only. No safety placards, no industrial alert graphics, no trefoil icons, no striped floor tape, no danger banners. Do not print alert words on walls, floors, labels, or posters. Only neutral room names and product typography.",Captions MUST be only about Semaglutide (V-SEM-001) and https://www.palmbeach-vitality.store/products/semaglutide.,Active,222,
LS-VIAL-023,vid_gen_landscape_scenes,16:9,vial_10ml_scene,VIAL landscape 023 — KPV / BPC-157 / TB-500 / GHK-Cu,spectroscopy annex hallway with instrument rooms on both sides,16:9 dolly-style hallway perspective into the lab,"high-key sterile white lighting, minimal shadows","one 10mL sterile injectable-style glass vial of KPV / BPC-157 / TB-500 / GHK-Cu with rubber stopper + aluminum crimp seal, SMALL mid-ground (never black twist/screw cap, never macro)","10mL sterile injectable-style glass vial with rubber stopper and aluminum crimp seal (NOT screw-cap, NOT black twist cap)",V-KLO-001,KPV / BPC-157 / TB-500 / GHK-Cu,https://www.palmbeach-vitality.store/products/klow-kpv-bpc-157-tb-500-ghk,"LANDSCAPE FULL LAB + 10mL STERILE VIAL (16:9). Environment: spectroscopy annex hallway with instrument rooms on both sides. Camera: 16:9 dolly-style hallway perspective into the lab. Lighting: high-key sterile white lighting, minimal shadows. Hero: exactly one 10mL sterile injectable-style clear glass vial labeled KPV / BPC-157 / TB-500 / GHK-Cu (V-KLO-001), rubber stopper + aluminum crimp. FORBIDDEN: black twist cap, screw-cap, dropper. Vial mid-ground inside complete laboratory landscape. Variant cycle 3. SIGNAGE RULE: premium clean research lab only. No safety placards, no industrial alert graphics, no trefoil icons, no striped floor tape, no danger banners. Do not print alert words on walls, floors, labels, or posters. Only neutral room names and product typography.",Captions MUST be only about KPV / BPC-157 / TB-500 / GHK-Cu (V-KLO-001) and https://www.palmbeach-vitality.store/products/klow-kpv-bpc-157-tb-500-ghk.,Active,223,
LS-VIAL-024,vid_gen_landscape_scenes,16:9,vial_10ml_scene,VIAL landscape 024 — MOTS-C,bioreactor gallery with cylindrical vessels and control panels,16:9 architectural wide shot showing ceiling utilities and floor plane,low-key dramatic instrument LEDs with controlled haze,"one 10mL sterile injectable-style glass vial of MOTS-C with rubber stopper + aluminum crimp seal, SMALL mid-ground (never black twist/screw cap, never macro)","10mL sterile injectable-style glass vial with rubber stopper and aluminum crimp seal (NOT screw-cap, NOT black twist cap)",V-MOT-001,MOTS-C,https://www.palmbeach-vitality.store/products/mots-c-10mg-5ml-vial,"LANDSCAPE FULL LAB + 10mL STERILE VIAL (16:9). Environment: bioreactor gallery with cylindrical vessels and control panels. Camera: 16:9 architectural wide shot showing ceiling utilities and floor plane. Lighting: low-key dramatic instrument LEDs with controlled haze. Hero: exactly one 10mL sterile injectable-style clear glass vial labeled MOTS-C (V-MOT-001), rubber stopper + aluminum crimp. FORBIDDEN: black twist cap, screw-cap, dropper. Vial mid-ground inside complete laboratory landscape. Variant cycle 3. SIGNAGE RULE: premium clean research lab only. No safety placards, no industrial alert graphics, no trefoil icons, no striped floor tape, no danger banners. Do not print alert words on walls, floors, labels, or posters. Only neutral room names and product typography.",Captions MUST be only about MOTS-C (V-MOT-001) and https://www.palmbeach-vitality.store/products/mots-c-10mg-5ml-vial.,Active,224,
LS-VIAL-025,vid_gen_landscape_scenes,16:9,vial_10ml_scene,VIAL landscape 025 — NAD+,clean packaging prep room with acrylic risers and catalog lighting,16:9 medium-wide environmental shot with product as small mid-ground element,daylight through clerestory windows plus soft fill,"one 10mL sterile injectable-style glass vial of NAD+ with rubber stopper + aluminum crimp seal, SMALL mid-ground (never black twist/screw cap, never macro)","10mL sterile injectable-style glass vial with rubber stopper and aluminum crimp seal (NOT screw-cap, NOT black twist cap)",V-NAD-001,NAD+,https://www.palmbeach-vitality.store/products/nad-1,"LANDSCAPE FULL LAB + 10mL STERILE VIAL (16:9). Environment: clean packaging prep room with acrylic risers and catalog lighting. Camera: 16:9 medium-wide environmental shot with product as small mid-ground element. Lighting: daylight through clerestory windows plus soft fill. Hero: exactly one 10mL sterile injectable-style clear glass vial labeled NAD+ (V-NAD-001), rubber stopper + aluminum crimp. FORBIDDEN: black twist cap, screw-cap, dropper. Vial mid-ground inside complete laboratory landscape. Variant cycle 3. SIGNAGE RULE: premium clean research lab only. No safety placards, no industrial alert graphics, no trefoil icons, no striped floor tape, no danger banners. Do not print alert words on walls, floors, labels, or posters. Only neutral room names and product typography.",Captions MUST be only about NAD+ (V-NAD-001) and https://www.palmbeach-vitality.store/products/nad-1.,Active,225,
LS-VIAL-026,vid_gen_landscape_scenes,16:9,vial_10ml_scene,VIAL landscape 026 — PT-141,low-ambient night lab with instrument standby LEDs,"16:9 landscape establishing shot, 24mm equivalent, deep focus",cool cyan-blue biotech rim with soft overhead panels,"one 10mL sterile injectable-style glass vial of PT-141 with rubber stopper + aluminum crimp seal, SMALL mid-ground (never black twist/screw cap, never macro)","10mL sterile injectable-style glass vial with rubber stopper and aluminum crimp seal (NOT screw-cap, NOT black twist cap)",V-PT1-001,PT-141,https://www.palmbeach-vitality.store/products/pt-141,"LANDSCAPE FULL LAB + 10mL STERILE VIAL (16:9). Environment: low-ambient night lab with instrument standby LEDs. Camera: 16:9 landscape establishing shot, 24mm equivalent, deep focus. Lighting: cool cyan-blue biotech rim with soft overhead panels. Hero: exactly one 10mL sterile injectable-style clear glass vial labeled PT-141 (V-PT1-001), rubber stopper + aluminum crimp. FORBIDDEN: black twist cap, screw-cap, dropper. Vial mid-ground inside complete laboratory landscape. Variant cycle 3. SIGNAGE RULE: premium clean research lab only. No safety placards, no industrial alert graphics, no trefoil icons, no striped floor tape, no danger banners. Do not print alert words on walls, floors, labels, or posters. Only neutral room names and product typography.",Captions MUST be only about PT-141 (V-PT1-001) and https://www.palmbeach-vitality.store/products/pt-141.,Active,226,
LS-VIAL-027,vid_gen_landscape_scenes,16:9,vial_10ml_scene,VIAL landscape 027 — Selank,mezzanine utility corridor above the main synthesis floor,16:9 elevated three-quarter wide shot of the entire bay,warm-neutral catalog softboxes with clean speculars,"one 10mL sterile injectable-style glass vial of Selank with rubber stopper + aluminum crimp seal, SMALL mid-ground (never black twist/screw cap, never macro)","10mL sterile injectable-style glass vial with rubber stopper and aluminum crimp seal (NOT screw-cap, NOT black twist cap)",V-SEL-001,Selank,https://www.palmbeach-vitality.store/products/selank,"LANDSCAPE FULL LAB + 10mL STERILE VIAL (16:9). Environment: mezzanine utility corridor above the main synthesis floor. Camera: 16:9 elevated three-quarter wide shot of the entire bay. Lighting: warm-neutral catalog softboxes with clean speculars. Hero: exactly one 10mL sterile injectable-style clear glass vial labeled Selank (V-SEL-001), rubber stopper + aluminum crimp. FORBIDDEN: black twist cap, screw-cap, dropper. Vial mid-ground inside complete laboratory landscape. Variant cycle 3. SIGNAGE RULE: premium clean research lab only. No safety placards, no industrial alert graphics, no trefoil icons, no striped floor tape, no danger banners. Do not print alert words on walls, floors, labels, or posters. Only neutral room names and product typography.",Captions MUST be only about Selank (V-SEL-001) and https://www.palmbeach-vitality.store/products/selank.,Active,227,
LS-VIAL-028,vid_gen_landscape_scenes,16:9,vial_10ml_scene,VIAL landscape 028 — Sermorelin,glassware prep lab with drying racks stretching into distance,16:9 dolly-style hallway perspective into the lab,"high-key sterile white lighting, minimal shadows","one 10mL sterile injectable-style glass vial of Sermorelin with rubber stopper + aluminum crimp seal, SMALL mid-ground (never black twist/screw cap, never macro)","10mL sterile injectable-style glass vial with rubber stopper and aluminum crimp seal (NOT screw-cap, NOT black twist cap)",V-SER-001,Sermorelin,https://www.palmbeach-vitality.store/products/sermorelin,"LANDSCAPE FULL LAB + 10mL STERILE VIAL (16:9). Environment: glassware prep lab with drying racks stretching into distance. Camera: 16:9 dolly-style hallway perspective into the lab. Lighting: high-key sterile white lighting, minimal shadows. Hero: exactly one 10mL sterile injectable-style clear glass vial labeled Sermorelin (V-SER-001), rubber stopper + aluminum crimp. FORBIDDEN: black twist cap, screw-cap, dropper. Vial mid-ground inside complete laboratory landscape. Variant cycle 3. SIGNAGE RULE: premium clean research lab only. No safety placards, no industrial alert graphics, no trefoil icons, no striped floor tape, no danger banners. Do not print alert words on walls, floors, labels, or posters. Only neutral room names and product typography.",Captions MUST be only about Sermorelin (V-SER-001) and https://www.palmbeach-vitality.store/products/sermorelin.,Active,228,
LS-VIAL-029,vid_gen_landscape_scenes,16:9,vial_10ml_scene,VIAL landscape 029 — SS-31,calibration lab with metrology benches and precision fixtures,16:9 architectural wide shot showing ceiling utilities and floor plane,low-key dramatic instrument LEDs with controlled haze,"one 10mL sterile injectable-style glass vial of SS-31 with rubber stopper + aluminum crimp seal, SMALL mid-ground (never black twist/screw cap, never macro)","10mL sterile injectable-style glass vial with rubber stopper and aluminum crimp seal (NOT screw-cap, NOT black twist cap)",V-SS3-001,SS-31,https://www.palmbeach-vitality.store/products/ss-31,"LANDSCAPE FULL LAB + 10mL STERILE VIAL (16:9). Environment: calibration lab with metrology benches and precision fixtures. Camera: 16:9 architectural wide shot showing ceiling utilities and floor plane. Lighting: low-key dramatic instrument LEDs with controlled haze. Hero: exactly one 10mL sterile injectable-style clear glass vial labeled SS-31 (V-SS3-001), rubber stopper + aluminum crimp. FORBIDDEN: black twist cap, screw-cap, dropper. Vial mid-ground inside complete laboratory landscape. Variant cycle 3. SIGNAGE RULE: premium clean research lab only. No safety placards, no industrial alert graphics, no trefoil icons, no striped floor tape, no danger banners. Do not print alert words on walls, floors, labels, or posters. Only neutral room names and product typography.",Captions MUST be only about SS-31 (V-SS3-001) and https://www.palmbeach-vitality.store/products/ss-31.,Active,229,
LS-VIAL-030,vid_gen_landscape_scenes,16:9,vial_10ml_scene,VIAL landscape 030 — TB-500,lab control room with wall displays (no faces),16:9 medium-wide environmental shot with product as small mid-ground element,daylight through clerestory windows plus soft fill,"one 10mL sterile injectable-style glass vial of TB-500 with rubber stopper + aluminum crimp seal, SMALL mid-ground (never black twist/screw cap, never macro)","10mL sterile injectable-style glass vial with rubber stopper and aluminum crimp seal (NOT screw-cap, NOT black twist cap)",V-TB5-001,TB-500,https://www.palmbeach-vitality.store/products/tb-500,"LANDSCAPE FULL LAB + 10mL STERILE VIAL (16:9). Environment: lab control room with wall displays (no faces). Camera: 16:9 medium-wide environmental shot with product as small mid-ground element. Lighting: daylight through clerestory windows plus soft fill. Hero: exactly one 10mL sterile injectable-style clear glass vial labeled TB-500 (V-TB5-001), rubber stopper + aluminum crimp. FORBIDDEN: black twist cap, screw-cap, dropper. Vial mid-ground inside complete laboratory landscape. Variant cycle 3. SIGNAGE RULE: premium clean research lab only. No safety placards, no industrial alert graphics, no trefoil icons, no striped floor tape, no danger banners. Do not print alert words on walls, floors, labels, or posters. Only neutral room names and product typography.",Captions MUST be only about TB-500 (V-TB5-001) and https://www.palmbeach-vitality.store/products/tb-500.,Active,230,
LS-VIAL-031,vid_gen_landscape_scenes,16:9,vial_10ml_scene,VIAL landscape 031 — Tesamorelin,modular containerized lab pods in a warehouse-scale bay,"16:9 landscape establishing shot, 24mm equivalent, deep focus",cool cyan-blue biotech rim with soft overhead panels,"one 10mL sterile injectable-style glass vial of Tesamorelin with rubber stopper + aluminum crimp seal, SMALL mid-ground (never black twist/screw cap, never macro)","10mL sterile injectable-style glass vial with rubber stopper and aluminum crimp seal (NOT screw-cap, NOT black twist cap)",V-TES-001,Tesamorelin,https://www.palmbeach-vitality.store/products/tesamorelin,"LANDSCAPE FULL LAB + 10mL STERILE VIAL (16:9). Environment: modular containerized lab pods in a warehouse-scale bay. Camera: 16:9 landscape establishing shot, 24mm equivalent, deep focus. Lighting: cool cyan-blue biotech rim with soft overhead panels. Hero: exactly one 10mL sterile injectable-style clear glass vial labeled Tesamorelin (V-TES-001), rubber stopper + aluminum crimp. FORBIDDEN: black twist cap, screw-cap, dropper. Vial mid-ground inside complete laboratory landscape. Variant cycle 3. SIGNAGE RULE: premium clean research lab only. No safety placards, no industrial alert graphics, no trefoil icons, no striped floor tape, no danger banners. Do not print alert words on walls, floors, labels, or posters. Only neutral room names and product typography.",Captions MUST be only about Tesamorelin (V-TES-001) and https://www.palmbeach-vitality.store/products/tesamorelin.,Active,231,
LS-VIAL-032,vid_gen_landscape_scenes,16:9,vial_10ml_scene,VIAL landscape 032 — BPC-157,high-key white research catalog stage built as a full laboratory,16:9 elevated three-quarter wide shot of the entire bay,warm-neutral catalog softboxes with clean speculars,"one 10mL sterile injectable-style glass vial of BPC-157 with rubber stopper + aluminum crimp seal, SMALL mid-ground (never black twist/screw cap, never macro)","10mL sterile injectable-style glass vial with rubber stopper and aluminum crimp seal (NOT screw-cap, NOT black twist cap)",V-BPC-001,BPC-157,https://www.palmbeach-vitality.store/products/bpc-157,"LANDSCAPE FULL LAB + 10mL STERILE VIAL (16:9). Environment: high-key white research catalog stage built as a full laboratory. Camera: 16:9 elevated three-quarter wide shot of the entire bay. Lighting: warm-neutral catalog softboxes with clean speculars. Hero: exactly one 10mL sterile injectable-style clear glass vial labeled BPC-157 (V-BPC-001), rubber stopper + aluminum crimp. FORBIDDEN: black twist cap, screw-cap, dropper. Vial mid-ground inside complete laboratory landscape. Variant cycle 3. SIGNAGE RULE: premium clean research lab only. No safety placards, no industrial alert graphics, no trefoil icons, no striped floor tape, no danger banners. Do not print alert words on walls, floors, labels, or posters. Only neutral room names and product typography.",Captions MUST be only about BPC-157 (V-BPC-001) and https://www.palmbeach-vitality.store/products/bpc-157.,Active,232,
LS-VIAL-033,vid_gen_landscape_scenes,16:9,vial_10ml_scene,VIAL landscape 033 — BPC-157 / TB-500,bronze-and-glass premium lab lobby opening into research floors,16:9 dolly-style hallway perspective into the lab,"high-key sterile white lighting, minimal shadows","one 10mL sterile injectable-style glass vial of BPC-157 / TB-500 with rubber stopper + aluminum crimp seal, SMALL mid-ground (never black twist/screw cap, never macro)","10mL sterile injectable-style glass vial with rubber stopper and aluminum crimp seal (NOT screw-cap, NOT black twist cap)",V-WOL-001,BPC-157 / TB-500,https://www.palmbeach-vitality.store/products/wolverine-stack,"LANDSCAPE FULL LAB + 10mL STERILE VIAL (16:9). Environment: bronze-and-glass premium lab lobby opening into research floors. Camera: 16:9 dolly-style hallway perspective into the lab. Lighting: high-key sterile white lighting, minimal shadows. Hero: exactly one 10mL sterile injectable-style clear glass vial labeled BPC-157 / TB-500 (V-WOL-001), rubber stopper + aluminum crimp. FORBIDDEN: black twist cap, screw-cap, dropper. Vial mid-ground inside complete laboratory landscape. Variant cycle 3. SIGNAGE RULE: premium clean research lab only. No safety placards, no industrial alert graphics, no trefoil icons, no striped floor tape, no danger banners. Do not print alert words on walls, floors, labels, or posters. Only neutral room names and product typography.",Captions MUST be only about BPC-157 / TB-500 (V-WOL-001) and https://www.palmbeach-vitality.store/products/wolverine-stack.,Active,233,
LS-VIAL-034,vid_gen_landscape_scenes,16:9,vial_10ml_scene,VIAL landscape 034 — Cagrilinitide,secure research vault corridor with airlocks (no alert signage),16:9 architectural wide shot showing ceiling utilities and floor plane,low-key dramatic instrument LEDs with controlled haze,"one 10mL sterile injectable-style glass vial of Cagrilinitide with rubber stopper + aluminum crimp seal, SMALL mid-ground (never black twist/screw cap, never macro)","10mL sterile injectable-style glass vial with rubber stopper and aluminum crimp seal (NOT screw-cap, NOT black twist cap)",V-CAG-001,Cagrilinitide,https://www.palmbeach-vitality.store/products/cargrilinitide,"LANDSCAPE FULL LAB + 10mL STERILE VIAL (16:9). Environment: secure research vault corridor with airlocks (no alert signage). Camera: 16:9 architectural wide shot showing ceiling utilities and floor plane. Lighting: low-key dramatic instrument LEDs with controlled haze. Hero: exactly one 10mL sterile injectable-style clear glass vial labeled Cagrilinitide (V-CAG-001), rubber stopper + aluminum crimp. FORBIDDEN: black twist cap, screw-cap, dropper. Vial mid-ground inside complete laboratory landscape. Variant cycle 3. SIGNAGE RULE: premium clean research lab only. No safety placards, no industrial alert graphics, no trefoil icons, no striped floor tape, no danger banners. Do not print alert words on walls, floors, labels, or posters. Only neutral room names and product typography.",Captions MUST be only about Cagrilinitide (V-CAG-001) and https://www.palmbeach-vitality.store/products/cargrilinitide.,Active,234,
LS-VIAL-035,vid_gen_landscape_scenes,16:9,vial_10ml_scene,VIAL landscape 035 — CJC (no DAC),rooftop mechanical penthouse lab with HVAC stacks in wide frame,16:9 medium-wide environmental shot with product as small mid-ground element,daylight through clerestory windows plus soft fill,"one 10mL sterile injectable-style glass vial of CJC (no DAC) with rubber stopper + aluminum crimp seal, SMALL mid-ground (never black twist/screw cap, never macro)","10mL sterile injectable-style glass vial with rubber stopper and aluminum crimp seal (NOT screw-cap, NOT black twist cap)",V-CJC-001,CJC (no DAC),https://www.palmbeach-vitality.store/products/cjc,"LANDSCAPE FULL LAB + 10mL STERILE VIAL (16:9). Environment: rooftop mechanical penthouse lab with HVAC stacks in wide frame. Camera: 16:9 medium-wide environmental shot with product as small mid-ground element. Lighting: daylight through clerestory windows plus soft fill. Hero: exactly one 10mL sterile injectable-style clear glass vial labeled CJC (no DAC) (V-CJC-001), rubber stopper + aluminum crimp. FORBIDDEN: black twist cap, screw-cap, dropper. Vial mid-ground inside complete laboratory landscape. Variant cycle 3. SIGNAGE RULE: premium clean research lab only. No safety placards, no industrial alert graphics, no trefoil icons, no striped floor tape, no danger banners. Do not print alert words on walls, floors, labels, or posters. Only neutral room names and product typography.",Captions MUST be only about CJC (no DAC) (V-CJC-001) and https://www.palmbeach-vitality.store/products/cjc.,Active,235,
LS-VIAL-036,vid_gen_landscape_scenes,16:9,vial_10ml_scene,VIAL landscape 036 — CJC (no DAC)/Ipamorelin,coastal research campus lab with clerestory daylight,"16:9 landscape establishing shot, 24mm equivalent, deep focus",cool cyan-blue biotech rim with soft overhead panels,"one 10mL sterile injectable-style glass vial of CJC (no DAC)/Ipamorelin with rubber stopper + aluminum crimp seal, SMALL mid-ground (never black twist/screw cap, never macro)","10mL sterile injectable-style glass vial with rubber stopper and aluminum crimp seal (NOT screw-cap, NOT black twist cap)",V-CII-001,CJC (no DAC)/Ipamorelin,https://www.palmbeach-vitality.store/products/cjc-ipamorelin,"LANDSCAPE FULL LAB + 10mL STERILE VIAL (16:9). Environment: coastal research campus lab with clerestory daylight. Camera: 16:9 landscape establishing shot, 24mm equivalent, deep focus. Lighting: cool cyan-blue biotech rim with soft overhead panels. Hero: exactly one 10mL sterile injectable-style clear glass vial labeled CJC (no DAC)/Ipamorelin (V-CII-001), rubber stopper + aluminum crimp. FORBIDDEN: black twist cap, screw-cap, dropper. Vial mid-ground inside complete laboratory landscape. Variant cycle 3. SIGNAGE RULE: premium clean research lab only. No safety placards, no industrial alert graphics, no trefoil icons, no striped floor tape, no danger banners. Do not print alert words on walls, floors, labels, or posters. Only neutral room names and product typography.",Captions MUST be only about CJC (no DAC)/Ipamorelin (V-CII-001) and https://www.palmbeach-vitality.store/products/cjc-ipamorelin.,Active,236,
LS-VIAL-037,vid_gen_landscape_scenes,16:9,vial_10ml_scene,VIAL landscape 037 — GHK-Cu,blackout photography lab stage dressed as a peptide research floor,16:9 elevated three-quarter wide shot of the entire bay,warm-neutral catalog softboxes with clean speculars,"one 10mL sterile injectable-style glass vial of GHK-Cu with rubber stopper + aluminum crimp seal, SMALL mid-ground (never black twist/screw cap, never macro)","10mL sterile injectable-style glass vial with rubber stopper and aluminum crimp seal (NOT screw-cap, NOT black twist cap)",V-GHK-001,GHK-Cu,https://www.palmbeach-vitality.store/products/ghk-cu,"LANDSCAPE FULL LAB + 10mL STERILE VIAL (16:9). Environment: blackout photography lab stage dressed as a peptide research floor. Camera: 16:9 elevated three-quarter wide shot of the entire bay. Lighting: warm-neutral catalog softboxes with clean speculars. Hero: exactly one 10mL sterile injectable-style clear glass vial labeled GHK-Cu (V-GHK-001), rubber stopper + aluminum crimp. FORBIDDEN: black twist cap, screw-cap, dropper. Vial mid-ground inside complete laboratory landscape. Variant cycle 3. SIGNAGE RULE: premium clean research lab only. No safety placards, no industrial alert graphics, no trefoil icons, no striped floor tape, no danger banners. Do not print alert words on walls, floors, labels, or posters. Only neutral room names and product typography.",Captions MUST be only about GHK-Cu (V-GHK-001) and https://www.palmbeach-vitality.store/products/ghk-cu.,Active,237,
LS-VIAL-038,vid_gen_landscape_scenes,16:9,vial_10ml_scene,VIAL landscape 038 — BPC-157 / TB-500 / GHK-Cu,hex-grid raised floor tech lab with cable management under glass tiles,16:9 dolly-style hallway perspective into the lab,"high-key sterile white lighting, minimal shadows","one 10mL sterile injectable-style glass vial of BPC-157 / TB-500 / GHK-Cu with rubber stopper + aluminum crimp seal, SMALL mid-ground (never black twist/screw cap, never macro)","10mL sterile injectable-style glass vial with rubber stopper and aluminum crimp seal (NOT screw-cap, NOT black twist cap)",V-GLO-001,BPC-157 / TB-500 / GHK-Cu,https://www.palmbeach-vitality.store/products/glow,"LANDSCAPE FULL LAB + 10mL STERILE VIAL (16:9). Environment: hex-grid raised floor tech lab with cable management under glass tiles. Camera: 16:9 dolly-style hallway perspective into the lab. Lighting: high-key sterile white lighting, minimal shadows. Hero: exactly one 10mL sterile injectable-style clear glass vial labeled BPC-157 / TB-500 / GHK-Cu (V-GLO-001), rubber stopper + aluminum crimp. FORBIDDEN: black twist cap, screw-cap, dropper. Vial mid-ground inside complete laboratory landscape. Variant cycle 3. SIGNAGE RULE: premium clean research lab only. No safety placards, no industrial alert graphics, no trefoil icons, no striped floor tape, no danger banners. Do not print alert words on walls, floors, labels, or posters. Only neutral room names and product typography.",Captions MUST be only about BPC-157 / TB-500 / GHK-Cu (V-GLO-001) and https://www.palmbeach-vitality.store/products/glow.,Active,238,
LS-VIAL-039,vid_gen_landscape_scenes,16:9,vial_10ml_scene,VIAL landscape 039 — Thymosin Alpha-1,double-height synthesis hall with hanging reactor scaffolds,16:9 architectural wide shot showing ceiling utilities and floor plane,low-key dramatic instrument LEDs with controlled haze,"one 10mL sterile injectable-style glass vial of Thymosin Alpha-1 with rubber stopper + aluminum crimp seal, SMALL mid-ground (never black twist/screw cap, never macro)","10mL sterile injectable-style glass vial with rubber stopper and aluminum crimp seal (NOT screw-cap, NOT black twist cap)",V-TA1-001,Thymosin Alpha-1,https://www.palmbeach-vitality.store/products/ta-1,"LANDSCAPE FULL LAB + 10mL STERILE VIAL (16:9). Environment: double-height synthesis hall with hanging reactor scaffolds. Camera: 16:9 architectural wide shot showing ceiling utilities and floor plane. Lighting: low-key dramatic instrument LEDs with controlled haze. Hero: exactly one 10mL sterile injectable-style clear glass vial labeled Thymosin Alpha-1 (V-TA1-001), rubber stopper + aluminum crimp. FORBIDDEN: black twist cap, screw-cap, dropper. Vial mid-ground inside complete laboratory landscape. Variant cycle 3. SIGNAGE RULE: premium clean research lab only. No safety placards, no industrial alert graphics, no trefoil icons, no striped floor tape, no danger banners. Do not print alert words on walls, floors, labels, or posters. Only neutral room names and product typography.",Captions MUST be only about Thymosin Alpha-1 (V-TA1-001) and https://www.palmbeach-vitality.store/products/ta-1.,Active,239,
LS-VIAL-040,vid_gen_landscape_scenes,16:9,vial_10ml_scene,VIAL landscape 040 — AOD-9604,narrow instrument canyon between two rows of tall analyzers,16:9 medium-wide environmental shot with product as small mid-ground element,daylight through clerestory windows plus soft fill,"one 10mL sterile injectable-style glass vial of AOD-9604 with rubber stopper + aluminum crimp seal, SMALL mid-ground (never black twist/screw cap, never macro)","10mL sterile injectable-style glass vial with rubber stopper and aluminum crimp seal (NOT screw-cap, NOT black twist cap)",V-AOD-001,AOD-9604,https://www.palmbeach-vitality.store/products/aod-9604,"LANDSCAPE FULL LAB + 10mL STERILE VIAL (16:9). Environment: narrow instrument canyon between two rows of tall analyzers. Camera: 16:9 medium-wide environmental shot with product as small mid-ground element. Lighting: daylight through clerestory windows plus soft fill. Hero: exactly one 10mL sterile injectable-style clear glass vial labeled AOD-9604 (V-AOD-001), rubber stopper + aluminum crimp. FORBIDDEN: black twist cap, screw-cap, dropper. Vial mid-ground inside complete laboratory landscape. Variant cycle 3. SIGNAGE RULE: premium clean research lab only. No safety placards, no industrial alert graphics, no trefoil icons, no striped floor tape, no danger banners. Do not print alert words on walls, floors, labels, or posters. Only neutral room names and product typography.",Captions MUST be only about AOD-9604 (V-AOD-001) and https://www.palmbeach-vitality.store/products/aod-9604.,Active,240,
LS-VIAL-041,vid_gen_landscape_scenes,16:9,vial_10ml_scene,VIAL landscape 041 — Melanotan 2,circular empty collaboration lab with ring benches and center island,"16:9 landscape establishing shot, 24mm equivalent, deep focus",cool cyan-blue biotech rim with soft overhead panels,"one 10mL sterile injectable-style glass vial of Melanotan 2 with rubber stopper + aluminum crimp seal, SMALL mid-ground (never black twist/screw cap, never macro)","10mL sterile injectable-style glass vial with rubber stopper and aluminum crimp seal (NOT screw-cap, NOT black twist cap)",V-MT2-001,Melanotan 2,https://www.palmbeach-vitality.store/products/melonotan,"LANDSCAPE FULL LAB + 10mL STERILE VIAL (16:9). Environment: circular empty collaboration lab with ring benches and center island. Camera: 16:9 landscape establishing shot, 24mm equivalent, deep focus. Lighting: cool cyan-blue biotech rim with soft overhead panels. Hero: exactly one 10mL sterile injectable-style clear glass vial labeled Melanotan 2 (V-MT2-001), rubber stopper + aluminum crimp. FORBIDDEN: black twist cap, screw-cap, dropper. Vial mid-ground inside complete laboratory landscape. Variant cycle 3. SIGNAGE RULE: premium clean research lab only. No safety placards, no industrial alert graphics, no trefoil icons, no striped floor tape, no danger banners. Do not print alert words on walls, floors, labels, or posters. Only neutral room names and product typography.",Captions MUST be only about Melanotan 2 (V-MT2-001) and https://www.palmbeach-vitality.store/products/melonotan.,Active,241,
LS-VIAL-042,vid_gen_landscape_scenes,16:9,vial_10ml_scene,VIAL landscape 042 — Retatrutide,reference-standard vault with labeled drawers and cold cases,16:9 elevated three-quarter wide shot of the entire bay,warm-neutral catalog softboxes with clean speculars,"one 10mL sterile injectable-style glass vial of Retatrutide with rubber stopper + aluminum crimp seal, SMALL mid-ground (never black twist/screw cap, never macro)","10mL sterile injectable-style glass vial with rubber stopper and aluminum crimp seal (NOT screw-cap, NOT black twist cap)",V-RET-001,Retatrutide,https://www.palmbeach-vitality.store/products/retatrutide,"LANDSCAPE FULL LAB + 10mL STERILE VIAL (16:9). Environment: reference-standard vault with labeled drawers and cold cases. Camera: 16:9 elevated three-quarter wide shot of the entire bay. Lighting: warm-neutral catalog softboxes with clean speculars. Hero: exactly one 10mL sterile injectable-style clear glass vial labeled Retatrutide (V-RET-001), rubber stopper + aluminum crimp. FORBIDDEN: black twist cap, screw-cap, dropper. Vial mid-ground inside complete laboratory landscape. Variant cycle 3. SIGNAGE RULE: premium clean research lab only. No safety placards, no industrial alert graphics, no trefoil icons, no striped floor tape, no danger banners. Do not print alert words on walls, floors, labels, or posters. Only neutral room names and product typography.",Captions MUST be only about Retatrutide (V-RET-001) and https://www.palmbeach-vitality.store/products/retatrutide.,Active,242,
LS-VIAL-043,vid_gen_landscape_scenes,16:9,vial_10ml_scene,VIAL landscape 043 — Tirzepatide,training cleanroom mockup with gowning anteroom (no people),16:9 dolly-style hallway perspective into the lab,"high-key sterile white lighting, minimal shadows","one 10mL sterile injectable-style glass vial of Tirzepatide with rubber stopper + aluminum crimp seal, SMALL mid-ground (never black twist/screw cap, never macro)","10mL sterile injectable-style glass vial with rubber stopper and aluminum crimp seal (NOT screw-cap, NOT black twist cap)",V-TIR-001,Tirzepatide,https://www.palmbeach-vitality.store/products/tirzepatide,"LANDSCAPE FULL LAB + 10mL STERILE VIAL (16:9). Environment: training cleanroom mockup with gowning anteroom (no people). Camera: 16:9 dolly-style hallway perspective into the lab. Lighting: high-key sterile white lighting, minimal shadows. Hero: exactly one 10mL sterile injectable-style clear glass vial labeled Tirzepatide (V-TIR-001), rubber stopper + aluminum crimp. FORBIDDEN: black twist cap, screw-cap, dropper. Vial mid-ground inside complete laboratory landscape. Variant cycle 3. SIGNAGE RULE: premium clean research lab only. No safety placards, no industrial alert graphics, no trefoil icons, no striped floor tape, no danger banners. Do not print alert words on walls, floors, labels, or posters. Only neutral room names and product typography.",Captions MUST be only about Tirzepatide (V-TIR-001) and https://www.palmbeach-vitality.store/products/tirzepatide.,Active,243,
LS-VIAL-044,vid_gen_landscape_scenes,16:9,vial_10ml_scene,VIAL landscape 044 — Semaglutide,pilot-scale manufacturing cell with skid systems and umbilicals,16:9 architectural wide shot showing ceiling utilities and floor plane,low-key dramatic instrument LEDs with controlled haze,"one 10mL sterile injectable-style glass vial of Semaglutide with rubber stopper + aluminum crimp seal, SMALL mid-ground (never black twist/screw cap, never macro)","10mL sterile injectable-style glass vial with rubber stopper and aluminum crimp seal (NOT screw-cap, NOT black twist cap)",V-SEM-001,Semaglutide,https://www.palmbeach-vitality.store/products/semaglutide,"LANDSCAPE FULL LAB + 10mL STERILE VIAL (16:9). Environment: pilot-scale manufacturing cell with skid systems and umbilicals. Camera: 16:9 architectural wide shot showing ceiling utilities and floor plane. Lighting: low-key dramatic instrument LEDs with controlled haze. Hero: exactly one 10mL sterile injectable-style clear glass vial labeled Semaglutide (V-SEM-001), rubber stopper + aluminum crimp. FORBIDDEN: black twist cap, screw-cap, dropper. Vial mid-ground inside complete laboratory landscape. Variant cycle 3. SIGNAGE RULE: premium clean research lab only. No safety placards, no industrial alert graphics, no trefoil icons, no striped floor tape, no danger banners. Do not print alert words on walls, floors, labels, or posters. Only neutral room names and product typography.",Captions MUST be only about Semaglutide (V-SEM-001) and https://www.palmbeach-vitality.store/products/semaglutide.,Active,244,
LS-VIAL-045,vid_gen_landscape_scenes,16:9,vial_10ml_scene,VIAL landscape 045 — KPV / BPC-157 / TB-500 / GHK-Cu,dark fluorescence-ready lab with instrument towers,16:9 medium-wide environmental shot with product as small mid-ground element,daylight through clerestory windows plus soft fill,"one 10mL sterile injectable-style glass vial of KPV / BPC-157 / TB-500 / GHK-Cu with rubber stopper + aluminum crimp seal, SMALL mid-ground (never black twist/screw cap, never macro)","10mL sterile injectable-style glass vial with rubber stopper and aluminum crimp seal (NOT screw-cap, NOT black twist cap)",V-KLO-001,KPV / BPC-157 / TB-500 / GHK-Cu,https://www.palmbeach-vitality.store/products/klow-kpv-bpc-157-tb-500-ghk,"LANDSCAPE FULL LAB + 10mL STERILE VIAL (16:9). Environment: dark fluorescence-ready lab with instrument towers. Camera: 16:9 medium-wide environmental shot with product as small mid-ground element. Lighting: daylight through clerestory windows plus soft fill. Hero: exactly one 10mL sterile injectable-style clear glass vial labeled KPV / BPC-157 / TB-500 / GHK-Cu (V-KLO-001), rubber stopper + aluminum crimp. FORBIDDEN: black twist cap, screw-cap, dropper. Vial mid-ground inside complete laboratory landscape. Variant cycle 3. SIGNAGE RULE: premium clean research lab only. No safety placards, no industrial alert graphics, no trefoil icons, no striped floor tape, no danger banners. Do not print alert words on walls, floors, labels, or posters. Only neutral room names and product typography.",Captions MUST be only about KPV / BPC-157 / TB-500 / GHK-Cu (V-KLO-001) and https://www.palmbeach-vitality.store/products/klow-kpv-bpc-157-tb-500-ghk.,Active,245,
LS-VIAL-046,vid_gen_landscape_scenes,16:9,vial_10ml_scene,VIAL landscape 046 — MOTS-C,cross-shaped intersection of four research corridors,"16:9 landscape establishing shot, 24mm equivalent, deep focus",cool cyan-blue biotech rim with soft overhead panels,"one 10mL sterile injectable-style glass vial of MOTS-C with rubber stopper + aluminum crimp seal, SMALL mid-ground (never black twist/screw cap, never macro)","10mL sterile injectable-style glass vial with rubber stopper and aluminum crimp seal (NOT screw-cap, NOT black twist cap)",V-MOT-001,MOTS-C,https://www.palmbeach-vitality.store/products/mots-c-10mg-5ml-vial,"LANDSCAPE FULL LAB + 10mL STERILE VIAL (16:9). Environment: cross-shaped intersection of four research corridors. Camera: 16:9 landscape establishing shot, 24mm equivalent, deep focus. Lighting: cool cyan-blue biotech rim with soft overhead panels. Hero: exactly one 10mL sterile injectable-style clear glass vial labeled MOTS-C (V-MOT-001), rubber stopper + aluminum crimp. FORBIDDEN: black twist cap, screw-cap, dropper. Vial mid-ground inside complete laboratory landscape. Variant cycle 3. SIGNAGE RULE: premium clean research lab only. No safety placards, no industrial alert graphics, no trefoil icons, no striped floor tape, no danger banners. Do not print alert words on walls, floors, labels, or posters. Only neutral room names and product typography.",Captions MUST be only about MOTS-C (V-MOT-001) and https://www.palmbeach-vitality.store/products/mots-c-10mg-5ml-vial.,Active,246,
LS-VIAL-047,vid_gen_landscape_scenes,16:9,vial_10ml_scene,VIAL landscape 047 — NAD+,minimalist white future-lab pavilion with floating island benches,16:9 elevated three-quarter wide shot of the entire bay,warm-neutral catalog softboxes with clean speculars,"one 10mL sterile injectable-style glass vial of NAD+ with rubber stopper + aluminum crimp seal, SMALL mid-ground (never black twist/screw cap, never macro)","10mL sterile injectable-style glass vial with rubber stopper and aluminum crimp seal (NOT screw-cap, NOT black twist cap)",V-NAD-001,NAD+,https://www.palmbeach-vitality.store/products/nad-1,"LANDSCAPE FULL LAB + 10mL STERILE VIAL (16:9). Environment: minimalist white future-lab pavilion with floating island benches. Camera: 16:9 elevated three-quarter wide shot of the entire bay. Lighting: warm-neutral catalog softboxes with clean speculars. Hero: exactly one 10mL sterile injectable-style clear glass vial labeled NAD+ (V-NAD-001), rubber stopper + aluminum crimp. FORBIDDEN: black twist cap, screw-cap, dropper. Vial mid-ground inside complete laboratory landscape. Variant cycle 3. SIGNAGE RULE: premium clean research lab only. No safety placards, no industrial alert graphics, no trefoil icons, no striped floor tape, no danger banners. Do not print alert words on walls, floors, labels, or posters. Only neutral room names and product typography.",Captions MUST be only about NAD+ (V-NAD-001) and https://www.palmbeach-vitality.store/products/nad-1.,Active,247,
LS-VIAL-048,vid_gen_landscape_scenes,16:9,vial_10ml_scene,VIAL landscape 048 — PT-141,modern utility spine corridor through a lab hall,16:9 dolly-style hallway perspective into the lab,"high-key sterile white lighting, minimal shadows","one 10mL sterile injectable-style glass vial of PT-141 with rubber stopper + aluminum crimp seal, SMALL mid-ground (never black twist/screw cap, never macro)","10mL sterile injectable-style glass vial with rubber stopper and aluminum crimp seal (NOT screw-cap, NOT black twist cap)",V-PT1-001,PT-141,https://www.palmbeach-vitality.store/products/pt-141,"LANDSCAPE FULL LAB + 10mL STERILE VIAL (16:9). Environment: modern utility spine corridor through a lab hall. Camera: 16:9 dolly-style hallway perspective into the lab. Lighting: high-key sterile white lighting, minimal shadows. Hero: exactly one 10mL sterile injectable-style clear glass vial labeled PT-141 (V-PT1-001), rubber stopper + aluminum crimp. FORBIDDEN: black twist cap, screw-cap, dropper. Vial mid-ground inside complete laboratory landscape. Variant cycle 3. SIGNAGE RULE: premium clean research lab only. No safety placards, no industrial alert graphics, no trefoil icons, no striped floor tape, no danger banners. Do not print alert words on walls, floors, labels, or posters. Only neutral room names and product typography.",Captions MUST be only about PT-141 (V-PT1-001) and https://www.palmbeach-vitality.store/products/pt-141.,Active,248,
LS-VIAL-049,vid_gen_landscape_scenes,16:9,vial_10ml_scene,VIAL landscape 049 — Selank,teal-glass sterile suite with ocean-tone partitions,16:9 architectural wide shot showing ceiling utilities and floor plane,low-key dramatic instrument LEDs with controlled haze,"one 10mL sterile injectable-style glass vial of Selank with rubber stopper + aluminum crimp seal, SMALL mid-ground (never black twist/screw cap, never macro)","10mL sterile injectable-style glass vial with rubber stopper and aluminum crimp seal (NOT screw-cap, NOT black twist cap)",V-SEL-001,Selank,https://www.palmbeach-vitality.store/products/selank,"LANDSCAPE FULL LAB + 10mL STERILE VIAL (16:9). Environment: teal-glass sterile suite with ocean-tone partitions. Camera: 16:9 architectural wide shot showing ceiling utilities and floor plane. Lighting: low-key dramatic instrument LEDs with controlled haze. Hero: exactly one 10mL sterile injectable-style clear glass vial labeled Selank (V-SEL-001), rubber stopper + aluminum crimp. FORBIDDEN: black twist cap, screw-cap, dropper. Vial mid-ground inside complete laboratory landscape. Variant cycle 3. SIGNAGE RULE: premium clean research lab only. No safety placards, no industrial alert graphics, no trefoil icons, no striped floor tape, no danger banners. Do not print alert words on walls, floors, labels, or posters. Only neutral room names and product typography.",Captions MUST be only about Selank (V-SEL-001) and https://www.palmbeach-vitality.store/products/selank.,Active,249,
LS-VIAL-050,vid_gen_landscape_scenes,16:9,vial_10ml_scene,VIAL landscape 050 — Sermorelin,sandstone-and-steel desert research lab with warm hard light,16:9 medium-wide environmental shot with product as small mid-ground element,daylight through clerestory windows plus soft fill,"one 10mL sterile injectable-style glass vial of Sermorelin with rubber stopper + aluminum crimp seal, SMALL mid-ground (never black twist/screw cap, never macro)","10mL sterile injectable-style glass vial with rubber stopper and aluminum crimp seal (NOT screw-cap, NOT black twist cap)",V-SER-001,Sermorelin,https://www.palmbeach-vitality.store/products/sermorelin,"LANDSCAPE FULL LAB + 10mL STERILE VIAL (16:9). Environment: sandstone-and-steel desert research lab with warm hard light. Camera: 16:9 medium-wide environmental shot with product as small mid-ground element. Lighting: daylight through clerestory windows plus soft fill. Hero: exactly one 10mL sterile injectable-style clear glass vial labeled Sermorelin (V-SER-001), rubber stopper + aluminum crimp. FORBIDDEN: black twist cap, screw-cap, dropper. Vial mid-ground inside complete laboratory landscape. Variant cycle 3. SIGNAGE RULE: premium clean research lab only. No safety placards, no industrial alert graphics, no trefoil icons, no striped floor tape, no danger banners. Do not print alert words on walls, floors, labels, or posters. Only neutral room names and product typography.",Captions MUST be only about Sermorelin (V-SER-001) and https://www.palmbeach-vitality.store/products/sermorelin.,Active,250,
LS-VIAL-051,vid_gen_landscape_scenes,16:9,vial_10ml_scene,VIAL landscape 051 — SS-31,indigo night lab with magenta instrument accents,"16:9 landscape establishing shot, 24mm equivalent, deep focus",cool cyan-blue biotech rim with soft overhead panels,"one 10mL sterile injectable-style glass vial of SS-31 with rubber stopper + aluminum crimp seal, SMALL mid-ground (never black twist/screw cap, never macro)","10mL sterile injectable-style glass vial with rubber stopper and aluminum crimp seal (NOT screw-cap, NOT black twist cap)",V-SS3-001,SS-31,https://www.palmbeach-vitality.store/products/ss-31,"LANDSCAPE FULL LAB + 10mL STERILE VIAL (16:9). Environment: indigo night lab with magenta instrument accents. Camera: 16:9 landscape establishing shot, 24mm equivalent, deep focus. Lighting: cool cyan-blue biotech rim with soft overhead panels. Hero: exactly one 10mL sterile injectable-style clear glass vial labeled SS-31 (V-SS3-001), rubber stopper + aluminum crimp. FORBIDDEN: black twist cap, screw-cap, dropper. Vial mid-ground inside complete laboratory landscape. Variant cycle 3. SIGNAGE RULE: premium clean research lab only. No safety placards, no industrial alert graphics, no trefoil icons, no striped floor tape, no danger banners. Do not print alert words on walls, floors, labels, or posters. Only neutral room names and product typography.",Captions MUST be only about SS-31 (V-SS3-001) and https://www.palmbeach-vitality.store/products/ss-31.,Active,251,
LS-VIAL-052,vid_gen_landscape_scenes,16:9,vial_10ml_scene,VIAL landscape 052 — TB-500,sunrise lab with long window light across empty benches,16:9 elevated three-quarter wide shot of the entire bay,warm-neutral catalog softboxes with clean speculars,"one 10mL sterile injectable-style glass vial of TB-500 with rubber stopper + aluminum crimp seal, SMALL mid-ground (never black twist/screw cap, never macro)","10mL sterile injectable-style glass vial with rubber stopper and aluminum crimp seal (NOT screw-cap, NOT black twist cap)",V-TB5-001,TB-500,https://www.palmbeach-vitality.store/products/tb-500,"LANDSCAPE FULL LAB + 10mL STERILE VIAL (16:9). Environment: sunrise lab with long window light across empty benches. Camera: 16:9 elevated three-quarter wide shot of the entire bay. Lighting: warm-neutral catalog softboxes with clean speculars. Hero: exactly one 10mL sterile injectable-style clear glass vial labeled TB-500 (V-TB5-001), rubber stopper + aluminum crimp. FORBIDDEN: black twist cap, screw-cap, dropper. Vial mid-ground inside complete laboratory landscape. Variant cycle 3. SIGNAGE RULE: premium clean research lab only. No safety placards, no industrial alert graphics, no trefoil icons, no striped floor tape, no danger banners. Do not print alert words on walls, floors, labels, or posters. Only neutral room names and product typography.",Captions MUST be only about TB-500 (V-TB5-001) and https://www.palmbeach-vitality.store/products/tb-500.,Active,252,
LS-VIAL-053,vid_gen_landscape_scenes,16:9,vial_10ml_scene,VIAL landscape 053 — Tesamorelin,landscape view of a peptide purification suite with skids in a row,16:9 dolly-style hallway perspective into the lab,"high-key sterile white lighting, minimal shadows","one 10mL sterile injectable-style glass vial of Tesamorelin with rubber stopper + aluminum crimp seal, SMALL mid-ground (never black twist/screw cap, never macro)","10mL sterile injectable-style glass vial with rubber stopper and aluminum crimp seal (NOT screw-cap, NOT black twist cap)",V-TES-001,Tesamorelin,https://www.palmbeach-vitality.store/products/tesamorelin,"LANDSCAPE FULL LAB + 10mL STERILE VIAL (16:9). Environment: landscape view of a peptide purification suite with skids in a row. Camera: 16:9 dolly-style hallway perspective into the lab. Lighting: high-key sterile white lighting, minimal shadows. Hero: exactly one 10mL sterile injectable-style clear glass vial labeled Tesamorelin (V-TES-001), rubber stopper + aluminum crimp. FORBIDDEN: black twist cap, screw-cap, dropper. Vial mid-ground inside complete laboratory landscape. Variant cycle 3. SIGNAGE RULE: premium clean research lab only. No safety placards, no industrial alert graphics, no trefoil icons, no striped floor tape, no danger banners. Do not print alert words on walls, floors, labels, or posters. Only neutral room names and product typography.",Captions MUST be only about Tesamorelin (V-TES-001) and https://www.palmbeach-vitality.store/products/tesamorelin.,Active,253,
LS-VIAL-054,vid_gen_landscape_scenes,16:9,vial_10ml_scene,VIAL landscape 054 — BPC-157,wide clean packaging line room with conveyor idle (no people),16:9 architectural wide shot showing ceiling utilities and floor plane,low-key dramatic instrument LEDs with controlled haze,"one 10mL sterile injectable-style glass vial of BPC-157 with rubber stopper + aluminum crimp seal, SMALL mid-ground (never black twist/screw cap, never macro)","10mL sterile injectable-style glass vial with rubber stopper and aluminum crimp seal (NOT screw-cap, NOT black twist cap)",V-BPC-001,BPC-157,https://www.palmbeach-vitality.store/products/bpc-157,"LANDSCAPE FULL LAB + 10mL STERILE VIAL (16:9). Environment: wide clean packaging line room with conveyor idle (no people). Camera: 16:9 architectural wide shot showing ceiling utilities and floor plane. Lighting: low-key dramatic instrument LEDs with controlled haze. Hero: exactly one 10mL sterile injectable-style clear glass vial labeled BPC-157 (V-BPC-001), rubber stopper + aluminum crimp. FORBIDDEN: black twist cap, screw-cap, dropper. Vial mid-ground inside complete laboratory landscape. Variant cycle 3. SIGNAGE RULE: premium clean research lab only. No safety placards, no industrial alert graphics, no trefoil icons, no striped floor tape, no danger banners. Do not print alert words on walls, floors, labels, or posters. Only neutral room names and product typography.",Captions MUST be only about BPC-157 (V-BPC-001) and https://www.palmbeach-vitality.store/products/bpc-157.,Active,254,
LS-VIAL-055,vid_gen_landscape_scenes,16:9,vial_10ml_scene,VIAL landscape 055 — BPC-157 / TB-500,open-plan QC bullpen of benches under linear lights,16:9 medium-wide environmental shot with product as small mid-ground element,daylight through clerestory windows plus soft fill,"one 10mL sterile injectable-style glass vial of BPC-157 / TB-500 with rubber stopper + aluminum crimp seal, SMALL mid-ground (never black twist/screw cap, never macro)","10mL sterile injectable-style glass vial with rubber stopper and aluminum crimp seal (NOT screw-cap, NOT black twist cap)",V-WOL-001,BPC-157 / TB-500,https://www.palmbeach-vitality.store/products/wolverine-stack,"LANDSCAPE FULL LAB + 10mL STERILE VIAL (16:9). Environment: open-plan QC bullpen of benches under linear lights. Camera: 16:9 medium-wide environmental shot with product as small mid-ground element. Lighting: daylight through clerestory windows plus soft fill. Hero: exactly one 10mL sterile injectable-style clear glass vial labeled BPC-157 / TB-500 (V-WOL-001), rubber stopper + aluminum crimp. FORBIDDEN: black twist cap, screw-cap, dropper. Vial mid-ground inside complete laboratory landscape. Variant cycle 3. SIGNAGE RULE: premium clean research lab only. No safety placards, no industrial alert graphics, no trefoil icons, no striped floor tape, no danger banners. Do not print alert words on walls, floors, labels, or posters. Only neutral room names and product typography.",Captions MUST be only about BPC-157 / TB-500 (V-WOL-001) and https://www.palmbeach-vitality.store/products/wolverine-stack.,Active,255,
LS-VIAL-056,vid_gen_landscape_scenes,16:9,vial_10ml_scene,VIAL landscape 056 — Cagrilinitide,glass bridge corridor between two lab wings,"16:9 landscape establishing shot, 24mm equivalent, deep focus",cool cyan-blue biotech rim with soft overhead panels,"one 10mL sterile injectable-style glass vial of Cagrilinitide with rubber stopper + aluminum crimp seal, SMALL mid-ground (never black twist/screw cap, never macro)","10mL sterile injectable-style glass vial with rubber stopper and aluminum crimp seal (NOT screw-cap, NOT black twist cap)",V-CAG-001,Cagrilinitide,https://www.palmbeach-vitality.store/products/cargrilinitide,"LANDSCAPE FULL LAB + 10mL STERILE VIAL (16:9). Environment: glass bridge corridor between two lab wings. Camera: 16:9 landscape establishing shot, 24mm equivalent, deep focus. Lighting: cool cyan-blue biotech rim with soft overhead panels. Hero: exactly one 10mL sterile injectable-style clear glass vial labeled Cagrilinitide (V-CAG-001), rubber stopper + aluminum crimp. FORBIDDEN: black twist cap, screw-cap, dropper. Vial mid-ground inside complete laboratory landscape. Variant cycle 3. SIGNAGE RULE: premium clean research lab only. No safety placards, no industrial alert graphics, no trefoil icons, no striped floor tape, no danger banners. Do not print alert words on walls, floors, labels, or posters. Only neutral room names and product typography.",Captions MUST be only about Cagrilinitide (V-CAG-001) and https://www.palmbeach-vitality.store/products/cargrilinitide.,Active,256,
LS-VIAL-057,vid_gen_landscape_scenes,16:9,vial_10ml_scene,VIAL landscape 057 — CJC (no DAC),sub-zero cold room anteroom landscape with frost-edged doors,16:9 elevated three-quarter wide shot of the entire bay,warm-neutral catalog softboxes with clean speculars,"one 10mL sterile injectable-style glass vial of CJC (no DAC) with rubber stopper + aluminum crimp seal, SMALL mid-ground (never black twist/screw cap, never macro)","10mL sterile injectable-style glass vial with rubber stopper and aluminum crimp seal (NOT screw-cap, NOT black twist cap)",V-CJC-001,CJC (no DAC),https://www.palmbeach-vitality.store/products/cjc,"LANDSCAPE FULL LAB + 10mL STERILE VIAL (16:9). Environment: sub-zero cold room anteroom landscape with frost-edged doors. Camera: 16:9 elevated three-quarter wide shot of the entire bay. Lighting: warm-neutral catalog softboxes with clean speculars. Hero: exactly one 10mL sterile injectable-style clear glass vial labeled CJC (no DAC) (V-CJC-001), rubber stopper + aluminum crimp. FORBIDDEN: black twist cap, screw-cap, dropper. Vial mid-ground inside complete laboratory landscape. Variant cycle 3. SIGNAGE RULE: premium clean research lab only. No safety placards, no industrial alert graphics, no trefoil icons, no striped floor tape, no danger banners. Do not print alert words on walls, floors, labels, or posters. Only neutral room names and product typography.",Captions MUST be only about CJC (no DAC) (V-CJC-001) and https://www.palmbeach-vitality.store/products/cjc.,Active,257,
LS-VIAL-058,vid_gen_landscape_scenes,16:9,vial_10ml_scene,VIAL landscape 058 — CJC (no DAC)/Ipamorelin,media prep kitchen-lab with stainless tables in wide shot,16:9 dolly-style hallway perspective into the lab,"high-key sterile white lighting, minimal shadows","one 10mL sterile injectable-style glass vial of CJC (no DAC)/Ipamorelin with rubber stopper + aluminum crimp seal, SMALL mid-ground (never black twist/screw cap, never macro)","10mL sterile injectable-style glass vial with rubber stopper and aluminum crimp seal (NOT screw-cap, NOT black twist cap)",V-CII-001,CJC (no DAC)/Ipamorelin,https://www.palmbeach-vitality.store/products/cjc-ipamorelin,"LANDSCAPE FULL LAB + 10mL STERILE VIAL (16:9). Environment: media prep kitchen-lab with stainless tables in wide shot. Camera: 16:9 dolly-style hallway perspective into the lab. Lighting: high-key sterile white lighting, minimal shadows. Hero: exactly one 10mL sterile injectable-style clear glass vial labeled CJC (no DAC)/Ipamorelin (V-CII-001), rubber stopper + aluminum crimp. FORBIDDEN: black twist cap, screw-cap, dropper. Vial mid-ground inside complete laboratory landscape. Variant cycle 3. SIGNAGE RULE: premium clean research lab only. No safety placards, no industrial alert graphics, no trefoil icons, no striped floor tape, no danger banners. Do not print alert words on walls, floors, labels, or posters. Only neutral room names and product typography.",Captions MUST be only about CJC (no DAC)/Ipamorelin (V-CII-001) and https://www.palmbeach-vitality.store/products/cjc-ipamorelin.,Active,258,
LS-VIAL-059,vid_gen_landscape_scenes,16:9,vial_10ml_scene,VIAL landscape 059 — GHK-Cu,autoclave bay with chamber doors aligned in perspective,16:9 architectural wide shot showing ceiling utilities and floor plane,low-key dramatic instrument LEDs with controlled haze,"one 10mL sterile injectable-style glass vial of GHK-Cu with rubber stopper + aluminum crimp seal, SMALL mid-ground (never black twist/screw cap, never macro)","10mL sterile injectable-style glass vial with rubber stopper and aluminum crimp seal (NOT screw-cap, NOT black twist cap)",V-GHK-001,GHK-Cu,https://www.palmbeach-vitality.store/products/ghk-cu,"LANDSCAPE FULL LAB + 10mL STERILE VIAL (16:9). Environment: autoclave bay with chamber doors aligned in perspective. Camera: 16:9 architectural wide shot showing ceiling utilities and floor plane. Lighting: low-key dramatic instrument LEDs with controlled haze. Hero: exactly one 10mL sterile injectable-style clear glass vial labeled GHK-Cu (V-GHK-001), rubber stopper + aluminum crimp. FORBIDDEN: black twist cap, screw-cap, dropper. Vial mid-ground inside complete laboratory landscape. Variant cycle 3. SIGNAGE RULE: premium clean research lab only. No safety placards, no industrial alert graphics, no trefoil icons, no striped floor tape, no danger banners. Do not print alert words on walls, floors, labels, or posters. Only neutral room names and product typography.",Captions MUST be only about GHK-Cu (V-GHK-001) and https://www.palmbeach-vitality.store/products/ghk-cu.,Active,259,
LS-VIAL-060,vid_gen_landscape_scenes,16:9,vial_10ml_scene,VIAL landscape 060 — BPC-157 / TB-500 / GHK-Cu,water purification plant room adjacent to research labs,16:9 medium-wide environmental shot with product as small mid-ground element,daylight through clerestory windows plus soft fill,"one 10mL sterile injectable-style glass vial of BPC-157 / TB-500 / GHK-Cu with rubber stopper + aluminum crimp seal, SMALL mid-ground (never black twist/screw cap, never macro)","10mL sterile injectable-style glass vial with rubber stopper and aluminum crimp seal (NOT screw-cap, NOT black twist cap)",V-GLO-001,BPC-157 / TB-500 / GHK-Cu,https://www.palmbeach-vitality.store/products/glow,"LANDSCAPE FULL LAB + 10mL STERILE VIAL (16:9). Environment: water purification plant room adjacent to research labs. Camera: 16:9 medium-wide environmental shot with product as small mid-ground element. Lighting: daylight through clerestory windows plus soft fill. Hero: exactly one 10mL sterile injectable-style clear glass vial labeled BPC-157 / TB-500 / GHK-Cu (V-GLO-001), rubber stopper + aluminum crimp. FORBIDDEN: black twist cap, screw-cap, dropper. Vial mid-ground inside complete laboratory landscape. Variant cycle 3. SIGNAGE RULE: premium clean research lab only. No safety placards, no industrial alert graphics, no trefoil icons, no striped floor tape, no danger banners. Do not print alert words on walls, floors, labels, or posters. Only neutral room names and product typography.",Captions MUST be only about BPC-157 / TB-500 / GHK-Cu (V-GLO-001) and https://www.palmbeach-vitality.store/products/glow.,Active,260,
LS-VIAL-061,vid_gen_landscape_scenes,16:9,vial_10ml_scene,VIAL landscape 061 — Thymosin Alpha-1,gas manifold corridor with clean stainless piping runs,"16:9 landscape establishing shot, 24mm equivalent, deep focus",cool cyan-blue biotech rim with soft overhead panels,"one 10mL sterile injectable-style glass vial of Thymosin Alpha-1 with rubber stopper + aluminum crimp seal, SMALL mid-ground (never black twist/screw cap, never macro)","10mL sterile injectable-style glass vial with rubber stopper and aluminum crimp seal (NOT screw-cap, NOT black twist cap)",V-TA1-001,Thymosin Alpha-1,https://www.palmbeach-vitality.store/products/ta-1,"LANDSCAPE FULL LAB + 10mL STERILE VIAL (16:9). Environment: gas manifold corridor with clean stainless piping runs. Camera: 16:9 landscape establishing shot, 24mm equivalent, deep focus. Lighting: cool cyan-blue biotech rim with soft overhead panels. Hero: exactly one 10mL sterile injectable-style clear glass vial labeled Thymosin Alpha-1 (V-TA1-001), rubber stopper + aluminum crimp. FORBIDDEN: black twist cap, screw-cap, dropper. Vial mid-ground inside complete laboratory landscape. Variant cycle 3. SIGNAGE RULE: premium clean research lab only. No safety placards, no industrial alert graphics, no trefoil icons, no striped floor tape, no danger banners. Do not print alert words on walls, floors, labels, or posters. Only neutral room names and product typography.",Captions MUST be only about Thymosin Alpha-1 (V-TA1-001) and https://www.palmbeach-vitality.store/products/ta-1.,Active,261,
LS-VIAL-062,vid_gen_landscape_scenes,16:9,vial_10ml_scene,VIAL landscape 062 — AOD-9604,server-adjacent instrument data hall with quiet racks,16:9 elevated three-quarter wide shot of the entire bay,warm-neutral catalog softboxes with clean speculars,"one 10mL sterile injectable-style glass vial of AOD-9604 with rubber stopper + aluminum crimp seal, SMALL mid-ground (never black twist/screw cap, never macro)","10mL sterile injectable-style glass vial with rubber stopper and aluminum crimp seal (NOT screw-cap, NOT black twist cap)",V-AOD-001,AOD-9604,https://www.palmbeach-vitality.store/products/aod-9604,"LANDSCAPE FULL LAB + 10mL STERILE VIAL (16:9). Environment: server-adjacent instrument data hall with quiet racks. Camera: 16:9 elevated three-quarter wide shot of the entire bay. Lighting: warm-neutral catalog softboxes with clean speculars. Hero: exactly one 10mL sterile injectable-style clear glass vial labeled AOD-9604 (V-AOD-001), rubber stopper + aluminum crimp. FORBIDDEN: black twist cap, screw-cap, dropper. Vial mid-ground inside complete laboratory landscape. Variant cycle 3. SIGNAGE RULE: premium clean research lab only. No safety placards, no industrial alert graphics, no trefoil icons, no striped floor tape, no danger banners. Do not print alert words on walls, floors, labels, or posters. Only neutral room names and product typography.",Captions MUST be only about AOD-9604 (V-AOD-001) and https://www.palmbeach-vitality.store/products/aod-9604.,Active,262,
LS-VIAL-063,vid_gen_landscape_scenes,16:9,vial_10ml_scene,VIAL landscape 063 — Melanotan 2,raw-material weigh room with balance benches in a wide bay,16:9 dolly-style hallway perspective into the lab,"high-key sterile white lighting, minimal shadows","one 10mL sterile injectable-style glass vial of Melanotan 2 with rubber stopper + aluminum crimp seal, SMALL mid-ground (never black twist/screw cap, never macro)","10mL sterile injectable-style glass vial with rubber stopper and aluminum crimp seal (NOT screw-cap, NOT black twist cap)",V-MT2-001,Melanotan 2,https://www.palmbeach-vitality.store/products/melonotan,"LANDSCAPE FULL LAB + 10mL STERILE VIAL (16:9). Environment: raw-material weigh room with balance benches in a wide bay. Camera: 16:9 dolly-style hallway perspective into the lab. Lighting: high-key sterile white lighting, minimal shadows. Hero: exactly one 10mL sterile injectable-style clear glass vial labeled Melanotan 2 (V-MT2-001), rubber stopper + aluminum crimp. FORBIDDEN: black twist cap, screw-cap, dropper. Vial mid-ground inside complete laboratory landscape. Variant cycle 3. SIGNAGE RULE: premium clean research lab only. No safety placards, no industrial alert graphics, no trefoil icons, no striped floor tape, no danger banners. Do not print alert words on walls, floors, labels, or posters. Only neutral room names and product typography.",Captions MUST be only about Melanotan 2 (V-MT2-001) and https://www.palmbeach-vitality.store/products/melonotan.,Active,263,
LS-VIAL-064,vid_gen_landscape_scenes,16:9,vial_10ml_scene,VIAL landscape 064 — Retatrutide,dissolution apparatus room in catalog lighting,16:9 architectural wide shot showing ceiling utilities and floor plane,low-key dramatic instrument LEDs with controlled haze,"one 10mL sterile injectable-style glass vial of Retatrutide with rubber stopper + aluminum crimp seal, SMALL mid-ground (never black twist/screw cap, never macro)","10mL sterile injectable-style glass vial with rubber stopper and aluminum crimp seal (NOT screw-cap, NOT black twist cap)",V-RET-001,Retatrutide,https://www.palmbeach-vitality.store/products/retatrutide,"LANDSCAPE FULL LAB + 10mL STERILE VIAL (16:9). Environment: dissolution apparatus room in catalog lighting. Camera: 16:9 architectural wide shot showing ceiling utilities and floor plane. Lighting: low-key dramatic instrument LEDs with controlled haze. Hero: exactly one 10mL sterile injectable-style clear glass vial labeled Retatrutide (V-RET-001), rubber stopper + aluminum crimp. FORBIDDEN: black twist cap, screw-cap, dropper. Vial mid-ground inside complete laboratory landscape. Variant cycle 3. SIGNAGE RULE: premium clean research lab only. No safety placards, no industrial alert graphics, no trefoil icons, no striped floor tape, no danger banners. Do not print alert words on walls, floors, labels, or posters. Only neutral room names and product typography.",Captions MUST be only about Retatrutide (V-RET-001) and https://www.palmbeach-vitality.store/products/retatrutide.,Active,264,
LS-VIAL-065,vid_gen_landscape_scenes,16:9,vial_10ml_scene,VIAL landscape 065 — Tirzepatide,particle counter clean zone with soft white architecture,16:9 medium-wide environmental shot with product as small mid-ground element,daylight through clerestory windows plus soft fill,"one 10mL sterile injectable-style glass vial of Tirzepatide with rubber stopper + aluminum crimp seal, SMALL mid-ground (never black twist/screw cap, never macro)","10mL sterile injectable-style glass vial with rubber stopper and aluminum crimp seal (NOT screw-cap, NOT black twist cap)",V-TIR-001,Tirzepatide,https://www.palmbeach-vitality.store/products/tirzepatide,"LANDSCAPE FULL LAB + 10mL STERILE VIAL (16:9). Environment: particle counter clean zone with soft white architecture. Camera: 16:9 medium-wide environmental shot with product as small mid-ground element. Lighting: daylight through clerestory windows plus soft fill. Hero: exactly one 10mL sterile injectable-style clear glass vial labeled Tirzepatide (V-TIR-001), rubber stopper + aluminum crimp. FORBIDDEN: black twist cap, screw-cap, dropper. Vial mid-ground inside complete laboratory landscape. Variant cycle 3. SIGNAGE RULE: premium clean research lab only. No safety placards, no industrial alert graphics, no trefoil icons, no striped floor tape, no danger banners. Do not print alert words on walls, floors, labels, or posters. Only neutral room names and product typography.",Captions MUST be only about Tirzepatide (V-TIR-001) and https://www.palmbeach-vitality.store/products/tirzepatide.,Active,265,
LS-VIAL-066,vid_gen_landscape_scenes,16:9,vial_10ml_scene,VIAL landscape 066 — Semaglutide,labeling and kitting room with organized shelf landscapes,"16:9 landscape establishing shot, 24mm equivalent, deep focus",cool cyan-blue biotech rim with soft overhead panels,"one 10mL sterile injectable-style glass vial of Semaglutide with rubber stopper + aluminum crimp seal, SMALL mid-ground (never black twist/screw cap, never macro)","10mL sterile injectable-style glass vial with rubber stopper and aluminum crimp seal (NOT screw-cap, NOT black twist cap)",V-SEM-001,Semaglutide,https://www.palmbeach-vitality.store/products/semaglutide,"LANDSCAPE FULL LAB + 10mL STERILE VIAL (16:9). Environment: labeling and kitting room with organized shelf landscapes. Camera: 16:9 landscape establishing shot, 24mm equivalent, deep focus. Lighting: cool cyan-blue biotech rim with soft overhead panels. Hero: exactly one 10mL sterile injectable-style clear glass vial labeled Semaglutide (V-SEM-001), rubber stopper + aluminum crimp. FORBIDDEN: black twist cap, screw-cap, dropper. Vial mid-ground inside complete laboratory landscape. Variant cycle 3. SIGNAGE RULE: premium clean research lab only. No safety placards, no industrial alert graphics, no trefoil icons, no striped floor tape, no danger banners. Do not print alert words on walls, floors, labels, or posters. Only neutral room names and product typography.",Captions MUST be only about Semaglutide (V-SEM-001) and https://www.palmbeach-vitality.store/products/semaglutide.,Active,266,
LS-VIAL-067,vid_gen_landscape_scenes,16:9,vial_10ml_scene,VIAL landscape 067 — KPV / BPC-157 / TB-500 / GHK-Cu,retain sample archive hall with rolling shelving,16:9 elevated three-quarter wide shot of the entire bay,warm-neutral catalog softboxes with clean speculars,"one 10mL sterile injectable-style glass vial of KPV / BPC-157 / TB-500 / GHK-Cu with rubber stopper + aluminum crimp seal, SMALL mid-ground (never black twist/screw cap, never macro)","10mL sterile injectable-style glass vial with rubber stopper and aluminum crimp seal (NOT screw-cap, NOT black twist cap)",V-KLO-001,KPV / BPC-157 / TB-500 / GHK-Cu,https://www.palmbeach-vitality.store/products/klow-kpv-bpc-157-tb-500-ghk,"LANDSCAPE FULL LAB + 10mL STERILE VIAL (16:9). Environment: retain sample archive hall with rolling shelving. Camera: 16:9 elevated three-quarter wide shot of the entire bay. Lighting: warm-neutral catalog softboxes with clean speculars. Hero: exactly one 10mL sterile injectable-style clear glass vial labeled KPV / BPC-157 / TB-500 / GHK-Cu (V-KLO-001), rubber stopper + aluminum crimp. FORBIDDEN: black twist cap, screw-cap, dropper. Vial mid-ground inside complete laboratory landscape. Variant cycle 3. SIGNAGE RULE: premium clean research lab only. No safety placards, no industrial alert graphics, no trefoil icons, no striped floor tape, no danger banners. Do not print alert words on walls, floors, labels, or posters. Only neutral room names and product typography.",Captions MUST be only about KPV / BPC-157 / TB-500 / GHK-Cu (V-KLO-001) and https://www.palmbeach-vitality.store/products/klow-kpv-bpc-157-tb-500-ghk.,Active,267,
LS-VIAL-068,vid_gen_landscape_scenes,16:9,vial_10ml_scene,VIAL landscape 068 — MOTS-C,solvent cabinet alley with reflective epoxy floor,16:9 dolly-style hallway perspective into the lab,"high-key sterile white lighting, minimal shadows","one 10mL sterile injectable-style glass vial of MOTS-C with rubber stopper + aluminum crimp seal, SMALL mid-ground (never black twist/screw cap, never macro)","10mL sterile injectable-style glass vial with rubber stopper and aluminum crimp seal (NOT screw-cap, NOT black twist cap)",V-MOT-001,MOTS-C,https://www.palmbeach-vitality.store/products/mots-c-10mg-5ml-vial,"LANDSCAPE FULL LAB + 10mL STERILE VIAL (16:9). Environment: solvent cabinet alley with reflective epoxy floor. Camera: 16:9 dolly-style hallway perspective into the lab. Lighting: high-key sterile white lighting, minimal shadows. Hero: exactly one 10mL sterile injectable-style clear glass vial labeled MOTS-C (V-MOT-001), rubber stopper + aluminum crimp. FORBIDDEN: black twist cap, screw-cap, dropper. Vial mid-ground inside complete laboratory landscape. Variant cycle 3. SIGNAGE RULE: premium clean research lab only. No safety placards, no industrial alert graphics, no trefoil icons, no striped floor tape, no danger banners. Do not print alert words on walls, floors, labels, or posters. Only neutral room names and product typography.",Captions MUST be only about MOTS-C (V-MOT-001) and https://www.palmbeach-vitality.store/products/mots-c-10mg-5ml-vial.,Active,268,
LS-VIAL-069,vid_gen_landscape_scenes,16:9,vial_10ml_scene,VIAL landscape 069 — NAD+,gowning corridor looking into a bright sterile bay,16:9 architectural wide shot showing ceiling utilities and floor plane,low-key dramatic instrument LEDs with controlled haze,"one 10mL sterile injectable-style glass vial of NAD+ with rubber stopper + aluminum crimp seal, SMALL mid-ground (never black twist/screw cap, never macro)","10mL sterile injectable-style glass vial with rubber stopper and aluminum crimp seal (NOT screw-cap, NOT black twist cap)",V-NAD-001,NAD+,https://www.palmbeach-vitality.store/products/nad-1,"LANDSCAPE FULL LAB + 10mL STERILE VIAL (16:9). Environment: gowning corridor looking into a bright sterile bay. Camera: 16:9 architectural wide shot showing ceiling utilities and floor plane. Lighting: low-key dramatic instrument LEDs with controlled haze. Hero: exactly one 10mL sterile injectable-style clear glass vial labeled NAD+ (V-NAD-001), rubber stopper + aluminum crimp. FORBIDDEN: black twist cap, screw-cap, dropper. Vial mid-ground inside complete laboratory landscape. Variant cycle 3. SIGNAGE RULE: premium clean research lab only. No safety placards, no industrial alert graphics, no trefoil icons, no striped floor tape, no danger banners. Do not print alert words on walls, floors, labels, or posters. Only neutral room names and product typography.",Captions MUST be only about NAD+ (V-NAD-001) and https://www.palmbeach-vitality.store/products/nad-1.,Active,269,
LS-VIAL-070,vid_gen_landscape_scenes,16:9,vial_10ml_scene,VIAL landscape 070 — PT-141,pass-box wall landscape between gray and white zones,16:9 medium-wide environmental shot with product as small mid-ground element,daylight through clerestory windows plus soft fill,"one 10mL sterile injectable-style glass vial of PT-141 with rubber stopper + aluminum crimp seal, SMALL mid-ground (never black twist/screw cap, never macro)","10mL sterile injectable-style glass vial with rubber stopper and aluminum crimp seal (NOT screw-cap, NOT black twist cap)",V-PT1-001,PT-141,https://www.palmbeach-vitality.store/products/pt-141,"LANDSCAPE FULL LAB + 10mL STERILE VIAL (16:9). Environment: pass-box wall landscape between gray and white zones. Camera: 16:9 medium-wide environmental shot with product as small mid-ground element. Lighting: daylight through clerestory windows plus soft fill. Hero: exactly one 10mL sterile injectable-style clear glass vial labeled PT-141 (V-PT1-001), rubber stopper + aluminum crimp. FORBIDDEN: black twist cap, screw-cap, dropper. Vial mid-ground inside complete laboratory landscape. Variant cycle 3. SIGNAGE RULE: premium clean research lab only. No safety placards, no industrial alert graphics, no trefoil icons, no striped floor tape, no danger banners. Do not print alert words on walls, floors, labels, or posters. Only neutral room names and product typography.",Captions MUST be only about PT-141 (V-PT1-001) and https://www.palmbeach-vitality.store/products/pt-141.,Active,270,
LS-VIAL-071,vid_gen_landscape_scenes,16:9,vial_10ml_scene,VIAL landscape 071 — Selank,HVAC chase balcony overlooking the main lab floor,"16:9 landscape establishing shot, 24mm equivalent, deep focus",cool cyan-blue biotech rim with soft overhead panels,"one 10mL sterile injectable-style glass vial of Selank with rubber stopper + aluminum crimp seal, SMALL mid-ground (never black twist/screw cap, never macro)","10mL sterile injectable-style glass vial with rubber stopper and aluminum crimp seal (NOT screw-cap, NOT black twist cap)",V-SEL-001,Selank,https://www.palmbeach-vitality.store/products/selank,"LANDSCAPE FULL LAB + 10mL STERILE VIAL (16:9). Environment: HVAC chase balcony overlooking the main lab floor. Camera: 16:9 landscape establishing shot, 24mm equivalent, deep focus. Lighting: cool cyan-blue biotech rim with soft overhead panels. Hero: exactly one 10mL sterile injectable-style clear glass vial labeled Selank (V-SEL-001), rubber stopper + aluminum crimp. FORBIDDEN: black twist cap, screw-cap, dropper. Vial mid-ground inside complete laboratory landscape. Variant cycle 3. SIGNAGE RULE: premium clean research lab only. No safety placards, no industrial alert graphics, no trefoil icons, no striped floor tape, no danger banners. Do not print alert words on walls, floors, labels, or posters. Only neutral room names and product typography.",Captions MUST be only about Selank (V-SEL-001) and https://www.palmbeach-vitality.store/products/selank.,Active,271,
LS-VIAL-072,vid_gen_landscape_scenes,16:9,vial_10ml_scene,VIAL landscape 072 — Sermorelin,loading dock lab receiving bay converted to clean staging,16:9 elevated three-quarter wide shot of the entire bay,warm-neutral catalog softboxes with clean speculars,"one 10mL sterile injectable-style glass vial of Sermorelin with rubber stopper + aluminum crimp seal, SMALL mid-ground (never black twist/screw cap, never macro)","10mL sterile injectable-style glass vial with rubber stopper and aluminum crimp seal (NOT screw-cap, NOT black twist cap)",V-SER-001,Sermorelin,https://www.palmbeach-vitality.store/products/sermorelin,"LANDSCAPE FULL LAB + 10mL STERILE VIAL (16:9). Environment: loading dock lab receiving bay converted to clean staging. Camera: 16:9 elevated three-quarter wide shot of the entire bay. Lighting: warm-neutral catalog softboxes with clean speculars. Hero: exactly one 10mL sterile injectable-style clear glass vial labeled Sermorelin (V-SER-001), rubber stopper + aluminum crimp. FORBIDDEN: black twist cap, screw-cap, dropper. Vial mid-ground inside complete laboratory landscape. Variant cycle 3. SIGNAGE RULE: premium clean research lab only. No safety placards, no industrial alert graphics, no trefoil icons, no striped floor tape, no danger banners. Do not print alert words on walls, floors, labels, or posters. Only neutral room names and product typography.",Captions MUST be only about Sermorelin (V-SER-001) and https://www.palmbeach-vitality.store/products/sermorelin.,Active,272,
LS-VIAL-073,vid_gen_landscape_scenes,16:9,vial_10ml_scene,VIAL landscape 073 — SS-31,multi-level lab with stairs and glass rails (empty),16:9 dolly-style hallway perspective into the lab,"high-key sterile white lighting, minimal shadows","one 10mL sterile injectable-style glass vial of SS-31 with rubber stopper + aluminum crimp seal, SMALL mid-ground (never black twist/screw cap, never macro)","10mL sterile injectable-style glass vial with rubber stopper and aluminum crimp seal (NOT screw-cap, NOT black twist cap)",V-SS3-001,SS-31,https://www.palmbeach-vitality.store/products/ss-31,"LANDSCAPE FULL LAB + 10mL STERILE VIAL (16:9). Environment: multi-level lab with stairs and glass rails (empty). Camera: 16:9 dolly-style hallway perspective into the lab. Lighting: high-key sterile white lighting, minimal shadows. Hero: exactly one 10mL sterile injectable-style clear glass vial labeled SS-31 (V-SS3-001), rubber stopper + aluminum crimp. FORBIDDEN: black twist cap, screw-cap, dropper. Vial mid-ground inside complete laboratory landscape. Variant cycle 3. SIGNAGE RULE: premium clean research lab only. No safety placards, no industrial alert graphics, no trefoil icons, no striped floor tape, no danger banners. Do not print alert words on walls, floors, labels, or posters. Only neutral room names and product typography.",Captions MUST be only about SS-31 (V-SS3-001) and https://www.palmbeach-vitality.store/products/ss-31.,Active,273,
LS-VIAL-074,vid_gen_landscape_scenes,16:9,vial_10ml_scene,VIAL landscape 074 — TB-500,circular airlock cluster in a radial lab plan,16:9 architectural wide shot showing ceiling utilities and floor plane,low-key dramatic instrument LEDs with controlled haze,"one 10mL sterile injectable-style glass vial of TB-500 with rubber stopper + aluminum crimp seal, SMALL mid-ground (never black twist/screw cap, never macro)","10mL sterile injectable-style glass vial with rubber stopper and aluminum crimp seal (NOT screw-cap, NOT black twist cap)",V-TB5-001,TB-500,https://www.palmbeach-vitality.store/products/tb-500,"LANDSCAPE FULL LAB + 10mL STERILE VIAL (16:9). Environment: circular airlock cluster in a radial lab plan. Camera: 16:9 architectural wide shot showing ceiling utilities and floor plane. Lighting: low-key dramatic instrument LEDs with controlled haze. Hero: exactly one 10mL sterile injectable-style clear glass vial labeled TB-500 (V-TB5-001), rubber stopper + aluminum crimp. FORBIDDEN: black twist cap, screw-cap, dropper. Vial mid-ground inside complete laboratory landscape. Variant cycle 3. SIGNAGE RULE: premium clean research lab only. No safety placards, no industrial alert graphics, no trefoil icons, no striped floor tape, no danger banners. Do not print alert words on walls, floors, labels, or posters. Only neutral room names and product typography.",Captions MUST be only about TB-500 (V-TB5-001) and https://www.palmbeach-vitality.store/products/tb-500.,Active,274,
LS-VIAL-075,vid_gen_landscape_scenes,16:9,vial_10ml_scene,VIAL landscape 075 — Tesamorelin,long HPLC farm in a single vanishing-point shot,16:9 medium-wide environmental shot with product as small mid-ground element,daylight through clerestory windows plus soft fill,"one 10mL sterile injectable-style glass vial of Tesamorelin with rubber stopper + aluminum crimp seal, SMALL mid-ground (never black twist/screw cap, never macro)","10mL sterile injectable-style glass vial with rubber stopper and aluminum crimp seal (NOT screw-cap, NOT black twist cap)",V-TES-001,Tesamorelin,https://www.palmbeach-vitality.store/products/tesamorelin,"LANDSCAPE FULL LAB + 10mL STERILE VIAL (16:9). Environment: long HPLC farm in a single vanishing-point shot. Camera: 16:9 medium-wide environmental shot with product as small mid-ground element. Lighting: daylight through clerestory windows plus soft fill. Hero: exactly one 10mL sterile injectable-style clear glass vial labeled Tesamorelin (V-TES-001), rubber stopper + aluminum crimp. FORBIDDEN: black twist cap, screw-cap, dropper. Vial mid-ground inside complete laboratory landscape. Variant cycle 3. SIGNAGE RULE: premium clean research lab only. No safety placards, no industrial alert graphics, no trefoil icons, no striped floor tape, no danger banners. Do not print alert words on walls, floors, labels, or posters. Only neutral room names and product typography.",Captions MUST be only about Tesamorelin (V-TES-001) and https://www.palmbeach-vitality.store/products/tesamorelin.,Active,275,
LS-VIAL-076,vid_gen_landscape_scenes,16:9,vial_10ml_scene,VIAL landscape 076 — BPC-157,mass-spec bank room with cable arms and chillers,"16:9 landscape establishing shot, 24mm equivalent, deep focus",cool cyan-blue biotech rim with soft overhead panels,"one 10mL sterile injectable-style glass vial of BPC-157 with rubber stopper + aluminum crimp seal, SMALL mid-ground (never black twist/screw cap, never macro)","10mL sterile injectable-style glass vial with rubber stopper and aluminum crimp seal (NOT screw-cap, NOT black twist cap)",V-BPC-001,BPC-157,https://www.palmbeach-vitality.store/products/bpc-157,"LANDSCAPE FULL LAB + 10mL STERILE VIAL (16:9). Environment: mass-spec bank room with cable arms and chillers. Camera: 16:9 landscape establishing shot, 24mm equivalent, deep focus. Lighting: cool cyan-blue biotech rim with soft overhead panels. Hero: exactly one 10mL sterile injectable-style clear glass vial labeled BPC-157 (V-BPC-001), rubber stopper + aluminum crimp. FORBIDDEN: black twist cap, screw-cap, dropper. Vial mid-ground inside complete laboratory landscape. Variant cycle 3. SIGNAGE RULE: premium clean research lab only. No safety placards, no industrial alert graphics, no trefoil icons, no striped floor tape, no danger banners. Do not print alert words on walls, floors, labels, or posters. Only neutral room names and product typography.",Captions MUST be only about BPC-157 (V-BPC-001) and https://www.palmbeach-vitality.store/products/bpc-157.,Active,276,
LS-VIAL-077,vid_gen_landscape_scenes,16:9,vial_10ml_scene,VIAL landscape 077 — BPC-157 / TB-500,incubator wall landscape with glass doors,16:9 elevated three-quarter wide shot of the entire bay,warm-neutral catalog softboxes with clean speculars,"one 10mL sterile injectable-style glass vial of BPC-157 / TB-500 with rubber stopper + aluminum crimp seal, SMALL mid-ground (never black twist/screw cap, never macro)","10mL sterile injectable-style glass vial with rubber stopper and aluminum crimp seal (NOT screw-cap, NOT black twist cap)",V-WOL-001,BPC-157 / TB-500,https://www.palmbeach-vitality.store/products/wolverine-stack,"LANDSCAPE FULL LAB + 10mL STERILE VIAL (16:9). Environment: incubator wall landscape with glass doors. Camera: 16:9 elevated three-quarter wide shot of the entire bay. Lighting: warm-neutral catalog softboxes with clean speculars. Hero: exactly one 10mL sterile injectable-style clear glass vial labeled BPC-157 / TB-500 (V-WOL-001), rubber stopper + aluminum crimp. FORBIDDEN: black twist cap, screw-cap, dropper. Vial mid-ground inside complete laboratory landscape. Variant cycle 3. SIGNAGE RULE: premium clean research lab only. No safety placards, no industrial alert graphics, no trefoil icons, no striped floor tape, no danger banners. Do not print alert words on walls, floors, labels, or posters. Only neutral room names and product typography.",Captions MUST be only about BPC-157 / TB-500 (V-WOL-001) and https://www.palmbeach-vitality.store/products/wolverine-stack.,Active,277,
LS-VIAL-078,vid_gen_landscape_scenes,16:9,vial_10ml_scene,VIAL landscape 078 — Cagrilinitide,centrifuge suite with machines in a disciplined row,16:9 dolly-style hallway perspective into the lab,"high-key sterile white lighting, minimal shadows","one 10mL sterile injectable-style glass vial of Cagrilinitide with rubber stopper + aluminum crimp seal, SMALL mid-ground (never black twist/screw cap, never macro)","10mL sterile injectable-style glass vial with rubber stopper and aluminum crimp seal (NOT screw-cap, NOT black twist cap)",V-CAG-001,Cagrilinitide,https://www.palmbeach-vitality.store/products/cargrilinitide,"LANDSCAPE FULL LAB + 10mL STERILE VIAL (16:9). Environment: centrifuge suite with machines in a disciplined row. Camera: 16:9 dolly-style hallway perspective into the lab. Lighting: high-key sterile white lighting, minimal shadows. Hero: exactly one 10mL sterile injectable-style clear glass vial labeled Cagrilinitide (V-CAG-001), rubber stopper + aluminum crimp. FORBIDDEN: black twist cap, screw-cap, dropper. Vial mid-ground inside complete laboratory landscape. Variant cycle 3. SIGNAGE RULE: premium clean research lab only. No safety placards, no industrial alert graphics, no trefoil icons, no striped floor tape, no danger banners. Do not print alert words on walls, floors, labels, or posters. Only neutral room names and product typography.",Captions MUST be only about Cagrilinitide (V-CAG-001) and https://www.palmbeach-vitality.store/products/cargrilinitide.,Active,278,
LS-VIAL-079,vid_gen_landscape_scenes,16:9,vial_10ml_scene,VIAL landscape 079 — CJC (no DAC),microscopy corridor with darkened side rooms,16:9 architectural wide shot showing ceiling utilities and floor plane,low-key dramatic instrument LEDs with controlled haze,"one 10mL sterile injectable-style glass vial of CJC (no DAC) with rubber stopper + aluminum crimp seal, SMALL mid-ground (never black twist/screw cap, never macro)","10mL sterile injectable-style glass vial with rubber stopper and aluminum crimp seal (NOT screw-cap, NOT black twist cap)",V-CJC-001,CJC (no DAC),https://www.palmbeach-vitality.store/products/cjc,"LANDSCAPE FULL LAB + 10mL STERILE VIAL (16:9). Environment: microscopy corridor with darkened side rooms. Camera: 16:9 architectural wide shot showing ceiling utilities and floor plane. Lighting: low-key dramatic instrument LEDs with controlled haze. Hero: exactly one 10mL sterile injectable-style clear glass vial labeled CJC (no DAC) (V-CJC-001), rubber stopper + aluminum crimp. FORBIDDEN: black twist cap, screw-cap, dropper. Vial mid-ground inside complete laboratory landscape. Variant cycle 3. SIGNAGE RULE: premium clean research lab only. No safety placards, no industrial alert graphics, no trefoil icons, no striped floor tape, no danger banners. Do not print alert words on walls, floors, labels, or posters. Only neutral room names and product typography.",Captions MUST be only about CJC (no DAC) (V-CJC-001) and https://www.palmbeach-vitality.store/products/cjc.,Active,279,
LS-VIAL-080,vid_gen_landscape_scenes,16:9,vial_10ml_scene,VIAL landscape 080 — CJC (no DAC)/Ipamorelin,chemical fume hood line in a wide chemistry bay,16:9 medium-wide environmental shot with product as small mid-ground element,daylight through clerestory windows plus soft fill,"one 10mL sterile injectable-style glass vial of CJC (no DAC)/Ipamorelin with rubber stopper + aluminum crimp seal, SMALL mid-ground (never black twist/screw cap, never macro)","10mL sterile injectable-style glass vial with rubber stopper and aluminum crimp seal (NOT screw-cap, NOT black twist cap)",V-CII-001,CJC (no DAC)/Ipamorelin,https://www.palmbeach-vitality.store/products/cjc-ipamorelin,"LANDSCAPE FULL LAB + 10mL STERILE VIAL (16:9). Environment: chemical fume hood line in a wide chemistry bay. Camera: 16:9 medium-wide environmental shot with product as small mid-ground element. Lighting: daylight through clerestory windows plus soft fill. Hero: exactly one 10mL sterile injectable-style clear glass vial labeled CJC (no DAC)/Ipamorelin (V-CII-001), rubber stopper + aluminum crimp. FORBIDDEN: black twist cap, screw-cap, dropper. Vial mid-ground inside complete laboratory landscape. Variant cycle 3. SIGNAGE RULE: premium clean research lab only. No safety placards, no industrial alert graphics, no trefoil icons, no striped floor tape, no danger banners. Do not print alert words on walls, floors, labels, or posters. Only neutral room names and product typography.",Captions MUST be only about CJC (no DAC)/Ipamorelin (V-CII-001) and https://www.palmbeach-vitality.store/products/cjc-ipamorelin.,Active,280,
LS-VIAL-081,vid_gen_landscape_scenes,16:9,vial_10ml_scene,VIAL landscape 081 — GHK-Cu,balance room with anti-vibration tables repeating,"16:9 landscape establishing shot, 24mm equivalent, deep focus",cool cyan-blue biotech rim with soft overhead panels,"one 10mL sterile injectable-style glass vial of GHK-Cu with rubber stopper + aluminum crimp seal, SMALL mid-ground (never black twist/screw cap, never macro)","10mL sterile injectable-style glass vial with rubber stopper and aluminum crimp seal (NOT screw-cap, NOT black twist cap)",V-GHK-001,GHK-Cu,https://www.palmbeach-vitality.store/products/ghk-cu,"LANDSCAPE FULL LAB + 10mL STERILE VIAL (16:9). Environment: balance room with anti-vibration tables repeating. Camera: 16:9 landscape establishing shot, 24mm equivalent, deep focus. Lighting: cool cyan-blue biotech rim with soft overhead panels. Hero: exactly one 10mL sterile injectable-style clear glass vial labeled GHK-Cu (V-GHK-001), rubber stopper + aluminum crimp. FORBIDDEN: black twist cap, screw-cap, dropper. Vial mid-ground inside complete laboratory landscape. Variant cycle 3. SIGNAGE RULE: premium clean research lab only. No safety placards, no industrial alert graphics, no trefoil icons, no striped floor tape, no danger banners. Do not print alert words on walls, floors, labels, or posters. Only neutral room names and product typography.",Captions MUST be only about GHK-Cu (V-GHK-001) and https://www.palmbeach-vitality.store/products/ghk-cu.,Active,281,
LS-VIAL-082,vid_gen_landscape_scenes,16:9,vial_10ml_scene,VIAL landscape 082 — BPC-157 / TB-500 / GHK-Cu,buffer prep hall with mixing tanks mid-ground,16:9 elevated three-quarter wide shot of the entire bay,warm-neutral catalog softboxes with clean speculars,"one 10mL sterile injectable-style glass vial of BPC-157 / TB-500 / GHK-Cu with rubber stopper + aluminum crimp seal, SMALL mid-ground (never black twist/screw cap, never macro)","10mL sterile injectable-style glass vial with rubber stopper and aluminum crimp seal (NOT screw-cap, NOT black twist cap)",V-GLO-001,BPC-157 / TB-500 / GHK-Cu,https://www.palmbeach-vitality.store/products/glow,"LANDSCAPE FULL LAB + 10mL STERILE VIAL (16:9). Environment: buffer prep hall with mixing tanks mid-ground. Camera: 16:9 elevated three-quarter wide shot of the entire bay. Lighting: warm-neutral catalog softboxes with clean speculars. Hero: exactly one 10mL sterile injectable-style clear glass vial labeled BPC-157 / TB-500 / GHK-Cu (V-GLO-001), rubber stopper + aluminum crimp. FORBIDDEN: black twist cap, screw-cap, dropper. Vial mid-ground inside complete laboratory landscape. Variant cycle 3. SIGNAGE RULE: premium clean research lab only. No safety placards, no industrial alert graphics, no trefoil icons, no striped floor tape, no danger banners. Do not print alert words on walls, floors, labels, or posters. Only neutral room names and product typography.",Captions MUST be only about BPC-157 / TB-500 / GHK-Cu (V-GLO-001) and https://www.palmbeach-vitality.store/products/glow.,Active,282,
LS-VIAL-083,vid_gen_landscape_scenes,16:9,vial_10ml_scene,VIAL landscape 083 — Thymosin Alpha-1,filtration skid gallery in polished stainless,16:9 dolly-style hallway perspective into the lab,"high-key sterile white lighting, minimal shadows","one 10mL sterile injectable-style glass vial of Thymosin Alpha-1 with rubber stopper + aluminum crimp seal, SMALL mid-ground (never black twist/screw cap, never macro)","10mL sterile injectable-style glass vial with rubber stopper and aluminum crimp seal (NOT screw-cap, NOT black twist cap)",V-TA1-001,Thymosin Alpha-1,https://www.palmbeach-vitality.store/products/ta-1,"LANDSCAPE FULL LAB + 10mL STERILE VIAL (16:9). Environment: filtration skid gallery in polished stainless. Camera: 16:9 dolly-style hallway perspective into the lab. Lighting: high-key sterile white lighting, minimal shadows. Hero: exactly one 10mL sterile injectable-style clear glass vial labeled Thymosin Alpha-1 (V-TA1-001), rubber stopper + aluminum crimp. FORBIDDEN: black twist cap, screw-cap, dropper. Vial mid-ground inside complete laboratory landscape. Variant cycle 3. SIGNAGE RULE: premium clean research lab only. No safety placards, no industrial alert graphics, no trefoil icons, no striped floor tape, no danger banners. Do not print alert words on walls, floors, labels, or posters. Only neutral room names and product typography.",Captions MUST be only about Thymosin Alpha-1 (V-TA1-001) and https://www.palmbeach-vitality.store/products/ta-1.,Active,283,
LS-VIAL-084,vid_gen_landscape_scenes,16:9,vial_10ml_scene,VIAL landscape 084 — AOD-9604,cryogenic Dewar storage alcove in a wide vault,16:9 architectural wide shot showing ceiling utilities and floor plane,low-key dramatic instrument LEDs with controlled haze,"one 10mL sterile injectable-style glass vial of AOD-9604 with rubber stopper + aluminum crimp seal, SMALL mid-ground (never black twist/screw cap, never macro)","10mL sterile injectable-style glass vial with rubber stopper and aluminum crimp seal (NOT screw-cap, NOT black twist cap)",V-AOD-001,AOD-9604,https://www.palmbeach-vitality.store/products/aod-9604,"LANDSCAPE FULL LAB + 10mL STERILE VIAL (16:9). Environment: cryogenic Dewar storage alcove in a wide vault. Camera: 16:9 architectural wide shot showing ceiling utilities and floor plane. Lighting: low-key dramatic instrument LEDs with controlled haze. Hero: exactly one 10mL sterile injectable-style clear glass vial labeled AOD-9604 (V-AOD-001), rubber stopper + aluminum crimp. FORBIDDEN: black twist cap, screw-cap, dropper. Vial mid-ground inside complete laboratory landscape. Variant cycle 3. SIGNAGE RULE: premium clean research lab only. No safety placards, no industrial alert graphics, no trefoil icons, no striped floor tape, no danger banners. Do not print alert words on walls, floors, labels, or posters. Only neutral room names and product typography.",Captions MUST be only about AOD-9604 (V-AOD-001) and https://www.palmbeach-vitality.store/products/aod-9604.,Active,284,
LS-VIAL-085,vid_gen_landscape_scenes,16:9,vial_10ml_scene,VIAL landscape 085 — Melanotan 2,clean steam generator plant adjacent to labs,16:9 medium-wide environmental shot with product as small mid-ground element,daylight through clerestory windows plus soft fill,"one 10mL sterile injectable-style glass vial of Melanotan 2 with rubber stopper + aluminum crimp seal, SMALL mid-ground (never black twist/screw cap, never macro)","10mL sterile injectable-style glass vial with rubber stopper and aluminum crimp seal (NOT screw-cap, NOT black twist cap)",V-MT2-001,Melanotan 2,https://www.palmbeach-vitality.store/products/melonotan,"LANDSCAPE FULL LAB + 10mL STERILE VIAL (16:9). Environment: clean steam generator plant adjacent to labs. Camera: 16:9 medium-wide environmental shot with product as small mid-ground element. Lighting: daylight through clerestory windows plus soft fill. Hero: exactly one 10mL sterile injectable-style clear glass vial labeled Melanotan 2 (V-MT2-001), rubber stopper + aluminum crimp. FORBIDDEN: black twist cap, screw-cap, dropper. Vial mid-ground inside complete laboratory landscape. Variant cycle 3. SIGNAGE RULE: premium clean research lab only. No safety placards, no industrial alert graphics, no trefoil icons, no striped floor tape, no danger banners. Do not print alert words on walls, floors, labels, or posters. Only neutral room names and product typography.",Captions MUST be only about Melanotan 2 (V-MT2-001) and https://www.palmbeach-vitality.store/products/melonotan.,Active,285,
LS-VIAL-086,vid_gen_landscape_scenes,16:9,vial_10ml_scene,VIAL landscape 086 — Retatrutide,WFI loop corridor with polished tube runs,"16:9 landscape establishing shot, 24mm equivalent, deep focus",cool cyan-blue biotech rim with soft overhead panels,"one 10mL sterile injectable-style glass vial of Retatrutide with rubber stopper + aluminum crimp seal, SMALL mid-ground (never black twist/screw cap, never macro)","10mL sterile injectable-style glass vial with rubber stopper and aluminum crimp seal (NOT screw-cap, NOT black twist cap)",V-RET-001,Retatrutide,https://www.palmbeach-vitality.store/products/retatrutide,"LANDSCAPE FULL LAB + 10mL STERILE VIAL (16:9). Environment: WFI loop corridor with polished tube runs. Camera: 16:9 landscape establishing shot, 24mm equivalent, deep focus. Lighting: cool cyan-blue biotech rim with soft overhead panels. Hero: exactly one 10mL sterile injectable-style clear glass vial labeled Retatrutide (V-RET-001), rubber stopper + aluminum crimp. FORBIDDEN: black twist cap, screw-cap, dropper. Vial mid-ground inside complete laboratory landscape. Variant cycle 3. SIGNAGE RULE: premium clean research lab only. No safety placards, no industrial alert graphics, no trefoil icons, no striped floor tape, no danger banners. Do not print alert words on walls, floors, labels, or posters. Only neutral room names and product typography.",Captions MUST be only about Retatrutide (V-RET-001) and https://www.palmbeach-vitality.store/products/retatrutide.,Active,286,
LS-VIAL-087,vid_gen_landscape_scenes,16:9,vial_10ml_scene,VIAL landscape 087 — Tirzepatide,environmental monitoring station landscape,16:9 elevated three-quarter wide shot of the entire bay,warm-neutral catalog softboxes with clean speculars,"one 10mL sterile injectable-style glass vial of Tirzepatide with rubber stopper + aluminum crimp seal, SMALL mid-ground (never black twist/screw cap, never macro)","10mL sterile injectable-style glass vial with rubber stopper and aluminum crimp seal (NOT screw-cap, NOT black twist cap)",V-TIR-001,Tirzepatide,https://www.palmbeach-vitality.store/products/tirzepatide,"LANDSCAPE FULL LAB + 10mL STERILE VIAL (16:9). Environment: environmental monitoring station landscape. Camera: 16:9 elevated three-quarter wide shot of the entire bay. Lighting: warm-neutral catalog softboxes with clean speculars. Hero: exactly one 10mL sterile injectable-style clear glass vial labeled Tirzepatide (V-TIR-001), rubber stopper + aluminum crimp. FORBIDDEN: black twist cap, screw-cap, dropper. Vial mid-ground inside complete laboratory landscape. Variant cycle 3. SIGNAGE RULE: premium clean research lab only. No safety placards, no industrial alert graphics, no trefoil icons, no striped floor tape, no danger banners. Do not print alert words on walls, floors, labels, or posters. Only neutral room names and product typography.",Captions MUST be only about Tirzepatide (V-TIR-001) and https://www.palmbeach-vitality.store/products/tirzepatide.,Active,287,
LS-VIAL-088,vid_gen_landscape_scenes,16:9,vial_10ml_scene,VIAL landscape 088 — Semaglutide,document control window looking into the lab (no people),16:9 dolly-style hallway perspective into the lab,"high-key sterile white lighting, minimal shadows","one 10mL sterile injectable-style glass vial of Semaglutide with rubber stopper + aluminum crimp seal, SMALL mid-ground (never black twist/screw cap, never macro)","10mL sterile injectable-style glass vial with rubber stopper and aluminum crimp seal (NOT screw-cap, NOT black twist cap)",V-SEM-001,Semaglutide,https://www.palmbeach-vitality.store/products/semaglutide,"LANDSCAPE FULL LAB + 10mL STERILE VIAL (16:9). Environment: document control window looking into the lab (no people). Camera: 16:9 dolly-style hallway perspective into the lab. Lighting: high-key sterile white lighting, minimal shadows. Hero: exactly one 10mL sterile injectable-style clear glass vial labeled Semaglutide (V-SEM-001), rubber stopper + aluminum crimp. FORBIDDEN: black twist cap, screw-cap, dropper. Vial mid-ground inside complete laboratory landscape. Variant cycle 3. SIGNAGE RULE: premium clean research lab only. No safety placards, no industrial alert graphics, no trefoil icons, no striped floor tape, no danger banners. Do not print alert words on walls, floors, labels, or posters. Only neutral room names and product typography.",Captions MUST be only about Semaglutide (V-SEM-001) and https://www.palmbeach-vitality.store/products/semaglutide.,Active,288,
LS-VIAL-089,vid_gen_landscape_scenes,16:9,vial_10ml_scene,VIAL landscape 089 — KPV / BPC-157 / TB-500 / GHK-Cu,shift-handoff empty bullpen with monitors idle,16:9 architectural wide shot showing ceiling utilities and floor plane,low-key dramatic instrument LEDs with controlled haze,"one 10mL sterile injectable-style glass vial of KPV / BPC-157 / TB-500 / GHK-Cu with rubber stopper + aluminum crimp seal, SMALL mid-ground (never black twist/screw cap, never macro)","10mL sterile injectable-style glass vial with rubber stopper and aluminum crimp seal (NOT screw-cap, NOT black twist cap)",V-KLO-001,KPV / BPC-157 / TB-500 / GHK-Cu,https://www.palmbeach-vitality.store/products/klow-kpv-bpc-157-tb-500-ghk,"LANDSCAPE FULL LAB + 10mL STERILE VIAL (16:9). Environment: shift-handoff empty bullpen with monitors idle. Camera: 16:9 architectural wide shot showing ceiling utilities and floor plane. Lighting: low-key dramatic instrument LEDs with controlled haze. Hero: exactly one 10mL sterile injectable-style clear glass vial labeled KPV / BPC-157 / TB-500 / GHK-Cu (V-KLO-001), rubber stopper + aluminum crimp. FORBIDDEN: black twist cap, screw-cap, dropper. Vial mid-ground inside complete laboratory landscape. Variant cycle 3. SIGNAGE RULE: premium clean research lab only. No safety placards, no industrial alert graphics, no trefoil icons, no striped floor tape, no danger banners. Do not print alert words on walls, floors, labels, or posters. Only neutral room names and product typography.",Captions MUST be only about KPV / BPC-157 / TB-500 / GHK-Cu (V-KLO-001) and https://www.palmbeach-vitality.store/products/klow-kpv-bpc-157-tb-500-ghk.,Active,289,
LS-VIAL-090,vid_gen_landscape_scenes,16:9,vial_10ml_scene,VIAL landscape 090 — MOTS-C,glassware kiln / dry heat room exterior corridor,16:9 medium-wide environmental shot with product as small mid-ground element,daylight through clerestory windows plus soft fill,"one 10mL sterile injectable-style glass vial of MOTS-C with rubber stopper + aluminum crimp seal, SMALL mid-ground (never black twist/screw cap, never macro)","10mL sterile injectable-style glass vial with rubber stopper and aluminum crimp seal (NOT screw-cap, NOT black twist cap)",V-MOT-001,MOTS-C,https://www.palmbeach-vitality.store/products/mots-c-10mg-5ml-vial,"LANDSCAPE FULL LAB + 10mL STERILE VIAL (16:9). Environment: glassware kiln / dry heat room exterior corridor. Camera: 16:9 medium-wide environmental shot with product as small mid-ground element. Lighting: daylight through clerestory windows plus soft fill. Hero: exactly one 10mL sterile injectable-style clear glass vial labeled MOTS-C (V-MOT-001), rubber stopper + aluminum crimp. FORBIDDEN: black twist cap, screw-cap, dropper. Vial mid-ground inside complete laboratory landscape. Variant cycle 3. SIGNAGE RULE: premium clean research lab only. No safety placards, no industrial alert graphics, no trefoil icons, no striped floor tape, no danger banners. Do not print alert words on walls, floors, labels, or posters. Only neutral room names and product typography.",Captions MUST be only about MOTS-C (V-MOT-001) and https://www.palmbeach-vitality.store/products/mots-c-10mg-5ml-vial.,Active,290,
LS-VIAL-091,vid_gen_landscape_scenes,16:9,vial_10ml_scene,VIAL landscape 091 — NAD+,spill-free epoxy floor expanse reflecting overhead lights,"16:9 landscape establishing shot, 24mm equivalent, deep focus",cool cyan-blue biotech rim with soft overhead panels,"one 10mL sterile injectable-style glass vial of NAD+ with rubber stopper + aluminum crimp seal, SMALL mid-ground (never black twist/screw cap, never macro)","10mL sterile injectable-style glass vial with rubber stopper and aluminum crimp seal (NOT screw-cap, NOT black twist cap)",V-NAD-001,NAD+,https://www.palmbeach-vitality.store/products/nad-1,"LANDSCAPE FULL LAB + 10mL STERILE VIAL (16:9). Environment: spill-free epoxy floor expanse reflecting overhead lights. Camera: 16:9 landscape establishing shot, 24mm equivalent, deep focus. Lighting: cool cyan-blue biotech rim with soft overhead panels. Hero: exactly one 10mL sterile injectable-style clear glass vial labeled NAD+ (V-NAD-001), rubber stopper + aluminum crimp. FORBIDDEN: black twist cap, screw-cap, dropper. Vial mid-ground inside complete laboratory landscape. Variant cycle 3. SIGNAGE RULE: premium clean research lab only. No safety placards, no industrial alert graphics, no trefoil icons, no striped floor tape, no danger banners. Do not print alert words on walls, floors, labels, or posters. Only neutral room names and product typography.",Captions MUST be only about NAD+ (V-NAD-001) and https://www.palmbeach-vitality.store/products/nad-1.,Active,291,
LS-VIAL-092,vid_gen_landscape_scenes,16:9,vial_10ml_scene,VIAL landscape 092 — PT-141,mezzanine looking down on a synthesis theater,16:9 elevated three-quarter wide shot of the entire bay,warm-neutral catalog softboxes with clean speculars,"one 10mL sterile injectable-style glass vial of PT-141 with rubber stopper + aluminum crimp seal, SMALL mid-ground (never black twist/screw cap, never macro)","10mL sterile injectable-style glass vial with rubber stopper and aluminum crimp seal (NOT screw-cap, NOT black twist cap)",V-PT1-001,PT-141,https://www.palmbeach-vitality.store/products/pt-141,"LANDSCAPE FULL LAB + 10mL STERILE VIAL (16:9). Environment: mezzanine looking down on a synthesis theater. Camera: 16:9 elevated three-quarter wide shot of the entire bay. Lighting: warm-neutral catalog softboxes with clean speculars. Hero: exactly one 10mL sterile injectable-style clear glass vial labeled PT-141 (V-PT1-001), rubber stopper + aluminum crimp. FORBIDDEN: black twist cap, screw-cap, dropper. Vial mid-ground inside complete laboratory landscape. Variant cycle 3. SIGNAGE RULE: premium clean research lab only. No safety placards, no industrial alert graphics, no trefoil icons, no striped floor tape, no danger banners. Do not print alert words on walls, floors, labels, or posters. Only neutral room names and product typography.",Captions MUST be only about PT-141 (V-PT1-001) and https://www.palmbeach-vitality.store/products/pt-141.,Active,292,
LS-VIAL-093,vid_gen_landscape_scenes,16:9,vial_10ml_scene,VIAL landscape 093 — Selank,catalog hero stage: full lab built for 16:9 cinema framing,16:9 dolly-style hallway perspective into the lab,"high-key sterile white lighting, minimal shadows","one 10mL sterile injectable-style glass vial of Selank with rubber stopper + aluminum crimp seal, SMALL mid-ground (never black twist/screw cap, never macro)","10mL sterile injectable-style glass vial with rubber stopper and aluminum crimp seal (NOT screw-cap, NOT black twist cap)",V-SEL-001,Selank,https://www.palmbeach-vitality.store/products/selank,"LANDSCAPE FULL LAB + 10mL STERILE VIAL (16:9). Environment: catalog hero stage: full lab built for 16:9 cinema framing. Camera: 16:9 dolly-style hallway perspective into the lab. Lighting: high-key sterile white lighting, minimal shadows. Hero: exactly one 10mL sterile injectable-style clear glass vial labeled Selank (V-SEL-001), rubber stopper + aluminum crimp. FORBIDDEN: black twist cap, screw-cap, dropper. Vial mid-ground inside complete laboratory landscape. Variant cycle 3. SIGNAGE RULE: premium clean research lab only. No safety placards, no industrial alert graphics, no trefoil icons, no striped floor tape, no danger banners. Do not print alert words on walls, floors, labels, or posters. Only neutral room names and product typography.",Captions MUST be only about Selank (V-SEL-001) and https://www.palmbeach-vitality.store/products/selank.,Active,293,
LS-VIAL-094,vid_gen_landscape_scenes,16:9,vial_10ml_scene,VIAL landscape 094 — Sermorelin,twin laminar hoods facing a wide sterile aisle,16:9 architectural wide shot showing ceiling utilities and floor plane,low-key dramatic instrument LEDs with controlled haze,"one 10mL sterile injectable-style glass vial of Sermorelin with rubber stopper + aluminum crimp seal, SMALL mid-ground (never black twist/screw cap, never macro)","10mL sterile injectable-style glass vial with rubber stopper and aluminum crimp seal (NOT screw-cap, NOT black twist cap)",V-SER-001,Sermorelin,https://www.palmbeach-vitality.store/products/sermorelin,"LANDSCAPE FULL LAB + 10mL STERILE VIAL (16:9). Environment: twin laminar hoods facing a wide sterile aisle. Camera: 16:9 architectural wide shot showing ceiling utilities and floor plane. Lighting: low-key dramatic instrument LEDs with controlled haze. Hero: exactly one 10mL sterile injectable-style clear glass vial labeled Sermorelin (V-SER-001), rubber stopper + aluminum crimp. FORBIDDEN: black twist cap, screw-cap, dropper. Vial mid-ground inside complete laboratory landscape. Variant cycle 3. SIGNAGE RULE: premium clean research lab only. No safety placards, no industrial alert graphics, no trefoil icons, no striped floor tape, no danger banners. Do not print alert words on walls, floors, labels, or posters. Only neutral room names and product typography.",Captions MUST be only about Sermorelin (V-SER-001) and https://www.palmbeach-vitality.store/products/sermorelin.,Active,294,
LS-VIAL-095,vid_gen_landscape_scenes,16:9,vial_10ml_scene,VIAL landscape 095 — SS-31,vial rack farm on carts arranged in landscape depth,16:9 medium-wide environmental shot with product as small mid-ground element,daylight through clerestory windows plus soft fill,"one 10mL sterile injectable-style glass vial of SS-31 with rubber stopper + aluminum crimp seal, SMALL mid-ground (never black twist/screw cap, never macro)","10mL sterile injectable-style glass vial with rubber stopper and aluminum crimp seal (NOT screw-cap, NOT black twist cap)",V-SS3-001,SS-31,https://www.palmbeach-vitality.store/products/ss-31,"LANDSCAPE FULL LAB + 10mL STERILE VIAL (16:9). Environment: vial rack farm on carts arranged in landscape depth. Camera: 16:9 medium-wide environmental shot with product as small mid-ground element. Lighting: daylight through clerestory windows plus soft fill. Hero: exactly one 10mL sterile injectable-style clear glass vial labeled SS-31 (V-SS3-001), rubber stopper + aluminum crimp. FORBIDDEN: black twist cap, screw-cap, dropper. Vial mid-ground inside complete laboratory landscape. Variant cycle 3. SIGNAGE RULE: premium clean research lab only. No safety placards, no industrial alert graphics, no trefoil icons, no striped floor tape, no danger banners. Do not print alert words on walls, floors, labels, or posters. Only neutral room names and product typography.",Captions MUST be only about SS-31 (V-SS3-001) and https://www.palmbeach-vitality.store/products/ss-31.,Active,295,
LS-VIAL-096,vid_gen_landscape_scenes,16:9,vial_10ml_scene,VIAL landscape 096 — TB-500,pen-format staging table mid-ground in a large prep bay,"16:9 landscape establishing shot, 24mm equivalent, deep focus",cool cyan-blue biotech rim with soft overhead panels,"one 10mL sterile injectable-style glass vial of TB-500 with rubber stopper + aluminum crimp seal, SMALL mid-ground (never black twist/screw cap, never macro)","10mL sterile injectable-style glass vial with rubber stopper and aluminum crimp seal (NOT screw-cap, NOT black twist cap)",V-TB5-001,TB-500,https://www.palmbeach-vitality.store/products/tb-500,"LANDSCAPE FULL LAB + 10mL STERILE VIAL (16:9). Environment: pen-format staging table mid-ground in a large prep bay. Camera: 16:9 landscape establishing shot, 24mm equivalent, deep focus. Lighting: cool cyan-blue biotech rim with soft overhead panels. Hero: exactly one 10mL sterile injectable-style clear glass vial labeled TB-500 (V-TB5-001), rubber stopper + aluminum crimp. FORBIDDEN: black twist cap, screw-cap, dropper. Vial mid-ground inside complete laboratory landscape. Variant cycle 3. SIGNAGE RULE: premium clean research lab only. No safety placards, no industrial alert graphics, no trefoil icons, no striped floor tape, no danger banners. Do not print alert words on walls, floors, labels, or posters. Only neutral room names and product typography.",Captions MUST be only about TB-500 (V-TB5-001) and https://www.palmbeach-vitality.store/products/tb-500.,Active,296,
LS-VIAL-097,vid_gen_landscape_scenes,16:9,vial_10ml_scene,VIAL landscape 097 — Tesamorelin,acrylic product riser island inside a complete lab set,16:9 elevated three-quarter wide shot of the entire bay,warm-neutral catalog softboxes with clean speculars,"one 10mL sterile injectable-style glass vial of Tesamorelin with rubber stopper + aluminum crimp seal, SMALL mid-ground (never black twist/screw cap, never macro)","10mL sterile injectable-style glass vial with rubber stopper and aluminum crimp seal (NOT screw-cap, NOT black twist cap)",V-TES-001,Tesamorelin,https://www.palmbeach-vitality.store/products/tesamorelin,"LANDSCAPE FULL LAB + 10mL STERILE VIAL (16:9). Environment: acrylic product riser island inside a complete lab set. Camera: 16:9 elevated three-quarter wide shot of the entire bay. Lighting: warm-neutral catalog softboxes with clean speculars. Hero: exactly one 10mL sterile injectable-style clear glass vial labeled Tesamorelin (V-TES-001), rubber stopper + aluminum crimp. FORBIDDEN: black twist cap, screw-cap, dropper. Vial mid-ground inside complete laboratory landscape. Variant cycle 3. SIGNAGE RULE: premium clean research lab only. No safety placards, no industrial alert graphics, no trefoil icons, no striped floor tape, no danger banners. Do not print alert words on walls, floors, labels, or posters. Only neutral room names and product typography.",Captions MUST be only about Tesamorelin (V-TES-001) and https://www.palmbeach-vitality.store/products/tesamorelin.,Active,297,
LS-VIAL-098,vid_gen_landscape_scenes,16:9,vial_10ml_scene,VIAL landscape 098 — BPC-157,blue-hour exterior glass lab facade reflecting instruments inside,16:9 dolly-style hallway perspective into the lab,"high-key sterile white lighting, minimal shadows","one 10mL sterile injectable-style glass vial of BPC-157 with rubber stopper + aluminum crimp seal, SMALL mid-ground (never black twist/screw cap, never macro)","10mL sterile injectable-style glass vial with rubber stopper and aluminum crimp seal (NOT screw-cap, NOT black twist cap)",V-BPC-001,BPC-157,https://www.palmbeach-vitality.store/products/bpc-157,"LANDSCAPE FULL LAB + 10mL STERILE VIAL (16:9). Environment: blue-hour exterior glass lab facade reflecting instruments inside. Camera: 16:9 dolly-style hallway perspective into the lab. Lighting: high-key sterile white lighting, minimal shadows. Hero: exactly one 10mL sterile injectable-style clear glass vial labeled BPC-157 (V-BPC-001), rubber stopper + aluminum crimp. FORBIDDEN: black twist cap, screw-cap, dropper. Vial mid-ground inside complete laboratory landscape. Variant cycle 3. SIGNAGE RULE: premium clean research lab only. No safety placards, no industrial alert graphics, no trefoil icons, no striped floor tape, no danger banners. Do not print alert words on walls, floors, labels, or posters. Only neutral room names and product typography.",Captions MUST be only about BPC-157 (V-BPC-001) and https://www.palmbeach-vitality.store/products/bpc-157.,Active,298,
LS-VIAL-099,vid_gen_landscape_scenes,16:9,vial_10ml_scene,VIAL landscape 099 — BPC-157 / TB-500,interior courtyard lab with plants outside glass (no people),16:9 architectural wide shot showing ceiling utilities and floor plane,low-key dramatic instrument LEDs with controlled haze,"one 10mL sterile injectable-style glass vial of BPC-157 / TB-500 with rubber stopper + aluminum crimp seal, SMALL mid-ground (never black twist/screw cap, never macro)","10mL sterile injectable-style glass vial with rubber stopper and aluminum crimp seal (NOT screw-cap, NOT black twist cap)",V-WOL-001,BPC-157 / TB-500,https://www.palmbeach-vitality.store/products/wolverine-stack,"LANDSCAPE FULL LAB + 10mL STERILE VIAL (16:9). Environment: interior courtyard lab with plants outside glass (no people). Camera: 16:9 architectural wide shot showing ceiling utilities and floor plane. Lighting: low-key dramatic instrument LEDs with controlled haze. Hero: exactly one 10mL sterile injectable-style clear glass vial labeled BPC-157 / TB-500 (V-WOL-001), rubber stopper + aluminum crimp. FORBIDDEN: black twist cap, screw-cap, dropper. Vial mid-ground inside complete laboratory landscape. Variant cycle 3. SIGNAGE RULE: premium clean research lab only. No safety placards, no industrial alert graphics, no trefoil icons, no striped floor tape, no danger banners. Do not print alert words on walls, floors, labels, or posters. Only neutral room names and product typography.",Captions MUST be only about BPC-157 / TB-500 (V-WOL-001) and https://www.palmbeach-vitality.store/products/wolverine-stack.,Active,299,
LS-VIAL-100,vid_gen_landscape_scenes,16:9,vial_10ml_scene,VIAL landscape 100 — Cagrilinitide,matte-black premium lab cinema set with teal accents,16:9 medium-wide environmental shot with product as small mid-ground element,daylight through clerestory windows plus soft fill,"one 10mL sterile injectable-style glass vial of Cagrilinitide with rubber stopper + aluminum crimp seal, SMALL mid-ground (never black twist/screw cap, never macro)","10mL sterile injectable-style glass vial with rubber stopper and aluminum crimp seal (NOT screw-cap, NOT black twist cap)",V-CAG-001,Cagrilinitide,https://www.palmbeach-vitality.store/products/cargrilinitide,"LANDSCAPE FULL LAB + 10mL STERILE VIAL (16:9). Environment: matte-black premium lab cinema set with teal accents. Camera: 16:9 medium-wide environmental shot with product as small mid-ground element. Lighting: daylight through clerestory windows plus soft fill. Hero: exactly one 10mL sterile injectable-style clear glass vial labeled Cagrilinitide (V-CAG-001), rubber stopper + aluminum crimp. FORBIDDEN: black twist cap, screw-cap, dropper. Vial mid-ground inside complete laboratory landscape. Variant cycle 3. SIGNAGE RULE: premium clean research lab only. No safety placards, no industrial alert graphics, no trefoil icons, no striped floor tape, no danger banners. Do not print alert words on walls, floors, labels, or posters. Only neutral room names and product typography.",Captions MUST be only about Cagrilinitide (V-CAG-001) and https://www.palmbeach-vitality.store/products/cargrilinitide.,Active,300,
LS-VIAL-101,vid_gen_landscape_scenes,16:9,vial_10ml_scene,VIAL landscape 101 — CJC (no DAC),white-on-white ultra-minimal research pavilion,"16:9 landscape establishing shot, 24mm equivalent, deep focus",cool cyan-blue biotech rim with soft overhead panels,"one 10mL sterile injectable-style glass vial of CJC (no DAC) with rubber stopper + aluminum crimp seal, SMALL mid-ground (never black twist/screw cap, never macro)","10mL sterile injectable-style glass vial with rubber stopper and aluminum crimp seal (NOT screw-cap, NOT black twist cap)",V-CJC-001,CJC (no DAC),https://www.palmbeach-vitality.store/products/cjc,"LANDSCAPE FULL LAB + 10mL STERILE VIAL (16:9). Environment: white-on-white ultra-minimal research pavilion. Camera: 16:9 landscape establishing shot, 24mm equivalent, deep focus. Lighting: cool cyan-blue biotech rim with soft overhead panels. Hero: exactly one 10mL sterile injectable-style clear glass vial labeled CJC (no DAC) (V-CJC-001), rubber stopper + aluminum crimp. FORBIDDEN: black twist cap, screw-cap, dropper. Vial mid-ground inside complete laboratory landscape. Variant cycle 3. SIGNAGE RULE: premium clean research lab only. No safety placards, no industrial alert graphics, no trefoil icons, no striped floor tape, no danger banners. Do not print alert words on walls, floors, labels, or posters. Only neutral room names and product typography.",Captions MUST be only about CJC (no DAC) (V-CJC-001) and https://www.palmbeach-vitality.store/products/cjc.,Active,301,
LS-VIAL-102,vid_gen_landscape_scenes,16:9,vial_10ml_scene,VIAL landscape 102 — CJC (no DAC)/Ipamorelin,copper-trim luxury lab lounge transitioning to research floor,16:9 elevated three-quarter wide shot of the entire bay,warm-neutral catalog softboxes with clean speculars,"one 10mL sterile injectable-style glass vial of CJC (no DAC)/Ipamorelin with rubber stopper + aluminum crimp seal, SMALL mid-ground (never black twist/screw cap, never macro)","10mL sterile injectable-style glass vial with rubber stopper and aluminum crimp seal (NOT screw-cap, NOT black twist cap)",V-CII-001,CJC (no DAC)/Ipamorelin,https://www.palmbeach-vitality.store/products/cjc-ipamorelin,"LANDSCAPE FULL LAB + 10mL STERILE VIAL (16:9). Environment: copper-trim luxury lab lounge transitioning to research floor. Camera: 16:9 elevated three-quarter wide shot of the entire bay. Lighting: warm-neutral catalog softboxes with clean speculars. Hero: exactly one 10mL sterile injectable-style clear glass vial labeled CJC (no DAC)/Ipamorelin (V-CII-001), rubber stopper + aluminum crimp. FORBIDDEN: black twist cap, screw-cap, dropper. Vial mid-ground inside complete laboratory landscape. Variant cycle 3. SIGNAGE RULE: premium clean research lab only. No safety placards, no industrial alert graphics, no trefoil icons, no striped floor tape, no danger banners. Do not print alert words on walls, floors, labels, or posters. Only neutral room names and product typography.",Captions MUST be only about CJC (no DAC)/Ipamorelin (V-CII-001) and https://www.palmbeach-vitality.store/products/cjc-ipamorelin.,Active,302,
LS-VIAL-103,vid_gen_landscape_scenes,16:9,vial_10ml_scene,VIAL landscape 103 — GHK-Cu,infinite-perspective sterile corridor with soft vanishing light,16:9 dolly-style hallway perspective into the lab,"high-key sterile white lighting, minimal shadows","one 10mL sterile injectable-style glass vial of GHK-Cu with rubber stopper + aluminum crimp seal, SMALL mid-ground (never black twist/screw cap, never macro)","10mL sterile injectable-style glass vial with rubber stopper and aluminum crimp seal (NOT screw-cap, NOT black twist cap)",V-GHK-001,GHK-Cu,https://www.palmbeach-vitality.store/products/ghk-cu,"LANDSCAPE FULL LAB + 10mL STERILE VIAL (16:9). Environment: infinite-perspective sterile corridor with soft vanishing light. Camera: 16:9 dolly-style hallway perspective into the lab. Lighting: high-key sterile white lighting, minimal shadows. Hero: exactly one 10mL sterile injectable-style clear glass vial labeled GHK-Cu (V-GHK-001), rubber stopper + aluminum crimp. FORBIDDEN: black twist cap, screw-cap, dropper. Vial mid-ground inside complete laboratory landscape. Variant cycle 3. SIGNAGE RULE: premium clean research lab only. No safety placards, no industrial alert graphics, no trefoil icons, no striped floor tape, no danger banners. Do not print alert words on walls, floors, labels, or posters. Only neutral room names and product typography.",Captions MUST be only about GHK-Cu (V-GHK-001) and https://www.palmbeach-vitality.store/products/ghk-cu.,Active,303,
LS-VIAL-104,vid_gen_landscape_scenes,16:9,vial_10ml_scene,VIAL landscape 104 — BPC-157 / TB-500 / GHK-Cu,wide sterile ISO cleanroom with HEPA ceiling grid and clean floor lane markings,16:9 architectural wide shot showing ceiling utilities and floor plane,low-key dramatic instrument LEDs with controlled haze,"one 10mL sterile injectable-style glass vial of BPC-157 / TB-500 / GHK-Cu with rubber stopper + aluminum crimp seal, SMALL mid-ground (never black twist/screw cap, never macro)","10mL sterile injectable-style glass vial with rubber stopper and aluminum crimp seal (NOT screw-cap, NOT black twist cap)",V-GLO-001,BPC-157 / TB-500 / GHK-Cu,https://www.palmbeach-vitality.store/products/glow,"LANDSCAPE FULL LAB + 10mL STERILE VIAL (16:9). Environment: wide sterile ISO cleanroom with HEPA ceiling grid and clean floor lane markings. Camera: 16:9 architectural wide shot showing ceiling utilities and floor plane. Lighting: low-key dramatic instrument LEDs with controlled haze. Hero: exactly one 10mL sterile injectable-style clear glass vial labeled BPC-157 / TB-500 / GHK-Cu (V-GLO-001), rubber stopper + aluminum crimp. FORBIDDEN: black twist cap, screw-cap, dropper. Vial mid-ground inside complete laboratory landscape. Variant cycle 4. SIGNAGE RULE: premium clean research lab only. No safety placards, no industrial alert graphics, no trefoil icons, no striped floor tape, no danger banners. Do not print alert words on walls, floors, labels, or posters. Only neutral room names and product typography.",Captions MUST be only about BPC-157 / TB-500 / GHK-Cu (V-GLO-001) and https://www.palmbeach-vitality.store/products/glow.,Active,304,
LS-VIAL-105,vid_gen_landscape_scenes,16:9,vial_10ml_scene,VIAL landscape 105 — Thymosin Alpha-1,multi-bay peptide synthesis suite with tall glass reactors in deep perspective,16:9 medium-wide environmental shot with product as small mid-ground element,daylight through clerestory windows plus soft fill,"one 10mL sterile injectable-style glass vial of Thymosin Alpha-1 with rubber stopper + aluminum crimp seal, SMALL mid-ground (never black twist/screw cap, never macro)","10mL sterile injectable-style glass vial with rubber stopper and aluminum crimp seal (NOT screw-cap, NOT black twist cap)",V-TA1-001,Thymosin Alpha-1,https://www.palmbeach-vitality.store/products/ta-1,"LANDSCAPE FULL LAB + 10mL STERILE VIAL (16:9). Environment: multi-bay peptide synthesis suite with tall glass reactors in deep perspective. Camera: 16:9 medium-wide environmental shot with product as small mid-ground element. Lighting: daylight through clerestory windows plus soft fill. Hero: exactly one 10mL sterile injectable-style clear glass vial labeled Thymosin Alpha-1 (V-TA1-001), rubber stopper + aluminum crimp. FORBIDDEN: black twist cap, screw-cap, dropper. Vial mid-ground inside complete laboratory landscape. Variant cycle 4. SIGNAGE RULE: premium clean research lab only. No safety placards, no industrial alert graphics, no trefoil icons, no striped floor tape, no danger banners. Do not print alert words on walls, floors, labels, or posters. Only neutral room names and product typography.",Captions MUST be only about Thymosin Alpha-1 (V-TA1-001) and https://www.palmbeach-vitality.store/products/ta-1.,Active,305,
LS-VIAL-106,vid_gen_landscape_scenes,16:9,vial_10ml_scene,VIAL landscape 106 — AOD-9604,analytical chemistry corridor lined with HPLC and LC-MS instrument banks,"16:9 landscape establishing shot, 24mm equivalent, deep focus",cool cyan-blue biotech rim with soft overhead panels,"one 10mL sterile injectable-style glass vial of AOD-9604 with rubber stopper + aluminum crimp seal, SMALL mid-ground (never black twist/screw cap, never macro)","10mL sterile injectable-style glass vial with rubber stopper and aluminum crimp seal (NOT screw-cap, NOT black twist cap)",V-AOD-001,AOD-9604,https://www.palmbeach-vitality.store/products/aod-9604,"LANDSCAPE FULL LAB + 10mL STERILE VIAL (16:9). Environment: analytical chemistry corridor lined with HPLC and LC-MS instrument banks. Camera: 16:9 landscape establishing shot, 24mm equivalent, deep focus. Lighting: cool cyan-blue biotech rim with soft overhead panels. Hero: exactly one 10mL sterile injectable-style clear glass vial labeled AOD-9604 (V-AOD-001), rubber stopper + aluminum crimp. FORBIDDEN: black twist cap, screw-cap, dropper. Vial mid-ground inside complete laboratory landscape. Variant cycle 4. SIGNAGE RULE: premium clean research lab only. No safety placards, no industrial alert graphics, no trefoil icons, no striped floor tape, no danger banners. Do not print alert words on walls, floors, labels, or posters. Only neutral room names and product typography.",Captions MUST be only about AOD-9604 (V-AOD-001) and https://www.palmbeach-vitality.store/products/aod-9604.,Active,306,
LS-VIAL-107,vid_gen_landscape_scenes,16:9,vial_10ml_scene,VIAL landscape 107 — Melanotan 2,cold-chain vault anteroom with stainless freezers and temperature displays,16:9 elevated three-quarter wide shot of the entire bay,warm-neutral catalog softboxes with clean speculars,"one 10mL sterile injectable-style glass vial of Melanotan 2 with rubber stopper + aluminum crimp seal, SMALL mid-ground (never black twist/screw cap, never macro)","10mL sterile injectable-style glass vial with rubber stopper and aluminum crimp seal (NOT screw-cap, NOT black twist cap)",V-MT2-001,Melanotan 2,https://www.palmbeach-vitality.store/products/melonotan,"LANDSCAPE FULL LAB + 10mL STERILE VIAL (16:9). Environment: cold-chain vault anteroom with stainless freezers and temperature displays. Camera: 16:9 elevated three-quarter wide shot of the entire bay. Lighting: warm-neutral catalog softboxes with clean speculars. Hero: exactly one 10mL sterile injectable-style clear glass vial labeled Melanotan 2 (V-MT2-001), rubber stopper + aluminum crimp. FORBIDDEN: black twist cap, screw-cap, dropper. Vial mid-ground inside complete laboratory landscape. Variant cycle 4. SIGNAGE RULE: premium clean research lab only. No safety placards, no industrial alert graphics, no trefoil icons, no striped floor tape, no danger banners. Do not print alert words on walls, floors, labels, or posters. Only neutral room names and product typography.",Captions MUST be only about Melanotan 2 (V-MT2-001) and https://www.palmbeach-vitality.store/products/melonotan.,Active,307,
LS-VIAL-108,vid_gen_landscape_scenes,16:9,vial_10ml_scene,VIAL landscape 108 — Retatrutide,formulation suite with laminar flow hoods across a long laboratory hall,16:9 dolly-style hallway perspective into the lab,"high-key sterile white lighting, minimal shadows","one 10mL sterile injectable-style glass vial of Retatrutide with rubber stopper + aluminum crimp seal, SMALL mid-ground (never black twist/screw cap, never macro)","10mL sterile injectable-style glass vial with rubber stopper and aluminum crimp seal (NOT screw-cap, NOT black twist cap)",V-RET-001,Retatrutide,https://www.palmbeach-vitality.store/products/retatrutide,"LANDSCAPE FULL LAB + 10mL STERILE VIAL (16:9). Environment: formulation suite with laminar flow hoods across a long laboratory hall. Camera: 16:9 dolly-style hallway perspective into the lab. Lighting: high-key sterile white lighting, minimal shadows. Hero: exactly one 10mL sterile injectable-style clear glass vial labeled Retatrutide (V-RET-001), rubber stopper + aluminum crimp. FORBIDDEN: black twist cap, screw-cap, dropper. Vial mid-ground inside complete laboratory landscape. Variant cycle 4. SIGNAGE RULE: premium clean research lab only. No safety placards, no industrial alert graphics, no trefoil icons, no striped floor tape, no danger banners. Do not print alert words on walls, floors, labels, or posters. Only neutral room names and product typography.",Captions MUST be only about Retatrutide (V-RET-001) and https://www.palmbeach-vitality.store/products/retatrutide.,Active,308,
LS-VIAL-109,vid_gen_landscape_scenes,16:9,vial_10ml_scene,VIAL landscape 109 — Tirzepatide,"quality-control lab with assay benches, vial racks, and soft instrument glow",16:9 architectural wide shot showing ceiling utilities and floor plane,low-key dramatic instrument LEDs with controlled haze,"one 10mL sterile injectable-style glass vial of Tirzepatide with rubber stopper + aluminum crimp seal, SMALL mid-ground (never black twist/screw cap, never macro)","10mL sterile injectable-style glass vial with rubber stopper and aluminum crimp seal (NOT screw-cap, NOT black twist cap)",V-TIR-001,Tirzepatide,https://www.palmbeach-vitality.store/products/tirzepatide,"LANDSCAPE FULL LAB + 10mL STERILE VIAL (16:9). Environment: quality-control lab with assay benches, vial racks, and soft instrument glow. Camera: 16:9 architectural wide shot showing ceiling utilities and floor plane. Lighting: low-key dramatic instrument LEDs with controlled haze. Hero: exactly one 10mL sterile injectable-style clear glass vial labeled Tirzepatide (V-TIR-001), rubber stopper + aluminum crimp. FORBIDDEN: black twist cap, screw-cap, dropper. Vial mid-ground inside complete laboratory landscape. Variant cycle 4. SIGNAGE RULE: premium clean research lab only. No safety placards, no industrial alert graphics, no trefoil icons, no striped floor tape, no danger banners. Do not print alert words on walls, floors, labels, or posters. Only neutral room names and product typography.",Captions MUST be only about Tirzepatide (V-TIR-001) and https://www.palmbeach-vitality.store/products/tirzepatide.,Active,309,
LS-VIAL-110,vid_gen_landscape_scenes,16:9,vial_10ml_scene,VIAL landscape 110 — Semaglutide,prototype engineering bay with peptide synthesizer chassis and cable trays,16:9 medium-wide environmental shot with product as small mid-ground element,daylight through clerestory windows plus soft fill,"one 10mL sterile injectable-style glass vial of Semaglutide with rubber stopper + aluminum crimp seal, SMALL mid-ground (never black twist/screw cap, never macro)","10mL sterile injectable-style glass vial with rubber stopper and aluminum crimp seal (NOT screw-cap, NOT black twist cap)",V-SEM-001,Semaglutide,https://www.palmbeach-vitality.store/products/semaglutide,"LANDSCAPE FULL LAB + 10mL STERILE VIAL (16:9). Environment: prototype engineering bay with peptide synthesizer chassis and cable trays. Camera: 16:9 medium-wide environmental shot with product as small mid-ground element. Lighting: daylight through clerestory windows plus soft fill. Hero: exactly one 10mL sterile injectable-style clear glass vial labeled Semaglutide (V-SEM-001), rubber stopper + aluminum crimp. FORBIDDEN: black twist cap, screw-cap, dropper. Vial mid-ground inside complete laboratory landscape. Variant cycle 4. SIGNAGE RULE: premium clean research lab only. No safety placards, no industrial alert graphics, no trefoil icons, no striped floor tape, no danger banners. Do not print alert words on walls, floors, labels, or posters. Only neutral room names and product typography.",Captions MUST be only about Semaglutide (V-SEM-001) and https://www.palmbeach-vitality.store/products/semaglutide.,Active,310,
LS-VIAL-111,vid_gen_landscape_scenes,16:9,vial_10ml_scene,VIAL landscape 111 — KPV / BPC-157 / TB-500 / GHK-Cu,futuristic biotech floor with cool cyan LED path lighting and glass partitions,"16:9 landscape establishing shot, 24mm equivalent, deep focus",cool cyan-blue biotech rim with soft overhead panels,"one 10mL sterile injectable-style glass vial of KPV / BPC-157 / TB-500 / GHK-Cu with rubber stopper + aluminum crimp seal, SMALL mid-ground (never black twist/screw cap, never macro)","10mL sterile injectable-style glass vial with rubber stopper and aluminum crimp seal (NOT screw-cap, NOT black twist cap)",V-KLO-001,KPV / BPC-157 / TB-500 / GHK-Cu,https://www.palmbeach-vitality.store/products/klow-kpv-bpc-157-tb-500-ghk,"LANDSCAPE FULL LAB + 10mL STERILE VIAL (16:9). Environment: futuristic biotech floor with cool cyan LED path lighting and glass partitions. Camera: 16:9 landscape establishing shot, 24mm equivalent, deep focus. Lighting: cool cyan-blue biotech rim with soft overhead panels. Hero: exactly one 10mL sterile injectable-style clear glass vial labeled KPV / BPC-157 / TB-500 / GHK-Cu (V-KLO-001), rubber stopper + aluminum crimp. FORBIDDEN: black twist cap, screw-cap, dropper. Vial mid-ground inside complete laboratory landscape. Variant cycle 4. SIGNAGE RULE: premium clean research lab only. No safety placards, no industrial alert graphics, no trefoil icons, no striped floor tape, no danger banners. Do not print alert words on walls, floors, labels, or posters. Only neutral room names and product typography.",Captions MUST be only about KPV / BPC-157 / TB-500 / GHK-Cu (V-KLO-001) and https://www.palmbeach-vitality.store/products/klow-kpv-bpc-157-tb-500-ghk.,Active,311,
LS-VIAL-112,vid_gen_landscape_scenes,16:9,vial_10ml_scene,VIAL landscape 112 — MOTS-C,glass-walled observation gallery overlooking a synthesis cleanroom,16:9 elevated three-quarter wide shot of the entire bay,warm-neutral catalog softboxes with clean speculars,"one 10mL sterile injectable-style glass vial of MOTS-C with rubber stopper + aluminum crimp seal, SMALL mid-ground (never black twist/screw cap, never macro)","10mL sterile injectable-style glass vial with rubber stopper and aluminum crimp seal (NOT screw-cap, NOT black twist cap)",V-MOT-001,MOTS-C,https://www.palmbeach-vitality.store/products/mots-c-10mg-5ml-vial,"LANDSCAPE FULL LAB + 10mL STERILE VIAL (16:9). Environment: glass-walled observation gallery overlooking a synthesis cleanroom. Camera: 16:9 elevated three-quarter wide shot of the entire bay. Lighting: warm-neutral catalog softboxes with clean speculars. Hero: exactly one 10mL sterile injectable-style clear glass vial labeled MOTS-C (V-MOT-001), rubber stopper + aluminum crimp. FORBIDDEN: black twist cap, screw-cap, dropper. Vial mid-ground inside complete laboratory landscape. Variant cycle 4. SIGNAGE RULE: premium clean research lab only. No safety placards, no industrial alert graphics, no trefoil icons, no striped floor tape, no danger banners. Do not print alert words on walls, floors, labels, or posters. Only neutral room names and product typography.",Captions MUST be only about MOTS-C (V-MOT-001) and https://www.palmbeach-vitality.store/products/mots-c-10mg-5ml-vial.,Active,312,
LS-VIAL-113,vid_gen_landscape_scenes,16:9,vial_10ml_scene,VIAL landscape 113 — NAD+,central lab atrium with mezzanine instruments and hanging utility drops,16:9 dolly-style hallway perspective into the lab,"high-key sterile white lighting, minimal shadows","one 10mL sterile injectable-style glass vial of NAD+ with rubber stopper + aluminum crimp seal, SMALL mid-ground (never black twist/screw cap, never macro)","10mL sterile injectable-style glass vial with rubber stopper and aluminum crimp seal (NOT screw-cap, NOT black twist cap)",V-NAD-001,NAD+,https://www.palmbeach-vitality.store/products/nad-1,"LANDSCAPE FULL LAB + 10mL STERILE VIAL (16:9). Environment: central lab atrium with mezzanine instruments and hanging utility drops. Camera: 16:9 dolly-style hallway perspective into the lab. Lighting: high-key sterile white lighting, minimal shadows. Hero: exactly one 10mL sterile injectable-style clear glass vial labeled NAD+ (V-NAD-001), rubber stopper + aluminum crimp. FORBIDDEN: black twist cap, screw-cap, dropper. Vial mid-ground inside complete laboratory landscape. Variant cycle 4. SIGNAGE RULE: premium clean research lab only. No safety placards, no industrial alert graphics, no trefoil icons, no striped floor tape, no danger banners. Do not print alert words on walls, floors, labels, or posters. Only neutral room names and product typography.",Captions MUST be only about NAD+ (V-NAD-001) and https://www.palmbeach-vitality.store/products/nad-1.,Active,313,
LS-VIAL-114,vid_gen_landscape_scenes,16:9,vial_10ml_scene,VIAL landscape 114 — PT-141,chromatography alley with tall columns and solvent cabinets in recession,16:9 architectural wide shot showing ceiling utilities and floor plane,low-key dramatic instrument LEDs with controlled haze,"one 10mL sterile injectable-style glass vial of PT-141 with rubber stopper + aluminum crimp seal, SMALL mid-ground (never black twist/screw cap, never macro)","10mL sterile injectable-style glass vial with rubber stopper and aluminum crimp seal (NOT screw-cap, NOT black twist cap)",V-PT1-001,PT-141,https://www.palmbeach-vitality.store/products/pt-141,"LANDSCAPE FULL LAB + 10mL STERILE VIAL (16:9). Environment: chromatography alley with tall columns and solvent cabinets in recession. Camera: 16:9 architectural wide shot showing ceiling utilities and floor plane. Lighting: low-key dramatic instrument LEDs with controlled haze. Hero: exactly one 10mL sterile injectable-style clear glass vial labeled PT-141 (V-PT1-001), rubber stopper + aluminum crimp. FORBIDDEN: black twist cap, screw-cap, dropper. Vial mid-ground inside complete laboratory landscape. Variant cycle 4. SIGNAGE RULE: premium clean research lab only. No safety placards, no industrial alert graphics, no trefoil icons, no striped floor tape, no danger banners. Do not print alert words on walls, floors, labels, or posters. Only neutral room names and product typography.",Captions MUST be only about PT-141 (V-PT1-001) and https://www.palmbeach-vitality.store/products/pt-141.,Active,314,
LS-VIAL-115,vid_gen_landscape_scenes,16:9,vial_10ml_scene,VIAL landscape 115 — Selank,sample-prep wing with stainless benches and organized glassware walls,16:9 medium-wide environmental shot with product as small mid-ground element,daylight through clerestory windows plus soft fill,"one 10mL sterile injectable-style glass vial of Selank with rubber stopper + aluminum crimp seal, SMALL mid-ground (never black twist/screw cap, never macro)","10mL sterile injectable-style glass vial with rubber stopper and aluminum crimp seal (NOT screw-cap, NOT black twist cap)",V-SEL-001,Selank,https://www.palmbeach-vitality.store/products/selank,"LANDSCAPE FULL LAB + 10mL STERILE VIAL (16:9). Environment: sample-prep wing with stainless benches and organized glassware walls. Camera: 16:9 medium-wide environmental shot with product as small mid-ground element. Lighting: daylight through clerestory windows plus soft fill. Hero: exactly one 10mL sterile injectable-style clear glass vial labeled Selank (V-SEL-001), rubber stopper + aluminum crimp. FORBIDDEN: black twist cap, screw-cap, dropper. Vial mid-ground inside complete laboratory landscape. Variant cycle 4. SIGNAGE RULE: premium clean research lab only. No safety placards, no industrial alert graphics, no trefoil icons, no striped floor tape, no danger banners. Do not print alert words on walls, floors, labels, or posters. Only neutral room names and product typography.",Captions MUST be only about Selank (V-SEL-001) and https://www.palmbeach-vitality.store/products/selank.,Active,315,
LS-VIAL-116,vid_gen_landscape_scenes,16:9,vial_10ml_scene,VIAL landscape 116 — Sermorelin,stability testing room with climate chambers in repeating landscape rows,"16:9 landscape establishing shot, 24mm equivalent, deep focus",cool cyan-blue biotech rim with soft overhead panels,"one 10mL sterile injectable-style glass vial of Sermorelin with rubber stopper + aluminum crimp seal, SMALL mid-ground (never black twist/screw cap, never macro)","10mL sterile injectable-style glass vial with rubber stopper and aluminum crimp seal (NOT screw-cap, NOT black twist cap)",V-SER-001,Sermorelin,https://www.palmbeach-vitality.store/products/sermorelin,"LANDSCAPE FULL LAB + 10mL STERILE VIAL (16:9). Environment: stability testing room with climate chambers in repeating landscape rows. Camera: 16:9 landscape establishing shot, 24mm equivalent, deep focus. Lighting: cool cyan-blue biotech rim with soft overhead panels. Hero: exactly one 10mL sterile injectable-style clear glass vial labeled Sermorelin (V-SER-001), rubber stopper + aluminum crimp. FORBIDDEN: black twist cap, screw-cap, dropper. Vial mid-ground inside complete laboratory landscape. Variant cycle 4. SIGNAGE RULE: premium clean research lab only. No safety placards, no industrial alert graphics, no trefoil icons, no striped floor tape, no danger banners. Do not print alert words on walls, floors, labels, or posters. Only neutral room names and product typography.",Captions MUST be only about Sermorelin (V-SER-001) and https://www.palmbeach-vitality.store/products/sermorelin.,Active,316,
LS-VIAL-117,vid_gen_landscape_scenes,16:9,vial_10ml_scene,VIAL landscape 117 — SS-31,receiving quarantine lab with labeled totes and barcode stations,16:9 elevated three-quarter wide shot of the entire bay,warm-neutral catalog softboxes with clean speculars,"one 10mL sterile injectable-style glass vial of SS-31 with rubber stopper + aluminum crimp seal, SMALL mid-ground (never black twist/screw cap, never macro)","10mL sterile injectable-style glass vial with rubber stopper and aluminum crimp seal (NOT screw-cap, NOT black twist cap)",V-SS3-001,SS-31,https://www.palmbeach-vitality.store/products/ss-31,"LANDSCAPE FULL LAB + 10mL STERILE VIAL (16:9). Environment: receiving quarantine lab with labeled totes and barcode stations. Camera: 16:9 elevated three-quarter wide shot of the entire bay. Lighting: warm-neutral catalog softboxes with clean speculars. Hero: exactly one 10mL sterile injectable-style clear glass vial labeled SS-31 (V-SS3-001), rubber stopper + aluminum crimp. FORBIDDEN: black twist cap, screw-cap, dropper. Vial mid-ground inside complete laboratory landscape. Variant cycle 4. SIGNAGE RULE: premium clean research lab only. No safety placards, no industrial alert graphics, no trefoil icons, no striped floor tape, no danger banners. Do not print alert words on walls, floors, labels, or posters. Only neutral room names and product typography.",Captions MUST be only about SS-31 (V-SS3-001) and https://www.palmbeach-vitality.store/products/ss-31.,Active,317,
LS-VIAL-118,vid_gen_landscape_scenes,16:9,vial_10ml_scene,VIAL landscape 118 — TB-500,method-development lab with modular instrument islands,16:9 dolly-style hallway perspective into the lab,"high-key sterile white lighting, minimal shadows","one 10mL sterile injectable-style glass vial of TB-500 with rubber stopper + aluminum crimp seal, SMALL mid-ground (never black twist/screw cap, never macro)","10mL sterile injectable-style glass vial with rubber stopper and aluminum crimp seal (NOT screw-cap, NOT black twist cap)",V-TB5-001,TB-500,https://www.palmbeach-vitality.store/products/tb-500,"LANDSCAPE FULL LAB + 10mL STERILE VIAL (16:9). Environment: method-development lab with modular instrument islands. Camera: 16:9 dolly-style hallway perspective into the lab. Lighting: high-key sterile white lighting, minimal shadows. Hero: exactly one 10mL sterile injectable-style clear glass vial labeled TB-500 (V-TB5-001), rubber stopper + aluminum crimp. FORBIDDEN: black twist cap, screw-cap, dropper. Vial mid-ground inside complete laboratory landscape. Variant cycle 4. SIGNAGE RULE: premium clean research lab only. No safety placards, no industrial alert graphics, no trefoil icons, no striped floor tape, no danger banners. Do not print alert words on walls, floors, labels, or posters. Only neutral room names and product typography.",Captions MUST be only about TB-500 (V-TB5-001) and https://www.palmbeach-vitality.store/products/tb-500.,Active,318,
LS-VIAL-119,vid_gen_landscape_scenes,16:9,vial_10ml_scene,VIAL landscape 119 — Tesamorelin,lyophilization suite with freeze-dryer banks and vapor ducting,16:9 architectural wide shot showing ceiling utilities and floor plane,low-key dramatic instrument LEDs with controlled haze,"one 10mL sterile injectable-style glass vial of Tesamorelin with rubber stopper + aluminum crimp seal, SMALL mid-ground (never black twist/screw cap, never macro)","10mL sterile injectable-style glass vial with rubber stopper and aluminum crimp seal (NOT screw-cap, NOT black twist cap)",V-TES-001,Tesamorelin,https://www.palmbeach-vitality.store/products/tesamorelin,"LANDSCAPE FULL LAB + 10mL STERILE VIAL (16:9). Environment: lyophilization suite with freeze-dryer banks and vapor ducting. Camera: 16:9 architectural wide shot showing ceiling utilities and floor plane. Lighting: low-key dramatic instrument LEDs with controlled haze. Hero: exactly one 10mL sterile injectable-style clear glass vial labeled Tesamorelin (V-TES-001), rubber stopper + aluminum crimp. FORBIDDEN: black twist cap, screw-cap, dropper. Vial mid-ground inside complete laboratory landscape. Variant cycle 4. SIGNAGE RULE: premium clean research lab only. No safety placards, no industrial alert graphics, no trefoil icons, no striped floor tape, no danger banners. Do not print alert words on walls, floors, labels, or posters. Only neutral room names and product typography.",Captions MUST be only about Tesamorelin (V-TES-001) and https://www.palmbeach-vitality.store/products/tesamorelin.,Active,319,
LS-VIAL-120,vid_gen_landscape_scenes,16:9,vial_10ml_scene,VIAL landscape 120 — BPC-157,fill-finish staging room with pass-through windows (no people),16:9 medium-wide environmental shot with product as small mid-ground element,daylight through clerestory windows plus soft fill,"one 10mL sterile injectable-style glass vial of BPC-157 with rubber stopper + aluminum crimp seal, SMALL mid-ground (never black twist/screw cap, never macro)","10mL sterile injectable-style glass vial with rubber stopper and aluminum crimp seal (NOT screw-cap, NOT black twist cap)",V-BPC-001,BPC-157,https://www.palmbeach-vitality.store/products/bpc-157,"LANDSCAPE FULL LAB + 10mL STERILE VIAL (16:9). Environment: fill-finish staging room with pass-through windows (no people). Camera: 16:9 medium-wide environmental shot with product as small mid-ground element. Lighting: daylight through clerestory windows plus soft fill. Hero: exactly one 10mL sterile injectable-style clear glass vial labeled BPC-157 (V-BPC-001), rubber stopper + aluminum crimp. FORBIDDEN: black twist cap, screw-cap, dropper. Vial mid-ground inside complete laboratory landscape. Variant cycle 4. SIGNAGE RULE: premium clean research lab only. No safety placards, no industrial alert graphics, no trefoil icons, no striped floor tape, no danger banners. Do not print alert words on walls, floors, labels, or posters. Only neutral room names and product typography.",Captions MUST be only about BPC-157 (V-BPC-001) and https://www.palmbeach-vitality.store/products/bpc-157.,Active,320,
LS-VIAL-121,vid_gen_landscape_scenes,16:9,vial_10ml_scene,VIAL landscape 121 — BPC-157 / TB-500,robotics-assisted assay bay with idle arms over plate hotels,"16:9 landscape establishing shot, 24mm equivalent, deep focus",cool cyan-blue biotech rim with soft overhead panels,"one 10mL sterile injectable-style glass vial of BPC-157 / TB-500 with rubber stopper + aluminum crimp seal, SMALL mid-ground (never black twist/screw cap, never macro)","10mL sterile injectable-style glass vial with rubber stopper and aluminum crimp seal (NOT screw-cap, NOT black twist cap)",V-WOL-001,BPC-157 / TB-500,https://www.palmbeach-vitality.store/products/wolverine-stack,"LANDSCAPE FULL LAB + 10mL STERILE VIAL (16:9). Environment: robotics-assisted assay bay with idle arms over plate hotels. Camera: 16:9 landscape establishing shot, 24mm equivalent, deep focus. Lighting: cool cyan-blue biotech rim with soft overhead panels. Hero: exactly one 10mL sterile injectable-style clear glass vial labeled BPC-157 / TB-500 (V-WOL-001), rubber stopper + aluminum crimp. FORBIDDEN: black twist cap, screw-cap, dropper. Vial mid-ground inside complete laboratory landscape. Variant cycle 4. SIGNAGE RULE: premium clean research lab only. No safety placards, no industrial alert graphics, no trefoil icons, no striped floor tape, no danger banners. Do not print alert words on walls, floors, labels, or posters. Only neutral room names and product typography.",Captions MUST be only about BPC-157 / TB-500 (V-WOL-001) and https://www.palmbeach-vitality.store/products/wolverine-stack.,Active,321,
LS-VIAL-122,vid_gen_landscape_scenes,16:9,vial_10ml_scene,VIAL landscape 122 — Cagrilinitide,optical inspection corridor with softbox lighting and mirror panels,16:9 elevated three-quarter wide shot of the entire bay,warm-neutral catalog softboxes with clean speculars,"one 10mL sterile injectable-style glass vial of Cagrilinitide with rubber stopper + aluminum crimp seal, SMALL mid-ground (never black twist/screw cap, never macro)","10mL sterile injectable-style glass vial with rubber stopper and aluminum crimp seal (NOT screw-cap, NOT black twist cap)",V-CAG-001,Cagrilinitide,https://www.palmbeach-vitality.store/products/cargrilinitide,"LANDSCAPE FULL LAB + 10mL STERILE VIAL (16:9). Environment: optical inspection corridor with softbox lighting and mirror panels. Camera: 16:9 elevated three-quarter wide shot of the entire bay. Lighting: warm-neutral catalog softboxes with clean speculars. Hero: exactly one 10mL sterile injectable-style clear glass vial labeled Cagrilinitide (V-CAG-001), rubber stopper + aluminum crimp. FORBIDDEN: black twist cap, screw-cap, dropper. Vial mid-ground inside complete laboratory landscape. Variant cycle 4. SIGNAGE RULE: premium clean research lab only. No safety placards, no industrial alert graphics, no trefoil icons, no striped floor tape, no danger banners. Do not print alert words on walls, floors, labels, or posters. Only neutral room names and product typography.",Captions MUST be only about Cagrilinitide (V-CAG-001) and https://www.palmbeach-vitality.store/products/cargrilinitide.,Active,322,
LS-VIAL-123,vid_gen_landscape_scenes,16:9,vial_10ml_scene,VIAL landscape 123 — CJC (no DAC),wet lab adjacent to solvent storage with clear bench spans,16:9 dolly-style hallway perspective into the lab,"high-key sterile white lighting, minimal shadows","one 10mL sterile injectable-style glass vial of CJC (no DAC) with rubber stopper + aluminum crimp seal, SMALL mid-ground (never black twist/screw cap, never macro)","10mL sterile injectable-style glass vial with rubber stopper and aluminum crimp seal (NOT screw-cap, NOT black twist cap)",V-CJC-001,CJC (no DAC),https://www.palmbeach-vitality.store/products/cjc,"LANDSCAPE FULL LAB + 10mL STERILE VIAL (16:9). Environment: wet lab adjacent to solvent storage with clear bench spans. Camera: 16:9 dolly-style hallway perspective into the lab. Lighting: high-key sterile white lighting, minimal shadows. Hero: exactly one 10mL sterile injectable-style clear glass vial labeled CJC (no DAC) (V-CJC-001), rubber stopper + aluminum crimp. FORBIDDEN: black twist cap, screw-cap, dropper. Vial mid-ground inside complete laboratory landscape. Variant cycle 4. SIGNAGE RULE: premium clean research lab only. No safety placards, no industrial alert graphics, no trefoil icons, no striped floor tape, no danger banners. Do not print alert words on walls, floors, labels, or posters. Only neutral room names and product typography.",Captions MUST be only about CJC (no DAC) (V-CJC-001) and https://www.palmbeach-vitality.store/products/cjc.,Active,323,
LS-VIAL-124,vid_gen_landscape_scenes,16:9,vial_10ml_scene,VIAL landscape 124 — CJC (no DAC)/Ipamorelin,spectroscopy annex hallway with instrument rooms on both sides,16:9 architectural wide shot showing ceiling utilities and floor plane,low-key dramatic instrument LEDs with controlled haze,"one 10mL sterile injectable-style glass vial of CJC (no DAC)/Ipamorelin with rubber stopper + aluminum crimp seal, SMALL mid-ground (never black twist/screw cap, never macro)","10mL sterile injectable-style glass vial with rubber stopper and aluminum crimp seal (NOT screw-cap, NOT black twist cap)",V-CII-001,CJC (no DAC)/Ipamorelin,https://www.palmbeach-vitality.store/products/cjc-ipamorelin,"LANDSCAPE FULL LAB + 10mL STERILE VIAL (16:9). Environment: spectroscopy annex hallway with instrument rooms on both sides. Camera: 16:9 architectural wide shot showing ceiling utilities and floor plane. Lighting: low-key dramatic instrument LEDs with controlled haze. Hero: exactly one 10mL sterile injectable-style clear glass vial labeled CJC (no DAC)/Ipamorelin (V-CII-001), rubber stopper + aluminum crimp. FORBIDDEN: black twist cap, screw-cap, dropper. Vial mid-ground inside complete laboratory landscape. Variant cycle 4. SIGNAGE RULE: premium clean research lab only. No safety placards, no industrial alert graphics, no trefoil icons, no striped floor tape, no danger banners. Do not print alert words on walls, floors, labels, or posters. Only neutral room names and product typography.",Captions MUST be only about CJC (no DAC)/Ipamorelin (V-CII-001) and https://www.palmbeach-vitality.store/products/cjc-ipamorelin.,Active,324,
LS-VIAL-125,vid_gen_landscape_scenes,16:9,vial_10ml_scene,VIAL landscape 125 — GHK-Cu,bioreactor gallery with cylindrical vessels and control panels,16:9 medium-wide environmental shot with product as small mid-ground element,daylight through clerestory windows plus soft fill,"one 10mL sterile injectable-style glass vial of GHK-Cu with rubber stopper + aluminum crimp seal, SMALL mid-ground (never black twist/screw cap, never macro)","10mL sterile injectable-style glass vial with rubber stopper and aluminum crimp seal (NOT screw-cap, NOT black twist cap)",V-GHK-001,GHK-Cu,https://www.palmbeach-vitality.store/products/ghk-cu,"LANDSCAPE FULL LAB + 10mL STERILE VIAL (16:9). Environment: bioreactor gallery with cylindrical vessels and control panels. Camera: 16:9 medium-wide environmental shot with product as small mid-ground element. Lighting: daylight through clerestory windows plus soft fill. Hero: exactly one 10mL sterile injectable-style clear glass vial labeled GHK-Cu (V-GHK-001), rubber stopper + aluminum crimp. FORBIDDEN: black twist cap, screw-cap, dropper. Vial mid-ground inside complete laboratory landscape. Variant cycle 4. SIGNAGE RULE: premium clean research lab only. No safety placards, no industrial alert graphics, no trefoil icons, no striped floor tape, no danger banners. Do not print alert words on walls, floors, labels, or posters. Only neutral room names and product typography.",Captions MUST be only about GHK-Cu (V-GHK-001) and https://www.palmbeach-vitality.store/products/ghk-cu.,Active,325,
LS-VIAL-126,vid_gen_landscape_scenes,16:9,vial_10ml_scene,VIAL landscape 126 — BPC-157 / TB-500 / GHK-Cu,clean packaging prep room with acrylic risers and catalog lighting,"16:9 landscape establishing shot, 24mm equivalent, deep focus",cool cyan-blue biotech rim with soft overhead panels,"one 10mL sterile injectable-style glass vial of BPC-157 / TB-500 / GHK-Cu with rubber stopper + aluminum crimp seal, SMALL mid-ground (never black twist/screw cap, never macro)","10mL sterile injectable-style glass vial with rubber stopper and aluminum crimp seal (NOT screw-cap, NOT black twist cap)",V-GLO-001,BPC-157 / TB-500 / GHK-Cu,https://www.palmbeach-vitality.store/products/glow,"LANDSCAPE FULL LAB + 10mL STERILE VIAL (16:9). Environment: clean packaging prep room with acrylic risers and catalog lighting. Camera: 16:9 landscape establishing shot, 24mm equivalent, deep focus. Lighting: cool cyan-blue biotech rim with soft overhead panels. Hero: exactly one 10mL sterile injectable-style clear glass vial labeled BPC-157 / TB-500 / GHK-Cu (V-GLO-001), rubber stopper + aluminum crimp. FORBIDDEN: black twist cap, screw-cap, dropper. Vial mid-ground inside complete laboratory landscape. Variant cycle 4. SIGNAGE RULE: premium clean research lab only. No safety placards, no industrial alert graphics, no trefoil icons, no striped floor tape, no danger banners. Do not print alert words on walls, floors, labels, or posters. Only neutral room names and product typography.",Captions MUST be only about BPC-157 / TB-500 / GHK-Cu (V-GLO-001) and https://www.palmbeach-vitality.store/products/glow.,Active,326,
LS-VIAL-127,vid_gen_landscape_scenes,16:9,vial_10ml_scene,VIAL landscape 127 — Thymosin Alpha-1,low-ambient night lab with instrument standby LEDs,16:9 elevated three-quarter wide shot of the entire bay,warm-neutral catalog softboxes with clean speculars,"one 10mL sterile injectable-style glass vial of Thymosin Alpha-1 with rubber stopper + aluminum crimp seal, SMALL mid-ground (never black twist/screw cap, never macro)","10mL sterile injectable-style glass vial with rubber stopper and aluminum crimp seal (NOT screw-cap, NOT black twist cap)",V-TA1-001,Thymosin Alpha-1,https://www.palmbeach-vitality.store/products/ta-1,"LANDSCAPE FULL LAB + 10mL STERILE VIAL (16:9). Environment: low-ambient night lab with instrument standby LEDs. Camera: 16:9 elevated three-quarter wide shot of the entire bay. Lighting: warm-neutral catalog softboxes with clean speculars. Hero: exactly one 10mL sterile injectable-style clear glass vial labeled Thymosin Alpha-1 (V-TA1-001), rubber stopper + aluminum crimp. FORBIDDEN: black twist cap, screw-cap, dropper. Vial mid-ground inside complete laboratory landscape. Variant cycle 4. SIGNAGE RULE: premium clean research lab only. No safety placards, no industrial alert graphics, no trefoil icons, no striped floor tape, no danger banners. Do not print alert words on walls, floors, labels, or posters. Only neutral room names and product typography.",Captions MUST be only about Thymosin Alpha-1 (V-TA1-001) and https://www.palmbeach-vitality.store/products/ta-1.,Active,327,
LS-VIAL-128,vid_gen_landscape_scenes,16:9,vial_10ml_scene,VIAL landscape 128 — AOD-9604,mezzanine utility corridor above the main synthesis floor,16:9 dolly-style hallway perspective into the lab,"high-key sterile white lighting, minimal shadows","one 10mL sterile injectable-style glass vial of AOD-9604 with rubber stopper + aluminum crimp seal, SMALL mid-ground (never black twist/screw cap, never macro)","10mL sterile injectable-style glass vial with rubber stopper and aluminum crimp seal (NOT screw-cap, NOT black twist cap)",V-AOD-001,AOD-9604,https://www.palmbeach-vitality.store/products/aod-9604,"LANDSCAPE FULL LAB + 10mL STERILE VIAL (16:9). Environment: mezzanine utility corridor above the main synthesis floor. Camera: 16:9 dolly-style hallway perspective into the lab. Lighting: high-key sterile white lighting, minimal shadows. Hero: exactly one 10mL sterile injectable-style clear glass vial labeled AOD-9604 (V-AOD-001), rubber stopper + aluminum crimp. FORBIDDEN: black twist cap, screw-cap, dropper. Vial mid-ground inside complete laboratory landscape. Variant cycle 4. SIGNAGE RULE: premium clean research lab only. No safety placards, no industrial alert graphics, no trefoil icons, no striped floor tape, no danger banners. Do not print alert words on walls, floors, labels, or posters. Only neutral room names and product typography.",Captions MUST be only about AOD-9604 (V-AOD-001) and https://www.palmbeach-vitality.store/products/aod-9604.,Active,328,
LS-VIAL-129,vid_gen_landscape_scenes,16:9,vial_10ml_scene,VIAL landscape 129 — Melanotan 2,glassware prep lab with drying racks stretching into distance,16:9 architectural wide shot showing ceiling utilities and floor plane,low-key dramatic instrument LEDs with controlled haze,"one 10mL sterile injectable-style glass vial of Melanotan 2 with rubber stopper + aluminum crimp seal, SMALL mid-ground (never black twist/screw cap, never macro)","10mL sterile injectable-style glass vial with rubber stopper and aluminum crimp seal (NOT screw-cap, NOT black twist cap)",V-MT2-001,Melanotan 2,https://www.palmbeach-vitality.store/products/melonotan,"LANDSCAPE FULL LAB + 10mL STERILE VIAL (16:9). Environment: glassware prep lab with drying racks stretching into distance. Camera: 16:9 architectural wide shot showing ceiling utilities and floor plane. Lighting: low-key dramatic instrument LEDs with controlled haze. Hero: exactly one 10mL sterile injectable-style clear glass vial labeled Melanotan 2 (V-MT2-001), rubber stopper + aluminum crimp. FORBIDDEN: black twist cap, screw-cap, dropper. Vial mid-ground inside complete laboratory landscape. Variant cycle 4. SIGNAGE RULE: premium clean research lab only. No safety placards, no industrial alert graphics, no trefoil icons, no striped floor tape, no danger banners. Do not print alert words on walls, floors, labels, or posters. Only neutral room names and product typography.",Captions MUST be only about Melanotan 2 (V-MT2-001) and https://www.palmbeach-vitality.store/products/melonotan.,Active,329,
LS-VIAL-130,vid_gen_landscape_scenes,16:9,vial_10ml_scene,VIAL landscape 130 — Retatrutide,calibration lab with metrology benches and precision fixtures,16:9 medium-wide environmental shot with product as small mid-ground element,daylight through clerestory windows plus soft fill,"one 10mL sterile injectable-style glass vial of Retatrutide with rubber stopper + aluminum crimp seal, SMALL mid-ground (never black twist/screw cap, never macro)","10mL sterile injectable-style glass vial with rubber stopper and aluminum crimp seal (NOT screw-cap, NOT black twist cap)",V-RET-001,Retatrutide,https://www.palmbeach-vitality.store/products/retatrutide,"LANDSCAPE FULL LAB + 10mL STERILE VIAL (16:9). Environment: calibration lab with metrology benches and precision fixtures. Camera: 16:9 medium-wide environmental shot with product as small mid-ground element. Lighting: daylight through clerestory windows plus soft fill. Hero: exactly one 10mL sterile injectable-style clear glass vial labeled Retatrutide (V-RET-001), rubber stopper + aluminum crimp. FORBIDDEN: black twist cap, screw-cap, dropper. Vial mid-ground inside complete laboratory landscape. Variant cycle 4. SIGNAGE RULE: premium clean research lab only. No safety placards, no industrial alert graphics, no trefoil icons, no striped floor tape, no danger banners. Do not print alert words on walls, floors, labels, or posters. Only neutral room names and product typography.",Captions MUST be only about Retatrutide (V-RET-001) and https://www.palmbeach-vitality.store/products/retatrutide.,Active,330,
LS-VIAL-131,vid_gen_landscape_scenes,16:9,vial_10ml_scene,VIAL landscape 131 — Tirzepatide,lab control room with wall displays (no faces),"16:9 landscape establishing shot, 24mm equivalent, deep focus",cool cyan-blue biotech rim with soft overhead panels,"one 10mL sterile injectable-style glass vial of Tirzepatide with rubber stopper + aluminum crimp seal, SMALL mid-ground (never black twist/screw cap, never macro)","10mL sterile injectable-style glass vial with rubber stopper and aluminum crimp seal (NOT screw-cap, NOT black twist cap)",V-TIR-001,Tirzepatide,https://www.palmbeach-vitality.store/products/tirzepatide,"LANDSCAPE FULL LAB + 10mL STERILE VIAL (16:9). Environment: lab control room with wall displays (no faces). Camera: 16:9 landscape establishing shot, 24mm equivalent, deep focus. Lighting: cool cyan-blue biotech rim with soft overhead panels. Hero: exactly one 10mL sterile injectable-style clear glass vial labeled Tirzepatide (V-TIR-001), rubber stopper + aluminum crimp. FORBIDDEN: black twist cap, screw-cap, dropper. Vial mid-ground inside complete laboratory landscape. Variant cycle 4. SIGNAGE RULE: premium clean research lab only. No safety placards, no industrial alert graphics, no trefoil icons, no striped floor tape, no danger banners. Do not print alert words on walls, floors, labels, or posters. Only neutral room names and product typography.",Captions MUST be only about Tirzepatide (V-TIR-001) and https://www.palmbeach-vitality.store/products/tirzepatide.,Active,331,
LS-VIAL-132,vid_gen_landscape_scenes,16:9,vial_10ml_scene,VIAL landscape 132 — Semaglutide,modular containerized lab pods in a warehouse-scale bay,16:9 elevated three-quarter wide shot of the entire bay,warm-neutral catalog softboxes with clean speculars,"one 10mL sterile injectable-style glass vial of Semaglutide with rubber stopper + aluminum crimp seal, SMALL mid-ground (never black twist/screw cap, never macro)","10mL sterile injectable-style glass vial with rubber stopper and aluminum crimp seal (NOT screw-cap, NOT black twist cap)",V-SEM-001,Semaglutide,https://www.palmbeach-vitality.store/products/semaglutide,"LANDSCAPE FULL LAB + 10mL STERILE VIAL (16:9). Environment: modular containerized lab pods in a warehouse-scale bay. Camera: 16:9 elevated three-quarter wide shot of the entire bay. Lighting: warm-neutral catalog softboxes with clean speculars. Hero: exactly one 10mL sterile injectable-style clear glass vial labeled Semaglutide (V-SEM-001), rubber stopper + aluminum crimp. FORBIDDEN: black twist cap, screw-cap, dropper. Vial mid-ground inside complete laboratory landscape. Variant cycle 4. SIGNAGE RULE: premium clean research lab only. No safety placards, no industrial alert graphics, no trefoil icons, no striped floor tape, no danger banners. Do not print alert words on walls, floors, labels, or posters. Only neutral room names and product typography.",Captions MUST be only about Semaglutide (V-SEM-001) and https://www.palmbeach-vitality.store/products/semaglutide.,Active,332,
LS-VIAL-133,vid_gen_landscape_scenes,16:9,vial_10ml_scene,VIAL landscape 133 — KPV / BPC-157 / TB-500 / GHK-Cu,high-key white research catalog stage built as a full laboratory,16:9 dolly-style hallway perspective into the lab,"high-key sterile white lighting, minimal shadows","one 10mL sterile injectable-style glass vial of KPV / BPC-157 / TB-500 / GHK-Cu with rubber stopper + aluminum crimp seal, SMALL mid-ground (never black twist/screw cap, never macro)","10mL sterile injectable-style glass vial with rubber stopper and aluminum crimp seal (NOT screw-cap, NOT black twist cap)",V-KLO-001,KPV / BPC-157 / TB-500 / GHK-Cu,https://www.palmbeach-vitality.store/products/klow-kpv-bpc-157-tb-500-ghk,"LANDSCAPE FULL LAB + 10mL STERILE VIAL (16:9). Environment: high-key white research catalog stage built as a full laboratory. Camera: 16:9 dolly-style hallway perspective into the lab. Lighting: high-key sterile white lighting, minimal shadows. Hero: exactly one 10mL sterile injectable-style clear glass vial labeled KPV / BPC-157 / TB-500 / GHK-Cu (V-KLO-001), rubber stopper + aluminum crimp. FORBIDDEN: black twist cap, screw-cap, dropper. Vial mid-ground inside complete laboratory landscape. Variant cycle 4. SIGNAGE RULE: premium clean research lab only. No safety placards, no industrial alert graphics, no trefoil icons, no striped floor tape, no danger banners. Do not print alert words on walls, floors, labels, or posters. Only neutral room names and product typography.",Captions MUST be only about KPV / BPC-157 / TB-500 / GHK-Cu (V-KLO-001) and https://www.palmbeach-vitality.store/products/klow-kpv-bpc-157-tb-500-ghk.,Active,333,
LS-VIAL-134,vid_gen_landscape_scenes,16:9,vial_10ml_scene,VIAL landscape 134 — MOTS-C,bronze-and-glass premium lab lobby opening into research floors,16:9 architectural wide shot showing ceiling utilities and floor plane,low-key dramatic instrument LEDs with controlled haze,"one 10mL sterile injectable-style glass vial of MOTS-C with rubber stopper + aluminum crimp seal, SMALL mid-ground (never black twist/screw cap, never macro)","10mL sterile injectable-style glass vial with rubber stopper and aluminum crimp seal (NOT screw-cap, NOT black twist cap)",V-MOT-001,MOTS-C,https://www.palmbeach-vitality.store/products/mots-c-10mg-5ml-vial,"LANDSCAPE FULL LAB + 10mL STERILE VIAL (16:9). Environment: bronze-and-glass premium lab lobby opening into research floors. Camera: 16:9 architectural wide shot showing ceiling utilities and floor plane. Lighting: low-key dramatic instrument LEDs with controlled haze. Hero: exactly one 10mL sterile injectable-style clear glass vial labeled MOTS-C (V-MOT-001), rubber stopper + aluminum crimp. FORBIDDEN: black twist cap, screw-cap, dropper. Vial mid-ground inside complete laboratory landscape. Variant cycle 4. SIGNAGE RULE: premium clean research lab only. No safety placards, no industrial alert graphics, no trefoil icons, no striped floor tape, no danger banners. Do not print alert words on walls, floors, labels, or posters. Only neutral room names and product typography.",Captions MUST be only about MOTS-C (V-MOT-001) and https://www.palmbeach-vitality.store/products/mots-c-10mg-5ml-vial.,Active,334,
LS-VIAL-135,vid_gen_landscape_scenes,16:9,vial_10ml_scene,VIAL landscape 135 — NAD+,secure research vault corridor with airlocks (no alert signage),16:9 medium-wide environmental shot with product as small mid-ground element,daylight through clerestory windows plus soft fill,"one 10mL sterile injectable-style glass vial of NAD+ with rubber stopper + aluminum crimp seal, SMALL mid-ground (never black twist/screw cap, never macro)","10mL sterile injectable-style glass vial with rubber stopper and aluminum crimp seal (NOT screw-cap, NOT black twist cap)",V-NAD-001,NAD+,https://www.palmbeach-vitality.store/products/nad-1,"LANDSCAPE FULL LAB + 10mL STERILE VIAL (16:9). Environment: secure research vault corridor with airlocks (no alert signage). Camera: 16:9 medium-wide environmental shot with product as small mid-ground element. Lighting: daylight through clerestory windows plus soft fill. Hero: exactly one 10mL sterile injectable-style clear glass vial labeled NAD+ (V-NAD-001), rubber stopper + aluminum crimp. FORBIDDEN: black twist cap, screw-cap, dropper. Vial mid-ground inside complete laboratory landscape. Variant cycle 4. SIGNAGE RULE: premium clean research lab only. No safety placards, no industrial alert graphics, no trefoil icons, no striped floor tape, no danger banners. Do not print alert words on walls, floors, labels, or posters. Only neutral room names and product typography.",Captions MUST be only about NAD+ (V-NAD-001) and https://www.palmbeach-vitality.store/products/nad-1.,Active,335,
LS-VIAL-136,vid_gen_landscape_scenes,16:9,vial_10ml_scene,VIAL landscape 136 — PT-141,rooftop mechanical penthouse lab with HVAC stacks in wide frame,"16:9 landscape establishing shot, 24mm equivalent, deep focus",cool cyan-blue biotech rim with soft overhead panels,"one 10mL sterile injectable-style glass vial of PT-141 with rubber stopper + aluminum crimp seal, SMALL mid-ground (never black twist/screw cap, never macro)","10mL sterile injectable-style glass vial with rubber stopper and aluminum crimp seal (NOT screw-cap, NOT black twist cap)",V-PT1-001,PT-141,https://www.palmbeach-vitality.store/products/pt-141,"LANDSCAPE FULL LAB + 10mL STERILE VIAL (16:9). Environment: rooftop mechanical penthouse lab with HVAC stacks in wide frame. Camera: 16:9 landscape establishing shot, 24mm equivalent, deep focus. Lighting: cool cyan-blue biotech rim with soft overhead panels. Hero: exactly one 10mL sterile injectable-style clear glass vial labeled PT-141 (V-PT1-001), rubber stopper + aluminum crimp. FORBIDDEN: black twist cap, screw-cap, dropper. Vial mid-ground inside complete laboratory landscape. Variant cycle 4. SIGNAGE RULE: premium clean research lab only. No safety placards, no industrial alert graphics, no trefoil icons, no striped floor tape, no danger banners. Do not print alert words on walls, floors, labels, or posters. Only neutral room names and product typography.",Captions MUST be only about PT-141 (V-PT1-001) and https://www.palmbeach-vitality.store/products/pt-141.,Active,336,
LS-VIAL-137,vid_gen_landscape_scenes,16:9,vial_10ml_scene,VIAL landscape 137 — Selank,coastal research campus lab with clerestory daylight,16:9 elevated three-quarter wide shot of the entire bay,warm-neutral catalog softboxes with clean speculars,"one 10mL sterile injectable-style glass vial of Selank with rubber stopper + aluminum crimp seal, SMALL mid-ground (never black twist/screw cap, never macro)","10mL sterile injectable-style glass vial with rubber stopper and aluminum crimp seal (NOT screw-cap, NOT black twist cap)",V-SEL-001,Selank,https://www.palmbeach-vitality.store/products/selank,"LANDSCAPE FULL LAB + 10mL STERILE VIAL (16:9). Environment: coastal research campus lab with clerestory daylight. Camera: 16:9 elevated three-quarter wide shot of the entire bay. Lighting: warm-neutral catalog softboxes with clean speculars. Hero: exactly one 10mL sterile injectable-style clear glass vial labeled Selank (V-SEL-001), rubber stopper + aluminum crimp. FORBIDDEN: black twist cap, screw-cap, dropper. Vial mid-ground inside complete laboratory landscape. Variant cycle 4. SIGNAGE RULE: premium clean research lab only. No safety placards, no industrial alert graphics, no trefoil icons, no striped floor tape, no danger banners. Do not print alert words on walls, floors, labels, or posters. Only neutral room names and product typography.",Captions MUST be only about Selank (V-SEL-001) and https://www.palmbeach-vitality.store/products/selank.,Active,337,
LS-VIAL-138,vid_gen_landscape_scenes,16:9,vial_10ml_scene,VIAL landscape 138 — Sermorelin,blackout photography lab stage dressed as a peptide research floor,16:9 dolly-style hallway perspective into the lab,"high-key sterile white lighting, minimal shadows","one 10mL sterile injectable-style glass vial of Sermorelin with rubber stopper + aluminum crimp seal, SMALL mid-ground (never black twist/screw cap, never macro)","10mL sterile injectable-style glass vial with rubber stopper and aluminum crimp seal (NOT screw-cap, NOT black twist cap)",V-SER-001,Sermorelin,https://www.palmbeach-vitality.store/products/sermorelin,"LANDSCAPE FULL LAB + 10mL STERILE VIAL (16:9). Environment: blackout photography lab stage dressed as a peptide research floor. Camera: 16:9 dolly-style hallway perspective into the lab. Lighting: high-key sterile white lighting, minimal shadows. Hero: exactly one 10mL sterile injectable-style clear glass vial labeled Sermorelin (V-SER-001), rubber stopper + aluminum crimp. FORBIDDEN: black twist cap, screw-cap, dropper. Vial mid-ground inside complete laboratory landscape. Variant cycle 4. SIGNAGE RULE: premium clean research lab only. No safety placards, no industrial alert graphics, no trefoil icons, no striped floor tape, no danger banners. Do not print alert words on walls, floors, labels, or posters. Only neutral room names and product typography.",Captions MUST be only about Sermorelin (V-SER-001) and https://www.palmbeach-vitality.store/products/sermorelin.,Active,338,
LS-VIAL-139,vid_gen_landscape_scenes,16:9,vial_10ml_scene,VIAL landscape 139 — SS-31,hex-grid raised floor tech lab with cable management under glass tiles,16:9 architectural wide shot showing ceiling utilities and floor plane,low-key dramatic instrument LEDs with controlled haze,"one 10mL sterile injectable-style glass vial of SS-31 with rubber stopper + aluminum crimp seal, SMALL mid-ground (never black twist/screw cap, never macro)","10mL sterile injectable-style glass vial with rubber stopper and aluminum crimp seal (NOT screw-cap, NOT black twist cap)",V-SS3-001,SS-31,https://www.palmbeach-vitality.store/products/ss-31,"LANDSCAPE FULL LAB + 10mL STERILE VIAL (16:9). Environment: hex-grid raised floor tech lab with cable management under glass tiles. Camera: 16:9 architectural wide shot showing ceiling utilities and floor plane. Lighting: low-key dramatic instrument LEDs with controlled haze. Hero: exactly one 10mL sterile injectable-style clear glass vial labeled SS-31 (V-SS3-001), rubber stopper + aluminum crimp. FORBIDDEN: black twist cap, screw-cap, dropper. Vial mid-ground inside complete laboratory landscape. Variant cycle 4. SIGNAGE RULE: premium clean research lab only. No safety placards, no industrial alert graphics, no trefoil icons, no striped floor tape, no danger banners. Do not print alert words on walls, floors, labels, or posters. Only neutral room names and product typography.",Captions MUST be only about SS-31 (V-SS3-001) and https://www.palmbeach-vitality.store/products/ss-31.,Active,339,
LS-VIAL-140,vid_gen_landscape_scenes,16:9,vial_10ml_scene,VIAL landscape 140 — TB-500,double-height synthesis hall with hanging reactor scaffolds,16:9 medium-wide environmental shot with product as small mid-ground element,daylight through clerestory windows plus soft fill,"one 10mL sterile injectable-style glass vial of TB-500 with rubber stopper + aluminum crimp seal, SMALL mid-ground (never black twist/screw cap, never macro)","10mL sterile injectable-style glass vial with rubber stopper and aluminum crimp seal (NOT screw-cap, NOT black twist cap)",V-TB5-001,TB-500,https://www.palmbeach-vitality.store/products/tb-500,"LANDSCAPE FULL LAB + 10mL STERILE VIAL (16:9). Environment: double-height synthesis hall with hanging reactor scaffolds. Camera: 16:9 medium-wide environmental shot with product as small mid-ground element. Lighting: daylight through clerestory windows plus soft fill. Hero: exactly one 10mL sterile injectable-style clear glass vial labeled TB-500 (V-TB5-001), rubber stopper + aluminum crimp. FORBIDDEN: black twist cap, screw-cap, dropper. Vial mid-ground inside complete laboratory landscape. Variant cycle 4. SIGNAGE RULE: premium clean research lab only. No safety placards, no industrial alert graphics, no trefoil icons, no striped floor tape, no danger banners. Do not print alert words on walls, floors, labels, or posters. Only neutral room names and product typography.",Captions MUST be only about TB-500 (V-TB5-001) and https://www.palmbeach-vitality.store/products/tb-500.,Active,340,
LS-VIAL-141,vid_gen_landscape_scenes,16:9,vial_10ml_scene,VIAL landscape 141 — Tesamorelin,narrow instrument canyon between two rows of tall analyzers,"16:9 landscape establishing shot, 24mm equivalent, deep focus",cool cyan-blue biotech rim with soft overhead panels,"one 10mL sterile injectable-style glass vial of Tesamorelin with rubber stopper + aluminum crimp seal, SMALL mid-ground (never black twist/screw cap, never macro)","10mL sterile injectable-style glass vial with rubber stopper and aluminum crimp seal (NOT screw-cap, NOT black twist cap)",V-TES-001,Tesamorelin,https://www.palmbeach-vitality.store/products/tesamorelin,"LANDSCAPE FULL LAB + 10mL STERILE VIAL (16:9). Environment: narrow instrument canyon between two rows of tall analyzers. Camera: 16:9 landscape establishing shot, 24mm equivalent, deep focus. Lighting: cool cyan-blue biotech rim with soft overhead panels. Hero: exactly one 10mL sterile injectable-style clear glass vial labeled Tesamorelin (V-TES-001), rubber stopper + aluminum crimp. FORBIDDEN: black twist cap, screw-cap, dropper. Vial mid-ground inside complete laboratory landscape. Variant cycle 4. SIGNAGE RULE: premium clean research lab only. No safety placards, no industrial alert graphics, no trefoil icons, no striped floor tape, no danger banners. Do not print alert words on walls, floors, labels, or posters. Only neutral room names and product typography.",Captions MUST be only about Tesamorelin (V-TES-001) and https://www.palmbeach-vitality.store/products/tesamorelin.,Active,341,
LS-VIAL-142,vid_gen_landscape_scenes,16:9,vial_10ml_scene,VIAL landscape 142 — BPC-157,circular empty collaboration lab with ring benches and center island,16:9 elevated three-quarter wide shot of the entire bay,warm-neutral catalog softboxes with clean speculars,"one 10mL sterile injectable-style glass vial of BPC-157 with rubber stopper + aluminum crimp seal, SMALL mid-ground (never black twist/screw cap, never macro)","10mL sterile injectable-style glass vial with rubber stopper and aluminum crimp seal (NOT screw-cap, NOT black twist cap)",V-BPC-001,BPC-157,https://www.palmbeach-vitality.store/products/bpc-157,"LANDSCAPE FULL LAB + 10mL STERILE VIAL (16:9). Environment: circular empty collaboration lab with ring benches and center island. Camera: 16:9 elevated three-quarter wide shot of the entire bay. Lighting: warm-neutral catalog softboxes with clean speculars. Hero: exactly one 10mL sterile injectable-style clear glass vial labeled BPC-157 (V-BPC-001), rubber stopper + aluminum crimp. FORBIDDEN: black twist cap, screw-cap, dropper. Vial mid-ground inside complete laboratory landscape. Variant cycle 4. SIGNAGE RULE: premium clean research lab only. No safety placards, no industrial alert graphics, no trefoil icons, no striped floor tape, no danger banners. Do not print alert words on walls, floors, labels, or posters. Only neutral room names and product typography.",Captions MUST be only about BPC-157 (V-BPC-001) and https://www.palmbeach-vitality.store/products/bpc-157.,Active,342,
LS-VIAL-143,vid_gen_landscape_scenes,16:9,vial_10ml_scene,VIAL landscape 143 — BPC-157 / TB-500,reference-standard vault with labeled drawers and cold cases,16:9 dolly-style hallway perspective into the lab,"high-key sterile white lighting, minimal shadows","one 10mL sterile injectable-style glass vial of BPC-157 / TB-500 with rubber stopper + aluminum crimp seal, SMALL mid-ground (never black twist/screw cap, never macro)","10mL sterile injectable-style glass vial with rubber stopper and aluminum crimp seal (NOT screw-cap, NOT black twist cap)",V-WOL-001,BPC-157 / TB-500,https://www.palmbeach-vitality.store/products/wolverine-stack,"LANDSCAPE FULL LAB + 10mL STERILE VIAL (16:9). Environment: reference-standard vault with labeled drawers and cold cases. Camera: 16:9 dolly-style hallway perspective into the lab. Lighting: high-key sterile white lighting, minimal shadows. Hero: exactly one 10mL sterile injectable-style clear glass vial labeled BPC-157 / TB-500 (V-WOL-001), rubber stopper + aluminum crimp. FORBIDDEN: black twist cap, screw-cap, dropper. Vial mid-ground inside complete laboratory landscape. Variant cycle 4. SIGNAGE RULE: premium clean research lab only. No safety placards, no industrial alert graphics, no trefoil icons, no striped floor tape, no danger banners. Do not print alert words on walls, floors, labels, or posters. Only neutral room names and product typography.",Captions MUST be only about BPC-157 / TB-500 (V-WOL-001) and https://www.palmbeach-vitality.store/products/wolverine-stack.,Active,343,
LS-VIAL-144,vid_gen_landscape_scenes,16:9,vial_10ml_scene,VIAL landscape 144 — Cagrilinitide,training cleanroom mockup with gowning anteroom (no people),16:9 architectural wide shot showing ceiling utilities and floor plane,low-key dramatic instrument LEDs with controlled haze,"one 10mL sterile injectable-style glass vial of Cagrilinitide with rubber stopper + aluminum crimp seal, SMALL mid-ground (never black twist/screw cap, never macro)","10mL sterile injectable-style glass vial with rubber stopper and aluminum crimp seal (NOT screw-cap, NOT black twist cap)",V-CAG-001,Cagrilinitide,https://www.palmbeach-vitality.store/products/cargrilinitide,"LANDSCAPE FULL LAB + 10mL STERILE VIAL (16:9). Environment: training cleanroom mockup with gowning anteroom (no people). Camera: 16:9 architectural wide shot showing ceiling utilities and floor plane. Lighting: low-key dramatic instrument LEDs with controlled haze. Hero: exactly one 10mL sterile injectable-style clear glass vial labeled Cagrilinitide (V-CAG-001), rubber stopper + aluminum crimp. FORBIDDEN: black twist cap, screw-cap, dropper. Vial mid-ground inside complete laboratory landscape. Variant cycle 4. SIGNAGE RULE: premium clean research lab only. No safety placards, no industrial alert graphics, no trefoil icons, no striped floor tape, no danger banners. Do not print alert words on walls, floors, labels, or posters. Only neutral room names and product typography.",Captions MUST be only about Cagrilinitide (V-CAG-001) and https://www.palmbeach-vitality.store/products/cargrilinitide.,Active,344,
LS-VIAL-145,vid_gen_landscape_scenes,16:9,vial_10ml_scene,VIAL landscape 145 — CJC (no DAC),pilot-scale manufacturing cell with skid systems and umbilicals,16:9 medium-wide environmental shot with product as small mid-ground element,daylight through clerestory windows plus soft fill,"one 10mL sterile injectable-style glass vial of CJC (no DAC) with rubber stopper + aluminum crimp seal, SMALL mid-ground (never black twist/screw cap, never macro)","10mL sterile injectable-style glass vial with rubber stopper and aluminum crimp seal (NOT screw-cap, NOT black twist cap)",V-CJC-001,CJC (no DAC),https://www.palmbeach-vitality.store/products/cjc,"LANDSCAPE FULL LAB + 10mL STERILE VIAL (16:9). Environment: pilot-scale manufacturing cell with skid systems and umbilicals. Camera: 16:9 medium-wide environmental shot with product as small mid-ground element. Lighting: daylight through clerestory windows plus soft fill. Hero: exactly one 10mL sterile injectable-style clear glass vial labeled CJC (no DAC) (V-CJC-001), rubber stopper + aluminum crimp. FORBIDDEN: black twist cap, screw-cap, dropper. Vial mid-ground inside complete laboratory landscape. Variant cycle 4. SIGNAGE RULE: premium clean research lab only. No safety placards, no industrial alert graphics, no trefoil icons, no striped floor tape, no danger banners. Do not print alert words on walls, floors, labels, or posters. Only neutral room names and product typography.",Captions MUST be only about CJC (no DAC) (V-CJC-001) and https://www.palmbeach-vitality.store/products/cjc.,Active,345,
LS-VIAL-146,vid_gen_landscape_scenes,16:9,vial_10ml_scene,VIAL landscape 146 — CJC (no DAC)/Ipamorelin,dark fluorescence-ready lab with instrument towers,"16:9 landscape establishing shot, 24mm equivalent, deep focus",cool cyan-blue biotech rim with soft overhead panels,"one 10mL sterile injectable-style glass vial of CJC (no DAC)/Ipamorelin with rubber stopper + aluminum crimp seal, SMALL mid-ground (never black twist/screw cap, never macro)","10mL sterile injectable-style glass vial with rubber stopper and aluminum crimp seal (NOT screw-cap, NOT black twist cap)",V-CII-001,CJC (no DAC)/Ipamorelin,https://www.palmbeach-vitality.store/products/cjc-ipamorelin,"LANDSCAPE FULL LAB + 10mL STERILE VIAL (16:9). Environment: dark fluorescence-ready lab with instrument towers. Camera: 16:9 landscape establishing shot, 24mm equivalent, deep focus. Lighting: cool cyan-blue biotech rim with soft overhead panels. Hero: exactly one 10mL sterile injectable-style clear glass vial labeled CJC (no DAC)/Ipamorelin (V-CII-001), rubber stopper + aluminum crimp. FORBIDDEN: black twist cap, screw-cap, dropper. Vial mid-ground inside complete laboratory landscape. Variant cycle 4. SIGNAGE RULE: premium clean research lab only. No safety placards, no industrial alert graphics, no trefoil icons, no striped floor tape, no danger banners. Do not print alert words on walls, floors, labels, or posters. Only neutral room names and product typography.",Captions MUST be only about CJC (no DAC)/Ipamorelin (V-CII-001) and https://www.palmbeach-vitality.store/products/cjc-ipamorelin.,Active,346,
LS-VIAL-147,vid_gen_landscape_scenes,16:9,vial_10ml_scene,VIAL landscape 147 — GHK-Cu,cross-shaped intersection of four research corridors,16:9 elevated three-quarter wide shot of the entire bay,warm-neutral catalog softboxes with clean speculars,"one 10mL sterile injectable-style glass vial of GHK-Cu with rubber stopper + aluminum crimp seal, SMALL mid-ground (never black twist/screw cap, never macro)","10mL sterile injectable-style glass vial with rubber stopper and aluminum crimp seal (NOT screw-cap, NOT black twist cap)",V-GHK-001,GHK-Cu,https://www.palmbeach-vitality.store/products/ghk-cu,"LANDSCAPE FULL LAB + 10mL STERILE VIAL (16:9). Environment: cross-shaped intersection of four research corridors. Camera: 16:9 elevated three-quarter wide shot of the entire bay. Lighting: warm-neutral catalog softboxes with clean speculars. Hero: exactly one 10mL sterile injectable-style clear glass vial labeled GHK-Cu (V-GHK-001), rubber stopper + aluminum crimp. FORBIDDEN: black twist cap, screw-cap, dropper. Vial mid-ground inside complete laboratory landscape. Variant cycle 4. SIGNAGE RULE: premium clean research lab only. No safety placards, no industrial alert graphics, no trefoil icons, no striped floor tape, no danger banners. Do not print alert words on walls, floors, labels, or posters. Only neutral room names and product typography.",Captions MUST be only about GHK-Cu (V-GHK-001) and https://www.palmbeach-vitality.store/products/ghk-cu.,Active,347,
LS-VIAL-148,vid_gen_landscape_scenes,16:9,vial_10ml_scene,VIAL landscape 148 — BPC-157 / TB-500 / GHK-Cu,minimalist white future-lab pavilion with floating island benches,16:9 dolly-style hallway perspective into the lab,"high-key sterile white lighting, minimal shadows","one 10mL sterile injectable-style glass vial of BPC-157 / TB-500 / GHK-Cu with rubber stopper + aluminum crimp seal, SMALL mid-ground (never black twist/screw cap, never macro)","10mL sterile injectable-style glass vial with rubber stopper and aluminum crimp seal (NOT screw-cap, NOT black twist cap)",V-GLO-001,BPC-157 / TB-500 / GHK-Cu,https://www.palmbeach-vitality.store/products/glow,"LANDSCAPE FULL LAB + 10mL STERILE VIAL (16:9). Environment: minimalist white future-lab pavilion with floating island benches. Camera: 16:9 dolly-style hallway perspective into the lab. Lighting: high-key sterile white lighting, minimal shadows. Hero: exactly one 10mL sterile injectable-style clear glass vial labeled BPC-157 / TB-500 / GHK-Cu (V-GLO-001), rubber stopper + aluminum crimp. FORBIDDEN: black twist cap, screw-cap, dropper. Vial mid-ground inside complete laboratory landscape. Variant cycle 4. SIGNAGE RULE: premium clean research lab only. No safety placards, no industrial alert graphics, no trefoil icons, no striped floor tape, no danger banners. Do not print alert words on walls, floors, labels, or posters. Only neutral room names and product typography.",Captions MUST be only about BPC-157 / TB-500 / GHK-Cu (V-GLO-001) and https://www.palmbeach-vitality.store/products/glow.,Active,348,
LS-VIAL-149,vid_gen_landscape_scenes,16:9,vial_10ml_scene,VIAL landscape 149 — Thymosin Alpha-1,modern utility spine corridor through a lab hall,16:9 architectural wide shot showing ceiling utilities and floor plane,low-key dramatic instrument LEDs with controlled haze,"one 10mL sterile injectable-style glass vial of Thymosin Alpha-1 with rubber stopper + aluminum crimp seal, SMALL mid-ground (never black twist/screw cap, never macro)","10mL sterile injectable-style glass vial with rubber stopper and aluminum crimp seal (NOT screw-cap, NOT black twist cap)",V-TA1-001,Thymosin Alpha-1,https://www.palmbeach-vitality.store/products/ta-1,"LANDSCAPE FULL LAB + 10mL STERILE VIAL (16:9). Environment: modern utility spine corridor through a lab hall. Camera: 16:9 architectural wide shot showing ceiling utilities and floor plane. Lighting: low-key dramatic instrument LEDs with controlled haze. Hero: exactly one 10mL sterile injectable-style clear glass vial labeled Thymosin Alpha-1 (V-TA1-001), rubber stopper + aluminum crimp. FORBIDDEN: black twist cap, screw-cap, dropper. Vial mid-ground inside complete laboratory landscape. Variant cycle 4. SIGNAGE RULE: premium clean research lab only. No safety placards, no industrial alert graphics, no trefoil icons, no striped floor tape, no danger banners. Do not print alert words on walls, floors, labels, or posters. Only neutral room names and product typography.",Captions MUST be only about Thymosin Alpha-1 (V-TA1-001) and https://www.palmbeach-vitality.store/products/ta-1.,Active,349,
LS-VIAL-150,vid_gen_landscape_scenes,16:9,vial_10ml_scene,VIAL landscape 150 — AOD-9604,teal-glass sterile suite with ocean-tone partitions,16:9 medium-wide environmental shot with product as small mid-ground element,daylight through clerestory windows plus soft fill,"one 10mL sterile injectable-style glass vial of AOD-9604 with rubber stopper + aluminum crimp seal, SMALL mid-ground (never black twist/screw cap, never macro)","10mL sterile injectable-style glass vial with rubber stopper and aluminum crimp seal (NOT screw-cap, NOT black twist cap)",V-AOD-001,AOD-9604,https://www.palmbeach-vitality.store/products/aod-9604,"LANDSCAPE FULL LAB + 10mL STERILE VIAL (16:9). Environment: teal-glass sterile suite with ocean-tone partitions. Camera: 16:9 medium-wide environmental shot with product as small mid-ground element. Lighting: daylight through clerestory windows plus soft fill. Hero: exactly one 10mL sterile injectable-style clear glass vial labeled AOD-9604 (V-AOD-001), rubber stopper + aluminum crimp. FORBIDDEN: black twist cap, screw-cap, dropper. Vial mid-ground inside complete laboratory landscape. Variant cycle 4. SIGNAGE RULE: premium clean research lab only. No safety placards, no industrial alert graphics, no trefoil icons, no striped floor tape, no danger banners. Do not print alert words on walls, floors, labels, or posters. Only neutral room names and product typography.",Captions MUST be only about AOD-9604 (V-AOD-001) and https://www.palmbeach-vitality.store/products/aod-9604.,Active,350,
LS-PEN-001,vid_gen_landscape_scenes,16:9,pen_3ml_scene,PEN landscape 001 — KPV / BPC-157 / TB-500 / GHK-Cu,sandstone-and-steel desert research lab with warm hard light,"16:9 landscape establishing shot, 24mm equivalent, deep focus",cool cyan-blue biotech rim with soft overhead panels,"one 3mL pre-filled research dosage pen of KPV / BPC-157 / TB-500 / GHK-Cu as SMALL mid-ground (never macro, no injection act, no people)",3mL pre-filled research dosage pen,P-KLO-001,KPV / BPC-157 / TB-500 / GHK-Cu,https://www.palmbeach-vitality.store/products/klow-pen,"LANDSCAPE FULL LAB + 3mL DOSAGE PEN (16:9). Environment: sandstone-and-steel desert research lab with warm hard light. Camera: 16:9 landscape establishing shot, 24mm equivalent, deep focus. Lighting: cool cyan-blue biotech rim with soft overhead panels. Hero: one 3mL pre-filled research dosage pen labeled KPV / BPC-157 / TB-500 / GHK-Cu (P-KLO-001). Pen mid-ground inside complete laboratory landscape. No injection, no people. Variant cycle 4. SIGNAGE RULE: premium clean research lab only. No safety placards, no industrial alert graphics, no trefoil icons, no striped floor tape, no danger banners. Do not print alert words on walls, floors, labels, or posters. Only neutral room names and product typography.",Captions MUST be only about KPV / BPC-157 / TB-500 / GHK-Cu (P-KLO-001) and https://www.palmbeach-vitality.store/products/klow-pen.,Active,351,
LS-PEN-002,vid_gen_landscape_scenes,16:9,pen_3ml_scene,PEN landscape 002 — MOTS-C,indigo night lab with magenta instrument accents,16:9 elevated three-quarter wide shot of the entire bay,warm-neutral catalog softboxes with clean speculars,"one 3mL pre-filled research dosage pen of MOTS-C as SMALL mid-ground (never macro, no injection act, no people)",3mL pre-filled research dosage pen,P-MOT-001,MOTS-C,https://www.palmbeach-vitality.store/products/mots-c,"LANDSCAPE FULL LAB + 3mL DOSAGE PEN (16:9). Environment: indigo night lab with magenta instrument accents. Camera: 16:9 elevated three-quarter wide shot of the entire bay. Lighting: warm-neutral catalog softboxes with clean speculars. Hero: one 3mL pre-filled research dosage pen labeled MOTS-C (P-MOT-001). Pen mid-ground inside complete laboratory landscape. No injection, no people. Variant cycle 4. SIGNAGE RULE: premium clean research lab only. No safety placards, no industrial alert graphics, no trefoil icons, no striped floor tape, no danger banners. Do not print alert words on walls, floors, labels, or posters. Only neutral room names and product typography.",Captions MUST be only about MOTS-C (P-MOT-001) and https://www.palmbeach-vitality.store/products/mots-c.,Active,352,
LS-PEN-003,vid_gen_landscape_scenes,16:9,pen_3ml_scene,PEN landscape 003 — NAD+,sunrise lab with long window light across empty benches,16:9 dolly-style hallway perspective into the lab,"high-key sterile white lighting, minimal shadows","one 3mL pre-filled research dosage pen of NAD+ as SMALL mid-ground (never macro, no injection act, no people)",3mL pre-filled research dosage pen,P-NAD-001,NAD+,https://www.palmbeach-vitality.store/products/nad-pen-500mg,"LANDSCAPE FULL LAB + 3mL DOSAGE PEN (16:9). Environment: sunrise lab with long window light across empty benches. Camera: 16:9 dolly-style hallway perspective into the lab. Lighting: high-key sterile white lighting, minimal shadows. Hero: one 3mL pre-filled research dosage pen labeled NAD+ (P-NAD-001). Pen mid-ground inside complete laboratory landscape. No injection, no people. Variant cycle 4. SIGNAGE RULE: premium clean research lab only. No safety placards, no industrial alert graphics, no trefoil icons, no striped floor tape, no danger banners. Do not print alert words on walls, floors, labels, or posters. Only neutral room names and product typography.",Captions MUST be only about NAD+ (P-NAD-001) and https://www.palmbeach-vitality.store/products/nad-pen-500mg.,Active,353,
LS-PEN-004,vid_gen_landscape_scenes,16:9,pen_3ml_scene,PEN landscape 004 — PT-141,landscape view of a peptide purification suite with skids in a row,16:9 architectural wide shot showing ceiling utilities and floor plane,low-key dramatic instrument LEDs with controlled haze,"one 3mL pre-filled research dosage pen of PT-141 as SMALL mid-ground (never macro, no injection act, no people)",3mL pre-filled research dosage pen,P-PT1-001,PT-141,https://www.palmbeach-vitality.store/products/pt-141-pen,"LANDSCAPE FULL LAB + 3mL DOSAGE PEN (16:9). Environment: landscape view of a peptide purification suite with skids in a row. Camera: 16:9 architectural wide shot showing ceiling utilities and floor plane. Lighting: low-key dramatic instrument LEDs with controlled haze. Hero: one 3mL pre-filled research dosage pen labeled PT-141 (P-PT1-001). Pen mid-ground inside complete laboratory landscape. No injection, no people. Variant cycle 4. SIGNAGE RULE: premium clean research lab only. No safety placards, no industrial alert graphics, no trefoil icons, no striped floor tape, no danger banners. Do not print alert words on walls, floors, labels, or posters. Only neutral room names and product typography.",Captions MUST be only about PT-141 (P-PT1-001) and https://www.palmbeach-vitality.store/products/pt-141-pen.,Active,354,
LS-PEN-005,vid_gen_landscape_scenes,16:9,pen_3ml_scene,PEN landscape 005 — Semax,wide clean packaging line room with conveyor idle (no people),16:9 medium-wide environmental shot with product as small mid-ground element,daylight through clerestory windows plus soft fill,"one 3mL pre-filled research dosage pen of Semax as SMALL mid-ground (never macro, no injection act, no people)",3mL pre-filled research dosage pen,P-SMX-001,Semax,https://www.palmbeach-vitality.store/products/semax-pen,"LANDSCAPE FULL LAB + 3mL DOSAGE PEN (16:9). Environment: wide clean packaging line room with conveyor idle (no people). Camera: 16:9 medium-wide environmental shot with product as small mid-ground element. Lighting: daylight through clerestory windows plus soft fill. Hero: one 3mL pre-filled research dosage pen labeled Semax (P-SMX-001). Pen mid-ground inside complete laboratory landscape. No injection, no people. Variant cycle 4. SIGNAGE RULE: premium clean research lab only. No safety placards, no industrial alert graphics, no trefoil icons, no striped floor tape, no danger banners. Do not print alert words on walls, floors, labels, or posters. Only neutral room names and product typography.",Captions MUST be only about Semax (P-SMX-001) and https://www.palmbeach-vitality.store/products/semax-pen.,Active,355,
LS-PEN-006,vid_gen_landscape_scenes,16:9,pen_3ml_scene,PEN landscape 006 — Selank,open-plan QC bullpen of benches under linear lights,"16:9 landscape establishing shot, 24mm equivalent, deep focus",cool cyan-blue biotech rim with soft overhead panels,"one 3mL pre-filled research dosage pen of Selank as SMALL mid-ground (never macro, no injection act, no people)",3mL pre-filled research dosage pen,P-SEL-001,Selank,https://www.palmbeach-vitality.store/products/selank-pen,"LANDSCAPE FULL LAB + 3mL DOSAGE PEN (16:9). Environment: open-plan QC bullpen of benches under linear lights. Camera: 16:9 landscape establishing shot, 24mm equivalent, deep focus. Lighting: cool cyan-blue biotech rim with soft overhead panels. Hero: one 3mL pre-filled research dosage pen labeled Selank (P-SEL-001). Pen mid-ground inside complete laboratory landscape. No injection, no people. Variant cycle 4. SIGNAGE RULE: premium clean research lab only. No safety placards, no industrial alert graphics, no trefoil icons, no striped floor tape, no danger banners. Do not print alert words on walls, floors, labels, or posters. Only neutral room names and product typography.",Captions MUST be only about Selank (P-SEL-001) and https://www.palmbeach-vitality.store/products/selank-pen.,Active,356,
LS-PEN-007,vid_gen_landscape_scenes,16:9,pen_3ml_scene,PEN landscape 007 — Sermorelin,glass bridge corridor between two lab wings,16:9 elevated three-quarter wide shot of the entire bay,warm-neutral catalog softboxes with clean speculars,"one 3mL pre-filled research dosage pen of Sermorelin as SMALL mid-ground (never macro, no injection act, no people)",3mL pre-filled research dosage pen,P-SER-001,Sermorelin,https://www.palmbeach-vitality.store/products/sermorelin-pen,"LANDSCAPE FULL LAB + 3mL DOSAGE PEN (16:9). Environment: glass bridge corridor between two lab wings. Camera: 16:9 elevated three-quarter wide shot of the entire bay. Lighting: warm-neutral catalog softboxes with clean speculars. Hero: one 3mL pre-filled research dosage pen labeled Sermorelin (P-SER-001). Pen mid-ground inside complete laboratory landscape. No injection, no people. Variant cycle 4. SIGNAGE RULE: premium clean research lab only. No safety placards, no industrial alert graphics, no trefoil icons, no striped floor tape, no danger banners. Do not print alert words on walls, floors, labels, or posters. Only neutral room names and product typography.",Captions MUST be only about Sermorelin (P-SER-001) and https://www.palmbeach-vitality.store/products/sermorelin-pen.,Active,357,
LS-PEN-008,vid_gen_landscape_scenes,16:9,pen_3ml_scene,PEN landscape 008 — Thymosin Alpha-1,sub-zero cold room anteroom landscape with frost-edged doors,16:9 dolly-style hallway perspective into the lab,"high-key sterile white lighting, minimal shadows","one 3mL pre-filled research dosage pen of Thymosin Alpha-1 as SMALL mid-ground (never macro, no injection act, no people)",3mL pre-filled research dosage pen,P-TA1-001,Thymosin Alpha-1,https://www.palmbeach-vitality.store/products/ta-2,"LANDSCAPE FULL LAB + 3mL DOSAGE PEN (16:9). Environment: sub-zero cold room anteroom landscape with frost-edged doors. Camera: 16:9 dolly-style hallway perspective into the lab. Lighting: high-key sterile white lighting, minimal shadows. Hero: one 3mL pre-filled research dosage pen labeled Thymosin Alpha-1 (P-TA1-001). Pen mid-ground inside complete laboratory landscape. No injection, no people. Variant cycle 4. SIGNAGE RULE: premium clean research lab only. No safety placards, no industrial alert graphics, no trefoil icons, no striped floor tape, no danger banners. Do not print alert words on walls, floors, labels, or posters. Only neutral room names and product typography.",Captions MUST be only about Thymosin Alpha-1 (P-TA1-001) and https://www.palmbeach-vitality.store/products/ta-2.,Active,358,
LS-PEN-009,vid_gen_landscape_scenes,16:9,pen_3ml_scene,PEN landscape 009 — Tesamorelin,media prep kitchen-lab with stainless tables in wide shot,16:9 architectural wide shot showing ceiling utilities and floor plane,low-key dramatic instrument LEDs with controlled haze,"one 3mL pre-filled research dosage pen of Tesamorelin as SMALL mid-ground (never macro, no injection act, no people)",3mL pre-filled research dosage pen,P-TES-001,Tesamorelin,https://www.palmbeach-vitality.store/products/tesamorelin-30mg-pen,"LANDSCAPE FULL LAB + 3mL DOSAGE PEN (16:9). Environment: media prep kitchen-lab with stainless tables in wide shot. Camera: 16:9 architectural wide shot showing ceiling utilities and floor plane. Lighting: low-key dramatic instrument LEDs with controlled haze. Hero: one 3mL pre-filled research dosage pen labeled Tesamorelin (P-TES-001). Pen mid-ground inside complete laboratory landscape. No injection, no people. Variant cycle 4. SIGNAGE RULE: premium clean research lab only. No safety placards, no industrial alert graphics, no trefoil icons, no striped floor tape, no danger banners. Do not print alert words on walls, floors, labels, or posters. Only neutral room names and product typography.",Captions MUST be only about Tesamorelin (P-TES-001) and https://www.palmbeach-vitality.store/products/tesamorelin-30mg-pen.,Active,359,
LS-PEN-010,vid_gen_landscape_scenes,16:9,pen_3ml_scene,PEN landscape 010 — Tesamorelin/Ipamorelin,autoclave bay with chamber doors aligned in perspective,16:9 medium-wide environmental shot with product as small mid-ground element,daylight through clerestory windows plus soft fill,"one 3mL pre-filled research dosage pen of Tesamorelin/Ipamorelin as SMALL mid-ground (never macro, no injection act, no people)",3mL pre-filled research dosage pen,P-TEI-001,Tesamorelin/Ipamorelin,https://www.palmbeach-vitality.store/products/tesamorelin-ipamorelin-pen,"LANDSCAPE FULL LAB + 3mL DOSAGE PEN (16:9). Environment: autoclave bay with chamber doors aligned in perspective. Camera: 16:9 medium-wide environmental shot with product as small mid-ground element. Lighting: daylight through clerestory windows plus soft fill. Hero: one 3mL pre-filled research dosage pen labeled Tesamorelin/Ipamorelin (P-TEI-001). Pen mid-ground inside complete laboratory landscape. No injection, no people. Variant cycle 4. SIGNAGE RULE: premium clean research lab only. No safety placards, no industrial alert graphics, no trefoil icons, no striped floor tape, no danger banners. Do not print alert words on walls, floors, labels, or posters. Only neutral room names and product typography.",Captions MUST be only about Tesamorelin/Ipamorelin (P-TEI-001) and https://www.palmbeach-vitality.store/products/tesamorelin-ipamorelin-pen.,Active,360,
LS-PEN-011,vid_gen_landscape_scenes,16:9,pen_3ml_scene,PEN landscape 011 — BPC-157,water purification plant room adjacent to research labs,"16:9 landscape establishing shot, 24mm equivalent, deep focus",cool cyan-blue biotech rim with soft overhead panels,"one 3mL pre-filled research dosage pen of BPC-157 as SMALL mid-ground (never macro, no injection act, no people)",3mL pre-filled research dosage pen,P-BPC-001,BPC-157,https://www.palmbeach-vitality.store/products/bpc-157-pen,"LANDSCAPE FULL LAB + 3mL DOSAGE PEN (16:9). Environment: water purification plant room adjacent to research labs. Camera: 16:9 landscape establishing shot, 24mm equivalent, deep focus. Lighting: cool cyan-blue biotech rim with soft overhead panels. Hero: one 3mL pre-filled research dosage pen labeled BPC-157 (P-BPC-001). Pen mid-ground inside complete laboratory landscape. No injection, no people. Variant cycle 4. SIGNAGE RULE: premium clean research lab only. No safety placards, no industrial alert graphics, no trefoil icons, no striped floor tape, no danger banners. Do not print alert words on walls, floors, labels, or posters. Only neutral room names and product typography.",Captions MUST be only about BPC-157 (P-BPC-001) and https://www.palmbeach-vitality.store/products/bpc-157-pen.,Active,361,
LS-PEN-012,vid_gen_landscape_scenes,16:9,pen_3ml_scene,PEN landscape 012 — BPC-157 / TB-500,gas manifold corridor with clean stainless piping runs,16:9 elevated three-quarter wide shot of the entire bay,warm-neutral catalog softboxes with clean speculars,"one 3mL pre-filled research dosage pen of BPC-157 / TB-500 as SMALL mid-ground (never macro, no injection act, no people)",3mL pre-filled research dosage pen,P-WOL-001,BPC-157 / TB-500,https://www.palmbeach-vitality.store/products/wolverine-pen,"LANDSCAPE FULL LAB + 3mL DOSAGE PEN (16:9). Environment: gas manifold corridor with clean stainless piping runs. Camera: 16:9 elevated three-quarter wide shot of the entire bay. Lighting: warm-neutral catalog softboxes with clean speculars. Hero: one 3mL pre-filled research dosage pen labeled BPC-157 / TB-500 (P-WOL-001). Pen mid-ground inside complete laboratory landscape. No injection, no people. Variant cycle 4. SIGNAGE RULE: premium clean research lab only. No safety placards, no industrial alert graphics, no trefoil icons, no striped floor tape, no danger banners. Do not print alert words on walls, floors, labels, or posters. Only neutral room names and product typography.",Captions MUST be only about BPC-157 / TB-500 (P-WOL-001) and https://www.palmbeach-vitality.store/products/wolverine-pen.,Active,362,
LS-PEN-013,vid_gen_landscape_scenes,16:9,pen_3ml_scene,PEN landscape 013 — CJC (no DAC)/Ipamorelin,server-adjacent instrument data hall with quiet racks,16:9 dolly-style hallway perspective into the lab,"high-key sterile white lighting, minimal shadows","one 3mL pre-filled research dosage pen of CJC (no DAC)/Ipamorelin as SMALL mid-ground (never macro, no injection act, no people)",3mL pre-filled research dosage pen,P-CII-001,CJC (no DAC)/Ipamorelin,https://www.palmbeach-vitality.store/products/cjc-ipamorelin-1,"LANDSCAPE FULL LAB + 3mL DOSAGE PEN (16:9). Environment: server-adjacent instrument data hall with quiet racks. Camera: 16:9 dolly-style hallway perspective into the lab. Lighting: high-key sterile white lighting, minimal shadows. Hero: one 3mL pre-filled research dosage pen labeled CJC (no DAC)/Ipamorelin (P-CII-001). Pen mid-ground inside complete laboratory landscape. No injection, no people. Variant cycle 4. SIGNAGE RULE: premium clean research lab only. No safety placards, no industrial alert graphics, no trefoil icons, no striped floor tape, no danger banners. Do not print alert words on walls, floors, labels, or posters. Only neutral room names and product typography.",Captions MUST be only about CJC (no DAC)/Ipamorelin (P-CII-001) and https://www.palmbeach-vitality.store/products/cjc-ipamorelin-1.,Active,363,
LS-PEN-014,vid_gen_landscape_scenes,16:9,pen_3ml_scene,PEN landscape 014 — DSIP,raw-material weigh room with balance benches in a wide bay,16:9 architectural wide shot showing ceiling utilities and floor plane,low-key dramatic instrument LEDs with controlled haze,"one 3mL pre-filled research dosage pen of DSIP as SMALL mid-ground (never macro, no injection act, no people)",3mL pre-filled research dosage pen,P-DSI-001,DSIP,https://www.palmbeach-vitality.store/products/dsip-pen,"LANDSCAPE FULL LAB + 3mL DOSAGE PEN (16:9). Environment: raw-material weigh room with balance benches in a wide bay. Camera: 16:9 architectural wide shot showing ceiling utilities and floor plane. Lighting: low-key dramatic instrument LEDs with controlled haze. Hero: one 3mL pre-filled research dosage pen labeled DSIP (P-DSI-001). Pen mid-ground inside complete laboratory landscape. No injection, no people. Variant cycle 4. SIGNAGE RULE: premium clean research lab only. No safety placards, no industrial alert graphics, no trefoil icons, no striped floor tape, no danger banners. Do not print alert words on walls, floors, labels, or posters. Only neutral room names and product typography.",Captions MUST be only about DSIP (P-DSI-001) and https://www.palmbeach-vitality.store/products/dsip-pen.,Active,364,
LS-PEN-015,vid_gen_landscape_scenes,16:9,pen_3ml_scene,PEN landscape 015 — GHK-Cu,dissolution apparatus room in catalog lighting,16:9 medium-wide environmental shot with product as small mid-ground element,daylight through clerestory windows plus soft fill,"one 3mL pre-filled research dosage pen of GHK-Cu as SMALL mid-ground (never macro, no injection act, no people)",3mL pre-filled research dosage pen,P-GHK-001,GHK-Cu,https://www.palmbeach-vitality.store/products/ghk-cu-pen,"LANDSCAPE FULL LAB + 3mL DOSAGE PEN (16:9). Environment: dissolution apparatus room in catalog lighting. Camera: 16:9 medium-wide environmental shot with product as small mid-ground element. Lighting: daylight through clerestory windows plus soft fill. Hero: one 3mL pre-filled research dosage pen labeled GHK-Cu (P-GHK-001). Pen mid-ground inside complete laboratory landscape. No injection, no people. Variant cycle 4. SIGNAGE RULE: premium clean research lab only. No safety placards, no industrial alert graphics, no trefoil icons, no striped floor tape, no danger banners. Do not print alert words on walls, floors, labels, or posters. Only neutral room names and product typography.",Captions MUST be only about GHK-Cu (P-GHK-001) and https://www.palmbeach-vitality.store/products/ghk-cu-pen.,Active,365,
LS-PEN-016,vid_gen_landscape_scenes,16:9,pen_3ml_scene,PEN landscape 016 — 5-Amino-1MQ,particle counter clean zone with soft white architecture,"16:9 landscape establishing shot, 24mm equivalent, deep focus",cool cyan-blue biotech rim with soft overhead panels,"one 3mL pre-filled research dosage pen of 5-Amino-1MQ as SMALL mid-ground (never macro, no injection act, no people)",3mL pre-filled research dosage pen,P-5AM-001,5-Amino-1MQ,https://www.palmbeach-vitality.store/products/5-amino-mq-pen,"LANDSCAPE FULL LAB + 3mL DOSAGE PEN (16:9). Environment: particle counter clean zone with soft white architecture. Camera: 16:9 landscape establishing shot, 24mm equivalent, deep focus. Lighting: cool cyan-blue biotech rim with soft overhead panels. Hero: one 3mL pre-filled research dosage pen labeled 5-Amino-1MQ (P-5AM-001). Pen mid-ground inside complete laboratory landscape. No injection, no people. Variant cycle 4. SIGNAGE RULE: premium clean research lab only. No safety placards, no industrial alert graphics, no trefoil icons, no striped floor tape, no danger banners. Do not print alert words on walls, floors, labels, or posters. Only neutral room names and product typography.",Captions MUST be only about 5-Amino-1MQ (P-5AM-001) and https://www.palmbeach-vitality.store/products/5-amino-mq-pen.,Active,366,
LS-PEN-017,vid_gen_landscape_scenes,16:9,pen_3ml_scene,PEN landscape 017 — BPC-157 / TB-500 / GHK-Cu,labeling and kitting room with organized shelf landscapes,16:9 elevated three-quarter wide shot of the entire bay,warm-neutral catalog softboxes with clean speculars,"one 3mL pre-filled research dosage pen of BPC-157 / TB-500 / GHK-Cu as SMALL mid-ground (never macro, no injection act, no people)",3mL pre-filled research dosage pen,P-GLO-001,BPC-157 / TB-500 / GHK-Cu,https://www.palmbeach-vitality.store/products/glow-pen,"LANDSCAPE FULL LAB + 3mL DOSAGE PEN (16:9). Environment: labeling and kitting room with organized shelf landscapes. Camera: 16:9 elevated three-quarter wide shot of the entire bay. Lighting: warm-neutral catalog softboxes with clean speculars. Hero: one 3mL pre-filled research dosage pen labeled BPC-157 / TB-500 / GHK-Cu (P-GLO-001). Pen mid-ground inside complete laboratory landscape. No injection, no people. Variant cycle 4. SIGNAGE RULE: premium clean research lab only. No safety placards, no industrial alert graphics, no trefoil icons, no striped floor tape, no danger banners. Do not print alert words on walls, floors, labels, or posters. Only neutral room names and product typography.",Captions MUST be only about BPC-157 / TB-500 / GHK-Cu (P-GLO-001) and https://www.palmbeach-vitality.store/products/glow-pen.,Active,367,
LS-PEN-018,vid_gen_landscape_scenes,16:9,pen_3ml_scene,PEN landscape 018 — SS-31,retain sample archive hall with rolling shelving,16:9 dolly-style hallway perspective into the lab,"high-key sterile white lighting, minimal shadows","one 3mL pre-filled research dosage pen of SS-31 as SMALL mid-ground (never macro, no injection act, no people)",3mL pre-filled research dosage pen,P-SS3-001,SS-31,https://www.palmbeach-vitality.store/products/ss-31-pen,"LANDSCAPE FULL LAB + 3mL DOSAGE PEN (16:9). Environment: retain sample archive hall with rolling shelving. Camera: 16:9 dolly-style hallway perspective into the lab. Lighting: high-key sterile white lighting, minimal shadows. Hero: one 3mL pre-filled research dosage pen labeled SS-31 (P-SS3-001). Pen mid-ground inside complete laboratory landscape. No injection, no people. Variant cycle 4. SIGNAGE RULE: premium clean research lab only. No safety placards, no industrial alert graphics, no trefoil icons, no striped floor tape, no danger banners. Do not print alert words on walls, floors, labels, or posters. Only neutral room names and product typography.",Captions MUST be only about SS-31 (P-SS3-001) and https://www.palmbeach-vitality.store/products/ss-31-pen.,Active,368,
LS-PEN-019,vid_gen_landscape_scenes,16:9,pen_3ml_scene,PEN landscape 019 — KPV,solvent cabinet alley with reflective epoxy floor,16:9 architectural wide shot showing ceiling utilities and floor plane,low-key dramatic instrument LEDs with controlled haze,"one 3mL pre-filled research dosage pen of KPV as SMALL mid-ground (never macro, no injection act, no people)",3mL pre-filled research dosage pen,P-KPV-001,KPV,https://www.palmbeach-vitality.store/products/kpv,"LANDSCAPE FULL LAB + 3mL DOSAGE PEN (16:9). Environment: solvent cabinet alley with reflective epoxy floor. Camera: 16:9 architectural wide shot showing ceiling utilities and floor plane. Lighting: low-key dramatic instrument LEDs with controlled haze. Hero: one 3mL pre-filled research dosage pen labeled KPV (P-KPV-001). Pen mid-ground inside complete laboratory landscape. No injection, no people. Variant cycle 4. SIGNAGE RULE: premium clean research lab only. No safety placards, no industrial alert graphics, no trefoil icons, no striped floor tape, no danger banners. Do not print alert words on walls, floors, labels, or posters. Only neutral room names and product typography.",Captions MUST be only about KPV (P-KPV-001) and https://www.palmbeach-vitality.store/products/kpv.,Active,369,
LS-PEN-020,vid_gen_landscape_scenes,16:9,pen_3ml_scene,PEN landscape 020 — Semaglutide,gowning corridor looking into a bright sterile bay,16:9 medium-wide environmental shot with product as small mid-ground element,daylight through clerestory windows plus soft fill,"one 3mL pre-filled research dosage pen of Semaglutide as SMALL mid-ground (never macro, no injection act, no people)",3mL pre-filled research dosage pen,P-SEM-001,Semaglutide,https://www.palmbeach-vitality.store/products/semaglutide-1-5mg-pen,"LANDSCAPE FULL LAB + 3mL DOSAGE PEN (16:9). Environment: gowning corridor looking into a bright sterile bay. Camera: 16:9 medium-wide environmental shot with product as small mid-ground element. Lighting: daylight through clerestory windows plus soft fill. Hero: one 3mL pre-filled research dosage pen labeled Semaglutide (P-SEM-001). Pen mid-ground inside complete laboratory landscape. No injection, no people. Variant cycle 4. SIGNAGE RULE: premium clean research lab only. No safety placards, no industrial alert graphics, no trefoil icons, no striped floor tape, no danger banners. Do not print alert words on walls, floors, labels, or posters. Only neutral room names and product typography.",Captions MUST be only about Semaglutide (P-SEM-001) and https://www.palmbeach-vitality.store/products/semaglutide-1-5mg-pen.,Active,370,
LS-PEN-021,vid_gen_landscape_scenes,16:9,pen_3ml_scene,PEN landscape 021 — Tirzepatide,pass-box wall landscape between gray and white zones,"16:9 landscape establishing shot, 24mm equivalent, deep focus",cool cyan-blue biotech rim with soft overhead panels,"one 3mL pre-filled research dosage pen of Tirzepatide as SMALL mid-ground (never macro, no injection act, no people)",3mL pre-filled research dosage pen,P-TIR-001,Tirzepatide,https://www.palmbeach-vitality.store/products/tirzepatide-10mg-pen,"LANDSCAPE FULL LAB + 3mL DOSAGE PEN (16:9). Environment: pass-box wall landscape between gray and white zones. Camera: 16:9 landscape establishing shot, 24mm equivalent, deep focus. Lighting: cool cyan-blue biotech rim with soft overhead panels. Hero: one 3mL pre-filled research dosage pen labeled Tirzepatide (P-TIR-001). Pen mid-ground inside complete laboratory landscape. No injection, no people. Variant cycle 4. SIGNAGE RULE: premium clean research lab only. No safety placards, no industrial alert graphics, no trefoil icons, no striped floor tape, no danger banners. Do not print alert words on walls, floors, labels, or posters. Only neutral room names and product typography.",Captions MUST be only about Tirzepatide (P-TIR-001) and https://www.palmbeach-vitality.store/products/tirzepatide-10mg-pen.,Active,371,
LS-PEN-022,vid_gen_landscape_scenes,16:9,pen_3ml_scene,PEN landscape 022 — Retatrutide,HVAC chase balcony overlooking the main lab floor,16:9 elevated three-quarter wide shot of the entire bay,warm-neutral catalog softboxes with clean speculars,"one 3mL pre-filled research dosage pen of Retatrutide as SMALL mid-ground (never macro, no injection act, no people)",3mL pre-filled research dosage pen,P-RET-001,Retatrutide,https://www.palmbeach-vitality.store/products/retatrutride-8mg-pen,"LANDSCAPE FULL LAB + 3mL DOSAGE PEN (16:9). Environment: HVAC chase balcony overlooking the main lab floor. Camera: 16:9 elevated three-quarter wide shot of the entire bay. Lighting: warm-neutral catalog softboxes with clean speculars. Hero: one 3mL pre-filled research dosage pen labeled Retatrutide (P-RET-001). Pen mid-ground inside complete laboratory landscape. No injection, no people. Variant cycle 4. SIGNAGE RULE: premium clean research lab only. No safety placards, no industrial alert graphics, no trefoil icons, no striped floor tape, no danger banners. Do not print alert words on walls, floors, labels, or posters. Only neutral room names and product typography.",Captions MUST be only about Retatrutide (P-RET-001) and https://www.palmbeach-vitality.store/products/retatrutride-8mg-pen.,Active,372,
LS-PEN-023,vid_gen_landscape_scenes,16:9,pen_3ml_scene,PEN landscape 023 — KPV / BPC-157 / TB-500 / GHK-Cu,loading dock lab receiving bay converted to clean staging,16:9 dolly-style hallway perspective into the lab,"high-key sterile white lighting, minimal shadows","one 3mL pre-filled research dosage pen of KPV / BPC-157 / TB-500 / GHK-Cu as SMALL mid-ground (never macro, no injection act, no people)",3mL pre-filled research dosage pen,P-KLO-001,KPV / BPC-157 / TB-500 / GHK-Cu,https://www.palmbeach-vitality.store/products/klow-pen,"LANDSCAPE FULL LAB + 3mL DOSAGE PEN (16:9). Environment: loading dock lab receiving bay converted to clean staging. Camera: 16:9 dolly-style hallway perspective into the lab. Lighting: high-key sterile white lighting, minimal shadows. Hero: one 3mL pre-filled research dosage pen labeled KPV / BPC-157 / TB-500 / GHK-Cu (P-KLO-001). Pen mid-ground inside complete laboratory landscape. No injection, no people. Variant cycle 4. SIGNAGE RULE: premium clean research lab only. No safety placards, no industrial alert graphics, no trefoil icons, no striped floor tape, no danger banners. Do not print alert words on walls, floors, labels, or posters. Only neutral room names and product typography.",Captions MUST be only about KPV / BPC-157 / TB-500 / GHK-Cu (P-KLO-001) and https://www.palmbeach-vitality.store/products/klow-pen.,Active,373,
LS-PEN-024,vid_gen_landscape_scenes,16:9,pen_3ml_scene,PEN landscape 024 — MOTS-C,multi-level lab with stairs and glass rails (empty),16:9 architectural wide shot showing ceiling utilities and floor plane,low-key dramatic instrument LEDs with controlled haze,"one 3mL pre-filled research dosage pen of MOTS-C as SMALL mid-ground (never macro, no injection act, no people)",3mL pre-filled research dosage pen,P-MOT-001,MOTS-C,https://www.palmbeach-vitality.store/products/mots-c,"LANDSCAPE FULL LAB + 3mL DOSAGE PEN (16:9). Environment: multi-level lab with stairs and glass rails (empty). Camera: 16:9 architectural wide shot showing ceiling utilities and floor plane. Lighting: low-key dramatic instrument LEDs with controlled haze. Hero: one 3mL pre-filled research dosage pen labeled MOTS-C (P-MOT-001). Pen mid-ground inside complete laboratory landscape. No injection, no people. Variant cycle 4. SIGNAGE RULE: premium clean research lab only. No safety placards, no industrial alert graphics, no trefoil icons, no striped floor tape, no danger banners. Do not print alert words on walls, floors, labels, or posters. Only neutral room names and product typography.",Captions MUST be only about MOTS-C (P-MOT-001) and https://www.palmbeach-vitality.store/products/mots-c.,Active,374,
LS-PEN-025,vid_gen_landscape_scenes,16:9,pen_3ml_scene,PEN landscape 025 — NAD+,circular airlock cluster in a radial lab plan,16:9 medium-wide environmental shot with product as small mid-ground element,daylight through clerestory windows plus soft fill,"one 3mL pre-filled research dosage pen of NAD+ as SMALL mid-ground (never macro, no injection act, no people)",3mL pre-filled research dosage pen,P-NAD-001,NAD+,https://www.palmbeach-vitality.store/products/nad-pen-500mg,"LANDSCAPE FULL LAB + 3mL DOSAGE PEN (16:9). Environment: circular airlock cluster in a radial lab plan. Camera: 16:9 medium-wide environmental shot with product as small mid-ground element. Lighting: daylight through clerestory windows plus soft fill. Hero: one 3mL pre-filled research dosage pen labeled NAD+ (P-NAD-001). Pen mid-ground inside complete laboratory landscape. No injection, no people. Variant cycle 4. SIGNAGE RULE: premium clean research lab only. No safety placards, no industrial alert graphics, no trefoil icons, no striped floor tape, no danger banners. Do not print alert words on walls, floors, labels, or posters. Only neutral room names and product typography.",Captions MUST be only about NAD+ (P-NAD-001) and https://www.palmbeach-vitality.store/products/nad-pen-500mg.,Active,375,
LS-PEN-026,vid_gen_landscape_scenes,16:9,pen_3ml_scene,PEN landscape 026 — PT-141,long HPLC farm in a single vanishing-point shot,"16:9 landscape establishing shot, 24mm equivalent, deep focus",cool cyan-blue biotech rim with soft overhead panels,"one 3mL pre-filled research dosage pen of PT-141 as SMALL mid-ground (never macro, no injection act, no people)",3mL pre-filled research dosage pen,P-PT1-001,PT-141,https://www.palmbeach-vitality.store/products/pt-141-pen,"LANDSCAPE FULL LAB + 3mL DOSAGE PEN (16:9). Environment: long HPLC farm in a single vanishing-point shot. Camera: 16:9 landscape establishing shot, 24mm equivalent, deep focus. Lighting: cool cyan-blue biotech rim with soft overhead panels. Hero: one 3mL pre-filled research dosage pen labeled PT-141 (P-PT1-001). Pen mid-ground inside complete laboratory landscape. No injection, no people. Variant cycle 4. SIGNAGE RULE: premium clean research lab only. No safety placards, no industrial alert graphics, no trefoil icons, no striped floor tape, no danger banners. Do not print alert words on walls, floors, labels, or posters. Only neutral room names and product typography.",Captions MUST be only about PT-141 (P-PT1-001) and https://www.palmbeach-vitality.store/products/pt-141-pen.,Active,376,
LS-PEN-027,vid_gen_landscape_scenes,16:9,pen_3ml_scene,PEN landscape 027 — Semax,mass-spec bank room with cable arms and chillers,16:9 elevated three-quarter wide shot of the entire bay,warm-neutral catalog softboxes with clean speculars,"one 3mL pre-filled research dosage pen of Semax as SMALL mid-ground (never macro, no injection act, no people)",3mL pre-filled research dosage pen,P-SMX-001,Semax,https://www.palmbeach-vitality.store/products/semax-pen,"LANDSCAPE FULL LAB + 3mL DOSAGE PEN (16:9). Environment: mass-spec bank room with cable arms and chillers. Camera: 16:9 elevated three-quarter wide shot of the entire bay. Lighting: warm-neutral catalog softboxes with clean speculars. Hero: one 3mL pre-filled research dosage pen labeled Semax (P-SMX-001). Pen mid-ground inside complete laboratory landscape. No injection, no people. Variant cycle 4. SIGNAGE RULE: premium clean research lab only. No safety placards, no industrial alert graphics, no trefoil icons, no striped floor tape, no danger banners. Do not print alert words on walls, floors, labels, or posters. Only neutral room names and product typography.",Captions MUST be only about Semax (P-SMX-001) and https://www.palmbeach-vitality.store/products/semax-pen.,Active,377,
LS-PEN-028,vid_gen_landscape_scenes,16:9,pen_3ml_scene,PEN landscape 028 — Selank,incubator wall landscape with glass doors,16:9 dolly-style hallway perspective into the lab,"high-key sterile white lighting, minimal shadows","one 3mL pre-filled research dosage pen of Selank as SMALL mid-ground (never macro, no injection act, no people)",3mL pre-filled research dosage pen,P-SEL-001,Selank,https://www.palmbeach-vitality.store/products/selank-pen,"LANDSCAPE FULL LAB + 3mL DOSAGE PEN (16:9). Environment: incubator wall landscape with glass doors. Camera: 16:9 dolly-style hallway perspective into the lab. Lighting: high-key sterile white lighting, minimal shadows. Hero: one 3mL pre-filled research dosage pen labeled Selank (P-SEL-001). Pen mid-ground inside complete laboratory landscape. No injection, no people. Variant cycle 4. SIGNAGE RULE: premium clean research lab only. No safety placards, no industrial alert graphics, no trefoil icons, no striped floor tape, no danger banners. Do not print alert words on walls, floors, labels, or posters. Only neutral room names and product typography.",Captions MUST be only about Selank (P-SEL-001) and https://www.palmbeach-vitality.store/products/selank-pen.,Active,378,
LS-PEN-029,vid_gen_landscape_scenes,16:9,pen_3ml_scene,PEN landscape 029 — Sermorelin,centrifuge suite with machines in a disciplined row,16:9 architectural wide shot showing ceiling utilities and floor plane,low-key dramatic instrument LEDs with controlled haze,"one 3mL pre-filled research dosage pen of Sermorelin as SMALL mid-ground (never macro, no injection act, no people)",3mL pre-filled research dosage pen,P-SER-001,Sermorelin,https://www.palmbeach-vitality.store/products/sermorelin-pen,"LANDSCAPE FULL LAB + 3mL DOSAGE PEN (16:9). Environment: centrifuge suite with machines in a disciplined row. Camera: 16:9 architectural wide shot showing ceiling utilities and floor plane. Lighting: low-key dramatic instrument LEDs with controlled haze. Hero: one 3mL pre-filled research dosage pen labeled Sermorelin (P-SER-001). Pen mid-ground inside complete laboratory landscape. No injection, no people. Variant cycle 4. SIGNAGE RULE: premium clean research lab only. No safety placards, no industrial alert graphics, no trefoil icons, no striped floor tape, no danger banners. Do not print alert words on walls, floors, labels, or posters. Only neutral room names and product typography.",Captions MUST be only about Sermorelin (P-SER-001) and https://www.palmbeach-vitality.store/products/sermorelin-pen.,Active,379,
LS-PEN-030,vid_gen_landscape_scenes,16:9,pen_3ml_scene,PEN landscape 030 — Thymosin Alpha-1,microscopy corridor with darkened side rooms,16:9 medium-wide environmental shot with product as small mid-ground element,daylight through clerestory windows plus soft fill,"one 3mL pre-filled research dosage pen of Thymosin Alpha-1 as SMALL mid-ground (never macro, no injection act, no people)",3mL pre-filled research dosage pen,P-TA1-001,Thymosin Alpha-1,https://www.palmbeach-vitality.store/products/ta-2,"LANDSCAPE FULL LAB + 3mL DOSAGE PEN (16:9). Environment: microscopy corridor with darkened side rooms. Camera: 16:9 medium-wide environmental shot with product as small mid-ground element. Lighting: daylight through clerestory windows plus soft fill. Hero: one 3mL pre-filled research dosage pen labeled Thymosin Alpha-1 (P-TA1-001). Pen mid-ground inside complete laboratory landscape. No injection, no people. Variant cycle 4. SIGNAGE RULE: premium clean research lab only. No safety placards, no industrial alert graphics, no trefoil icons, no striped floor tape, no danger banners. Do not print alert words on walls, floors, labels, or posters. Only neutral room names and product typography.",Captions MUST be only about Thymosin Alpha-1 (P-TA1-001) and https://www.palmbeach-vitality.store/products/ta-2.,Active,380,
LS-PEN-031,vid_gen_landscape_scenes,16:9,pen_3ml_scene,PEN landscape 031 — Tesamorelin,chemical fume hood line in a wide chemistry bay,"16:9 landscape establishing shot, 24mm equivalent, deep focus",cool cyan-blue biotech rim with soft overhead panels,"one 3mL pre-filled research dosage pen of Tesamorelin as SMALL mid-ground (never macro, no injection act, no people)",3mL pre-filled research dosage pen,P-TES-001,Tesamorelin,https://www.palmbeach-vitality.store/products/tesamorelin-30mg-pen,"LANDSCAPE FULL LAB + 3mL DOSAGE PEN (16:9). Environment: chemical fume hood line in a wide chemistry bay. Camera: 16:9 landscape establishing shot, 24mm equivalent, deep focus. Lighting: cool cyan-blue biotech rim with soft overhead panels. Hero: one 3mL pre-filled research dosage pen labeled Tesamorelin (P-TES-001). Pen mid-ground inside complete laboratory landscape. No injection, no people. Variant cycle 4. SIGNAGE RULE: premium clean research lab only. No safety placards, no industrial alert graphics, no trefoil icons, no striped floor tape, no danger banners. Do not print alert words on walls, floors, labels, or posters. Only neutral room names and product typography.",Captions MUST be only about Tesamorelin (P-TES-001) and https://www.palmbeach-vitality.store/products/tesamorelin-30mg-pen.,Active,381,
LS-PEN-032,vid_gen_landscape_scenes,16:9,pen_3ml_scene,PEN landscape 032 — Tesamorelin/Ipamorelin,balance room with anti-vibration tables repeating,16:9 elevated three-quarter wide shot of the entire bay,warm-neutral catalog softboxes with clean speculars,"one 3mL pre-filled research dosage pen of Tesamorelin/Ipamorelin as SMALL mid-ground (never macro, no injection act, no people)",3mL pre-filled research dosage pen,P-TEI-001,Tesamorelin/Ipamorelin,https://www.palmbeach-vitality.store/products/tesamorelin-ipamorelin-pen,"LANDSCAPE FULL LAB + 3mL DOSAGE PEN (16:9). Environment: balance room with anti-vibration tables repeating. Camera: 16:9 elevated three-quarter wide shot of the entire bay. Lighting: warm-neutral catalog softboxes with clean speculars. Hero: one 3mL pre-filled research dosage pen labeled Tesamorelin/Ipamorelin (P-TEI-001). Pen mid-ground inside complete laboratory landscape. No injection, no people. Variant cycle 4. SIGNAGE RULE: premium clean research lab only. No safety placards, no industrial alert graphics, no trefoil icons, no striped floor tape, no danger banners. Do not print alert words on walls, floors, labels, or posters. Only neutral room names and product typography.",Captions MUST be only about Tesamorelin/Ipamorelin (P-TEI-001) and https://www.palmbeach-vitality.store/products/tesamorelin-ipamorelin-pen.,Active,382,
LS-PEN-033,vid_gen_landscape_scenes,16:9,pen_3ml_scene,PEN landscape 033 — BPC-157,buffer prep hall with mixing tanks mid-ground,16:9 dolly-style hallway perspective into the lab,"high-key sterile white lighting, minimal shadows","one 3mL pre-filled research dosage pen of BPC-157 as SMALL mid-ground (never macro, no injection act, no people)",3mL pre-filled research dosage pen,P-BPC-001,BPC-157,https://www.palmbeach-vitality.store/products/bpc-157-pen,"LANDSCAPE FULL LAB + 3mL DOSAGE PEN (16:9). Environment: buffer prep hall with mixing tanks mid-ground. Camera: 16:9 dolly-style hallway perspective into the lab. Lighting: high-key sterile white lighting, minimal shadows. Hero: one 3mL pre-filled research dosage pen labeled BPC-157 (P-BPC-001). Pen mid-ground inside complete laboratory landscape. No injection, no people. Variant cycle 4. SIGNAGE RULE: premium clean research lab only. No safety placards, no industrial alert graphics, no trefoil icons, no striped floor tape, no danger banners. Do not print alert words on walls, floors, labels, or posters. Only neutral room names and product typography.",Captions MUST be only about BPC-157 (P-BPC-001) and https://www.palmbeach-vitality.store/products/bpc-157-pen.,Active,383,
LS-PEN-034,vid_gen_landscape_scenes,16:9,pen_3ml_scene,PEN landscape 034 — BPC-157 / TB-500,filtration skid gallery in polished stainless,16:9 architectural wide shot showing ceiling utilities and floor plane,low-key dramatic instrument LEDs with controlled haze,"one 3mL pre-filled research dosage pen of BPC-157 / TB-500 as SMALL mid-ground (never macro, no injection act, no people)",3mL pre-filled research dosage pen,P-WOL-001,BPC-157 / TB-500,https://www.palmbeach-vitality.store/products/wolverine-pen,"LANDSCAPE FULL LAB + 3mL DOSAGE PEN (16:9). Environment: filtration skid gallery in polished stainless. Camera: 16:9 architectural wide shot showing ceiling utilities and floor plane. Lighting: low-key dramatic instrument LEDs with controlled haze. Hero: one 3mL pre-filled research dosage pen labeled BPC-157 / TB-500 (P-WOL-001). Pen mid-ground inside complete laboratory landscape. No injection, no people. Variant cycle 4. SIGNAGE RULE: premium clean research lab only. No safety placards, no industrial alert graphics, no trefoil icons, no striped floor tape, no danger banners. Do not print alert words on walls, floors, labels, or posters. Only neutral room names and product typography.",Captions MUST be only about BPC-157 / TB-500 (P-WOL-001) and https://www.palmbeach-vitality.store/products/wolverine-pen.,Active,384,
LS-PEN-035,vid_gen_landscape_scenes,16:9,pen_3ml_scene,PEN landscape 035 — CJC (no DAC)/Ipamorelin,cryogenic Dewar storage alcove in a wide vault,16:9 medium-wide environmental shot with product as small mid-ground element,daylight through clerestory windows plus soft fill,"one 3mL pre-filled research dosage pen of CJC (no DAC)/Ipamorelin as SMALL mid-ground (never macro, no injection act, no people)",3mL pre-filled research dosage pen,P-CII-001,CJC (no DAC)/Ipamorelin,https://www.palmbeach-vitality.store/products/cjc-ipamorelin-1,"LANDSCAPE FULL LAB + 3mL DOSAGE PEN (16:9). Environment: cryogenic Dewar storage alcove in a wide vault. Camera: 16:9 medium-wide environmental shot with product as small mid-ground element. Lighting: daylight through clerestory windows plus soft fill. Hero: one 3mL pre-filled research dosage pen labeled CJC (no DAC)/Ipamorelin (P-CII-001). Pen mid-ground inside complete laboratory landscape. No injection, no people. Variant cycle 4. SIGNAGE RULE: premium clean research lab only. No safety placards, no industrial alert graphics, no trefoil icons, no striped floor tape, no danger banners. Do not print alert words on walls, floors, labels, or posters. Only neutral room names and product typography.",Captions MUST be only about CJC (no DAC)/Ipamorelin (P-CII-001) and https://www.palmbeach-vitality.store/products/cjc-ipamorelin-1.,Active,385,
LS-PEN-036,vid_gen_landscape_scenes,16:9,pen_3ml_scene,PEN landscape 036 — DSIP,clean steam generator plant adjacent to labs,"16:9 landscape establishing shot, 24mm equivalent, deep focus",cool cyan-blue biotech rim with soft overhead panels,"one 3mL pre-filled research dosage pen of DSIP as SMALL mid-ground (never macro, no injection act, no people)",3mL pre-filled research dosage pen,P-DSI-001,DSIP,https://www.palmbeach-vitality.store/products/dsip-pen,"LANDSCAPE FULL LAB + 3mL DOSAGE PEN (16:9). Environment: clean steam generator plant adjacent to labs. Camera: 16:9 landscape establishing shot, 24mm equivalent, deep focus. Lighting: cool cyan-blue biotech rim with soft overhead panels. Hero: one 3mL pre-filled research dosage pen labeled DSIP (P-DSI-001). Pen mid-ground inside complete laboratory landscape. No injection, no people. Variant cycle 4. SIGNAGE RULE: premium clean research lab only. No safety placards, no industrial alert graphics, no trefoil icons, no striped floor tape, no danger banners. Do not print alert words on walls, floors, labels, or posters. Only neutral room names and product typography.",Captions MUST be only about DSIP (P-DSI-001) and https://www.palmbeach-vitality.store/products/dsip-pen.,Active,386,
LS-PEN-037,vid_gen_landscape_scenes,16:9,pen_3ml_scene,PEN landscape 037 — GHK-Cu,WFI loop corridor with polished tube runs,16:9 elevated three-quarter wide shot of the entire bay,warm-neutral catalog softboxes with clean speculars,"one 3mL pre-filled research dosage pen of GHK-Cu as SMALL mid-ground (never macro, no injection act, no people)",3mL pre-filled research dosage pen,P-GHK-001,GHK-Cu,https://www.palmbeach-vitality.store/products/ghk-cu-pen,"LANDSCAPE FULL LAB + 3mL DOSAGE PEN (16:9). Environment: WFI loop corridor with polished tube runs. Camera: 16:9 elevated three-quarter wide shot of the entire bay. Lighting: warm-neutral catalog softboxes with clean speculars. Hero: one 3mL pre-filled research dosage pen labeled GHK-Cu (P-GHK-001). Pen mid-ground inside complete laboratory landscape. No injection, no people. Variant cycle 4. SIGNAGE RULE: premium clean research lab only. No safety placards, no industrial alert graphics, no trefoil icons, no striped floor tape, no danger banners. Do not print alert words on walls, floors, labels, or posters. Only neutral room names and product typography.",Captions MUST be only about GHK-Cu (P-GHK-001) and https://www.palmbeach-vitality.store/products/ghk-cu-pen.,Active,387,
LS-PEN-038,vid_gen_landscape_scenes,16:9,pen_3ml_scene,PEN landscape 038 — 5-Amino-1MQ,environmental monitoring station landscape,16:9 dolly-style hallway perspective into the lab,"high-key sterile white lighting, minimal shadows","one 3mL pre-filled research dosage pen of 5-Amino-1MQ as SMALL mid-ground (never macro, no injection act, no people)",3mL pre-filled research dosage pen,P-5AM-001,5-Amino-1MQ,https://www.palmbeach-vitality.store/products/5-amino-mq-pen,"LANDSCAPE FULL LAB + 3mL DOSAGE PEN (16:9). Environment: environmental monitoring station landscape. Camera: 16:9 dolly-style hallway perspective into the lab. Lighting: high-key sterile white lighting, minimal shadows. Hero: one 3mL pre-filled research dosage pen labeled 5-Amino-1MQ (P-5AM-001). Pen mid-ground inside complete laboratory landscape. No injection, no people. Variant cycle 4. SIGNAGE RULE: premium clean research lab only. No safety placards, no industrial alert graphics, no trefoil icons, no striped floor tape, no danger banners. Do not print alert words on walls, floors, labels, or posters. Only neutral room names and product typography.",Captions MUST be only about 5-Amino-1MQ (P-5AM-001) and https://www.palmbeach-vitality.store/products/5-amino-mq-pen.,Active,388,
LS-PEN-039,vid_gen_landscape_scenes,16:9,pen_3ml_scene,PEN landscape 039 — BPC-157 / TB-500 / GHK-Cu,document control window looking into the lab (no people),16:9 architectural wide shot showing ceiling utilities and floor plane,low-key dramatic instrument LEDs with controlled haze,"one 3mL pre-filled research dosage pen of BPC-157 / TB-500 / GHK-Cu as SMALL mid-ground (never macro, no injection act, no people)",3mL pre-filled research dosage pen,P-GLO-001,BPC-157 / TB-500 / GHK-Cu,https://www.palmbeach-vitality.store/products/glow-pen,"LANDSCAPE FULL LAB + 3mL DOSAGE PEN (16:9). Environment: document control window looking into the lab (no people). Camera: 16:9 architectural wide shot showing ceiling utilities and floor plane. Lighting: low-key dramatic instrument LEDs with controlled haze. Hero: one 3mL pre-filled research dosage pen labeled BPC-157 / TB-500 / GHK-Cu (P-GLO-001). Pen mid-ground inside complete laboratory landscape. No injection, no people. Variant cycle 4. SIGNAGE RULE: premium clean research lab only. No safety placards, no industrial alert graphics, no trefoil icons, no striped floor tape, no danger banners. Do not print alert words on walls, floors, labels, or posters. Only neutral room names and product typography.",Captions MUST be only about BPC-157 / TB-500 / GHK-Cu (P-GLO-001) and https://www.palmbeach-vitality.store/products/glow-pen.,Active,389,
LS-PEN-040,vid_gen_landscape_scenes,16:9,pen_3ml_scene,PEN landscape 040 — SS-31,shift-handoff empty bullpen with monitors idle,16:9 medium-wide environmental shot with product as small mid-ground element,daylight through clerestory windows plus soft fill,"one 3mL pre-filled research dosage pen of SS-31 as SMALL mid-ground (never macro, no injection act, no people)",3mL pre-filled research dosage pen,P-SS3-001,SS-31,https://www.palmbeach-vitality.store/products/ss-31-pen,"LANDSCAPE FULL LAB + 3mL DOSAGE PEN (16:9). Environment: shift-handoff empty bullpen with monitors idle. Camera: 16:9 medium-wide environmental shot with product as small mid-ground element. Lighting: daylight through clerestory windows plus soft fill. Hero: one 3mL pre-filled research dosage pen labeled SS-31 (P-SS3-001). Pen mid-ground inside complete laboratory landscape. No injection, no people. Variant cycle 4. SIGNAGE RULE: premium clean research lab only. No safety placards, no industrial alert graphics, no trefoil icons, no striped floor tape, no danger banners. Do not print alert words on walls, floors, labels, or posters. Only neutral room names and product typography.",Captions MUST be only about SS-31 (P-SS3-001) and https://www.palmbeach-vitality.store/products/ss-31-pen.,Active,390,
LS-PEN-041,vid_gen_landscape_scenes,16:9,pen_3ml_scene,PEN landscape 041 — KPV,glassware kiln / dry heat room exterior corridor,"16:9 landscape establishing shot, 24mm equivalent, deep focus",cool cyan-blue biotech rim with soft overhead panels,"one 3mL pre-filled research dosage pen of KPV as SMALL mid-ground (never macro, no injection act, no people)",3mL pre-filled research dosage pen,P-KPV-001,KPV,https://www.palmbeach-vitality.store/products/kpv,"LANDSCAPE FULL LAB + 3mL DOSAGE PEN (16:9). Environment: glassware kiln / dry heat room exterior corridor. Camera: 16:9 landscape establishing shot, 24mm equivalent, deep focus. Lighting: cool cyan-blue biotech rim with soft overhead panels. Hero: one 3mL pre-filled research dosage pen labeled KPV (P-KPV-001). Pen mid-ground inside complete laboratory landscape. No injection, no people. Variant cycle 4. SIGNAGE RULE: premium clean research lab only. No safety placards, no industrial alert graphics, no trefoil icons, no striped floor tape, no danger banners. Do not print alert words on walls, floors, labels, or posters. Only neutral room names and product typography.",Captions MUST be only about KPV (P-KPV-001) and https://www.palmbeach-vitality.store/products/kpv.,Active,391,
LS-PEN-042,vid_gen_landscape_scenes,16:9,pen_3ml_scene,PEN landscape 042 — Semaglutide,spill-free epoxy floor expanse reflecting overhead lights,16:9 elevated three-quarter wide shot of the entire bay,warm-neutral catalog softboxes with clean speculars,"one 3mL pre-filled research dosage pen of Semaglutide as SMALL mid-ground (never macro, no injection act, no people)",3mL pre-filled research dosage pen,P-SEM-001,Semaglutide,https://www.palmbeach-vitality.store/products/semaglutide-1-5mg-pen,"LANDSCAPE FULL LAB + 3mL DOSAGE PEN (16:9). Environment: spill-free epoxy floor expanse reflecting overhead lights. Camera: 16:9 elevated three-quarter wide shot of the entire bay. Lighting: warm-neutral catalog softboxes with clean speculars. Hero: one 3mL pre-filled research dosage pen labeled Semaglutide (P-SEM-001). Pen mid-ground inside complete laboratory landscape. No injection, no people. Variant cycle 4. SIGNAGE RULE: premium clean research lab only. No safety placards, no industrial alert graphics, no trefoil icons, no striped floor tape, no danger banners. Do not print alert words on walls, floors, labels, or posters. Only neutral room names and product typography.",Captions MUST be only about Semaglutide (P-SEM-001) and https://www.palmbeach-vitality.store/products/semaglutide-1-5mg-pen.,Active,392,
LS-PEN-043,vid_gen_landscape_scenes,16:9,pen_3ml_scene,PEN landscape 043 — Tirzepatide,mezzanine looking down on a synthesis theater,16:9 dolly-style hallway perspective into the lab,"high-key sterile white lighting, minimal shadows","one 3mL pre-filled research dosage pen of Tirzepatide as SMALL mid-ground (never macro, no injection act, no people)",3mL pre-filled research dosage pen,P-TIR-001,Tirzepatide,https://www.palmbeach-vitality.store/products/tirzepatide-10mg-pen,"LANDSCAPE FULL LAB + 3mL DOSAGE PEN (16:9). Environment: mezzanine looking down on a synthesis theater. Camera: 16:9 dolly-style hallway perspective into the lab. Lighting: high-key sterile white lighting, minimal shadows. Hero: one 3mL pre-filled research dosage pen labeled Tirzepatide (P-TIR-001). Pen mid-ground inside complete laboratory landscape. No injection, no people. Variant cycle 4. SIGNAGE RULE: premium clean research lab only. No safety placards, no industrial alert graphics, no trefoil icons, no striped floor tape, no danger banners. Do not print alert words on walls, floors, labels, or posters. Only neutral room names and product typography.",Captions MUST be only about Tirzepatide (P-TIR-001) and https://www.palmbeach-vitality.store/products/tirzepatide-10mg-pen.,Active,393,
LS-PEN-044,vid_gen_landscape_scenes,16:9,pen_3ml_scene,PEN landscape 044 — Retatrutide,catalog hero stage: full lab built for 16:9 cinema framing,16:9 architectural wide shot showing ceiling utilities and floor plane,low-key dramatic instrument LEDs with controlled haze,"one 3mL pre-filled research dosage pen of Retatrutide as SMALL mid-ground (never macro, no injection act, no people)",3mL pre-filled research dosage pen,P-RET-001,Retatrutide,https://www.palmbeach-vitality.store/products/retatrutride-8mg-pen,"LANDSCAPE FULL LAB + 3mL DOSAGE PEN (16:9). Environment: catalog hero stage: full lab built for 16:9 cinema framing. Camera: 16:9 architectural wide shot showing ceiling utilities and floor plane. Lighting: low-key dramatic instrument LEDs with controlled haze. Hero: one 3mL pre-filled research dosage pen labeled Retatrutide (P-RET-001). Pen mid-ground inside complete laboratory landscape. No injection, no people. Variant cycle 4. SIGNAGE RULE: premium clean research lab only. No safety placards, no industrial alert graphics, no trefoil icons, no striped floor tape, no danger banners. Do not print alert words on walls, floors, labels, or posters. Only neutral room names and product typography.",Captions MUST be only about Retatrutide (P-RET-001) and https://www.palmbeach-vitality.store/products/retatrutride-8mg-pen.,Active,394,
LS-PEN-045,vid_gen_landscape_scenes,16:9,pen_3ml_scene,PEN landscape 045 — KPV / BPC-157 / TB-500 / GHK-Cu,twin laminar hoods facing a wide sterile aisle,16:9 medium-wide environmental shot with product as small mid-ground element,daylight through clerestory windows plus soft fill,"one 3mL pre-filled research dosage pen of KPV / BPC-157 / TB-500 / GHK-Cu as SMALL mid-ground (never macro, no injection act, no people)",3mL pre-filled research dosage pen,P-KLO-001,KPV / BPC-157 / TB-500 / GHK-Cu,https://www.palmbeach-vitality.store/products/klow-pen,"LANDSCAPE FULL LAB + 3mL DOSAGE PEN (16:9). Environment: twin laminar hoods facing a wide sterile aisle. Camera: 16:9 medium-wide environmental shot with product as small mid-ground element. Lighting: daylight through clerestory windows plus soft fill. Hero: one 3mL pre-filled research dosage pen labeled KPV / BPC-157 / TB-500 / GHK-Cu (P-KLO-001). Pen mid-ground inside complete laboratory landscape. No injection, no people. Variant cycle 4. SIGNAGE RULE: premium clean research lab only. No safety placards, no industrial alert graphics, no trefoil icons, no striped floor tape, no danger banners. Do not print alert words on walls, floors, labels, or posters. Only neutral room names and product typography.",Captions MUST be only about KPV / BPC-157 / TB-500 / GHK-Cu (P-KLO-001) and https://www.palmbeach-vitality.store/products/klow-pen.,Active,395,
LS-PEN-046,vid_gen_landscape_scenes,16:9,pen_3ml_scene,PEN landscape 046 — MOTS-C,vial rack farm on carts arranged in landscape depth,"16:9 landscape establishing shot, 24mm equivalent, deep focus",cool cyan-blue biotech rim with soft overhead panels,"one 3mL pre-filled research dosage pen of MOTS-C as SMALL mid-ground (never macro, no injection act, no people)",3mL pre-filled research dosage pen,P-MOT-001,MOTS-C,https://www.palmbeach-vitality.store/products/mots-c,"LANDSCAPE FULL LAB + 3mL DOSAGE PEN (16:9). Environment: vial rack farm on carts arranged in landscape depth. Camera: 16:9 landscape establishing shot, 24mm equivalent, deep focus. Lighting: cool cyan-blue biotech rim with soft overhead panels. Hero: one 3mL pre-filled research dosage pen labeled MOTS-C (P-MOT-001). Pen mid-ground inside complete laboratory landscape. No injection, no people. Variant cycle 4. SIGNAGE RULE: premium clean research lab only. No safety placards, no industrial alert graphics, no trefoil icons, no striped floor tape, no danger banners. Do not print alert words on walls, floors, labels, or posters. Only neutral room names and product typography.",Captions MUST be only about MOTS-C (P-MOT-001) and https://www.palmbeach-vitality.store/products/mots-c.,Active,396,
LS-PEN-047,vid_gen_landscape_scenes,16:9,pen_3ml_scene,PEN landscape 047 — NAD+,pen-format staging table mid-ground in a large prep bay,16:9 elevated three-quarter wide shot of the entire bay,warm-neutral catalog softboxes with clean speculars,"one 3mL pre-filled research dosage pen of NAD+ as SMALL mid-ground (never macro, no injection act, no people)",3mL pre-filled research dosage pen,P-NAD-001,NAD+,https://www.palmbeach-vitality.store/products/nad-pen-500mg,"LANDSCAPE FULL LAB + 3mL DOSAGE PEN (16:9). Environment: pen-format staging table mid-ground in a large prep bay. Camera: 16:9 elevated three-quarter wide shot of the entire bay. Lighting: warm-neutral catalog softboxes with clean speculars. Hero: one 3mL pre-filled research dosage pen labeled NAD+ (P-NAD-001). Pen mid-ground inside complete laboratory landscape. No injection, no people. Variant cycle 4. SIGNAGE RULE: premium clean research lab only. No safety placards, no industrial alert graphics, no trefoil icons, no striped floor tape, no danger banners. Do not print alert words on walls, floors, labels, or posters. Only neutral room names and product typography.",Captions MUST be only about NAD+ (P-NAD-001) and https://www.palmbeach-vitality.store/products/nad-pen-500mg.,Active,397,
LS-PEN-048,vid_gen_landscape_scenes,16:9,pen_3ml_scene,PEN landscape 048 — PT-141,acrylic product riser island inside a complete lab set,16:9 dolly-style hallway perspective into the lab,"high-key sterile white lighting, minimal shadows","one 3mL pre-filled research dosage pen of PT-141 as SMALL mid-ground (never macro, no injection act, no people)",3mL pre-filled research dosage pen,P-PT1-001,PT-141,https://www.palmbeach-vitality.store/products/pt-141-pen,"LANDSCAPE FULL LAB + 3mL DOSAGE PEN (16:9). Environment: acrylic product riser island inside a complete lab set. Camera: 16:9 dolly-style hallway perspective into the lab. Lighting: high-key sterile white lighting, minimal shadows. Hero: one 3mL pre-filled research dosage pen labeled PT-141 (P-PT1-001). Pen mid-ground inside complete laboratory landscape. No injection, no people. Variant cycle 4. SIGNAGE RULE: premium clean research lab only. No safety placards, no industrial alert graphics, no trefoil icons, no striped floor tape, no danger banners. Do not print alert words on walls, floors, labels, or posters. Only neutral room names and product typography.",Captions MUST be only about PT-141 (P-PT1-001) and https://www.palmbeach-vitality.store/products/pt-141-pen.,Active,398,
LS-PEN-049,vid_gen_landscape_scenes,16:9,pen_3ml_scene,PEN landscape 049 — Semax,blue-hour exterior glass lab facade reflecting instruments inside,16:9 architectural wide shot showing ceiling utilities and floor plane,low-key dramatic instrument LEDs with controlled haze,"one 3mL pre-filled research dosage pen of Semax as SMALL mid-ground (never macro, no injection act, no people)",3mL pre-filled research dosage pen,P-SMX-001,Semax,https://www.palmbeach-vitality.store/products/semax-pen,"LANDSCAPE FULL LAB + 3mL DOSAGE PEN (16:9). Environment: blue-hour exterior glass lab facade reflecting instruments inside. Camera: 16:9 architectural wide shot showing ceiling utilities and floor plane. Lighting: low-key dramatic instrument LEDs with controlled haze. Hero: one 3mL pre-filled research dosage pen labeled Semax (P-SMX-001). Pen mid-ground inside complete laboratory landscape. No injection, no people. Variant cycle 4. SIGNAGE RULE: premium clean research lab only. No safety placards, no industrial alert graphics, no trefoil icons, no striped floor tape, no danger banners. Do not print alert words on walls, floors, labels, or posters. Only neutral room names and product typography.",Captions MUST be only about Semax (P-SMX-001) and https://www.palmbeach-vitality.store/products/semax-pen.,Active,399,
LS-PEN-050,vid_gen_landscape_scenes,16:9,pen_3ml_scene,PEN landscape 050 — Selank,interior courtyard lab with plants outside glass (no people),16:9 medium-wide environmental shot with product as small mid-ground element,daylight through clerestory windows plus soft fill,"one 3mL pre-filled research dosage pen of Selank as SMALL mid-ground (never macro, no injection act, no people)",3mL pre-filled research dosage pen,P-SEL-001,Selank,https://www.palmbeach-vitality.store/products/selank-pen,"LANDSCAPE FULL LAB + 3mL DOSAGE PEN (16:9). Environment: interior courtyard lab with plants outside glass (no people). Camera: 16:9 medium-wide environmental shot with product as small mid-ground element. Lighting: daylight through clerestory windows plus soft fill. Hero: one 3mL pre-filled research dosage pen labeled Selank (P-SEL-001). Pen mid-ground inside complete laboratory landscape. No injection, no people. Variant cycle 4. SIGNAGE RULE: premium clean research lab only. No safety placards, no industrial alert graphics, no trefoil icons, no striped floor tape, no danger banners. Do not print alert words on walls, floors, labels, or posters. Only neutral room names and product typography.",Captions MUST be only about Selank (P-SEL-001) and https://www.palmbeach-vitality.store/products/selank-pen.,Active,400,
LS-PEN-051,vid_gen_landscape_scenes,16:9,pen_3ml_scene,PEN landscape 051 — Sermorelin,matte-black premium lab cinema set with teal accents,"16:9 landscape establishing shot, 24mm equivalent, deep focus",cool cyan-blue biotech rim with soft overhead panels,"one 3mL pre-filled research dosage pen of Sermorelin as SMALL mid-ground (never macro, no injection act, no people)",3mL pre-filled research dosage pen,P-SER-001,Sermorelin,https://www.palmbeach-vitality.store/products/sermorelin-pen,"LANDSCAPE FULL LAB + 3mL DOSAGE PEN (16:9). Environment: matte-black premium lab cinema set with teal accents. Camera: 16:9 landscape establishing shot, 24mm equivalent, deep focus. Lighting: cool cyan-blue biotech rim with soft overhead panels. Hero: one 3mL pre-filled research dosage pen labeled Sermorelin (P-SER-001). Pen mid-ground inside complete laboratory landscape. No injection, no people. Variant cycle 4. SIGNAGE RULE: premium clean research lab only. No safety placards, no industrial alert graphics, no trefoil icons, no striped floor tape, no danger banners. Do not print alert words on walls, floors, labels, or posters. Only neutral room names and product typography.",Captions MUST be only about Sermorelin (P-SER-001) and https://www.palmbeach-vitality.store/products/sermorelin-pen.,Active,401,
LS-PEN-052,vid_gen_landscape_scenes,16:9,pen_3ml_scene,PEN landscape 052 — Thymosin Alpha-1,white-on-white ultra-minimal research pavilion,16:9 elevated three-quarter wide shot of the entire bay,warm-neutral catalog softboxes with clean speculars,"one 3mL pre-filled research dosage pen of Thymosin Alpha-1 as SMALL mid-ground (never macro, no injection act, no people)",3mL pre-filled research dosage pen,P-TA1-001,Thymosin Alpha-1,https://www.palmbeach-vitality.store/products/ta-2,"LANDSCAPE FULL LAB + 3mL DOSAGE PEN (16:9). Environment: white-on-white ultra-minimal research pavilion. Camera: 16:9 elevated three-quarter wide shot of the entire bay. Lighting: warm-neutral catalog softboxes with clean speculars. Hero: one 3mL pre-filled research dosage pen labeled Thymosin Alpha-1 (P-TA1-001). Pen mid-ground inside complete laboratory landscape. No injection, no people. Variant cycle 4. SIGNAGE RULE: premium clean research lab only. No safety placards, no industrial alert graphics, no trefoil icons, no striped floor tape, no danger banners. Do not print alert words on walls, floors, labels, or posters. Only neutral room names and product typography.",Captions MUST be only about Thymosin Alpha-1 (P-TA1-001) and https://www.palmbeach-vitality.store/products/ta-2.,Active,402,
LS-PEN-053,vid_gen_landscape_scenes,16:9,pen_3ml_scene,PEN landscape 053 — Tesamorelin,copper-trim luxury lab lounge transitioning to research floor,16:9 dolly-style hallway perspective into the lab,"high-key sterile white lighting, minimal shadows","one 3mL pre-filled research dosage pen of Tesamorelin as SMALL mid-ground (never macro, no injection act, no people)",3mL pre-filled research dosage pen,P-TES-001,Tesamorelin,https://www.palmbeach-vitality.store/products/tesamorelin-30mg-pen,"LANDSCAPE FULL LAB + 3mL DOSAGE PEN (16:9). Environment: copper-trim luxury lab lounge transitioning to research floor. Camera: 16:9 dolly-style hallway perspective into the lab. Lighting: high-key sterile white lighting, minimal shadows. Hero: one 3mL pre-filled research dosage pen labeled Tesamorelin (P-TES-001). Pen mid-ground inside complete laboratory landscape. No injection, no people. Variant cycle 4. SIGNAGE RULE: premium clean research lab only. No safety placards, no industrial alert graphics, no trefoil icons, no striped floor tape, no danger banners. Do not print alert words on walls, floors, labels, or posters. Only neutral room names and product typography.",Captions MUST be only about Tesamorelin (P-TES-001) and https://www.palmbeach-vitality.store/products/tesamorelin-30mg-pen.,Active,403,
LS-PEN-054,vid_gen_landscape_scenes,16:9,pen_3ml_scene,PEN landscape 054 — Tesamorelin/Ipamorelin,infinite-perspective sterile corridor with soft vanishing light,16:9 architectural wide shot showing ceiling utilities and floor plane,low-key dramatic instrument LEDs with controlled haze,"one 3mL pre-filled research dosage pen of Tesamorelin/Ipamorelin as SMALL mid-ground (never macro, no injection act, no people)",3mL pre-filled research dosage pen,P-TEI-001,Tesamorelin/Ipamorelin,https://www.palmbeach-vitality.store/products/tesamorelin-ipamorelin-pen,"LANDSCAPE FULL LAB + 3mL DOSAGE PEN (16:9). Environment: infinite-perspective sterile corridor with soft vanishing light. Camera: 16:9 architectural wide shot showing ceiling utilities and floor plane. Lighting: low-key dramatic instrument LEDs with controlled haze. Hero: one 3mL pre-filled research dosage pen labeled Tesamorelin/Ipamorelin (P-TEI-001). Pen mid-ground inside complete laboratory landscape. No injection, no people. Variant cycle 4. SIGNAGE RULE: premium clean research lab only. No safety placards, no industrial alert graphics, no trefoil icons, no striped floor tape, no danger banners. Do not print alert words on walls, floors, labels, or posters. Only neutral room names and product typography.",Captions MUST be only about Tesamorelin/Ipamorelin (P-TEI-001) and https://www.palmbeach-vitality.store/products/tesamorelin-ipamorelin-pen.,Active,404,
LS-PEN-055,vid_gen_landscape_scenes,16:9,pen_3ml_scene,PEN landscape 055 — BPC-157,wide sterile ISO cleanroom with HEPA ceiling grid and clean floor lane markings,16:9 medium-wide environmental shot with product as small mid-ground element,daylight through clerestory windows plus soft fill,"one 3mL pre-filled research dosage pen of BPC-157 as SMALL mid-ground (never macro, no injection act, no people)",3mL pre-filled research dosage pen,P-BPC-001,BPC-157,https://www.palmbeach-vitality.store/products/bpc-157-pen,"LANDSCAPE FULL LAB + 3mL DOSAGE PEN (16:9). Environment: wide sterile ISO cleanroom with HEPA ceiling grid and clean floor lane markings. Camera: 16:9 medium-wide environmental shot with product as small mid-ground element. Lighting: daylight through clerestory windows plus soft fill. Hero: one 3mL pre-filled research dosage pen labeled BPC-157 (P-BPC-001). Pen mid-ground inside complete laboratory landscape. No injection, no people. Variant cycle 5. SIGNAGE RULE: premium clean research lab only. No safety placards, no industrial alert graphics, no trefoil icons, no striped floor tape, no danger banners. Do not print alert words on walls, floors, labels, or posters. Only neutral room names and product typography.",Captions MUST be only about BPC-157 (P-BPC-001) and https://www.palmbeach-vitality.store/products/bpc-157-pen.,Active,405,
LS-PEN-056,vid_gen_landscape_scenes,16:9,pen_3ml_scene,PEN landscape 056 — BPC-157 / TB-500,multi-bay peptide synthesis suite with tall glass reactors in deep perspective,"16:9 landscape establishing shot, 24mm equivalent, deep focus",cool cyan-blue biotech rim with soft overhead panels,"one 3mL pre-filled research dosage pen of BPC-157 / TB-500 as SMALL mid-ground (never macro, no injection act, no people)",3mL pre-filled research dosage pen,P-WOL-001,BPC-157 / TB-500,https://www.palmbeach-vitality.store/products/wolverine-pen,"LANDSCAPE FULL LAB + 3mL DOSAGE PEN (16:9). Environment: multi-bay peptide synthesis suite with tall glass reactors in deep perspective. Camera: 16:9 landscape establishing shot, 24mm equivalent, deep focus. Lighting: cool cyan-blue biotech rim with soft overhead panels. Hero: one 3mL pre-filled research dosage pen labeled BPC-157 / TB-500 (P-WOL-001). Pen mid-ground inside complete laboratory landscape. No injection, no people. Variant cycle 5. SIGNAGE RULE: premium clean research lab only. No safety placards, no industrial alert graphics, no trefoil icons, no striped floor tape, no danger banners. Do not print alert words on walls, floors, labels, or posters. Only neutral room names and product typography.",Captions MUST be only about BPC-157 / TB-500 (P-WOL-001) and https://www.palmbeach-vitality.store/products/wolverine-pen.,Active,406,
LS-PEN-057,vid_gen_landscape_scenes,16:9,pen_3ml_scene,PEN landscape 057 — CJC (no DAC)/Ipamorelin,analytical chemistry corridor lined with HPLC and LC-MS instrument banks,16:9 elevated three-quarter wide shot of the entire bay,warm-neutral catalog softboxes with clean speculars,"one 3mL pre-filled research dosage pen of CJC (no DAC)/Ipamorelin as SMALL mid-ground (never macro, no injection act, no people)",3mL pre-filled research dosage pen,P-CII-001,CJC (no DAC)/Ipamorelin,https://www.palmbeach-vitality.store/products/cjc-ipamorelin-1,"LANDSCAPE FULL LAB + 3mL DOSAGE PEN (16:9). Environment: analytical chemistry corridor lined with HPLC and LC-MS instrument banks. Camera: 16:9 elevated three-quarter wide shot of the entire bay. Lighting: warm-neutral catalog softboxes with clean speculars. Hero: one 3mL pre-filled research dosage pen labeled CJC (no DAC)/Ipamorelin (P-CII-001). Pen mid-ground inside complete laboratory landscape. No injection, no people. Variant cycle 5. SIGNAGE RULE: premium clean research lab only. No safety placards, no industrial alert graphics, no trefoil icons, no striped floor tape, no danger banners. Do not print alert words on walls, floors, labels, or posters. Only neutral room names and product typography.",Captions MUST be only about CJC (no DAC)/Ipamorelin (P-CII-001) and https://www.palmbeach-vitality.store/products/cjc-ipamorelin-1.,Active,407,
LS-PEN-058,vid_gen_landscape_scenes,16:9,pen_3ml_scene,PEN landscape 058 — DSIP,cold-chain vault anteroom with stainless freezers and temperature displays,16:9 dolly-style hallway perspective into the lab,"high-key sterile white lighting, minimal shadows","one 3mL pre-filled research dosage pen of DSIP as SMALL mid-ground (never macro, no injection act, no people)",3mL pre-filled research dosage pen,P-DSI-001,DSIP,https://www.palmbeach-vitality.store/products/dsip-pen,"LANDSCAPE FULL LAB + 3mL DOSAGE PEN (16:9). Environment: cold-chain vault anteroom with stainless freezers and temperature displays. Camera: 16:9 dolly-style hallway perspective into the lab. Lighting: high-key sterile white lighting, minimal shadows. Hero: one 3mL pre-filled research dosage pen labeled DSIP (P-DSI-001). Pen mid-ground inside complete laboratory landscape. No injection, no people. Variant cycle 5. SIGNAGE RULE: premium clean research lab only. No safety placards, no industrial alert graphics, no trefoil icons, no striped floor tape, no danger banners. Do not print alert words on walls, floors, labels, or posters. Only neutral room names and product typography.",Captions MUST be only about DSIP (P-DSI-001) and https://www.palmbeach-vitality.store/products/dsip-pen.,Active,408,
LS-PEN-059,vid_gen_landscape_scenes,16:9,pen_3ml_scene,PEN landscape 059 — GHK-Cu,formulation suite with laminar flow hoods across a long laboratory hall,16:9 architectural wide shot showing ceiling utilities and floor plane,low-key dramatic instrument LEDs with controlled haze,"one 3mL pre-filled research dosage pen of GHK-Cu as SMALL mid-ground (never macro, no injection act, no people)",3mL pre-filled research dosage pen,P-GHK-001,GHK-Cu,https://www.palmbeach-vitality.store/products/ghk-cu-pen,"LANDSCAPE FULL LAB + 3mL DOSAGE PEN (16:9). Environment: formulation suite with laminar flow hoods across a long laboratory hall. Camera: 16:9 architectural wide shot showing ceiling utilities and floor plane. Lighting: low-key dramatic instrument LEDs with controlled haze. Hero: one 3mL pre-filled research dosage pen labeled GHK-Cu (P-GHK-001). Pen mid-ground inside complete laboratory landscape. No injection, no people. Variant cycle 5. SIGNAGE RULE: premium clean research lab only. No safety placards, no industrial alert graphics, no trefoil icons, no striped floor tape, no danger banners. Do not print alert words on walls, floors, labels, or posters. Only neutral room names and product typography.",Captions MUST be only about GHK-Cu (P-GHK-001) and https://www.palmbeach-vitality.store/products/ghk-cu-pen.,Active,409,
LS-PEN-060,vid_gen_landscape_scenes,16:9,pen_3ml_scene,PEN landscape 060 — 5-Amino-1MQ,"quality-control lab with assay benches, vial racks, and soft instrument glow",16:9 medium-wide environmental shot with product as small mid-ground element,daylight through clerestory windows plus soft fill,"one 3mL pre-filled research dosage pen of 5-Amino-1MQ as SMALL mid-ground (never macro, no injection act, no people)",3mL pre-filled research dosage pen,P-5AM-001,5-Amino-1MQ,https://www.palmbeach-vitality.store/products/5-amino-mq-pen,"LANDSCAPE FULL LAB + 3mL DOSAGE PEN (16:9). Environment: quality-control lab with assay benches, vial racks, and soft instrument glow. Camera: 16:9 medium-wide environmental shot with product as small mid-ground element. Lighting: daylight through clerestory windows plus soft fill. Hero: one 3mL pre-filled research dosage pen labeled 5-Amino-1MQ (P-5AM-001). Pen mid-ground inside complete laboratory landscape. No injection, no people. Variant cycle 5. SIGNAGE RULE: premium clean research lab only. No safety placards, no industrial alert graphics, no trefoil icons, no striped floor tape, no danger banners. Do not print alert words on walls, floors, labels, or posters. Only neutral room names and product typography.",Captions MUST be only about 5-Amino-1MQ (P-5AM-001) and https://www.palmbeach-vitality.store/products/5-amino-mq-pen.,Active,410,
LS-PEN-061,vid_gen_landscape_scenes,16:9,pen_3ml_scene,PEN landscape 061 — BPC-157 / TB-500 / GHK-Cu,prototype engineering bay with peptide synthesizer chassis and cable trays,"16:9 landscape establishing shot, 24mm equivalent, deep focus",cool cyan-blue biotech rim with soft overhead panels,"one 3mL pre-filled research dosage pen of BPC-157 / TB-500 / GHK-Cu as SMALL mid-ground (never macro, no injection act, no people)",3mL pre-filled research dosage pen,P-GLO-001,BPC-157 / TB-500 / GHK-Cu,https://www.palmbeach-vitality.store/products/glow-pen,"LANDSCAPE FULL LAB + 3mL DOSAGE PEN (16:9). Environment: prototype engineering bay with peptide synthesizer chassis and cable trays. Camera: 16:9 landscape establishing shot, 24mm equivalent, deep focus. Lighting: cool cyan-blue biotech rim with soft overhead panels. Hero: one 3mL pre-filled research dosage pen labeled BPC-157 / TB-500 / GHK-Cu (P-GLO-001). Pen mid-ground inside complete laboratory landscape. No injection, no people. Variant cycle 5. SIGNAGE RULE: premium clean research lab only. No safety placards, no industrial alert graphics, no trefoil icons, no striped floor tape, no danger banners. Do not print alert words on walls, floors, labels, or posters. Only neutral room names and product typography.",Captions MUST be only about BPC-157 / TB-500 / GHK-Cu (P-GLO-001) and https://www.palmbeach-vitality.store/products/glow-pen.,Active,411,
LS-PEN-062,vid_gen_landscape_scenes,16:9,pen_3ml_scene,PEN landscape 062 — SS-31,futuristic biotech floor with cool cyan LED path lighting and glass partitions,16:9 elevated three-quarter wide shot of the entire bay,warm-neutral catalog softboxes with clean speculars,"one 3mL pre-filled research dosage pen of SS-31 as SMALL mid-ground (never macro, no injection act, no people)",3mL pre-filled research dosage pen,P-SS3-001,SS-31,https://www.palmbeach-vitality.store/products/ss-31-pen,"LANDSCAPE FULL LAB + 3mL DOSAGE PEN (16:9). Environment: futuristic biotech floor with cool cyan LED path lighting and glass partitions. Camera: 16:9 elevated three-quarter wide shot of the entire bay. Lighting: warm-neutral catalog softboxes with clean speculars. Hero: one 3mL pre-filled research dosage pen labeled SS-31 (P-SS3-001). Pen mid-ground inside complete laboratory landscape. No injection, no people. Variant cycle 5. SIGNAGE RULE: premium clean research lab only. No safety placards, no industrial alert graphics, no trefoil icons, no striped floor tape, no danger banners. Do not print alert words on walls, floors, labels, or posters. Only neutral room names and product typography.",Captions MUST be only about SS-31 (P-SS3-001) and https://www.palmbeach-vitality.store/products/ss-31-pen.,Active,412,
LS-PEN-063,vid_gen_landscape_scenes,16:9,pen_3ml_scene,PEN landscape 063 — KPV,glass-walled observation gallery overlooking a synthesis cleanroom,16:9 dolly-style hallway perspective into the lab,"high-key sterile white lighting, minimal shadows","one 3mL pre-filled research dosage pen of KPV as SMALL mid-ground (never macro, no injection act, no people)",3mL pre-filled research dosage pen,P-KPV-001,KPV,https://www.palmbeach-vitality.store/products/kpv,"LANDSCAPE FULL LAB + 3mL DOSAGE PEN (16:9). Environment: glass-walled observation gallery overlooking a synthesis cleanroom. Camera: 16:9 dolly-style hallway perspective into the lab. Lighting: high-key sterile white lighting, minimal shadows. Hero: one 3mL pre-filled research dosage pen labeled KPV (P-KPV-001). Pen mid-ground inside complete laboratory landscape. No injection, no people. Variant cycle 5. SIGNAGE RULE: premium clean research lab only. No safety placards, no industrial alert graphics, no trefoil icons, no striped floor tape, no danger banners. Do not print alert words on walls, floors, labels, or posters. Only neutral room names and product typography.",Captions MUST be only about KPV (P-KPV-001) and https://www.palmbeach-vitality.store/products/kpv.,Active,413,
LS-PEN-064,vid_gen_landscape_scenes,16:9,pen_3ml_scene,PEN landscape 064 — Semaglutide,central lab atrium with mezzanine instruments and hanging utility drops,16:9 architectural wide shot showing ceiling utilities and floor plane,low-key dramatic instrument LEDs with controlled haze,"one 3mL pre-filled research dosage pen of Semaglutide as SMALL mid-ground (never macro, no injection act, no people)",3mL pre-filled research dosage pen,P-SEM-001,Semaglutide,https://www.palmbeach-vitality.store/products/semaglutide-1-5mg-pen,"LANDSCAPE FULL LAB + 3mL DOSAGE PEN (16:9). Environment: central lab atrium with mezzanine instruments and hanging utility drops. Camera: 16:9 architectural wide shot showing ceiling utilities and floor plane. Lighting: low-key dramatic instrument LEDs with controlled haze. Hero: one 3mL pre-filled research dosage pen labeled Semaglutide (P-SEM-001). Pen mid-ground inside complete laboratory landscape. No injection, no people. Variant cycle 5. SIGNAGE RULE: premium clean research lab only. No safety placards, no industrial alert graphics, no trefoil icons, no striped floor tape, no danger banners. Do not print alert words on walls, floors, labels, or posters. Only neutral room names and product typography.",Captions MUST be only about Semaglutide (P-SEM-001) and https://www.palmbeach-vitality.store/products/semaglutide-1-5mg-pen.,Active,414,
LS-PEN-065,vid_gen_landscape_scenes,16:9,pen_3ml_scene,PEN landscape 065 — Tirzepatide,chromatography alley with tall columns and solvent cabinets in recession,16:9 medium-wide environmental shot with product as small mid-ground element,daylight through clerestory windows plus soft fill,"one 3mL pre-filled research dosage pen of Tirzepatide as SMALL mid-ground (never macro, no injection act, no people)",3mL pre-filled research dosage pen,P-TIR-001,Tirzepatide,https://www.palmbeach-vitality.store/products/tirzepatide-10mg-pen,"LANDSCAPE FULL LAB + 3mL DOSAGE PEN (16:9). Environment: chromatography alley with tall columns and solvent cabinets in recession. Camera: 16:9 medium-wide environmental shot with product as small mid-ground element. Lighting: daylight through clerestory windows plus soft fill. Hero: one 3mL pre-filled research dosage pen labeled Tirzepatide (P-TIR-001). Pen mid-ground inside complete laboratory landscape. No injection, no people. Variant cycle 5. SIGNAGE RULE: premium clean research lab only. No safety placards, no industrial alert graphics, no trefoil icons, no striped floor tape, no danger banners. Do not print alert words on walls, floors, labels, or posters. Only neutral room names and product typography.",Captions MUST be only about Tirzepatide (P-TIR-001) and https://www.palmbeach-vitality.store/products/tirzepatide-10mg-pen.,Active,415,
LS-PEN-066,vid_gen_landscape_scenes,16:9,pen_3ml_scene,PEN landscape 066 — Retatrutide,sample-prep wing with stainless benches and organized glassware walls,"16:9 landscape establishing shot, 24mm equivalent, deep focus",cool cyan-blue biotech rim with soft overhead panels,"one 3mL pre-filled research dosage pen of Retatrutide as SMALL mid-ground (never macro, no injection act, no people)",3mL pre-filled research dosage pen,P-RET-001,Retatrutide,https://www.palmbeach-vitality.store/products/retatrutride-8mg-pen,"LANDSCAPE FULL LAB + 3mL DOSAGE PEN (16:9). Environment: sample-prep wing with stainless benches and organized glassware walls. Camera: 16:9 landscape establishing shot, 24mm equivalent, deep focus. Lighting: cool cyan-blue biotech rim with soft overhead panels. Hero: one 3mL pre-filled research dosage pen labeled Retatrutide (P-RET-001). Pen mid-ground inside complete laboratory landscape. No injection, no people. Variant cycle 5. SIGNAGE RULE: premium clean research lab only. No safety placards, no industrial alert graphics, no trefoil icons, no striped floor tape, no danger banners. Do not print alert words on walls, floors, labels, or posters. Only neutral room names and product typography.",Captions MUST be only about Retatrutide (P-RET-001) and https://www.palmbeach-vitality.store/products/retatrutride-8mg-pen.,Active,416,
LS-PEN-067,vid_gen_landscape_scenes,16:9,pen_3ml_scene,PEN landscape 067 — KPV / BPC-157 / TB-500 / GHK-Cu,stability testing room with climate chambers in repeating landscape rows,16:9 elevated three-quarter wide shot of the entire bay,warm-neutral catalog softboxes with clean speculars,"one 3mL pre-filled research dosage pen of KPV / BPC-157 / TB-500 / GHK-Cu as SMALL mid-ground (never macro, no injection act, no people)",3mL pre-filled research dosage pen,P-KLO-001,KPV / BPC-157 / TB-500 / GHK-Cu,https://www.palmbeach-vitality.store/products/klow-pen,"LANDSCAPE FULL LAB + 3mL DOSAGE PEN (16:9). Environment: stability testing room with climate chambers in repeating landscape rows. Camera: 16:9 elevated three-quarter wide shot of the entire bay. Lighting: warm-neutral catalog softboxes with clean speculars. Hero: one 3mL pre-filled research dosage pen labeled KPV / BPC-157 / TB-500 / GHK-Cu (P-KLO-001). Pen mid-ground inside complete laboratory landscape. No injection, no people. Variant cycle 5. SIGNAGE RULE: premium clean research lab only. No safety placards, no industrial alert graphics, no trefoil icons, no striped floor tape, no danger banners. Do not print alert words on walls, floors, labels, or posters. Only neutral room names and product typography.",Captions MUST be only about KPV / BPC-157 / TB-500 / GHK-Cu (P-KLO-001) and https://www.palmbeach-vitality.store/products/klow-pen.,Active,417,
LS-PEN-068,vid_gen_landscape_scenes,16:9,pen_3ml_scene,PEN landscape 068 — MOTS-C,receiving quarantine lab with labeled totes and barcode stations,16:9 dolly-style hallway perspective into the lab,"high-key sterile white lighting, minimal shadows","one 3mL pre-filled research dosage pen of MOTS-C as SMALL mid-ground (never macro, no injection act, no people)",3mL pre-filled research dosage pen,P-MOT-001,MOTS-C,https://www.palmbeach-vitality.store/products/mots-c,"LANDSCAPE FULL LAB + 3mL DOSAGE PEN (16:9). Environment: receiving quarantine lab with labeled totes and barcode stations. Camera: 16:9 dolly-style hallway perspective into the lab. Lighting: high-key sterile white lighting, minimal shadows. Hero: one 3mL pre-filled research dosage pen labeled MOTS-C (P-MOT-001). Pen mid-ground inside complete laboratory landscape. No injection, no people. Variant cycle 5. SIGNAGE RULE: premium clean research lab only. No safety placards, no industrial alert graphics, no trefoil icons, no striped floor tape, no danger banners. Do not print alert words on walls, floors, labels, or posters. Only neutral room names and product typography.",Captions MUST be only about MOTS-C (P-MOT-001) and https://www.palmbeach-vitality.store/products/mots-c.,Active,418,
LS-PEN-069,vid_gen_landscape_scenes,16:9,pen_3ml_scene,PEN landscape 069 — NAD+,method-development lab with modular instrument islands,16:9 architectural wide shot showing ceiling utilities and floor plane,low-key dramatic instrument LEDs with controlled haze,"one 3mL pre-filled research dosage pen of NAD+ as SMALL mid-ground (never macro, no injection act, no people)",3mL pre-filled research dosage pen,P-NAD-001,NAD+,https://www.palmbeach-vitality.store/products/nad-pen-500mg,"LANDSCAPE FULL LAB + 3mL DOSAGE PEN (16:9). Environment: method-development lab with modular instrument islands. Camera: 16:9 architectural wide shot showing ceiling utilities and floor plane. Lighting: low-key dramatic instrument LEDs with controlled haze. Hero: one 3mL pre-filled research dosage pen labeled NAD+ (P-NAD-001). Pen mid-ground inside complete laboratory landscape. No injection, no people. Variant cycle 5. SIGNAGE RULE: premium clean research lab only. No safety placards, no industrial alert graphics, no trefoil icons, no striped floor tape, no danger banners. Do not print alert words on walls, floors, labels, or posters. Only neutral room names and product typography.",Captions MUST be only about NAD+ (P-NAD-001) and https://www.palmbeach-vitality.store/products/nad-pen-500mg.,Active,419,
LS-PEN-070,vid_gen_landscape_scenes,16:9,pen_3ml_scene,PEN landscape 070 — PT-141,lyophilization suite with freeze-dryer banks and vapor ducting,16:9 medium-wide environmental shot with product as small mid-ground element,daylight through clerestory windows plus soft fill,"one 3mL pre-filled research dosage pen of PT-141 as SMALL mid-ground (never macro, no injection act, no people)",3mL pre-filled research dosage pen,P-PT1-001,PT-141,https://www.palmbeach-vitality.store/products/pt-141-pen,"LANDSCAPE FULL LAB + 3mL DOSAGE PEN (16:9). Environment: lyophilization suite with freeze-dryer banks and vapor ducting. Camera: 16:9 medium-wide environmental shot with product as small mid-ground element. Lighting: daylight through clerestory windows plus soft fill. Hero: one 3mL pre-filled research dosage pen labeled PT-141 (P-PT1-001). Pen mid-ground inside complete laboratory landscape. No injection, no people. Variant cycle 5. SIGNAGE RULE: premium clean research lab only. No safety placards, no industrial alert graphics, no trefoil icons, no striped floor tape, no danger banners. Do not print alert words on walls, floors, labels, or posters. Only neutral room names and product typography.",Captions MUST be only about PT-141 (P-PT1-001) and https://www.palmbeach-vitality.store/products/pt-141-pen.,Active,420,
LS-PEN-071,vid_gen_landscape_scenes,16:9,pen_3ml_scene,PEN landscape 071 — Semax,fill-finish staging room with pass-through windows (no people),"16:9 landscape establishing shot, 24mm equivalent, deep focus",cool cyan-blue biotech rim with soft overhead panels,"one 3mL pre-filled research dosage pen of Semax as SMALL mid-ground (never macro, no injection act, no people)",3mL pre-filled research dosage pen,P-SMX-001,Semax,https://www.palmbeach-vitality.store/products/semax-pen,"LANDSCAPE FULL LAB + 3mL DOSAGE PEN (16:9). Environment: fill-finish staging room with pass-through windows (no people). Camera: 16:9 landscape establishing shot, 24mm equivalent, deep focus. Lighting: cool cyan-blue biotech rim with soft overhead panels. Hero: one 3mL pre-filled research dosage pen labeled Semax (P-SMX-001). Pen mid-ground inside complete laboratory landscape. No injection, no people. Variant cycle 5. SIGNAGE RULE: premium clean research lab only. No safety placards, no industrial alert graphics, no trefoil icons, no striped floor tape, no danger banners. Do not print alert words on walls, floors, labels, or posters. Only neutral room names and product typography.",Captions MUST be only about Semax (P-SMX-001) and https://www.palmbeach-vitality.store/products/semax-pen.,Active,421,
LS-PEN-072,vid_gen_landscape_scenes,16:9,pen_3ml_scene,PEN landscape 072 — Selank,robotics-assisted assay bay with idle arms over plate hotels,16:9 elevated three-quarter wide shot of the entire bay,warm-neutral catalog softboxes with clean speculars,"one 3mL pre-filled research dosage pen of Selank as SMALL mid-ground (never macro, no injection act, no people)",3mL pre-filled research dosage pen,P-SEL-001,Selank,https://www.palmbeach-vitality.store/products/selank-pen,"LANDSCAPE FULL LAB + 3mL DOSAGE PEN (16:9). Environment: robotics-assisted assay bay with idle arms over plate hotels. Camera: 16:9 elevated three-quarter wide shot of the entire bay. Lighting: warm-neutral catalog softboxes with clean speculars. Hero: one 3mL pre-filled research dosage pen labeled Selank (P-SEL-001). Pen mid-ground inside complete laboratory landscape. No injection, no people. Variant cycle 5. SIGNAGE RULE: premium clean research lab only. No safety placards, no industrial alert graphics, no trefoil icons, no striped floor tape, no danger banners. Do not print alert words on walls, floors, labels, or posters. Only neutral room names and product typography.",Captions MUST be only about Selank (P-SEL-001) and https://www.palmbeach-vitality.store/products/selank-pen.,Active,422,
LS-PEN-073,vid_gen_landscape_scenes,16:9,pen_3ml_scene,PEN landscape 073 — Sermorelin,optical inspection corridor with softbox lighting and mirror panels,16:9 dolly-style hallway perspective into the lab,"high-key sterile white lighting, minimal shadows","one 3mL pre-filled research dosage pen of Sermorelin as SMALL mid-ground (never macro, no injection act, no people)",3mL pre-filled research dosage pen,P-SER-001,Sermorelin,https://www.palmbeach-vitality.store/products/sermorelin-pen,"LANDSCAPE FULL LAB + 3mL DOSAGE PEN (16:9). Environment: optical inspection corridor with softbox lighting and mirror panels. Camera: 16:9 dolly-style hallway perspective into the lab. Lighting: high-key sterile white lighting, minimal shadows. Hero: one 3mL pre-filled research dosage pen labeled Sermorelin (P-SER-001). Pen mid-ground inside complete laboratory landscape. No injection, no people. Variant cycle 5. SIGNAGE RULE: premium clean research lab only. No safety placards, no industrial alert graphics, no trefoil icons, no striped floor tape, no danger banners. Do not print alert words on walls, floors, labels, or posters. Only neutral room names and product typography.",Captions MUST be only about Sermorelin (P-SER-001) and https://www.palmbeach-vitality.store/products/sermorelin-pen.,Active,423,
LS-PEN-074,vid_gen_landscape_scenes,16:9,pen_3ml_scene,PEN landscape 074 — Thymosin Alpha-1,wet lab adjacent to solvent storage with clear bench spans,16:9 architectural wide shot showing ceiling utilities and floor plane,low-key dramatic instrument LEDs with controlled haze,"one 3mL pre-filled research dosage pen of Thymosin Alpha-1 as SMALL mid-ground (never macro, no injection act, no people)",3mL pre-filled research dosage pen,P-TA1-001,Thymosin Alpha-1,https://www.palmbeach-vitality.store/products/ta-2,"LANDSCAPE FULL LAB + 3mL DOSAGE PEN (16:9). Environment: wet lab adjacent to solvent storage with clear bench spans. Camera: 16:9 architectural wide shot showing ceiling utilities and floor plane. Lighting: low-key dramatic instrument LEDs with controlled haze. Hero: one 3mL pre-filled research dosage pen labeled Thymosin Alpha-1 (P-TA1-001). Pen mid-ground inside complete laboratory landscape. No injection, no people. Variant cycle 5. SIGNAGE RULE: premium clean research lab only. No safety placards, no industrial alert graphics, no trefoil icons, no striped floor tape, no danger banners. Do not print alert words on walls, floors, labels, or posters. Only neutral room names and product typography.",Captions MUST be only about Thymosin Alpha-1 (P-TA1-001) and https://www.palmbeach-vitality.store/products/ta-2.,Active,424,
LS-PEN-075,vid_gen_landscape_scenes,16:9,pen_3ml_scene,PEN landscape 075 — Tesamorelin,spectroscopy annex hallway with instrument rooms on both sides,16:9 medium-wide environmental shot with product as small mid-ground element,daylight through clerestory windows plus soft fill,"one 3mL pre-filled research dosage pen of Tesamorelin as SMALL mid-ground (never macro, no injection act, no people)",3mL pre-filled research dosage pen,P-TES-001,Tesamorelin,https://www.palmbeach-vitality.store/products/tesamorelin-30mg-pen,"LANDSCAPE FULL LAB + 3mL DOSAGE PEN (16:9). Environment: spectroscopy annex hallway with instrument rooms on both sides. Camera: 16:9 medium-wide environmental shot with product as small mid-ground element. Lighting: daylight through clerestory windows plus soft fill. Hero: one 3mL pre-filled research dosage pen labeled Tesamorelin (P-TES-001). Pen mid-ground inside complete laboratory landscape. No injection, no people. Variant cycle 5. SIGNAGE RULE: premium clean research lab only. No safety placards, no industrial alert graphics, no trefoil icons, no striped floor tape, no danger banners. Do not print alert words on walls, floors, labels, or posters. Only neutral room names and product typography.",Captions MUST be only about Tesamorelin (P-TES-001) and https://www.palmbeach-vitality.store/products/tesamorelin-30mg-pen.,Active,425,
LS-PEN-076,vid_gen_landscape_scenes,16:9,pen_3ml_scene,PEN landscape 076 — Tesamorelin/Ipamorelin,bioreactor gallery with cylindrical vessels and control panels,"16:9 landscape establishing shot, 24mm equivalent, deep focus",cool cyan-blue biotech rim with soft overhead panels,"one 3mL pre-filled research dosage pen of Tesamorelin/Ipamorelin as SMALL mid-ground (never macro, no injection act, no people)",3mL pre-filled research dosage pen,P-TEI-001,Tesamorelin/Ipamorelin,https://www.palmbeach-vitality.store/products/tesamorelin-ipamorelin-pen,"LANDSCAPE FULL LAB + 3mL DOSAGE PEN (16:9). Environment: bioreactor gallery with cylindrical vessels and control panels. Camera: 16:9 landscape establishing shot, 24mm equivalent, deep focus. Lighting: cool cyan-blue biotech rim with soft overhead panels. Hero: one 3mL pre-filled research dosage pen labeled Tesamorelin/Ipamorelin (P-TEI-001). Pen mid-ground inside complete laboratory landscape. No injection, no people. Variant cycle 5. SIGNAGE RULE: premium clean research lab only. No safety placards, no industrial alert graphics, no trefoil icons, no striped floor tape, no danger banners. Do not print alert words on walls, floors, labels, or posters. Only neutral room names and product typography.",Captions MUST be only about Tesamorelin/Ipamorelin (P-TEI-001) and https://www.palmbeach-vitality.store/products/tesamorelin-ipamorelin-pen.,Active,426,
LS-PEN-077,vid_gen_landscape_scenes,16:9,pen_3ml_scene,PEN landscape 077 — BPC-157,clean packaging prep room with acrylic risers and catalog lighting,16:9 elevated three-quarter wide shot of the entire bay,warm-neutral catalog softboxes with clean speculars,"one 3mL pre-filled research dosage pen of BPC-157 as SMALL mid-ground (never macro, no injection act, no people)",3mL pre-filled research dosage pen,P-BPC-001,BPC-157,https://www.palmbeach-vitality.store/products/bpc-157-pen,"LANDSCAPE FULL LAB + 3mL DOSAGE PEN (16:9). Environment: clean packaging prep room with acrylic risers and catalog lighting. Camera: 16:9 elevated three-quarter wide shot of the entire bay. Lighting: warm-neutral catalog softboxes with clean speculars. Hero: one 3mL pre-filled research dosage pen labeled BPC-157 (P-BPC-001). Pen mid-ground inside complete laboratory landscape. No injection, no people. Variant cycle 5. SIGNAGE RULE: premium clean research lab only. No safety placards, no industrial alert graphics, no trefoil icons, no striped floor tape, no danger banners. Do not print alert words on walls, floors, labels, or posters. Only neutral room names and product typography.",Captions MUST be only about BPC-157 (P-BPC-001) and https://www.palmbeach-vitality.store/products/bpc-157-pen.,Active,427,
LS-PEN-078,vid_gen_landscape_scenes,16:9,pen_3ml_scene,PEN landscape 078 — BPC-157 / TB-500,low-ambient night lab with instrument standby LEDs,16:9 dolly-style hallway perspective into the lab,"high-key sterile white lighting, minimal shadows","one 3mL pre-filled research dosage pen of BPC-157 / TB-500 as SMALL mid-ground (never macro, no injection act, no people)",3mL pre-filled research dosage pen,P-WOL-001,BPC-157 / TB-500,https://www.palmbeach-vitality.store/products/wolverine-pen,"LANDSCAPE FULL LAB + 3mL DOSAGE PEN (16:9). Environment: low-ambient night lab with instrument standby LEDs. Camera: 16:9 dolly-style hallway perspective into the lab. Lighting: high-key sterile white lighting, minimal shadows. Hero: one 3mL pre-filled research dosage pen labeled BPC-157 / TB-500 (P-WOL-001). Pen mid-ground inside complete laboratory landscape. No injection, no people. Variant cycle 5. SIGNAGE RULE: premium clean research lab only. No safety placards, no industrial alert graphics, no trefoil icons, no striped floor tape, no danger banners. Do not print alert words on walls, floors, labels, or posters. Only neutral room names and product typography.",Captions MUST be only about BPC-157 / TB-500 (P-WOL-001) and https://www.palmbeach-vitality.store/products/wolverine-pen.,Active,428,
LS-PEN-079,vid_gen_landscape_scenes,16:9,pen_3ml_scene,PEN landscape 079 — CJC (no DAC)/Ipamorelin,mezzanine utility corridor above the main synthesis floor,16:9 architectural wide shot showing ceiling utilities and floor plane,low-key dramatic instrument LEDs with controlled haze,"one 3mL pre-filled research dosage pen of CJC (no DAC)/Ipamorelin as SMALL mid-ground (never macro, no injection act, no people)",3mL pre-filled research dosage pen,P-CII-001,CJC (no DAC)/Ipamorelin,https://www.palmbeach-vitality.store/products/cjc-ipamorelin-1,"LANDSCAPE FULL LAB + 3mL DOSAGE PEN (16:9). Environment: mezzanine utility corridor above the main synthesis floor. Camera: 16:9 architectural wide shot showing ceiling utilities and floor plane. Lighting: low-key dramatic instrument LEDs with controlled haze. Hero: one 3mL pre-filled research dosage pen labeled CJC (no DAC)/Ipamorelin (P-CII-001). Pen mid-ground inside complete laboratory landscape. No injection, no people. Variant cycle 5. SIGNAGE RULE: premium clean research lab only. No safety placards, no industrial alert graphics, no trefoil icons, no striped floor tape, no danger banners. Do not print alert words on walls, floors, labels, or posters. Only neutral room names and product typography.",Captions MUST be only about CJC (no DAC)/Ipamorelin (P-CII-001) and https://www.palmbeach-vitality.store/products/cjc-ipamorelin-1.,Active,429,
LS-PEN-080,vid_gen_landscape_scenes,16:9,pen_3ml_scene,PEN landscape 080 — DSIP,glassware prep lab with drying racks stretching into distance,16:9 medium-wide environmental shot with product as small mid-ground element,daylight through clerestory windows plus soft fill,"one 3mL pre-filled research dosage pen of DSIP as SMALL mid-ground (never macro, no injection act, no people)",3mL pre-filled research dosage pen,P-DSI-001,DSIP,https://www.palmbeach-vitality.store/products/dsip-pen,"LANDSCAPE FULL LAB + 3mL DOSAGE PEN (16:9). Environment: glassware prep lab with drying racks stretching into distance. Camera: 16:9 medium-wide environmental shot with product as small mid-ground element. Lighting: daylight through clerestory windows plus soft fill. Hero: one 3mL pre-filled research dosage pen labeled DSIP (P-DSI-001). Pen mid-ground inside complete laboratory landscape. No injection, no people. Variant cycle 5. SIGNAGE RULE: premium clean research lab only. No safety placards, no industrial alert graphics, no trefoil icons, no striped floor tape, no danger banners. Do not print alert words on walls, floors, labels, or posters. Only neutral room names and product typography.",Captions MUST be only about DSIP (P-DSI-001) and https://www.palmbeach-vitality.store/products/dsip-pen.,Active,430,
LS-PEN-081,vid_gen_landscape_scenes,16:9,pen_3ml_scene,PEN landscape 081 — GHK-Cu,calibration lab with metrology benches and precision fixtures,"16:9 landscape establishing shot, 24mm equivalent, deep focus",cool cyan-blue biotech rim with soft overhead panels,"one 3mL pre-filled research dosage pen of GHK-Cu as SMALL mid-ground (never macro, no injection act, no people)",3mL pre-filled research dosage pen,P-GHK-001,GHK-Cu,https://www.palmbeach-vitality.store/products/ghk-cu-pen,"LANDSCAPE FULL LAB + 3mL DOSAGE PEN (16:9). Environment: calibration lab with metrology benches and precision fixtures. Camera: 16:9 landscape establishing shot, 24mm equivalent, deep focus. Lighting: cool cyan-blue biotech rim with soft overhead panels. Hero: one 3mL pre-filled research dosage pen labeled GHK-Cu (P-GHK-001). Pen mid-ground inside complete laboratory landscape. No injection, no people. Variant cycle 5. SIGNAGE RULE: premium clean research lab only. No safety placards, no industrial alert graphics, no trefoil icons, no striped floor tape, no danger banners. Do not print alert words on walls, floors, labels, or posters. Only neutral room names and product typography.",Captions MUST be only about GHK-Cu (P-GHK-001) and https://www.palmbeach-vitality.store/products/ghk-cu-pen.,Active,431,
LS-PEN-082,vid_gen_landscape_scenes,16:9,pen_3ml_scene,PEN landscape 082 — 5-Amino-1MQ,lab control room with wall displays (no faces),16:9 elevated three-quarter wide shot of the entire bay,warm-neutral catalog softboxes with clean speculars,"one 3mL pre-filled research dosage pen of 5-Amino-1MQ as SMALL mid-ground (never macro, no injection act, no people)",3mL pre-filled research dosage pen,P-5AM-001,5-Amino-1MQ,https://www.palmbeach-vitality.store/products/5-amino-mq-pen,"LANDSCAPE FULL LAB + 3mL DOSAGE PEN (16:9). Environment: lab control room with wall displays (no faces). Camera: 16:9 elevated three-quarter wide shot of the entire bay. Lighting: warm-neutral catalog softboxes with clean speculars. Hero: one 3mL pre-filled research dosage pen labeled 5-Amino-1MQ (P-5AM-001). Pen mid-ground inside complete laboratory landscape. No injection, no people. Variant cycle 5. SIGNAGE RULE: premium clean research lab only. No safety placards, no industrial alert graphics, no trefoil icons, no striped floor tape, no danger banners. Do not print alert words on walls, floors, labels, or posters. Only neutral room names and product typography.",Captions MUST be only about 5-Amino-1MQ (P-5AM-001) and https://www.palmbeach-vitality.store/products/5-amino-mq-pen.,Active,432,
LS-PEN-083,vid_gen_landscape_scenes,16:9,pen_3ml_scene,PEN landscape 083 — BPC-157 / TB-500 / GHK-Cu,modular containerized lab pods in a warehouse-scale bay,16:9 dolly-style hallway perspective into the lab,"high-key sterile white lighting, minimal shadows","one 3mL pre-filled research dosage pen of BPC-157 / TB-500 / GHK-Cu as SMALL mid-ground (never macro, no injection act, no people)",3mL pre-filled research dosage pen,P-GLO-001,BPC-157 / TB-500 / GHK-Cu,https://www.palmbeach-vitality.store/products/glow-pen,"LANDSCAPE FULL LAB + 3mL DOSAGE PEN (16:9). Environment: modular containerized lab pods in a warehouse-scale bay. Camera: 16:9 dolly-style hallway perspective into the lab. Lighting: high-key sterile white lighting, minimal shadows. Hero: one 3mL pre-filled research dosage pen labeled BPC-157 / TB-500 / GHK-Cu (P-GLO-001). Pen mid-ground inside complete laboratory landscape. No injection, no people. Variant cycle 5. SIGNAGE RULE: premium clean research lab only. No safety placards, no industrial alert graphics, no trefoil icons, no striped floor tape, no danger banners. Do not print alert words on walls, floors, labels, or posters. Only neutral room names and product typography.",Captions MUST be only about BPC-157 / TB-500 / GHK-Cu (P-GLO-001) and https://www.palmbeach-vitality.store/products/glow-pen.,Active,433,
LS-PEN-084,vid_gen_landscape_scenes,16:9,pen_3ml_scene,PEN landscape 084 — SS-31,high-key white research catalog stage built as a full laboratory,16:9 architectural wide shot showing ceiling utilities and floor plane,low-key dramatic instrument LEDs with controlled haze,"one 3mL pre-filled research dosage pen of SS-31 as SMALL mid-ground (never macro, no injection act, no people)",3mL pre-filled research dosage pen,P-SS3-001,SS-31,https://www.palmbeach-vitality.store/products/ss-31-pen,"LANDSCAPE FULL LAB + 3mL DOSAGE PEN (16:9). Environment: high-key white research catalog stage built as a full laboratory. Camera: 16:9 architectural wide shot showing ceiling utilities and floor plane. Lighting: low-key dramatic instrument LEDs with controlled haze. Hero: one 3mL pre-filled research dosage pen labeled SS-31 (P-SS3-001). Pen mid-ground inside complete laboratory landscape. No injection, no people. Variant cycle 5. SIGNAGE RULE: premium clean research lab only. No safety placards, no industrial alert graphics, no trefoil icons, no striped floor tape, no danger banners. Do not print alert words on walls, floors, labels, or posters. Only neutral room names and product typography.",Captions MUST be only about SS-31 (P-SS3-001) and https://www.palmbeach-vitality.store/products/ss-31-pen.,Active,434,
LS-PEN-085,vid_gen_landscape_scenes,16:9,pen_3ml_scene,PEN landscape 085 — KPV,bronze-and-glass premium lab lobby opening into research floors,16:9 medium-wide environmental shot with product as small mid-ground element,daylight through clerestory windows plus soft fill,"one 3mL pre-filled research dosage pen of KPV as SMALL mid-ground (never macro, no injection act, no people)",3mL pre-filled research dosage pen,P-KPV-001,KPV,https://www.palmbeach-vitality.store/products/kpv,"LANDSCAPE FULL LAB + 3mL DOSAGE PEN (16:9). Environment: bronze-and-glass premium lab lobby opening into research floors. Camera: 16:9 medium-wide environmental shot with product as small mid-ground element. Lighting: daylight through clerestory windows plus soft fill. Hero: one 3mL pre-filled research dosage pen labeled KPV (P-KPV-001). Pen mid-ground inside complete laboratory landscape. No injection, no people. Variant cycle 5. SIGNAGE RULE: premium clean research lab only. No safety placards, no industrial alert graphics, no trefoil icons, no striped floor tape, no danger banners. Do not print alert words on walls, floors, labels, or posters. Only neutral room names and product typography.",Captions MUST be only about KPV (P-KPV-001) and https://www.palmbeach-vitality.store/products/kpv.,Active,435,
LS-PEN-086,vid_gen_landscape_scenes,16:9,pen_3ml_scene,PEN landscape 086 — Semaglutide,secure research vault corridor with airlocks (no alert signage),"16:9 landscape establishing shot, 24mm equivalent, deep focus",cool cyan-blue biotech rim with soft overhead panels,"one 3mL pre-filled research dosage pen of Semaglutide as SMALL mid-ground (never macro, no injection act, no people)",3mL pre-filled research dosage pen,P-SEM-001,Semaglutide,https://www.palmbeach-vitality.store/products/semaglutide-1-5mg-pen,"LANDSCAPE FULL LAB + 3mL DOSAGE PEN (16:9). Environment: secure research vault corridor with airlocks (no alert signage). Camera: 16:9 landscape establishing shot, 24mm equivalent, deep focus. Lighting: cool cyan-blue biotech rim with soft overhead panels. Hero: one 3mL pre-filled research dosage pen labeled Semaglutide (P-SEM-001). Pen mid-ground inside complete laboratory landscape. No injection, no people. Variant cycle 5. SIGNAGE RULE: premium clean research lab only. No safety placards, no industrial alert graphics, no trefoil icons, no striped floor tape, no danger banners. Do not print alert words on walls, floors, labels, or posters. Only neutral room names and product typography.",Captions MUST be only about Semaglutide (P-SEM-001) and https://www.palmbeach-vitality.store/products/semaglutide-1-5mg-pen.,Active,436,
LS-PEN-087,vid_gen_landscape_scenes,16:9,pen_3ml_scene,PEN landscape 087 — Tirzepatide,rooftop mechanical penthouse lab with HVAC stacks in wide frame,16:9 elevated three-quarter wide shot of the entire bay,warm-neutral catalog softboxes with clean speculars,"one 3mL pre-filled research dosage pen of Tirzepatide as SMALL mid-ground (never macro, no injection act, no people)",3mL pre-filled research dosage pen,P-TIR-001,Tirzepatide,https://www.palmbeach-vitality.store/products/tirzepatide-10mg-pen,"LANDSCAPE FULL LAB + 3mL DOSAGE PEN (16:9). Environment: rooftop mechanical penthouse lab with HVAC stacks in wide frame. Camera: 16:9 elevated three-quarter wide shot of the entire bay. Lighting: warm-neutral catalog softboxes with clean speculars. Hero: one 3mL pre-filled research dosage pen labeled Tirzepatide (P-TIR-001). Pen mid-ground inside complete laboratory landscape. No injection, no people. Variant cycle 5. SIGNAGE RULE: premium clean research lab only. No safety placards, no industrial alert graphics, no trefoil icons, no striped floor tape, no danger banners. Do not print alert words on walls, floors, labels, or posters. Only neutral room names and product typography.",Captions MUST be only about Tirzepatide (P-TIR-001) and https://www.palmbeach-vitality.store/products/tirzepatide-10mg-pen.,Active,437,
LS-PEN-088,vid_gen_landscape_scenes,16:9,pen_3ml_scene,PEN landscape 088 — Retatrutide,coastal research campus lab with clerestory daylight,16:9 dolly-style hallway perspective into the lab,"high-key sterile white lighting, minimal shadows","one 3mL pre-filled research dosage pen of Retatrutide as SMALL mid-ground (never macro, no injection act, no people)",3mL pre-filled research dosage pen,P-RET-001,Retatrutide,https://www.palmbeach-vitality.store/products/retatrutride-8mg-pen,"LANDSCAPE FULL LAB + 3mL DOSAGE PEN (16:9). Environment: coastal research campus lab with clerestory daylight. Camera: 16:9 dolly-style hallway perspective into the lab. Lighting: high-key sterile white lighting, minimal shadows. Hero: one 3mL pre-filled research dosage pen labeled Retatrutide (P-RET-001). Pen mid-ground inside complete laboratory landscape. No injection, no people. Variant cycle 5. SIGNAGE RULE: premium clean research lab only. No safety placards, no industrial alert graphics, no trefoil icons, no striped floor tape, no danger banners. Do not print alert words on walls, floors, labels, or posters. Only neutral room names and product typography.",Captions MUST be only about Retatrutide (P-RET-001) and https://www.palmbeach-vitality.store/products/retatrutride-8mg-pen.,Active,438,
LS-PEN-089,vid_gen_landscape_scenes,16:9,pen_3ml_scene,PEN landscape 089 — KPV / BPC-157 / TB-500 / GHK-Cu,blackout photography lab stage dressed as a peptide research floor,16:9 architectural wide shot showing ceiling utilities and floor plane,low-key dramatic instrument LEDs with controlled haze,"one 3mL pre-filled research dosage pen of KPV / BPC-157 / TB-500 / GHK-Cu as SMALL mid-ground (never macro, no injection act, no people)",3mL pre-filled research dosage pen,P-KLO-001,KPV / BPC-157 / TB-500 / GHK-Cu,https://www.palmbeach-vitality.store/products/klow-pen,"LANDSCAPE FULL LAB + 3mL DOSAGE PEN (16:9). Environment: blackout photography lab stage dressed as a peptide research floor. Camera: 16:9 architectural wide shot showing ceiling utilities and floor plane. Lighting: low-key dramatic instrument LEDs with controlled haze. Hero: one 3mL pre-filled research dosage pen labeled KPV / BPC-157 / TB-500 / GHK-Cu (P-KLO-001). Pen mid-ground inside complete laboratory landscape. No injection, no people. Variant cycle 5. SIGNAGE RULE: premium clean research lab only. No safety placards, no industrial alert graphics, no trefoil icons, no striped floor tape, no danger banners. Do not print alert words on walls, floors, labels, or posters. Only neutral room names and product typography.",Captions MUST be only about KPV / BPC-157 / TB-500 / GHK-Cu (P-KLO-001) and https://www.palmbeach-vitality.store/products/klow-pen.,Active,439,
LS-PEN-090,vid_gen_landscape_scenes,16:9,pen_3ml_scene,PEN landscape 090 — MOTS-C,hex-grid raised floor tech lab with cable management under glass tiles,16:9 medium-wide environmental shot with product as small mid-ground element,daylight through clerestory windows plus soft fill,"one 3mL pre-filled research dosage pen of MOTS-C as SMALL mid-ground (never macro, no injection act, no people)",3mL pre-filled research dosage pen,P-MOT-001,MOTS-C,https://www.palmbeach-vitality.store/products/mots-c,"LANDSCAPE FULL LAB + 3mL DOSAGE PEN (16:9). Environment: hex-grid raised floor tech lab with cable management under glass tiles. Camera: 16:9 medium-wide environmental shot with product as small mid-ground element. Lighting: daylight through clerestory windows plus soft fill. Hero: one 3mL pre-filled research dosage pen labeled MOTS-C (P-MOT-001). Pen mid-ground inside complete laboratory landscape. No injection, no people. Variant cycle 5. SIGNAGE RULE: premium clean research lab only. No safety placards, no industrial alert graphics, no trefoil icons, no striped floor tape, no danger banners. Do not print alert words on walls, floors, labels, or posters. Only neutral room names and product typography.",Captions MUST be only about MOTS-C (P-MOT-001) and https://www.palmbeach-vitality.store/products/mots-c.,Active,440,
LS-PEN-091,vid_gen_landscape_scenes,16:9,pen_3ml_scene,PEN landscape 091 — NAD+,double-height synthesis hall with hanging reactor scaffolds,"16:9 landscape establishing shot, 24mm equivalent, deep focus",cool cyan-blue biotech rim with soft overhead panels,"one 3mL pre-filled research dosage pen of NAD+ as SMALL mid-ground (never macro, no injection act, no people)",3mL pre-filled research dosage pen,P-NAD-001,NAD+,https://www.palmbeach-vitality.store/products/nad-pen-500mg,"LANDSCAPE FULL LAB + 3mL DOSAGE PEN (16:9). Environment: double-height synthesis hall with hanging reactor scaffolds. Camera: 16:9 landscape establishing shot, 24mm equivalent, deep focus. Lighting: cool cyan-blue biotech rim with soft overhead panels. Hero: one 3mL pre-filled research dosage pen labeled NAD+ (P-NAD-001). Pen mid-ground inside complete laboratory landscape. No injection, no people. Variant cycle 5. SIGNAGE RULE: premium clean research lab only. No safety placards, no industrial alert graphics, no trefoil icons, no striped floor tape, no danger banners. Do not print alert words on walls, floors, labels, or posters. Only neutral room names and product typography.",Captions MUST be only about NAD+ (P-NAD-001) and https://www.palmbeach-vitality.store/products/nad-pen-500mg.,Active,441,
LS-PEN-092,vid_gen_landscape_scenes,16:9,pen_3ml_scene,PEN landscape 092 — PT-141,narrow instrument canyon between two rows of tall analyzers,16:9 elevated three-quarter wide shot of the entire bay,warm-neutral catalog softboxes with clean speculars,"one 3mL pre-filled research dosage pen of PT-141 as SMALL mid-ground (never macro, no injection act, no people)",3mL pre-filled research dosage pen,P-PT1-001,PT-141,https://www.palmbeach-vitality.store/products/pt-141-pen,"LANDSCAPE FULL LAB + 3mL DOSAGE PEN (16:9). Environment: narrow instrument canyon between two rows of tall analyzers. Camera: 16:9 elevated three-quarter wide shot of the entire bay. Lighting: warm-neutral catalog softboxes with clean speculars. Hero: one 3mL pre-filled research dosage pen labeled PT-141 (P-PT1-001). Pen mid-ground inside complete laboratory landscape. No injection, no people. Variant cycle 5. SIGNAGE RULE: premium clean research lab only. No safety placards, no industrial alert graphics, no trefoil icons, no striped floor tape, no danger banners. Do not print alert words on walls, floors, labels, or posters. Only neutral room names and product typography.",Captions MUST be only about PT-141 (P-PT1-001) and https://www.palmbeach-vitality.store/products/pt-141-pen.,Active,442,
LS-PEN-093,vid_gen_landscape_scenes,16:9,pen_3ml_scene,PEN landscape 093 — Semax,circular empty collaboration lab with ring benches and center island,16:9 dolly-style hallway perspective into the lab,"high-key sterile white lighting, minimal shadows","one 3mL pre-filled research dosage pen of Semax as SMALL mid-ground (never macro, no injection act, no people)",3mL pre-filled research dosage pen,P-SMX-001,Semax,https://www.palmbeach-vitality.store/products/semax-pen,"LANDSCAPE FULL LAB + 3mL DOSAGE PEN (16:9). Environment: circular empty collaboration lab with ring benches and center island. Camera: 16:9 dolly-style hallway perspective into the lab. Lighting: high-key sterile white lighting, minimal shadows. Hero: one 3mL pre-filled research dosage pen labeled Semax (P-SMX-001). Pen mid-ground inside complete laboratory landscape. No injection, no people. Variant cycle 5. SIGNAGE RULE: premium clean research lab only. No safety placards, no industrial alert graphics, no trefoil icons, no striped floor tape, no danger banners. Do not print alert words on walls, floors, labels, or posters. Only neutral room names and product typography.",Captions MUST be only about Semax (P-SMX-001) and https://www.palmbeach-vitality.store/products/semax-pen.,Active,443,
LS-PEN-094,vid_gen_landscape_scenes,16:9,pen_3ml_scene,PEN landscape 094 — Selank,reference-standard vault with labeled drawers and cold cases,16:9 architectural wide shot showing ceiling utilities and floor plane,low-key dramatic instrument LEDs with controlled haze,"one 3mL pre-filled research dosage pen of Selank as SMALL mid-ground (never macro, no injection act, no people)",3mL pre-filled research dosage pen,P-SEL-001,Selank,https://www.palmbeach-vitality.store/products/selank-pen,"LANDSCAPE FULL LAB + 3mL DOSAGE PEN (16:9). Environment: reference-standard vault with labeled drawers and cold cases. Camera: 16:9 architectural wide shot showing ceiling utilities and floor plane. Lighting: low-key dramatic instrument LEDs with controlled haze. Hero: one 3mL pre-filled research dosage pen labeled Selank (P-SEL-001). Pen mid-ground inside complete laboratory landscape. No injection, no people. Variant cycle 5. SIGNAGE RULE: premium clean research lab only. No safety placards, no industrial alert graphics, no trefoil icons, no striped floor tape, no danger banners. Do not print alert words on walls, floors, labels, or posters. Only neutral room names and product typography.",Captions MUST be only about Selank (P-SEL-001) and https://www.palmbeach-vitality.store/products/selank-pen.,Active,444,
LS-PEN-095,vid_gen_landscape_scenes,16:9,pen_3ml_scene,PEN landscape 095 — Sermorelin,training cleanroom mockup with gowning anteroom (no people),16:9 medium-wide environmental shot with product as small mid-ground element,daylight through clerestory windows plus soft fill,"one 3mL pre-filled research dosage pen of Sermorelin as SMALL mid-ground (never macro, no injection act, no people)",3mL pre-filled research dosage pen,P-SER-001,Sermorelin,https://www.palmbeach-vitality.store/products/sermorelin-pen,"LANDSCAPE FULL LAB + 3mL DOSAGE PEN (16:9). Environment: training cleanroom mockup with gowning anteroom (no people). Camera: 16:9 medium-wide environmental shot with product as small mid-ground element. Lighting: daylight through clerestory windows plus soft fill. Hero: one 3mL pre-filled research dosage pen labeled Sermorelin (P-SER-001). Pen mid-ground inside complete laboratory landscape. No injection, no people. Variant cycle 5. SIGNAGE RULE: premium clean research lab only. No safety placards, no industrial alert graphics, no trefoil icons, no striped floor tape, no danger banners. Do not print alert words on walls, floors, labels, or posters. Only neutral room names and product typography.",Captions MUST be only about Sermorelin (P-SER-001) and https://www.palmbeach-vitality.store/products/sermorelin-pen.,Active,445,
LS-PEN-096,vid_gen_landscape_scenes,16:9,pen_3ml_scene,PEN landscape 096 — Thymosin Alpha-1,pilot-scale manufacturing cell with skid systems and umbilicals,"16:9 landscape establishing shot, 24mm equivalent, deep focus",cool cyan-blue biotech rim with soft overhead panels,"one 3mL pre-filled research dosage pen of Thymosin Alpha-1 as SMALL mid-ground (never macro, no injection act, no people)",3mL pre-filled research dosage pen,P-TA1-001,Thymosin Alpha-1,https://www.palmbeach-vitality.store/products/ta-2,"LANDSCAPE FULL LAB + 3mL DOSAGE PEN (16:9). Environment: pilot-scale manufacturing cell with skid systems and umbilicals. Camera: 16:9 landscape establishing shot, 24mm equivalent, deep focus. Lighting: cool cyan-blue biotech rim with soft overhead panels. Hero: one 3mL pre-filled research dosage pen labeled Thymosin Alpha-1 (P-TA1-001). Pen mid-ground inside complete laboratory landscape. No injection, no people. Variant cycle 5. SIGNAGE RULE: premium clean research lab only. No safety placards, no industrial alert graphics, no trefoil icons, no striped floor tape, no danger banners. Do not print alert words on walls, floors, labels, or posters. Only neutral room names and product typography.",Captions MUST be only about Thymosin Alpha-1 (P-TA1-001) and https://www.palmbeach-vitality.store/products/ta-2.,Active,446,
LS-PEN-097,vid_gen_landscape_scenes,16:9,pen_3ml_scene,PEN landscape 097 — Tesamorelin,dark fluorescence-ready lab with instrument towers,16:9 elevated three-quarter wide shot of the entire bay,warm-neutral catalog softboxes with clean speculars,"one 3mL pre-filled research dosage pen of Tesamorelin as SMALL mid-ground (never macro, no injection act, no people)",3mL pre-filled research dosage pen,P-TES-001,Tesamorelin,https://www.palmbeach-vitality.store/products/tesamorelin-30mg-pen,"LANDSCAPE FULL LAB + 3mL DOSAGE PEN (16:9). Environment: dark fluorescence-ready lab with instrument towers. Camera: 16:9 elevated three-quarter wide shot of the entire bay. Lighting: warm-neutral catalog softboxes with clean speculars. Hero: one 3mL pre-filled research dosage pen labeled Tesamorelin (P-TES-001). Pen mid-ground inside complete laboratory landscape. No injection, no people. Variant cycle 5. SIGNAGE RULE: premium clean research lab only. No safety placards, no industrial alert graphics, no trefoil icons, no striped floor tape, no danger banners. Do not print alert words on walls, floors, labels, or posters. Only neutral room names and product typography.",Captions MUST be only about Tesamorelin (P-TES-001) and https://www.palmbeach-vitality.store/products/tesamorelin-30mg-pen.,Active,447,
LS-PEN-098,vid_gen_landscape_scenes,16:9,pen_3ml_scene,PEN landscape 098 — Tesamorelin/Ipamorelin,cross-shaped intersection of four research corridors,16:9 dolly-style hallway perspective into the lab,"high-key sterile white lighting, minimal shadows","one 3mL pre-filled research dosage pen of Tesamorelin/Ipamorelin as SMALL mid-ground (never macro, no injection act, no people)",3mL pre-filled research dosage pen,P-TEI-001,Tesamorelin/Ipamorelin,https://www.palmbeach-vitality.store/products/tesamorelin-ipamorelin-pen,"LANDSCAPE FULL LAB + 3mL DOSAGE PEN (16:9). Environment: cross-shaped intersection of four research corridors. Camera: 16:9 dolly-style hallway perspective into the lab. Lighting: high-key sterile white lighting, minimal shadows. Hero: one 3mL pre-filled research dosage pen labeled Tesamorelin/Ipamorelin (P-TEI-001). Pen mid-ground inside complete laboratory landscape. No injection, no people. Variant cycle 5. SIGNAGE RULE: premium clean research lab only. No safety placards, no industrial alert graphics, no trefoil icons, no striped floor tape, no danger banners. Do not print alert words on walls, floors, labels, or posters. Only neutral room names and product typography.",Captions MUST be only about Tesamorelin/Ipamorelin (P-TEI-001) and https://www.palmbeach-vitality.store/products/tesamorelin-ipamorelin-pen.,Active,448,
LS-PEN-099,vid_gen_landscape_scenes,16:9,pen_3ml_scene,PEN landscape 099 — BPC-157,minimalist white future-lab pavilion with floating island benches,16:9 architectural wide shot showing ceiling utilities and floor plane,low-key dramatic instrument LEDs with controlled haze,"one 3mL pre-filled research dosage pen of BPC-157 as SMALL mid-ground (never macro, no injection act, no people)",3mL pre-filled research dosage pen,P-BPC-001,BPC-157,https://www.palmbeach-vitality.store/products/bpc-157-pen,"LANDSCAPE FULL LAB + 3mL DOSAGE PEN (16:9). Environment: minimalist white future-lab pavilion with floating island benches. Camera: 16:9 architectural wide shot showing ceiling utilities and floor plane. Lighting: low-key dramatic instrument LEDs with controlled haze. Hero: one 3mL pre-filled research dosage pen labeled BPC-157 (P-BPC-001). Pen mid-ground inside complete laboratory landscape. No injection, no people. Variant cycle 5. SIGNAGE RULE: premium clean research lab only. No safety placards, no industrial alert graphics, no trefoil icons, no striped floor tape, no danger banners. Do not print alert words on walls, floors, labels, or posters. Only neutral room names and product typography.",Captions MUST be only about BPC-157 (P-BPC-001) and https://www.palmbeach-vitality.store/products/bpc-157-pen.,Active,449,
LS-PEN-100,vid_gen_landscape_scenes,16:9,pen_3ml_scene,PEN landscape 100 — BPC-157 / TB-500,modern utility spine corridor through a lab hall,16:9 medium-wide environmental shot with product as small mid-ground element,daylight through clerestory windows plus soft fill,"one 3mL pre-filled research dosage pen of BPC-157 / TB-500 as SMALL mid-ground (never macro, no injection act, no people)",3mL pre-filled research dosage pen,P-WOL-001,BPC-157 / TB-500,https://www.palmbeach-vitality.store/products/wolverine-pen,"LANDSCAPE FULL LAB + 3mL DOSAGE PEN (16:9). Environment: modern utility spine corridor through a lab hall. Camera: 16:9 medium-wide environmental shot with product as small mid-ground element. Lighting: daylight through clerestory windows plus soft fill. Hero: one 3mL pre-filled research dosage pen labeled BPC-157 / TB-500 (P-WOL-001). Pen mid-ground inside complete laboratory landscape. No injection, no people. Variant cycle 5. SIGNAGE RULE: premium clean research lab only. No safety placards, no industrial alert graphics, no trefoil icons, no striped floor tape, no danger banners. Do not print alert words on walls, floors, labels, or posters. Only neutral room names and product typography.",Captions MUST be only about BPC-157 / TB-500 (P-WOL-001) and https://www.palmbeach-vitality.store/products/wolverine-pen.,Active,450,
LS-PEN-101,vid_gen_landscape_scenes,16:9,pen_3ml_scene,PEN landscape 101 — CJC (no DAC)/Ipamorelin,teal-glass sterile suite with ocean-tone partitions,"16:9 landscape establishing shot, 24mm equivalent, deep focus",cool cyan-blue biotech rim with soft overhead panels,"one 3mL pre-filled research dosage pen of CJC (no DAC)/Ipamorelin as SMALL mid-ground (never macro, no injection act, no people)",3mL pre-filled research dosage pen,P-CII-001,CJC (no DAC)/Ipamorelin,https://www.palmbeach-vitality.store/products/cjc-ipamorelin-1,"LANDSCAPE FULL LAB + 3mL DOSAGE PEN (16:9). Environment: teal-glass sterile suite with ocean-tone partitions. Camera: 16:9 landscape establishing shot, 24mm equivalent, deep focus. Lighting: cool cyan-blue biotech rim with soft overhead panels. Hero: one 3mL pre-filled research dosage pen labeled CJC (no DAC)/Ipamorelin (P-CII-001). Pen mid-ground inside complete laboratory landscape. No injection, no people. Variant cycle 5. SIGNAGE RULE: premium clean research lab only. No safety placards, no industrial alert graphics, no trefoil icons, no striped floor tape, no danger banners. Do not print alert words on walls, floors, labels, or posters. Only neutral room names and product typography.",Captions MUST be only about CJC (no DAC)/Ipamorelin (P-CII-001) and https://www.palmbeach-vitality.store/products/cjc-ipamorelin-1.,Active,451,
LS-PEN-102,vid_gen_landscape_scenes,16:9,pen_3ml_scene,PEN landscape 102 — DSIP,sandstone-and-steel desert research lab with warm hard light,16:9 elevated three-quarter wide shot of the entire bay,warm-neutral catalog softboxes with clean speculars,"one 3mL pre-filled research dosage pen of DSIP as SMALL mid-ground (never macro, no injection act, no people)",3mL pre-filled research dosage pen,P-DSI-001,DSIP,https://www.palmbeach-vitality.store/products/dsip-pen,"LANDSCAPE FULL LAB + 3mL DOSAGE PEN (16:9). Environment: sandstone-and-steel desert research lab with warm hard light. Camera: 16:9 elevated three-quarter wide shot of the entire bay. Lighting: warm-neutral catalog softboxes with clean speculars. Hero: one 3mL pre-filled research dosage pen labeled DSIP (P-DSI-001). Pen mid-ground inside complete laboratory landscape. No injection, no people. Variant cycle 5. SIGNAGE RULE: premium clean research lab only. No safety placards, no industrial alert graphics, no trefoil icons, no striped floor tape, no danger banners. Do not print alert words on walls, floors, labels, or posters. Only neutral room names and product typography.",Captions MUST be only about DSIP (P-DSI-001) and https://www.palmbeach-vitality.store/products/dsip-pen.,Active,452,
LS-PEN-103,vid_gen_landscape_scenes,16:9,pen_3ml_scene,PEN landscape 103 — GHK-Cu,indigo night lab with magenta instrument accents,16:9 dolly-style hallway perspective into the lab,"high-key sterile white lighting, minimal shadows","one 3mL pre-filled research dosage pen of GHK-Cu as SMALL mid-ground (never macro, no injection act, no people)",3mL pre-filled research dosage pen,P-GHK-001,GHK-Cu,https://www.palmbeach-vitality.store/products/ghk-cu-pen,"LANDSCAPE FULL LAB + 3mL DOSAGE PEN (16:9). Environment: indigo night lab with magenta instrument accents. Camera: 16:9 dolly-style hallway perspective into the lab. Lighting: high-key sterile white lighting, minimal shadows. Hero: one 3mL pre-filled research dosage pen labeled GHK-Cu (P-GHK-001). Pen mid-ground inside complete laboratory landscape. No injection, no people. Variant cycle 5. SIGNAGE RULE: premium clean research lab only. No safety placards, no industrial alert graphics, no trefoil icons, no striped floor tape, no danger banners. Do not print alert words on walls, floors, labels, or posters. Only neutral room names and product typography.",Captions MUST be only about GHK-Cu (P-GHK-001) and https://www.palmbeach-vitality.store/products/ghk-cu-pen.,Active,453,
LS-PEN-104,vid_gen_landscape_scenes,16:9,pen_3ml_scene,PEN landscape 104 — 5-Amino-1MQ,sunrise lab with long window light across empty benches,16:9 architectural wide shot showing ceiling utilities and floor plane,low-key dramatic instrument LEDs with controlled haze,"one 3mL pre-filled research dosage pen of 5-Amino-1MQ as SMALL mid-ground (never macro, no injection act, no people)",3mL pre-filled research dosage pen,P-5AM-001,5-Amino-1MQ,https://www.palmbeach-vitality.store/products/5-amino-mq-pen,"LANDSCAPE FULL LAB + 3mL DOSAGE PEN (16:9). Environment: sunrise lab with long window light across empty benches. Camera: 16:9 architectural wide shot showing ceiling utilities and floor plane. Lighting: low-key dramatic instrument LEDs with controlled haze. Hero: one 3mL pre-filled research dosage pen labeled 5-Amino-1MQ (P-5AM-001). Pen mid-ground inside complete laboratory landscape. No injection, no people. Variant cycle 5. SIGNAGE RULE: premium clean research lab only. No safety placards, no industrial alert graphics, no trefoil icons, no striped floor tape, no danger banners. Do not print alert words on walls, floors, labels, or posters. Only neutral room names and product typography.",Captions MUST be only about 5-Amino-1MQ (P-5AM-001) and https://www.palmbeach-vitality.store/products/5-amino-mq-pen.,Active,454,
LS-PEN-105,vid_gen_landscape_scenes,16:9,pen_3ml_scene,PEN landscape 105 — BPC-157 / TB-500 / GHK-Cu,landscape view of a peptide purification suite with skids in a row,16:9 medium-wide environmental shot with product as small mid-ground element,daylight through clerestory windows plus soft fill,"one 3mL pre-filled research dosage pen of BPC-157 / TB-500 / GHK-Cu as SMALL mid-ground (never macro, no injection act, no people)",3mL pre-filled research dosage pen,P-GLO-001,BPC-157 / TB-500 / GHK-Cu,https://www.palmbeach-vitality.store/products/glow-pen,"LANDSCAPE FULL LAB + 3mL DOSAGE PEN (16:9). Environment: landscape view of a peptide purification suite with skids in a row. Camera: 16:9 medium-wide environmental shot with product as small mid-ground element. Lighting: daylight through clerestory windows plus soft fill. Hero: one 3mL pre-filled research dosage pen labeled BPC-157 / TB-500 / GHK-Cu (P-GLO-001). Pen mid-ground inside complete laboratory landscape. No injection, no people. Variant cycle 5. SIGNAGE RULE: premium clean research lab only. No safety placards, no industrial alert graphics, no trefoil icons, no striped floor tape, no danger banners. Do not print alert words on walls, floors, labels, or posters. Only neutral room names and product typography.",Captions MUST be only about BPC-157 / TB-500 / GHK-Cu (P-GLO-001) and https://www.palmbeach-vitality.store/products/glow-pen.,Active,455,
LS-PEN-106,vid_gen_landscape_scenes,16:9,pen_3ml_scene,PEN landscape 106 — SS-31,wide clean packaging line room with conveyor idle (no people),"16:9 landscape establishing shot, 24mm equivalent, deep focus",cool cyan-blue biotech rim with soft overhead panels,"one 3mL pre-filled research dosage pen of SS-31 as SMALL mid-ground (never macro, no injection act, no people)",3mL pre-filled research dosage pen,P-SS3-001,SS-31,https://www.palmbeach-vitality.store/products/ss-31-pen,"LANDSCAPE FULL LAB + 3mL DOSAGE PEN (16:9). Environment: wide clean packaging line room with conveyor idle (no people). Camera: 16:9 landscape establishing shot, 24mm equivalent, deep focus. Lighting: cool cyan-blue biotech rim with soft overhead panels. Hero: one 3mL pre-filled research dosage pen labeled SS-31 (P-SS3-001). Pen mid-ground inside complete laboratory landscape. No injection, no people. Variant cycle 5. SIGNAGE RULE: premium clean research lab only. No safety placards, no industrial alert graphics, no trefoil icons, no striped floor tape, no danger banners. Do not print alert words on walls, floors, labels, or posters. Only neutral room names and product typography.",Captions MUST be only about SS-31 (P-SS3-001) and https://www.palmbeach-vitality.store/products/ss-31-pen.,Active,456,
LS-PEN-107,vid_gen_landscape_scenes,16:9,pen_3ml_scene,PEN landscape 107 — KPV,open-plan QC bullpen of benches under linear lights,16:9 elevated three-quarter wide shot of the entire bay,warm-neutral catalog softboxes with clean speculars,"one 3mL pre-filled research dosage pen of KPV as SMALL mid-ground (never macro, no injection act, no people)",3mL pre-filled research dosage pen,P-KPV-001,KPV,https://www.palmbeach-vitality.store/products/kpv,"LANDSCAPE FULL LAB + 3mL DOSAGE PEN (16:9). Environment: open-plan QC bullpen of benches under linear lights. Camera: 16:9 elevated three-quarter wide shot of the entire bay. Lighting: warm-neutral catalog softboxes with clean speculars. Hero: one 3mL pre-filled research dosage pen labeled KPV (P-KPV-001). Pen mid-ground inside complete laboratory landscape. No injection, no people. Variant cycle 5. SIGNAGE RULE: premium clean research lab only. No safety placards, no industrial alert graphics, no trefoil icons, no striped floor tape, no danger banners. Do not print alert words on walls, floors, labels, or posters. Only neutral room names and product typography.",Captions MUST be only about KPV (P-KPV-001) and https://www.palmbeach-vitality.store/products/kpv.,Active,457,
LS-PEN-108,vid_gen_landscape_scenes,16:9,pen_3ml_scene,PEN landscape 108 — Semaglutide,glass bridge corridor between two lab wings,16:9 dolly-style hallway perspective into the lab,"high-key sterile white lighting, minimal shadows","one 3mL pre-filled research dosage pen of Semaglutide as SMALL mid-ground (never macro, no injection act, no people)",3mL pre-filled research dosage pen,P-SEM-001,Semaglutide,https://www.palmbeach-vitality.store/products/semaglutide-1-5mg-pen,"LANDSCAPE FULL LAB + 3mL DOSAGE PEN (16:9). Environment: glass bridge corridor between two lab wings. Camera: 16:9 dolly-style hallway perspective into the lab. Lighting: high-key sterile white lighting, minimal shadows. Hero: one 3mL pre-filled research dosage pen labeled Semaglutide (P-SEM-001). Pen mid-ground inside complete laboratory landscape. No injection, no people. Variant cycle 5. SIGNAGE RULE: premium clean research lab only. No safety placards, no industrial alert graphics, no trefoil icons, no striped floor tape, no danger banners. Do not print alert words on walls, floors, labels, or posters. Only neutral room names and product typography.",Captions MUST be only about Semaglutide (P-SEM-001) and https://www.palmbeach-vitality.store/products/semaglutide-1-5mg-pen.,Active,458,
LS-PEN-109,vid_gen_landscape_scenes,16:9,pen_3ml_scene,PEN landscape 109 — Tirzepatide,sub-zero cold room anteroom landscape with frost-edged doors,16:9 architectural wide shot showing ceiling utilities and floor plane,low-key dramatic instrument LEDs with controlled haze,"one 3mL pre-filled research dosage pen of Tirzepatide as SMALL mid-ground (never macro, no injection act, no people)",3mL pre-filled research dosage pen,P-TIR-001,Tirzepatide,https://www.palmbeach-vitality.store/products/tirzepatide-10mg-pen,"LANDSCAPE FULL LAB + 3mL DOSAGE PEN (16:9). Environment: sub-zero cold room anteroom landscape with frost-edged doors. Camera: 16:9 architectural wide shot showing ceiling utilities and floor plane. Lighting: low-key dramatic instrument LEDs with controlled haze. Hero: one 3mL pre-filled research dosage pen labeled Tirzepatide (P-TIR-001). Pen mid-ground inside complete laboratory landscape. No injection, no people. Variant cycle 5. SIGNAGE RULE: premium clean research lab only. No safety placards, no industrial alert graphics, no trefoil icons, no striped floor tape, no danger banners. Do not print alert words on walls, floors, labels, or posters. Only neutral room names and product typography.",Captions MUST be only about Tirzepatide (P-TIR-001) and https://www.palmbeach-vitality.store/products/tirzepatide-10mg-pen.,Active,459,
LS-PEN-110,vid_gen_landscape_scenes,16:9,pen_3ml_scene,PEN landscape 110 — Retatrutide,media prep kitchen-lab with stainless tables in wide shot,16:9 medium-wide environmental shot with product as small mid-ground element,daylight through clerestory windows plus soft fill,"one 3mL pre-filled research dosage pen of Retatrutide as SMALL mid-ground (never macro, no injection act, no people)",3mL pre-filled research dosage pen,P-RET-001,Retatrutide,https://www.palmbeach-vitality.store/products/retatrutride-8mg-pen,"LANDSCAPE FULL LAB + 3mL DOSAGE PEN (16:9). Environment: media prep kitchen-lab with stainless tables in wide shot. Camera: 16:9 medium-wide environmental shot with product as small mid-ground element. Lighting: daylight through clerestory windows plus soft fill. Hero: one 3mL pre-filled research dosage pen labeled Retatrutide (P-RET-001). Pen mid-ground inside complete laboratory landscape. No injection, no people. Variant cycle 5. SIGNAGE RULE: premium clean research lab only. No safety placards, no industrial alert graphics, no trefoil icons, no striped floor tape, no danger banners. Do not print alert words on walls, floors, labels, or posters. Only neutral room names and product typography.",Captions MUST be only about Retatrutide (P-RET-001) and https://www.palmbeach-vitality.store/products/retatrutride-8mg-pen.,Active,460,
LS-PEN-111,vid_gen_landscape_scenes,16:9,pen_3ml_scene,PEN landscape 111 — KPV / BPC-157 / TB-500 / GHK-Cu,autoclave bay with chamber doors aligned in perspective,"16:9 landscape establishing shot, 24mm equivalent, deep focus",cool cyan-blue biotech rim with soft overhead panels,"one 3mL pre-filled research dosage pen of KPV / BPC-157 / TB-500 / GHK-Cu as SMALL mid-ground (never macro, no injection act, no people)",3mL pre-filled research dosage pen,P-KLO-001,KPV / BPC-157 / TB-500 / GHK-Cu,https://www.palmbeach-vitality.store/products/klow-pen,"LANDSCAPE FULL LAB + 3mL DOSAGE PEN (16:9). Environment: autoclave bay with chamber doors aligned in perspective. Camera: 16:9 landscape establishing shot, 24mm equivalent, deep focus. Lighting: cool cyan-blue biotech rim with soft overhead panels. Hero: one 3mL pre-filled research dosage pen labeled KPV / BPC-157 / TB-500 / GHK-Cu (P-KLO-001). Pen mid-ground inside complete laboratory landscape. No injection, no people. Variant cycle 5. SIGNAGE RULE: premium clean research lab only. No safety placards, no industrial alert graphics, no trefoil icons, no striped floor tape, no danger banners. Do not print alert words on walls, floors, labels, or posters. Only neutral room names and product typography.",Captions MUST be only about KPV / BPC-157 / TB-500 / GHK-Cu (P-KLO-001) and https://www.palmbeach-vitality.store/products/klow-pen.,Active,461,
LS-PEN-112,vid_gen_landscape_scenes,16:9,pen_3ml_scene,PEN landscape 112 — MOTS-C,water purification plant room adjacent to research labs,16:9 elevated three-quarter wide shot of the entire bay,warm-neutral catalog softboxes with clean speculars,"one 3mL pre-filled research dosage pen of MOTS-C as SMALL mid-ground (never macro, no injection act, no people)",3mL pre-filled research dosage pen,P-MOT-001,MOTS-C,https://www.palmbeach-vitality.store/products/mots-c,"LANDSCAPE FULL LAB + 3mL DOSAGE PEN (16:9). Environment: water purification plant room adjacent to research labs. Camera: 16:9 elevated three-quarter wide shot of the entire bay. Lighting: warm-neutral catalog softboxes with clean speculars. Hero: one 3mL pre-filled research dosage pen labeled MOTS-C (P-MOT-001). Pen mid-ground inside complete laboratory landscape. No injection, no people. Variant cycle 5. SIGNAGE RULE: premium clean research lab only. No safety placards, no industrial alert graphics, no trefoil icons, no striped floor tape, no danger banners. Do not print alert words on walls, floors, labels, or posters. Only neutral room names and product typography.",Captions MUST be only about MOTS-C (P-MOT-001) and https://www.palmbeach-vitality.store/products/mots-c.,Active,462,
LS-PEN-113,vid_gen_landscape_scenes,16:9,pen_3ml_scene,PEN landscape 113 — NAD+,gas manifold corridor with clean stainless piping runs,16:9 dolly-style hallway perspective into the lab,"high-key sterile white lighting, minimal shadows","one 3mL pre-filled research dosage pen of NAD+ as SMALL mid-ground (never macro, no injection act, no people)",3mL pre-filled research dosage pen,P-NAD-001,NAD+,https://www.palmbeach-vitality.store/products/nad-pen-500mg,"LANDSCAPE FULL LAB + 3mL DOSAGE PEN (16:9). Environment: gas manifold corridor with clean stainless piping runs. Camera: 16:9 dolly-style hallway perspective into the lab. Lighting: high-key sterile white lighting, minimal shadows. Hero: one 3mL pre-filled research dosage pen labeled NAD+ (P-NAD-001). Pen mid-ground inside complete laboratory landscape. No injection, no people. Variant cycle 5. SIGNAGE RULE: premium clean research lab only. No safety placards, no industrial alert graphics, no trefoil icons, no striped floor tape, no danger banners. Do not print alert words on walls, floors, labels, or posters. Only neutral room names and product typography.",Captions MUST be only about NAD+ (P-NAD-001) and https://www.palmbeach-vitality.store/products/nad-pen-500mg.,Active,463,
LS-PEN-114,vid_gen_landscape_scenes,16:9,pen_3ml_scene,PEN landscape 114 — PT-141,server-adjacent instrument data hall with quiet racks,16:9 architectural wide shot showing ceiling utilities and floor plane,low-key dramatic instrument LEDs with controlled haze,"one 3mL pre-filled research dosage pen of PT-141 as SMALL mid-ground (never macro, no injection act, no people)",3mL pre-filled research dosage pen,P-PT1-001,PT-141,https://www.palmbeach-vitality.store/products/pt-141-pen,"LANDSCAPE FULL LAB + 3mL DOSAGE PEN (16:9). Environment: server-adjacent instrument data hall with quiet racks. Camera: 16:9 architectural wide shot showing ceiling utilities and floor plane. Lighting: low-key dramatic instrument LEDs with controlled haze. Hero: one 3mL pre-filled research dosage pen labeled PT-141 (P-PT1-001). Pen mid-ground inside complete laboratory landscape. No injection, no people. Variant cycle 5. SIGNAGE RULE: premium clean research lab only. No safety placards, no industrial alert graphics, no trefoil icons, no striped floor tape, no danger banners. Do not print alert words on walls, floors, labels, or posters. Only neutral room names and product typography.",Captions MUST be only about PT-141 (P-PT1-001) and https://www.palmbeach-vitality.store/products/pt-141-pen.,Active,464,
LS-PEN-115,vid_gen_landscape_scenes,16:9,pen_3ml_scene,PEN landscape 115 — Semax,raw-material weigh room with balance benches in a wide bay,16:9 medium-wide environmental shot with product as small mid-ground element,daylight through clerestory windows plus soft fill,"one 3mL pre-filled research dosage pen of Semax as SMALL mid-ground (never macro, no injection act, no people)",3mL pre-filled research dosage pen,P-SMX-001,Semax,https://www.palmbeach-vitality.store/products/semax-pen,"LANDSCAPE FULL LAB + 3mL DOSAGE PEN (16:9). Environment: raw-material weigh room with balance benches in a wide bay. Camera: 16:9 medium-wide environmental shot with product as small mid-ground element. Lighting: daylight through clerestory windows plus soft fill. Hero: one 3mL pre-filled research dosage pen labeled Semax (P-SMX-001). Pen mid-ground inside complete laboratory landscape. No injection, no people. Variant cycle 5. SIGNAGE RULE: premium clean research lab only. No safety placards, no industrial alert graphics, no trefoil icons, no striped floor tape, no danger banners. Do not print alert words on walls, floors, labels, or posters. Only neutral room names and product typography.",Captions MUST be only about Semax (P-SMX-001) and https://www.palmbeach-vitality.store/products/semax-pen.,Active,465,
LS-PEN-116,vid_gen_landscape_scenes,16:9,pen_3ml_scene,PEN landscape 116 — Selank,dissolution apparatus room in catalog lighting,"16:9 landscape establishing shot, 24mm equivalent, deep focus",cool cyan-blue biotech rim with soft overhead panels,"one 3mL pre-filled research dosage pen of Selank as SMALL mid-ground (never macro, no injection act, no people)",3mL pre-filled research dosage pen,P-SEL-001,Selank,https://www.palmbeach-vitality.store/products/selank-pen,"LANDSCAPE FULL LAB + 3mL DOSAGE PEN (16:9). Environment: dissolution apparatus room in catalog lighting. Camera: 16:9 landscape establishing shot, 24mm equivalent, deep focus. Lighting: cool cyan-blue biotech rim with soft overhead panels. Hero: one 3mL pre-filled research dosage pen labeled Selank (P-SEL-001). Pen mid-ground inside complete laboratory landscape. No injection, no people. Variant cycle 5. SIGNAGE RULE: premium clean research lab only. No safety placards, no industrial alert graphics, no trefoil icons, no striped floor tape, no danger banners. Do not print alert words on walls, floors, labels, or posters. Only neutral room names and product typography.",Captions MUST be only about Selank (P-SEL-001) and https://www.palmbeach-vitality.store/products/selank-pen.,Active,466,
LS-PEN-117,vid_gen_landscape_scenes,16:9,pen_3ml_scene,PEN landscape 117 — Sermorelin,particle counter clean zone with soft white architecture,16:9 elevated three-quarter wide shot of the entire bay,warm-neutral catalog softboxes with clean speculars,"one 3mL pre-filled research dosage pen of Sermorelin as SMALL mid-ground (never macro, no injection act, no people)",3mL pre-filled research dosage pen,P-SER-001,Sermorelin,https://www.palmbeach-vitality.store/products/sermorelin-pen,"LANDSCAPE FULL LAB + 3mL DOSAGE PEN (16:9). Environment: particle counter clean zone with soft white architecture. Camera: 16:9 elevated three-quarter wide shot of the entire bay. Lighting: warm-neutral catalog softboxes with clean speculars. Hero: one 3mL pre-filled research dosage pen labeled Sermorelin (P-SER-001). Pen mid-ground inside complete laboratory landscape. No injection, no people. Variant cycle 5. SIGNAGE RULE: premium clean research lab only. No safety placards, no industrial alert graphics, no trefoil icons, no striped floor tape, no danger banners. Do not print alert words on walls, floors, labels, or posters. Only neutral room names and product typography.",Captions MUST be only about Sermorelin (P-SER-001) and https://www.palmbeach-vitality.store/products/sermorelin-pen.,Active,467,
LS-PEN-118,vid_gen_landscape_scenes,16:9,pen_3ml_scene,PEN landscape 118 — Thymosin Alpha-1,labeling and kitting room with organized shelf landscapes,16:9 dolly-style hallway perspective into the lab,"high-key sterile white lighting, minimal shadows","one 3mL pre-filled research dosage pen of Thymosin Alpha-1 as SMALL mid-ground (never macro, no injection act, no people)",3mL pre-filled research dosage pen,P-TA1-001,Thymosin Alpha-1,https://www.palmbeach-vitality.store/products/ta-2,"LANDSCAPE FULL LAB + 3mL DOSAGE PEN (16:9). Environment: labeling and kitting room with organized shelf landscapes. Camera: 16:9 dolly-style hallway perspective into the lab. Lighting: high-key sterile white lighting, minimal shadows. Hero: one 3mL pre-filled research dosage pen labeled Thymosin Alpha-1 (P-TA1-001). Pen mid-ground inside complete laboratory landscape. No injection, no people. Variant cycle 5. SIGNAGE RULE: premium clean research lab only. No safety placards, no industrial alert graphics, no trefoil icons, no striped floor tape, no danger banners. Do not print alert words on walls, floors, labels, or posters. Only neutral room names and product typography.",Captions MUST be only about Thymosin Alpha-1 (P-TA1-001) and https://www.palmbeach-vitality.store/products/ta-2.,Active,468,
LS-PEN-119,vid_gen_landscape_scenes,16:9,pen_3ml_scene,PEN landscape 119 — Tesamorelin,retain sample archive hall with rolling shelving,16:9 architectural wide shot showing ceiling utilities and floor plane,low-key dramatic instrument LEDs with controlled haze,"one 3mL pre-filled research dosage pen of Tesamorelin as SMALL mid-ground (never macro, no injection act, no people)",3mL pre-filled research dosage pen,P-TES-001,Tesamorelin,https://www.palmbeach-vitality.store/products/tesamorelin-30mg-pen,"LANDSCAPE FULL LAB + 3mL DOSAGE PEN (16:9). Environment: retain sample archive hall with rolling shelving. Camera: 16:9 architectural wide shot showing ceiling utilities and floor plane. Lighting: low-key dramatic instrument LEDs with controlled haze. Hero: one 3mL pre-filled research dosage pen labeled Tesamorelin (P-TES-001). Pen mid-ground inside complete laboratory landscape. No injection, no people. Variant cycle 5. SIGNAGE RULE: premium clean research lab only. No safety placards, no industrial alert graphics, no trefoil icons, no striped floor tape, no danger banners. Do not print alert words on walls, floors, labels, or posters. Only neutral room names and product typography.",Captions MUST be only about Tesamorelin (P-TES-001) and https://www.palmbeach-vitality.store/products/tesamorelin-30mg-pen.,Active,469,
LS-PEN-120,vid_gen_landscape_scenes,16:9,pen_3ml_scene,PEN landscape 120 — Tesamorelin/Ipamorelin,solvent cabinet alley with reflective epoxy floor,16:9 medium-wide environmental shot with product as small mid-ground element,daylight through clerestory windows plus soft fill,"one 3mL pre-filled research dosage pen of Tesamorelin/Ipamorelin as SMALL mid-ground (never macro, no injection act, no people)",3mL pre-filled research dosage pen,P-TEI-001,Tesamorelin/Ipamorelin,https://www.palmbeach-vitality.store/products/tesamorelin-ipamorelin-pen,"LANDSCAPE FULL LAB + 3mL DOSAGE PEN (16:9). Environment: solvent cabinet alley with reflective epoxy floor. Camera: 16:9 medium-wide environmental shot with product as small mid-ground element. Lighting: daylight through clerestory windows plus soft fill. Hero: one 3mL pre-filled research dosage pen labeled Tesamorelin/Ipamorelin (P-TEI-001). Pen mid-ground inside complete laboratory landscape. No injection, no people. Variant cycle 5. SIGNAGE RULE: premium clean research lab only. No safety placards, no industrial alert graphics, no trefoil icons, no striped floor tape, no danger banners. Do not print alert words on walls, floors, labels, or posters. Only neutral room names and product typography.",Captions MUST be only about Tesamorelin/Ipamorelin (P-TEI-001) and https://www.palmbeach-vitality.store/products/tesamorelin-ipamorelin-pen.,Active,470,
LS-PEN-121,vid_gen_landscape_scenes,16:9,pen_3ml_scene,PEN landscape 121 — BPC-157,gowning corridor looking into a bright sterile bay,"16:9 landscape establishing shot, 24mm equivalent, deep focus",cool cyan-blue biotech rim with soft overhead panels,"one 3mL pre-filled research dosage pen of BPC-157 as SMALL mid-ground (never macro, no injection act, no people)",3mL pre-filled research dosage pen,P-BPC-001,BPC-157,https://www.palmbeach-vitality.store/products/bpc-157-pen,"LANDSCAPE FULL LAB + 3mL DOSAGE PEN (16:9). Environment: gowning corridor looking into a bright sterile bay. Camera: 16:9 landscape establishing shot, 24mm equivalent, deep focus. Lighting: cool cyan-blue biotech rim with soft overhead panels. Hero: one 3mL pre-filled research dosage pen labeled BPC-157 (P-BPC-001). Pen mid-ground inside complete laboratory landscape. No injection, no people. Variant cycle 5. SIGNAGE RULE: premium clean research lab only. No safety placards, no industrial alert graphics, no trefoil icons, no striped floor tape, no danger banners. Do not print alert words on walls, floors, labels, or posters. Only neutral room names and product typography.",Captions MUST be only about BPC-157 (P-BPC-001) and https://www.palmbeach-vitality.store/products/bpc-157-pen.,Active,471,
LS-PEN-122,vid_gen_landscape_scenes,16:9,pen_3ml_scene,PEN landscape 122 — BPC-157 / TB-500,pass-box wall landscape between gray and white zones,16:9 elevated three-quarter wide shot of the entire bay,warm-neutral catalog softboxes with clean speculars,"one 3mL pre-filled research dosage pen of BPC-157 / TB-500 as SMALL mid-ground (never macro, no injection act, no people)",3mL pre-filled research dosage pen,P-WOL-001,BPC-157 / TB-500,https://www.palmbeach-vitality.store/products/wolverine-pen,"LANDSCAPE FULL LAB + 3mL DOSAGE PEN (16:9). Environment: pass-box wall landscape between gray and white zones. Camera: 16:9 elevated three-quarter wide shot of the entire bay. Lighting: warm-neutral catalog softboxes with clean speculars. Hero: one 3mL pre-filled research dosage pen labeled BPC-157 / TB-500 (P-WOL-001). Pen mid-ground inside complete laboratory landscape. No injection, no people. Variant cycle 5. SIGNAGE RULE: premium clean research lab only. No safety placards, no industrial alert graphics, no trefoil icons, no striped floor tape, no danger banners. Do not print alert words on walls, floors, labels, or posters. Only neutral room names and product typography.",Captions MUST be only about BPC-157 / TB-500 (P-WOL-001) and https://www.palmbeach-vitality.store/products/wolverine-pen.,Active,472,
LS-PEN-123,vid_gen_landscape_scenes,16:9,pen_3ml_scene,PEN landscape 123 — CJC (no DAC)/Ipamorelin,HVAC chase balcony overlooking the main lab floor,16:9 dolly-style hallway perspective into the lab,"high-key sterile white lighting, minimal shadows","one 3mL pre-filled research dosage pen of CJC (no DAC)/Ipamorelin as SMALL mid-ground (never macro, no injection act, no people)",3mL pre-filled research dosage pen,P-CII-001,CJC (no DAC)/Ipamorelin,https://www.palmbeach-vitality.store/products/cjc-ipamorelin-1,"LANDSCAPE FULL LAB + 3mL DOSAGE PEN (16:9). Environment: HVAC chase balcony overlooking the main lab floor. Camera: 16:9 dolly-style hallway perspective into the lab. Lighting: high-key sterile white lighting, minimal shadows. Hero: one 3mL pre-filled research dosage pen labeled CJC (no DAC)/Ipamorelin (P-CII-001). Pen mid-ground inside complete laboratory landscape. No injection, no people. Variant cycle 5. SIGNAGE RULE: premium clean research lab only. No safety placards, no industrial alert graphics, no trefoil icons, no striped floor tape, no danger banners. Do not print alert words on walls, floors, labels, or posters. Only neutral room names and product typography.",Captions MUST be only about CJC (no DAC)/Ipamorelin (P-CII-001) and https://www.palmbeach-vitality.store/products/cjc-ipamorelin-1.,Active,473,
LS-PEN-124,vid_gen_landscape_scenes,16:9,pen_3ml_scene,PEN landscape 124 — DSIP,loading dock lab receiving bay converted to clean staging,16:9 architectural wide shot showing ceiling utilities and floor plane,low-key dramatic instrument LEDs with controlled haze,"one 3mL pre-filled research dosage pen of DSIP as SMALL mid-ground (never macro, no injection act, no people)",3mL pre-filled research dosage pen,P-DSI-001,DSIP,https://www.palmbeach-vitality.store/products/dsip-pen,"LANDSCAPE FULL LAB + 3mL DOSAGE PEN (16:9). Environment: loading dock lab receiving bay converted to clean staging. Camera: 16:9 architectural wide shot showing ceiling utilities and floor plane. Lighting: low-key dramatic instrument LEDs with controlled haze. Hero: one 3mL pre-filled research dosage pen labeled DSIP (P-DSI-001). Pen mid-ground inside complete laboratory landscape. No injection, no people. Variant cycle 5. SIGNAGE RULE: premium clean research lab only. No safety placards, no industrial alert graphics, no trefoil icons, no striped floor tape, no danger banners. Do not print alert words on walls, floors, labels, or posters. Only neutral room names and product typography.",Captions MUST be only about DSIP (P-DSI-001) and https://www.palmbeach-vitality.store/products/dsip-pen.,Active,474,
LS-PEN-125,vid_gen_landscape_scenes,16:9,pen_3ml_scene,PEN landscape 125 — GHK-Cu,multi-level lab with stairs and glass rails (empty),16:9 medium-wide environmental shot with product as small mid-ground element,daylight through clerestory windows plus soft fill,"one 3mL pre-filled research dosage pen of GHK-Cu as SMALL mid-ground (never macro, no injection act, no people)",3mL pre-filled research dosage pen,P-GHK-001,GHK-Cu,https://www.palmbeach-vitality.store/products/ghk-cu-pen,"LANDSCAPE FULL LAB + 3mL DOSAGE PEN (16:9). Environment: multi-level lab with stairs and glass rails (empty). Camera: 16:9 medium-wide environmental shot with product as small mid-ground element. Lighting: daylight through clerestory windows plus soft fill. Hero: one 3mL pre-filled research dosage pen labeled GHK-Cu (P-GHK-001). Pen mid-ground inside complete laboratory landscape. No injection, no people. Variant cycle 5. SIGNAGE RULE: premium clean research lab only. No safety placards, no industrial alert graphics, no trefoil icons, no striped floor tape, no danger banners. Do not print alert words on walls, floors, labels, or posters. Only neutral room names and product typography.",Captions MUST be only about GHK-Cu (P-GHK-001) and https://www.palmbeach-vitality.store/products/ghk-cu-pen.,Active,475,
LS-PEN-126,vid_gen_landscape_scenes,16:9,pen_3ml_scene,PEN landscape 126 — 5-Amino-1MQ,circular airlock cluster in a radial lab plan,"16:9 landscape establishing shot, 24mm equivalent, deep focus",cool cyan-blue biotech rim with soft overhead panels,"one 3mL pre-filled research dosage pen of 5-Amino-1MQ as SMALL mid-ground (never macro, no injection act, no people)",3mL pre-filled research dosage pen,P-5AM-001,5-Amino-1MQ,https://www.palmbeach-vitality.store/products/5-amino-mq-pen,"LANDSCAPE FULL LAB + 3mL DOSAGE PEN (16:9). Environment: circular airlock cluster in a radial lab plan. Camera: 16:9 landscape establishing shot, 24mm equivalent, deep focus. Lighting: cool cyan-blue biotech rim with soft overhead panels. Hero: one 3mL pre-filled research dosage pen labeled 5-Amino-1MQ (P-5AM-001). Pen mid-ground inside complete laboratory landscape. No injection, no people. Variant cycle 5. SIGNAGE RULE: premium clean research lab only. No safety placards, no industrial alert graphics, no trefoil icons, no striped floor tape, no danger banners. Do not print alert words on walls, floors, labels, or posters. Only neutral room names and product typography.",Captions MUST be only about 5-Amino-1MQ (P-5AM-001) and https://www.palmbeach-vitality.store/products/5-amino-mq-pen.,Active,476,
LS-PEN-127,vid_gen_landscape_scenes,16:9,pen_3ml_scene,PEN landscape 127 — BPC-157 / TB-500 / GHK-Cu,long HPLC farm in a single vanishing-point shot,16:9 elevated three-quarter wide shot of the entire bay,warm-neutral catalog softboxes with clean speculars,"one 3mL pre-filled research dosage pen of BPC-157 / TB-500 / GHK-Cu as SMALL mid-ground (never macro, no injection act, no people)",3mL pre-filled research dosage pen,P-GLO-001,BPC-157 / TB-500 / GHK-Cu,https://www.palmbeach-vitality.store/products/glow-pen,"LANDSCAPE FULL LAB + 3mL DOSAGE PEN (16:9). Environment: long HPLC farm in a single vanishing-point shot. Camera: 16:9 elevated three-quarter wide shot of the entire bay. Lighting: warm-neutral catalog softboxes with clean speculars. Hero: one 3mL pre-filled research dosage pen labeled BPC-157 / TB-500 / GHK-Cu (P-GLO-001). Pen mid-ground inside complete laboratory landscape. No injection, no people. Variant cycle 5. SIGNAGE RULE: premium clean research lab only. No safety placards, no industrial alert graphics, no trefoil icons, no striped floor tape, no danger banners. Do not print alert words on walls, floors, labels, or posters. Only neutral room names and product typography.",Captions MUST be only about BPC-157 / TB-500 / GHK-Cu (P-GLO-001) and https://www.palmbeach-vitality.store/products/glow-pen.,Active,477,
LS-PEN-128,vid_gen_landscape_scenes,16:9,pen_3ml_scene,PEN landscape 128 — SS-31,mass-spec bank room with cable arms and chillers,16:9 dolly-style hallway perspective into the lab,"high-key sterile white lighting, minimal shadows","one 3mL pre-filled research dosage pen of SS-31 as SMALL mid-ground (never macro, no injection act, no people)",3mL pre-filled research dosage pen,P-SS3-001,SS-31,https://www.palmbeach-vitality.store/products/ss-31-pen,"LANDSCAPE FULL LAB + 3mL DOSAGE PEN (16:9). Environment: mass-spec bank room with cable arms and chillers. Camera: 16:9 dolly-style hallway perspective into the lab. Lighting: high-key sterile white lighting, minimal shadows. Hero: one 3mL pre-filled research dosage pen labeled SS-31 (P-SS3-001). Pen mid-ground inside complete laboratory landscape. No injection, no people. Variant cycle 5. SIGNAGE RULE: premium clean research lab only. No safety placards, no industrial alert graphics, no trefoil icons, no striped floor tape, no danger banners. Do not print alert words on walls, floors, labels, or posters. Only neutral room names and product typography.",Captions MUST be only about SS-31 (P-SS3-001) and https://www.palmbeach-vitality.store/products/ss-31-pen.,Active,478,
LS-PEN-129,vid_gen_landscape_scenes,16:9,pen_3ml_scene,PEN landscape 129 — KPV,incubator wall landscape with glass doors,16:9 architectural wide shot showing ceiling utilities and floor plane,low-key dramatic instrument LEDs with controlled haze,"one 3mL pre-filled research dosage pen of KPV as SMALL mid-ground (never macro, no injection act, no people)",3mL pre-filled research dosage pen,P-KPV-001,KPV,https://www.palmbeach-vitality.store/products/kpv,"LANDSCAPE FULL LAB + 3mL DOSAGE PEN (16:9). Environment: incubator wall landscape with glass doors. Camera: 16:9 architectural wide shot showing ceiling utilities and floor plane. Lighting: low-key dramatic instrument LEDs with controlled haze. Hero: one 3mL pre-filled research dosage pen labeled KPV (P-KPV-001). Pen mid-ground inside complete laboratory landscape. No injection, no people. Variant cycle 5. SIGNAGE RULE: premium clean research lab only. No safety placards, no industrial alert graphics, no trefoil icons, no striped floor tape, no danger banners. Do not print alert words on walls, floors, labels, or posters. Only neutral room names and product typography.",Captions MUST be only about KPV (P-KPV-001) and https://www.palmbeach-vitality.store/products/kpv.,Active,479,
LS-PEN-130,vid_gen_landscape_scenes,16:9,pen_3ml_scene,PEN landscape 130 — Semaglutide,centrifuge suite with machines in a disciplined row,16:9 medium-wide environmental shot with product as small mid-ground element,daylight through clerestory windows plus soft fill,"one 3mL pre-filled research dosage pen of Semaglutide as SMALL mid-ground (never macro, no injection act, no people)",3mL pre-filled research dosage pen,P-SEM-001,Semaglutide,https://www.palmbeach-vitality.store/products/semaglutide-1-5mg-pen,"LANDSCAPE FULL LAB + 3mL DOSAGE PEN (16:9). Environment: centrifuge suite with machines in a disciplined row. Camera: 16:9 medium-wide environmental shot with product as small mid-ground element. Lighting: daylight through clerestory windows plus soft fill. Hero: one 3mL pre-filled research dosage pen labeled Semaglutide (P-SEM-001). Pen mid-ground inside complete laboratory landscape. No injection, no people. Variant cycle 5. SIGNAGE RULE: premium clean research lab only. No safety placards, no industrial alert graphics, no trefoil icons, no striped floor tape, no danger banners. Do not print alert words on walls, floors, labels, or posters. Only neutral room names and product typography.",Captions MUST be only about Semaglutide (P-SEM-001) and https://www.palmbeach-vitality.store/products/semaglutide-1-5mg-pen.,Active,480,
LS-PEN-131,vid_gen_landscape_scenes,16:9,pen_3ml_scene,PEN landscape 131 — Tirzepatide,microscopy corridor with darkened side rooms,"16:9 landscape establishing shot, 24mm equivalent, deep focus",cool cyan-blue biotech rim with soft overhead panels,"one 3mL pre-filled research dosage pen of Tirzepatide as SMALL mid-ground (never macro, no injection act, no people)",3mL pre-filled research dosage pen,P-TIR-001,Tirzepatide,https://www.palmbeach-vitality.store/products/tirzepatide-10mg-pen,"LANDSCAPE FULL LAB + 3mL DOSAGE PEN (16:9). Environment: microscopy corridor with darkened side rooms. Camera: 16:9 landscape establishing shot, 24mm equivalent, deep focus. Lighting: cool cyan-blue biotech rim with soft overhead panels. Hero: one 3mL pre-filled research dosage pen labeled Tirzepatide (P-TIR-001). Pen mid-ground inside complete laboratory landscape. No injection, no people. Variant cycle 5. SIGNAGE RULE: premium clean research lab only. No safety placards, no industrial alert graphics, no trefoil icons, no striped floor tape, no danger banners. Do not print alert words on walls, floors, labels, or posters. Only neutral room names and product typography.",Captions MUST be only about Tirzepatide (P-TIR-001) and https://www.palmbeach-vitality.store/products/tirzepatide-10mg-pen.,Active,481,
LS-PEN-132,vid_gen_landscape_scenes,16:9,pen_3ml_scene,PEN landscape 132 — Retatrutide,chemical fume hood line in a wide chemistry bay,16:9 elevated three-quarter wide shot of the entire bay,warm-neutral catalog softboxes with clean speculars,"one 3mL pre-filled research dosage pen of Retatrutide as SMALL mid-ground (never macro, no injection act, no people)",3mL pre-filled research dosage pen,P-RET-001,Retatrutide,https://www.palmbeach-vitality.store/products/retatrutride-8mg-pen,"LANDSCAPE FULL LAB + 3mL DOSAGE PEN (16:9). Environment: chemical fume hood line in a wide chemistry bay. Camera: 16:9 elevated three-quarter wide shot of the entire bay. Lighting: warm-neutral catalog softboxes with clean speculars. Hero: one 3mL pre-filled research dosage pen labeled Retatrutide (P-RET-001). Pen mid-ground inside complete laboratory landscape. No injection, no people. Variant cycle 5. SIGNAGE RULE: premium clean research lab only. No safety placards, no industrial alert graphics, no trefoil icons, no striped floor tape, no danger banners. Do not print alert words on walls, floors, labels, or posters. Only neutral room names and product typography.",Captions MUST be only about Retatrutide (P-RET-001) and https://www.palmbeach-vitality.store/products/retatrutride-8mg-pen.,Active,482,
LS-PEN-133,vid_gen_landscape_scenes,16:9,pen_3ml_scene,PEN landscape 133 — KPV / BPC-157 / TB-500 / GHK-Cu,balance room with anti-vibration tables repeating,16:9 dolly-style hallway perspective into the lab,"high-key sterile white lighting, minimal shadows","one 3mL pre-filled research dosage pen of KPV / BPC-157 / TB-500 / GHK-Cu as SMALL mid-ground (never macro, no injection act, no people)",3mL pre-filled research dosage pen,P-KLO-001,KPV / BPC-157 / TB-500 / GHK-Cu,https://www.palmbeach-vitality.store/products/klow-pen,"LANDSCAPE FULL LAB + 3mL DOSAGE PEN (16:9). Environment: balance room with anti-vibration tables repeating. Camera: 16:9 dolly-style hallway perspective into the lab. Lighting: high-key sterile white lighting, minimal shadows. Hero: one 3mL pre-filled research dosage pen labeled KPV / BPC-157 / TB-500 / GHK-Cu (P-KLO-001). Pen mid-ground inside complete laboratory landscape. No injection, no people. Variant cycle 5. SIGNAGE RULE: premium clean research lab only. No safety placards, no industrial alert graphics, no trefoil icons, no striped floor tape, no danger banners. Do not print alert words on walls, floors, labels, or posters. Only neutral room names and product typography.",Captions MUST be only about KPV / BPC-157 / TB-500 / GHK-Cu (P-KLO-001) and https://www.palmbeach-vitality.store/products/klow-pen.,Active,483,
LS-PEN-134,vid_gen_landscape_scenes,16:9,pen_3ml_scene,PEN landscape 134 — MOTS-C,buffer prep hall with mixing tanks mid-ground,16:9 architectural wide shot showing ceiling utilities and floor plane,low-key dramatic instrument LEDs with controlled haze,"one 3mL pre-filled research dosage pen of MOTS-C as SMALL mid-ground (never macro, no injection act, no people)",3mL pre-filled research dosage pen,P-MOT-001,MOTS-C,https://www.palmbeach-vitality.store/products/mots-c,"LANDSCAPE FULL LAB + 3mL DOSAGE PEN (16:9). Environment: buffer prep hall with mixing tanks mid-ground. Camera: 16:9 architectural wide shot showing ceiling utilities and floor plane. Lighting: low-key dramatic instrument LEDs with controlled haze. Hero: one 3mL pre-filled research dosage pen labeled MOTS-C (P-MOT-001). Pen mid-ground inside complete laboratory landscape. No injection, no people. Variant cycle 5. SIGNAGE RULE: premium clean research lab only. No safety placards, no industrial alert graphics, no trefoil icons, no striped floor tape, no danger banners. Do not print alert words on walls, floors, labels, or posters. Only neutral room names and product typography.",Captions MUST be only about MOTS-C (P-MOT-001) and https://www.palmbeach-vitality.store/products/mots-c.,Active,484,
LS-PEN-135,vid_gen_landscape_scenes,16:9,pen_3ml_scene,PEN landscape 135 — NAD+,filtration skid gallery in polished stainless,16:9 medium-wide environmental shot with product as small mid-ground element,daylight through clerestory windows plus soft fill,"one 3mL pre-filled research dosage pen of NAD+ as SMALL mid-ground (never macro, no injection act, no people)",3mL pre-filled research dosage pen,P-NAD-001,NAD+,https://www.palmbeach-vitality.store/products/nad-pen-500mg,"LANDSCAPE FULL LAB + 3mL DOSAGE PEN (16:9). Environment: filtration skid gallery in polished stainless. Camera: 16:9 medium-wide environmental shot with product as small mid-ground element. Lighting: daylight through clerestory windows plus soft fill. Hero: one 3mL pre-filled research dosage pen labeled NAD+ (P-NAD-001). Pen mid-ground inside complete laboratory landscape. No injection, no people. Variant cycle 5. SIGNAGE RULE: premium clean research lab only. No safety placards, no industrial alert graphics, no trefoil icons, no striped floor tape, no danger banners. Do not print alert words on walls, floors, labels, or posters. Only neutral room names and product typography.",Captions MUST be only about NAD+ (P-NAD-001) and https://www.palmbeach-vitality.store/products/nad-pen-500mg.,Active,485,
LS-PEN-136,vid_gen_landscape_scenes,16:9,pen_3ml_scene,PEN landscape 136 — PT-141,cryogenic Dewar storage alcove in a wide vault,"16:9 landscape establishing shot, 24mm equivalent, deep focus",cool cyan-blue biotech rim with soft overhead panels,"one 3mL pre-filled research dosage pen of PT-141 as SMALL mid-ground (never macro, no injection act, no people)",3mL pre-filled research dosage pen,P-PT1-001,PT-141,https://www.palmbeach-vitality.store/products/pt-141-pen,"LANDSCAPE FULL LAB + 3mL DOSAGE PEN (16:9). Environment: cryogenic Dewar storage alcove in a wide vault. Camera: 16:9 landscape establishing shot, 24mm equivalent, deep focus. Lighting: cool cyan-blue biotech rim with soft overhead panels. Hero: one 3mL pre-filled research dosage pen labeled PT-141 (P-PT1-001). Pen mid-ground inside complete laboratory landscape. No injection, no people. Variant cycle 5. SIGNAGE RULE: premium clean research lab only. No safety placards, no industrial alert graphics, no trefoil icons, no striped floor tape, no danger banners. Do not print alert words on walls, floors, labels, or posters. Only neutral room names and product typography.",Captions MUST be only about PT-141 (P-PT1-001) and https://www.palmbeach-vitality.store/products/pt-141-pen.,Active,486,
LS-PEN-137,vid_gen_landscape_scenes,16:9,pen_3ml_scene,PEN landscape 137 — Semax,clean steam generator plant adjacent to labs,16:9 elevated three-quarter wide shot of the entire bay,warm-neutral catalog softboxes with clean speculars,"one 3mL pre-filled research dosage pen of Semax as SMALL mid-ground (never macro, no injection act, no people)",3mL pre-filled research dosage pen,P-SMX-001,Semax,https://www.palmbeach-vitality.store/products/semax-pen,"LANDSCAPE FULL LAB + 3mL DOSAGE PEN (16:9). Environment: clean steam generator plant adjacent to labs. Camera: 16:9 elevated three-quarter wide shot of the entire bay. Lighting: warm-neutral catalog softboxes with clean speculars. Hero: one 3mL pre-filled research dosage pen labeled Semax (P-SMX-001). Pen mid-ground inside complete laboratory landscape. No injection, no people. Variant cycle 5. SIGNAGE RULE: premium clean research lab only. No safety placards, no industrial alert graphics, no trefoil icons, no striped floor tape, no danger banners. Do not print alert words on walls, floors, labels, or posters. Only neutral room names and product typography.",Captions MUST be only about Semax (P-SMX-001) and https://www.palmbeach-vitality.store/products/semax-pen.,Active,487,
LS-PEN-138,vid_gen_landscape_scenes,16:9,pen_3ml_scene,PEN landscape 138 — Selank,WFI loop corridor with polished tube runs,16:9 dolly-style hallway perspective into the lab,"high-key sterile white lighting, minimal shadows","one 3mL pre-filled research dosage pen of Selank as SMALL mid-ground (never macro, no injection act, no people)",3mL pre-filled research dosage pen,P-SEL-001,Selank,https://www.palmbeach-vitality.store/products/selank-pen,"LANDSCAPE FULL LAB + 3mL DOSAGE PEN (16:9). Environment: WFI loop corridor with polished tube runs. Camera: 16:9 dolly-style hallway perspective into the lab. Lighting: high-key sterile white lighting, minimal shadows. Hero: one 3mL pre-filled research dosage pen labeled Selank (P-SEL-001). Pen mid-ground inside complete laboratory landscape. No injection, no people. Variant cycle 5. SIGNAGE RULE: premium clean research lab only. No safety placards, no industrial alert graphics, no trefoil icons, no striped floor tape, no danger banners. Do not print alert words on walls, floors, labels, or posters. Only neutral room names and product typography.",Captions MUST be only about Selank (P-SEL-001) and https://www.palmbeach-vitality.store/products/selank-pen.,Active,488,
LS-PEN-139,vid_gen_landscape_scenes,16:9,pen_3ml_scene,PEN landscape 139 — Sermorelin,environmental monitoring station landscape,16:9 architectural wide shot showing ceiling utilities and floor plane,low-key dramatic instrument LEDs with controlled haze,"one 3mL pre-filled research dosage pen of Sermorelin as SMALL mid-ground (never macro, no injection act, no people)",3mL pre-filled research dosage pen,P-SER-001,Sermorelin,https://www.palmbeach-vitality.store/products/sermorelin-pen,"LANDSCAPE FULL LAB + 3mL DOSAGE PEN (16:9). Environment: environmental monitoring station landscape. Camera: 16:9 architectural wide shot showing ceiling utilities and floor plane. Lighting: low-key dramatic instrument LEDs with controlled haze. Hero: one 3mL pre-filled research dosage pen labeled Sermorelin (P-SER-001). Pen mid-ground inside complete laboratory landscape. No injection, no people. Variant cycle 5. SIGNAGE RULE: premium clean research lab only. No safety placards, no industrial alert graphics, no trefoil icons, no striped floor tape, no danger banners. Do not print alert words on walls, floors, labels, or posters. Only neutral room names and product typography.",Captions MUST be only about Sermorelin (P-SER-001) and https://www.palmbeach-vitality.store/products/sermorelin-pen.,Active,489,
LS-PEN-140,vid_gen_landscape_scenes,16:9,pen_3ml_scene,PEN landscape 140 — Thymosin Alpha-1,document control window looking into the lab (no people),16:9 medium-wide environmental shot with product as small mid-ground element,daylight through clerestory windows plus soft fill,"one 3mL pre-filled research dosage pen of Thymosin Alpha-1 as SMALL mid-ground (never macro, no injection act, no people)",3mL pre-filled research dosage pen,P-TA1-001,Thymosin Alpha-1,https://www.palmbeach-vitality.store/products/ta-2,"LANDSCAPE FULL LAB + 3mL DOSAGE PEN (16:9). Environment: document control window looking into the lab (no people). Camera: 16:9 medium-wide environmental shot with product as small mid-ground element. Lighting: daylight through clerestory windows plus soft fill. Hero: one 3mL pre-filled research dosage pen labeled Thymosin Alpha-1 (P-TA1-001). Pen mid-ground inside complete laboratory landscape. No injection, no people. Variant cycle 5. SIGNAGE RULE: premium clean research lab only. No safety placards, no industrial alert graphics, no trefoil icons, no striped floor tape, no danger banners. Do not print alert words on walls, floors, labels, or posters. Only neutral room names and product typography.",Captions MUST be only about Thymosin Alpha-1 (P-TA1-001) and https://www.palmbeach-vitality.store/products/ta-2.,Active,490,
LS-PEN-141,vid_gen_landscape_scenes,16:9,pen_3ml_scene,PEN landscape 141 — Tesamorelin,shift-handoff empty bullpen with monitors idle,"16:9 landscape establishing shot, 24mm equivalent, deep focus",cool cyan-blue biotech rim with soft overhead panels,"one 3mL pre-filled research dosage pen of Tesamorelin as SMALL mid-ground (never macro, no injection act, no people)",3mL pre-filled research dosage pen,P-TES-001,Tesamorelin,https://www.palmbeach-vitality.store/products/tesamorelin-30mg-pen,"LANDSCAPE FULL LAB + 3mL DOSAGE PEN (16:9). Environment: shift-handoff empty bullpen with monitors idle. Camera: 16:9 landscape establishing shot, 24mm equivalent, deep focus. Lighting: cool cyan-blue biotech rim with soft overhead panels. Hero: one 3mL pre-filled research dosage pen labeled Tesamorelin (P-TES-001). Pen mid-ground inside complete laboratory landscape. No injection, no people. Variant cycle 5. SIGNAGE RULE: premium clean research lab only. No safety placards, no industrial alert graphics, no trefoil icons, no striped floor tape, no danger banners. Do not print alert words on walls, floors, labels, or posters. Only neutral room names and product typography.",Captions MUST be only about Tesamorelin (P-TES-001) and https://www.palmbeach-vitality.store/products/tesamorelin-30mg-pen.,Active,491,
LS-PEN-142,vid_gen_landscape_scenes,16:9,pen_3ml_scene,PEN landscape 142 — Tesamorelin/Ipamorelin,glassware kiln / dry heat room exterior corridor,16:9 elevated three-quarter wide shot of the entire bay,warm-neutral catalog softboxes with clean speculars,"one 3mL pre-filled research dosage pen of Tesamorelin/Ipamorelin as SMALL mid-ground (never macro, no injection act, no people)",3mL pre-filled research dosage pen,P-TEI-001,Tesamorelin/Ipamorelin,https://www.palmbeach-vitality.store/products/tesamorelin-ipamorelin-pen,"LANDSCAPE FULL LAB + 3mL DOSAGE PEN (16:9). Environment: glassware kiln / dry heat room exterior corridor. Camera: 16:9 elevated three-quarter wide shot of the entire bay. Lighting: warm-neutral catalog softboxes with clean speculars. Hero: one 3mL pre-filled research dosage pen labeled Tesamorelin/Ipamorelin (P-TEI-001). Pen mid-ground inside complete laboratory landscape. No injection, no people. Variant cycle 5. SIGNAGE RULE: premium clean research lab only. No safety placards, no industrial alert graphics, no trefoil icons, no striped floor tape, no danger banners. Do not print alert words on walls, floors, labels, or posters. Only neutral room names and product typography.",Captions MUST be only about Tesamorelin/Ipamorelin (P-TEI-001) and https://www.palmbeach-vitality.store/products/tesamorelin-ipamorelin-pen.,Active,492,
LS-PEN-143,vid_gen_landscape_scenes,16:9,pen_3ml_scene,PEN landscape 143 — BPC-157,spill-free epoxy floor expanse reflecting overhead lights,16:9 dolly-style hallway perspective into the lab,"high-key sterile white lighting, minimal shadows","one 3mL pre-filled research dosage pen of BPC-157 as SMALL mid-ground (never macro, no injection act, no people)",3mL pre-filled research dosage pen,P-BPC-001,BPC-157,https://www.palmbeach-vitality.store/products/bpc-157-pen,"LANDSCAPE FULL LAB + 3mL DOSAGE PEN (16:9). Environment: spill-free epoxy floor expanse reflecting overhead lights. Camera: 16:9 dolly-style hallway perspective into the lab. Lighting: high-key sterile white lighting, minimal shadows. Hero: one 3mL pre-filled research dosage pen labeled BPC-157 (P-BPC-001). Pen mid-ground inside complete laboratory landscape. No injection, no people. Variant cycle 5. SIGNAGE RULE: premium clean research lab only. No safety placards, no industrial alert graphics, no trefoil icons, no striped floor tape, no danger banners. Do not print alert words on walls, floors, labels, or posters. Only neutral room names and product typography.",Captions MUST be only about BPC-157 (P-BPC-001) and https://www.palmbeach-vitality.store/products/bpc-157-pen.,Active,493,
LS-PEN-144,vid_gen_landscape_scenes,16:9,pen_3ml_scene,PEN landscape 144 — BPC-157 / TB-500,mezzanine looking down on a synthesis theater,16:9 architectural wide shot showing ceiling utilities and floor plane,low-key dramatic instrument LEDs with controlled haze,"one 3mL pre-filled research dosage pen of BPC-157 / TB-500 as SMALL mid-ground (never macro, no injection act, no people)",3mL pre-filled research dosage pen,P-WOL-001,BPC-157 / TB-500,https://www.palmbeach-vitality.store/products/wolverine-pen,"LANDSCAPE FULL LAB + 3mL DOSAGE PEN (16:9). Environment: mezzanine looking down on a synthesis theater. Camera: 16:9 architectural wide shot showing ceiling utilities and floor plane. Lighting: low-key dramatic instrument LEDs with controlled haze. Hero: one 3mL pre-filled research dosage pen labeled BPC-157 / TB-500 (P-WOL-001). Pen mid-ground inside complete laboratory landscape. No injection, no people. Variant cycle 5. SIGNAGE RULE: premium clean research lab only. No safety placards, no industrial alert graphics, no trefoil icons, no striped floor tape, no danger banners. Do not print alert words on walls, floors, labels, or posters. Only neutral room names and product typography.",Captions MUST be only about BPC-157 / TB-500 (P-WOL-001) and https://www.palmbeach-vitality.store/products/wolverine-pen.,Active,494,
LS-PEN-145,vid_gen_landscape_scenes,16:9,pen_3ml_scene,PEN landscape 145 — CJC (no DAC)/Ipamorelin,catalog hero stage: full lab built for 16:9 cinema framing,16:9 medium-wide environmental shot with product as small mid-ground element,daylight through clerestory windows plus soft fill,"one 3mL pre-filled research dosage pen of CJC (no DAC)/Ipamorelin as SMALL mid-ground (never macro, no injection act, no people)",3mL pre-filled research dosage pen,P-CII-001,CJC (no DAC)/Ipamorelin,https://www.palmbeach-vitality.store/products/cjc-ipamorelin-1,"LANDSCAPE FULL LAB + 3mL DOSAGE PEN (16:9). Environment: catalog hero stage: full lab built for 16:9 cinema framing. Camera: 16:9 medium-wide environmental shot with product as small mid-ground element. Lighting: daylight through clerestory windows plus soft fill. Hero: one 3mL pre-filled research dosage pen labeled CJC (no DAC)/Ipamorelin (P-CII-001). Pen mid-ground inside complete laboratory landscape. No injection, no people. Variant cycle 5. SIGNAGE RULE: premium clean research lab only. No safety placards, no industrial alert graphics, no trefoil icons, no striped floor tape, no danger banners. Do not print alert words on walls, floors, labels, or posters. Only neutral room names and product typography.",Captions MUST be only about CJC (no DAC)/Ipamorelin (P-CII-001) and https://www.palmbeach-vitality.store/products/cjc-ipamorelin-1.,Active,495,
LS-PEN-146,vid_gen_landscape_scenes,16:9,pen_3ml_scene,PEN landscape 146 — DSIP,twin laminar hoods facing a wide sterile aisle,"16:9 landscape establishing shot, 24mm equivalent, deep focus",cool cyan-blue biotech rim with soft overhead panels,"one 3mL pre-filled research dosage pen of DSIP as SMALL mid-ground (never macro, no injection act, no people)",3mL pre-filled research dosage pen,P-DSI-001,DSIP,https://www.palmbeach-vitality.store/products/dsip-pen,"LANDSCAPE FULL LAB + 3mL DOSAGE PEN (16:9). Environment: twin laminar hoods facing a wide sterile aisle. Camera: 16:9 landscape establishing shot, 24mm equivalent, deep focus. Lighting: cool cyan-blue biotech rim with soft overhead panels. Hero: one 3mL pre-filled research dosage pen labeled DSIP (P-DSI-001). Pen mid-ground inside complete laboratory landscape. No injection, no people. Variant cycle 5. SIGNAGE RULE: premium clean research lab only. No safety placards, no industrial alert graphics, no trefoil icons, no striped floor tape, no danger banners. Do not print alert words on walls, floors, labels, or posters. Only neutral room names and product typography.",Captions MUST be only about DSIP (P-DSI-001) and https://www.palmbeach-vitality.store/products/dsip-pen.,Active,496,
LS-PEN-147,vid_gen_landscape_scenes,16:9,pen_3ml_scene,PEN landscape 147 — GHK-Cu,vial rack farm on carts arranged in landscape depth,16:9 elevated three-quarter wide shot of the entire bay,warm-neutral catalog softboxes with clean speculars,"one 3mL pre-filled research dosage pen of GHK-Cu as SMALL mid-ground (never macro, no injection act, no people)",3mL pre-filled research dosage pen,P-GHK-001,GHK-Cu,https://www.palmbeach-vitality.store/products/ghk-cu-pen,"LANDSCAPE FULL LAB + 3mL DOSAGE PEN (16:9). Environment: vial rack farm on carts arranged in landscape depth. Camera: 16:9 elevated three-quarter wide shot of the entire bay. Lighting: warm-neutral catalog softboxes with clean speculars. Hero: one 3mL pre-filled research dosage pen labeled GHK-Cu (P-GHK-001). Pen mid-ground inside complete laboratory landscape. No injection, no people. Variant cycle 5. SIGNAGE RULE: premium clean research lab only. No safety placards, no industrial alert graphics, no trefoil icons, no striped floor tape, no danger banners. Do not print alert words on walls, floors, labels, or posters. Only neutral room names and product typography.",Captions MUST be only about GHK-Cu (P-GHK-001) and https://www.palmbeach-vitality.store/products/ghk-cu-pen.,Active,497,
LS-PEN-148,vid_gen_landscape_scenes,16:9,pen_3ml_scene,PEN landscape 148 — 5-Amino-1MQ,pen-format staging table mid-ground in a large prep bay,16:9 dolly-style hallway perspective into the lab,"high-key sterile white lighting, minimal shadows","one 3mL pre-filled research dosage pen of 5-Amino-1MQ as SMALL mid-ground (never macro, no injection act, no people)",3mL pre-filled research dosage pen,P-5AM-001,5-Amino-1MQ,https://www.palmbeach-vitality.store/products/5-amino-mq-pen,"LANDSCAPE FULL LAB + 3mL DOSAGE PEN (16:9). Environment: pen-format staging table mid-ground in a large prep bay. Camera: 16:9 dolly-style hallway perspective into the lab. Lighting: high-key sterile white lighting, minimal shadows. Hero: one 3mL pre-filled research dosage pen labeled 5-Amino-1MQ (P-5AM-001). Pen mid-ground inside complete laboratory landscape. No injection, no people. Variant cycle 5. SIGNAGE RULE: premium clean research lab only. No safety placards, no industrial alert graphics, no trefoil icons, no striped floor tape, no danger banners. Do not print alert words on walls, floors, labels, or posters. Only neutral room names and product typography.",Captions MUST be only about 5-Amino-1MQ (P-5AM-001) and https://www.palmbeach-vitality.store/products/5-amino-mq-pen.,Active,498,
LS-PEN-149,vid_gen_landscape_scenes,16:9,pen_3ml_scene,PEN landscape 149 — BPC-157 / TB-500 / GHK-Cu,acrylic product riser island inside a complete lab set,16:9 architectural wide shot showing ceiling utilities and floor plane,low-key dramatic instrument LEDs with controlled haze,"one 3mL pre-filled research dosage pen of BPC-157 / TB-500 / GHK-Cu as SMALL mid-ground (never macro, no injection act, no people)",3mL pre-filled research dosage pen,P-GLO-001,BPC-157 / TB-500 / GHK-Cu,https://www.palmbeach-vitality.store/products/glow-pen,"LANDSCAPE FULL LAB + 3mL DOSAGE PEN (16:9). Environment: acrylic product riser island inside a complete lab set. Camera: 16:9 architectural wide shot showing ceiling utilities and floor plane. Lighting: low-key dramatic instrument LEDs with controlled haze. Hero: one 3mL pre-filled research dosage pen labeled BPC-157 / TB-500 / GHK-Cu (P-GLO-001). Pen mid-ground inside complete laboratory landscape. No injection, no people. Variant cycle 5. SIGNAGE RULE: premium clean research lab only. No safety placards, no industrial alert graphics, no trefoil icons, no striped floor tape, no danger banners. Do not print alert words on walls, floors, labels, or posters. Only neutral room names and product typography.",Captions MUST be only about BPC-157 / TB-500 / GHK-Cu (P-GLO-001) and https://www.palmbeach-vitality.store/products/glow-pen.,Active,499,
LS-PEN-150,vid_gen_landscape_scenes,16:9,pen_3ml_scene,PEN landscape 150 — SS-31,blue-hour exterior glass lab facade reflecting instruments inside,16:9 medium-wide environmental shot with product as small mid-ground element,daylight through clerestory windows plus soft fill,"one 3mL pre-filled research dosage pen of SS-31 as SMALL mid-ground (never macro, no injection act, no people)",3mL pre-filled research dosage pen,P-SS3-001,SS-31,https://www.palmbeach-vitality.store/products/ss-31-pen,"LANDSCAPE FULL LAB + 3mL DOSAGE PEN (16:9). Environment: blue-hour exterior glass lab facade reflecting instruments inside. Camera: 16:9 medium-wide environmental shot with product as small mid-ground element. Lighting: daylight through clerestory windows plus soft fill. Hero: one 3mL pre-filled research dosage pen labeled SS-31 (P-SS3-001). Pen mid-ground inside complete laboratory landscape. No injection, no people. Variant cycle 5. SIGNAGE RULE: premium clean research lab only. No safety placards, no industrial alert graphics, no trefoil icons, no striped floor tape, no danger banners. Do not print alert words on walls, floors, labels, or posters. Only neutral room names and product typography.",Captions MUST be only about SS-31 (P-SS3-001) and https://www.palmbeach-vitality.store/products/ss-31-pen.,Active,500,
