scene_id,workflow,aspect,scene_category,scene_name,lab_environment,camera,lighting,product_hero,product_form_detail,compound_id,compound_name,canonical_url,scene_brief,caption_lock,status,rotation_order,last_used_date,source_id,vibe,theme
LI-001,vid_gen_landscape_scenes,16:9,pen_3ml_scene,LI-001 — Beach & Ocean — KPV / BPC-157 / TB-500 / GHK-Cu,A minimalist wellness bottle resting on a weathered wooden pier post at blue hour with water reflections,"16:9 landscape cinematic framing, deep environmental context",Dramatic mood lighting,"3mL research dosage pen of KPV / BPC-157 / TB-500 / GHK-Cu as mid-ground hero in the scene (not extreme macro; no injection act, no people)",3mL pre-filled research dosage pen,P-KLO-001,KPV / BPC-157 / TB-500 / GHK-Cu,https://www.palmbeach-vitality.store/products/klow-pen,"LANDSCAPE SCENE (16:9) for workflow vid_gen_landscape_scenes. Source visual+motion: A minimalist wellness bottle resting on a weathered wooden pier post at blue hour with water reflections, as the liquid inside becomes visibly thinner and more fluid in motion. Time-lapse growth and repair happens in the periphery only. Vibe: Dramatic. Theme: Beach & Ocean. Product lock: KPV / BPC-157 / TB-500 / GHK-Cu (P-KLO-001). Form: 3mL pre-filled research dosage pen. Camera: 16:9 landscape cinematic framing, deep environmental context. Keep product as part of a full environmental scene — not an isolated void packshot. PEN SPEC: 3mL pre-filled research dosage pen. No injection act, no people, no needles in use. SIGNAGE RULE: premium clean research lab only. No safety placards, no industrial alert graphics, no trefoil icons, no striped floor tape, no danger banners. Do not print alert words on walls, floors, labels, or posters. Only neutral room names and product typography.",Captions MUST be only about KPV / BPC-157 / TB-500 / GHK-Cu (P-KLO-001) and https://www.palmbeach-vitality.store/products/klow-pen.,Active,1,,1,Dramatic,Beach & Ocean
LI-002,vid_gen_landscape_scenes,16:9,vial_10ml_scene,LI-002 — Recovery & Healing — KPV / BPC-157 / TB-500 / GHK-Cu,A pure white ceramic-capped vial on a smooth river stone while clear water flows in soft ribbons around it,"16:9 landscape cinematic framing, deep environmental context",Cool mood lighting,"10mL sterile injectable-style glass vial of KPV / BPC-157 / TB-500 / GHK-Cu with rubber stopper + aluminum crimp seal (NEVER black twist/screw cap); mid-ground in scene, not extreme macro","10mL sterile injectable-style glass vial with rubber stopper and aluminum crimp seal (NOT screw-cap, NOT black twist cap)",V-KLO-001,KPV / BPC-157 / TB-500 / GHK-Cu,https://www.palmbeach-vitality.store/products/klow-kpv-bpc-157-tb-500-ghk,"LANDSCAPE SCENE (16:9) for workflow vid_gen_landscape_scenes. Source visual+motion: A pure white ceramic-capped vial on a smooth river stone while clear water flows in soft ribbons around it, while surrounding water freezes in elegant crystals then melts cleanly. Deep contrast between the sharp product and soft, dreamy background. Vibe: Cool. Theme: Recovery & Healing. Product lock: KPV / BPC-157 / TB-500 / GHK-Cu (V-KLO-001). Form: 10mL sterile injectable-style glass vial with rubber stopper and aluminum crimp seal (NOT screw-cap, NOT black twist cap). Camera: 16:9 landscape cinematic framing, deep environmental context. Keep product as part of a full environmental scene — not an isolated void packshot. VIAL SPEC: 10mL sterile injectable-style clear glass vial, rubber stopper + aluminum crimp seal only. FORBIDDEN: black twist caps, screw caps, dropper bottles. SIGNAGE RULE: premium clean research lab only. No safety placards, no industrial alert graphics, no trefoil icons, no striped floor tape, no danger banners. Do not print alert words on walls, floors, labels, or posters. Only neutral room names and product typography.",Captions MUST be only about KPV / BPC-157 / TB-500 / GHK-Cu (V-KLO-001) and https://www.palmbeach-vitality.store/products/klow-kpv-bpc-157-tb-500-ghk.,Active,2,,2,Cool,Recovery & Healing
LI-003,vid_gen_landscape_scenes,16:9,lab_scene,LI-003 — Abstract Cellular — KPV / BPC-157 / TB-500 / GHK-Cu,A minimalist wellness bottle floating in pure black void while golden particles slowly orbit,"16:9 landscape cinematic framing, deep environmental context",Dramatic mood lighting,scene product lock via typography / subtle mid-ground research material; no extreme close-up packshot,,V-KLO-001,KPV / BPC-157 / TB-500 / GHK-Cu,https://www.palmbeach-vitality.store/products/klow-kpv-bpc-157-tb-500-ghk,"LANDSCAPE SCENE (16:9) for workflow vid_gen_landscape_scenes. Source visual+motion: A minimalist wellness bottle floating in pure black void while golden particles slowly orbit, as surrounding particles are drawn inward like gravity. Reflections and refractions in the glass create secondary visual interest. Vibe: Dramatic. Theme: Abstract Cellular. Product lock: KPV / BPC-157 / TB-500 / GHK-Cu (V-KLO-001). Form: research catalog material. Camera: 16:9 landscape cinematic framing, deep environmental context. Keep product as part of a full environmental scene — not an isolated void packshot. SIGNAGE RULE: premium clean research lab only. No safety placards, no industrial alert graphics, no trefoil icons, no striped floor tape, no danger banners. Do not print alert words on walls, floors, labels, or posters. Only neutral room names and product typography.",Captions MUST be only about KPV / BPC-157 / TB-500 / GHK-Cu (V-KLO-001) and https://www.palmbeach-vitality.store/products/klow-kpv-bpc-157-tb-500-ghk.,Active,3,,3,Dramatic,Abstract Cellular
LI-004,vid_gen_landscape_scenes,16:9,pen_3ml_scene,LI-004 — Energy & Cellular Power — MOTS-C,A matte-black peptide pen catching a single snowflake that melts the instant it lands,"16:9 landscape cinematic framing, deep environmental context",Cool mood lighting,"3mL research dosage pen of MOTS-C as mid-ground hero in the scene (not extreme macro; no injection act, no people)",3mL pre-filled research dosage pen,P-MOT-001,MOTS-C,https://www.palmbeach-vitality.store/products/mots-c,"LANDSCAPE SCENE (16:9) for workflow vid_gen_landscape_scenes. Source visual+motion: A matte-black peptide pen catching a single snowflake that melts the instant it lands, while surrounding water freezes in elegant crystals then melts cleanly. Extreme slow-motion emphasizes every micro-movement of liquid and light. Vibe: Cool. Theme: Energy & Cellular Power. Product lock: MOTS-C (P-MOT-001). Form: 3mL pre-filled research dosage pen. Camera: 16:9 landscape cinematic framing, deep environmental context. Keep product as part of a full environmental scene — not an isolated void packshot. PEN SPEC: 3mL pre-filled research dosage pen. No injection act, no people, no needles in use. SIGNAGE RULE: premium clean research lab only. No safety placards, no industrial alert graphics, no trefoil icons, no striped floor tape, no danger banners. Do not print alert words on walls, floors, labels, or posters. Only neutral room names and product typography.",Captions MUST be only about MOTS-C (P-MOT-001) and https://www.palmbeach-vitality.store/products/mots-c.,Active,4,,4,Cool,Energy & Cellular Power
LI-005,vid_gen_landscape_scenes,16:9,vial_10ml_scene,LI-005 — Abstract Cellular — MOTS-C,A glowing amber wellness vial on a cracked stone surface that seals and smooths itself,"16:9 landscape cinematic framing, deep environmental context",Dramatic mood lighting,"10mL sterile injectable-style glass vial of MOTS-C with rubber stopper + aluminum crimp seal (NEVER black twist/screw cap); mid-ground in scene, not extreme macro","10mL sterile injectable-style glass vial with rubber stopper and aluminum crimp seal (NOT screw-cap, NOT black twist cap)",V-MOT-001,MOTS-C,https://www.palmbeach-vitality.store/products/mots-c-10mg-5ml-vial,"LANDSCAPE SCENE (16:9) for workflow vid_gen_landscape_scenes. Source visual+motion: A glowing amber wellness vial on a cracked stone surface that seals and smooths itself, as the liquid inside becomes visibly thinner and more fluid in motion. A gentle breeze moves surrounding elements without disturbing the product. Vibe: Dramatic. Theme: Abstract Cellular. Product lock: MOTS-C (V-MOT-001). Form: 10mL sterile injectable-style glass vial with rubber stopper and aluminum crimp seal (NOT screw-cap, NOT black twist cap). Camera: 16:9 landscape cinematic framing, deep environmental context. Keep product as part of a full environmental scene — not an isolated void packshot. VIAL SPEC: 10mL sterile injectable-style clear glass vial, rubber stopper + aluminum crimp seal only. FORBIDDEN: black twist caps, screw caps, dropper bottles. SIGNAGE RULE: premium clean research lab only. No safety placards, no industrial alert graphics, no trefoil icons, no striped floor tape, no danger banners. Do not print alert words on walls, floors, labels, or posters. Only neutral room names and product typography.",Captions MUST be only about MOTS-C (V-MOT-001) and https://www.palmbeach-vitality.store/products/mots-c-10mg-5ml-vial.,Active,5,,5,Dramatic,Abstract Cellular
LI-006,vid_gen_landscape_scenes,16:9,lab_scene,LI-006 — Abstract Cellular — MOTS-C,A minimalist wellness bottle on a smooth river stone while clear water flows in soft ribbons around it,"16:9 landscape cinematic framing, deep environmental context",Fun mood lighting,scene product lock via typography / subtle mid-ground research material; no extreme close-up packshot,,V-MOT-001,MOTS-C,https://www.palmbeach-vitality.store/products/mots-c-10mg-5ml-vial,"LANDSCAPE SCENE (16:9) for workflow vid_gen_landscape_scenes. Source visual+motion: A minimalist wellness bottle on a smooth river stone while clear water flows in soft ribbons around it, with the product perfectly balanced on the edge of a surface that looks unstable. Soft volumetric god-rays cut through the scene. Vibe: Fun. Theme: Abstract Cellular. Product lock: MOTS-C (V-MOT-001). Form: research catalog material. Camera: 16:9 landscape cinematic framing, deep environmental context. Keep product as part of a full environmental scene — not an isolated void packshot. SIGNAGE RULE: premium clean research lab only. No safety placards, no industrial alert graphics, no trefoil icons, no striped floor tape, no danger banners. Do not print alert words on walls, floors, labels, or posters. Only neutral room names and product typography.",Captions MUST be only about MOTS-C (V-MOT-001) and https://www.palmbeach-vitality.store/products/mots-c-10mg-5ml-vial.,Active,6,,6,Fun,Abstract Cellular
LI-007,vid_gen_landscape_scenes,16:9,vial_10ml_scene,LI-007 — Recovery & Healing — NAD+,A sleek glass peptide vial inside a large clear ice block that slowly melts away,"16:9 landscape cinematic framing, deep environmental context",Dramatic mood lighting,"10mL sterile injectable-style glass vial of NAD+ with rubber stopper + aluminum crimp seal (NEVER black twist/screw cap); mid-ground in scene, not extreme macro","10mL sterile injectable-style glass vial with rubber stopper and aluminum crimp seal (NOT screw-cap, NOT black twist cap)",V-NAD-001,NAD+,https://www.palmbeach-vitality.store/products/nad-1,"LANDSCAPE SCENE (16:9) for workflow vid_gen_landscape_scenes. Source visual+motion: A sleek glass peptide vial inside a large clear ice block that slowly melts away, as one central vial remains still while others orbit it in slow motion. Reflections and refractions in the glass create secondary visual interest. Vibe: Dramatic. Theme: Recovery & Healing. Product lock: NAD+ (V-NAD-001). Form: 10mL sterile injectable-style glass vial with rubber stopper and aluminum crimp seal (NOT screw-cap, NOT black twist cap). Camera: 16:9 landscape cinematic framing, deep environmental context. Keep product as part of a full environmental scene — not an isolated void packshot. VIAL SPEC: 10mL sterile injectable-style clear glass vial, rubber stopper + aluminum crimp seal only. FORBIDDEN: black twist caps, screw caps, dropper bottles. SIGNAGE RULE: premium clean research lab only. No safety placards, no industrial alert graphics, no trefoil icons, no striped floor tape, no danger banners. Do not print alert words on walls, floors, labels, or posters. Only neutral room names and product typography.",Captions MUST be only about NAD+ (V-NAD-001) and https://www.palmbeach-vitality.store/products/nad-1.,Active,7,,7,Dramatic,Recovery & Healing
LI-008,vid_gen_landscape_scenes,16:9,vial_10ml_scene,LI-008 — Abstract Cellular — PT-141,A pure white ceramic-capped vial next to a cloudy glass of water that suddenly becomes crystal clear,"16:9 landscape cinematic framing, deep environmental context",Cool mood lighting,"10mL sterile injectable-style glass vial of PT-141 with rubber stopper + aluminum crimp seal (NEVER black twist/screw cap); mid-ground in scene, not extreme macro","10mL sterile injectable-style glass vial with rubber stopper and aluminum crimp seal (NOT screw-cap, NOT black twist cap)",V-PT1-001,PT-141,https://www.palmbeach-vitality.store/products/pt-141,"LANDSCAPE SCENE (16:9) for workflow vid_gen_landscape_scenes. Source visual+motion: A pure white ceramic-capped vial next to a cloudy glass of water that suddenly becomes crystal clear, with fine gold leaf or particles adhering then releasing in slow motion. The environment feels charged, as if responding to the product's presence. Vibe: Cool. Theme: Abstract Cellular. Product lock: PT-141 (V-PT1-001). Form: 10mL sterile injectable-style glass vial with rubber stopper and aluminum crimp seal (NOT screw-cap, NOT black twist cap). Camera: 16:9 landscape cinematic framing, deep environmental context. Keep product as part of a full environmental scene — not an isolated void packshot. VIAL SPEC: 10mL sterile injectable-style clear glass vial, rubber stopper + aluminum crimp seal only. FORBIDDEN: black twist caps, screw caps, dropper bottles. SIGNAGE RULE: premium clean research lab only. No safety placards, no industrial alert graphics, no trefoil icons, no striped floor tape, no danger banners. Do not print alert words on walls, floors, labels, or posters. Only neutral room names and product typography.",Captions MUST be only about PT-141 (V-PT1-001) and https://www.palmbeach-vitality.store/products/pt-141.,Active,8,,8,Cool,Abstract Cellular
LI-009,vid_gen_landscape_scenes,16:9,lab_scene,LI-009 — Energy & Cellular Power — NAD+,A frosted glass bottle of cellular support on a smooth river stone while clear water flows in soft ribbons around it,"16:9 landscape cinematic framing, deep environmental context",Dramatic mood lighting,scene product lock via typography / subtle mid-ground research material; no extreme close-up packshot,,V-NAD-001,NAD+,https://www.palmbeach-vitality.store/products/nad-1,"LANDSCAPE SCENE (16:9) for workflow vid_gen_landscape_scenes. Source visual+motion: A frosted glass bottle of cellular support on a smooth river stone while clear water flows in soft ribbons around it, as surrounding particles are drawn inward like gravity. Soft volumetric god-rays cut through the scene. Vibe: Dramatic. Theme: Energy & Cellular Power. Product lock: NAD+ (V-NAD-001). Form: research catalog material. Camera: 16:9 landscape cinematic framing, deep environmental context. Keep product as part of a full environmental scene — not an isolated void packshot. SIGNAGE RULE: premium clean research lab only. No safety placards, no industrial alert graphics, no trefoil icons, no striped floor tape, no danger banners. Do not print alert words on walls, floors, labels, or posters. Only neutral room names and product typography.",Captions MUST be only about NAD+ (V-NAD-001) and https://www.palmbeach-vitality.store/products/nad-1.,Active,9,,9,Dramatic,Energy & Cellular Power
LI-010,vid_gen_landscape_scenes,16:9,vial_10ml_scene,LI-010 — Beach & Ocean — Selank,A crystal-clear recovery vial beside an hourglass where the sand begins flowing upward,"16:9 landscape cinematic framing, deep environmental context",Funny mood lighting,"10mL sterile injectable-style glass vial of Selank with rubber stopper + aluminum crimp seal (NEVER black twist/screw cap); mid-ground in scene, not extreme macro","10mL sterile injectable-style glass vial with rubber stopper and aluminum crimp seal (NOT screw-cap, NOT black twist cap)",V-SEL-001,Selank,https://www.palmbeach-vitality.store/products/selank,"LANDSCAPE SCENE (16:9) for workflow vid_gen_landscape_scenes. Source visual+motion: A crystal-clear recovery vial beside an hourglass where the sand begins flowing upward, while a much larger empty bottle tips over dramatically and the small one stays still. Time-lapse growth and repair happens in the periphery only. Vibe: Funny. Theme: Beach & Ocean. Product lock: Selank (V-SEL-001). Form: 10mL sterile injectable-style glass vial with rubber stopper and aluminum crimp seal (NOT screw-cap, NOT black twist cap). Camera: 16:9 landscape cinematic framing, deep environmental context. Keep product as part of a full environmental scene — not an isolated void packshot. VIAL SPEC: 10mL sterile injectable-style clear glass vial, rubber stopper + aluminum crimp seal only. FORBIDDEN: black twist caps, screw caps, dropper bottles. SIGNAGE RULE: premium clean research lab only. No safety placards, no industrial alert graphics, no trefoil icons, no striped floor tape, no danger banners. Do not print alert words on walls, floors, labels, or posters. Only neutral room names and product typography.",Captions MUST be only about Selank (V-SEL-001) and https://www.palmbeach-vitality.store/products/selank.,Active,10,,10,Funny,Beach & Ocean
LI-011,vid_gen_landscape_scenes,16:9,vial_10ml_scene,LI-011 — Recovery & Healing — Sermorelin,A pure white ceramic-capped vial inside a large clear ice block that slowly melts away,"16:9 landscape cinematic framing, deep environmental context",Cool mood lighting,"10mL sterile injectable-style glass vial of Sermorelin with rubber stopper + aluminum crimp seal (NEVER black twist/screw cap); mid-ground in scene, not extreme macro","10mL sterile injectable-style glass vial with rubber stopper and aluminum crimp seal (NOT screw-cap, NOT black twist cap)",V-SER-001,Sermorelin,https://www.palmbeach-vitality.store/products/sermorelin,"LANDSCAPE SCENE (16:9) for workflow vid_gen_landscape_scenes. Source visual+motion: A pure white ceramic-capped vial inside a large clear ice block that slowly melts away, with the entire bottle briefly becoming translucent then solid again. A gentle breeze moves surrounding elements without disturbing the product. Vibe: Cool. Theme: Recovery & Healing. Product lock: Sermorelin (V-SER-001). Form: 10mL sterile injectable-style glass vial with rubber stopper and aluminum crimp seal (NOT screw-cap, NOT black twist cap). Camera: 16:9 landscape cinematic framing, deep environmental context. Keep product as part of a full environmental scene — not an isolated void packshot. VIAL SPEC: 10mL sterile injectable-style clear glass vial, rubber stopper + aluminum crimp seal only. FORBIDDEN: black twist caps, screw caps, dropper bottles. SIGNAGE RULE: premium clean research lab only. No safety placards, no industrial alert graphics, no trefoil icons, no striped floor tape, no danger banners. Do not print alert words on walls, floors, labels, or posters. Only neutral room names and product typography.",Captions MUST be only about Sermorelin (V-SER-001) and https://www.palmbeach-vitality.store/products/sermorelin.,Active,11,,11,Cool,Recovery & Healing
LI-012,vid_gen_landscape_scenes,16:9,vial_10ml_scene,LI-012 — Recovery & Healing — SS-31,A pure white ceramic-capped vial in complete darkness until a precise light beam illuminates only the label area,"16:9 landscape cinematic framing, deep environmental context",Fun mood lighting,"10mL sterile injectable-style glass vial of SS-31 with rubber stopper + aluminum crimp seal (NEVER black twist/screw cap); mid-ground in scene, not extreme macro","10mL sterile injectable-style glass vial with rubber stopper and aluminum crimp seal (NOT screw-cap, NOT black twist cap)",V-SS3-001,SS-31,https://www.palmbeach-vitality.store/products/ss-31,"LANDSCAPE SCENE (16:9) for workflow vid_gen_landscape_scenes. Source visual+motion: A pure white ceramic-capped vial in complete darkness until a precise light beam illuminates only the label area, as the bottle appears to 'surf' a wave of foam across a dark surface. Golden hour light slides across the surface creating long lens flares. Vibe: Fun. Theme: Recovery & Healing. Product lock: SS-31 (V-SS3-001). Form: 10mL sterile injectable-style glass vial with rubber stopper and aluminum crimp seal (NOT screw-cap, NOT black twist cap). Camera: 16:9 landscape cinematic framing, deep environmental context. Keep product as part of a full environmental scene — not an isolated void packshot. VIAL SPEC: 10mL sterile injectable-style clear glass vial, rubber stopper + aluminum crimp seal only. FORBIDDEN: black twist caps, screw caps, dropper bottles. SIGNAGE RULE: premium clean research lab only. No safety placards, no industrial alert graphics, no trefoil icons, no striped floor tape, no danger banners. Do not print alert words on walls, floors, labels, or posters. Only neutral room names and product typography.",Captions MUST be only about SS-31 (V-SS3-001) and https://www.palmbeach-vitality.store/products/ss-31.,Active,12,,12,Fun,Recovery & Healing
LI-013,vid_gen_landscape_scenes,16:9,vial_10ml_scene,LI-013 — Recovery & Healing — TB-500,A glowing amber wellness vial beside a melting ice cube that reforms into a perfect clear sphere,"16:9 landscape cinematic framing, deep environmental context",Cool mood lighting,"10mL sterile injectable-style glass vial of TB-500 with rubber stopper + aluminum crimp seal (NEVER black twist/screw cap); mid-ground in scene, not extreme macro","10mL sterile injectable-style glass vial with rubber stopper and aluminum crimp seal (NOT screw-cap, NOT black twist cap)",V-TB5-001,TB-500,https://www.palmbeach-vitality.store/products/tb-500,"LANDSCAPE SCENE (16:9) for workflow vid_gen_landscape_scenes. Source visual+motion: A glowing amber wellness vial beside a melting ice cube that reforms into a perfect clear sphere, while soft white powder explodes outward then reforms into the bottle shape. Time-lapse growth and repair happens in the periphery only. Vibe: Cool. Theme: Recovery & Healing. Product lock: TB-500 (V-TB5-001). Form: 10mL sterile injectable-style glass vial with rubber stopper and aluminum crimp seal (NOT screw-cap, NOT black twist cap). Camera: 16:9 landscape cinematic framing, deep environmental context. Keep product as part of a full environmental scene — not an isolated void packshot. VIAL SPEC: 10mL sterile injectable-style clear glass vial, rubber stopper + aluminum crimp seal only. FORBIDDEN: black twist caps, screw caps, dropper bottles. SIGNAGE RULE: premium clean research lab only. No safety placards, no industrial alert graphics, no trefoil icons, no striped floor tape, no danger banners. Do not print alert words on walls, floors, labels, or posters. Only neutral room names and product typography.",Captions MUST be only about TB-500 (V-TB5-001) and https://www.palmbeach-vitality.store/products/tb-500.,Active,13,,13,Cool,Recovery & Healing
LI-014,vid_gen_landscape_scenes,16:9,vial_10ml_scene,LI-014 — Beach & Ocean — Tesamorelin,A glowing amber wellness vial on volcanic black sand with distant soft lava glow (stylized),"16:9 landscape cinematic framing, deep environmental context",Cool mood lighting,"10mL sterile injectable-style glass vial of Tesamorelin with rubber stopper + aluminum crimp seal (NEVER black twist/screw cap); mid-ground in scene, not extreme macro","10mL sterile injectable-style glass vial with rubber stopper and aluminum crimp seal (NOT screw-cap, NOT black twist cap)",V-TES-001,Tesamorelin,https://www.palmbeach-vitality.store/products/tesamorelin,"LANDSCAPE SCENE (16:9) for workflow vid_gen_landscape_scenes. Source visual+motion: A glowing amber wellness vial on volcanic black sand with distant soft lava glow (stylized), as one central vial remains still while others orbit it in slow motion. A gentle breeze moves surrounding elements without disturbing the product. Vibe: Cool. Theme: Beach & Ocean. Product lock: Tesamorelin (V-TES-001). Form: 10mL sterile injectable-style glass vial with rubber stopper and aluminum crimp seal (NOT screw-cap, NOT black twist cap). Camera: 16:9 landscape cinematic framing, deep environmental context. Keep product as part of a full environmental scene — not an isolated void packshot. VIAL SPEC: 10mL sterile injectable-style clear glass vial, rubber stopper + aluminum crimp seal only. FORBIDDEN: black twist caps, screw caps, dropper bottles. SIGNAGE RULE: premium clean research lab only. No safety placards, no industrial alert graphics, no trefoil icons, no striped floor tape, no danger banners. Do not print alert words on walls, floors, labels, or posters. Only neutral room names and product typography.",Captions MUST be only about Tesamorelin (V-TES-001) and https://www.palmbeach-vitality.store/products/tesamorelin.,Active,14,,14,Cool,Beach & Ocean
LI-015,vid_gen_landscape_scenes,16:9,vial_10ml_scene,LI-015 — Resilience & Strength — BPC-157,A pure white ceramic-capped vial on a mountaintop rock with distant clouds drifting past,"16:9 landscape cinematic framing, deep environmental context",Fun mood lighting,"10mL sterile injectable-style glass vial of BPC-157 with rubber stopper + aluminum crimp seal (NEVER black twist/screw cap); mid-ground in scene, not extreme macro","10mL sterile injectable-style glass vial with rubber stopper and aluminum crimp seal (NOT screw-cap, NOT black twist cap)",V-BPC-001,BPC-157,https://www.palmbeach-vitality.store/products/bpc-157,"LANDSCAPE SCENE (16:9) for workflow vid_gen_landscape_scenes. Source visual+motion: A pure white ceramic-capped vial on a mountaintop rock with distant clouds drifting past, while fine mist rises from the surface in elegant swirls. The scene has a quiet, almost sacred stillness interrupted only by intentional motion. Vibe: Fun. Theme: Resilience & Strength. Product lock: BPC-157 (V-BPC-001). Form: 10mL sterile injectable-style glass vial with rubber stopper and aluminum crimp seal (NOT screw-cap, NOT black twist cap). Camera: 16:9 landscape cinematic framing, deep environmental context. Keep product as part of a full environmental scene — not an isolated void packshot. VIAL SPEC: 10mL sterile injectable-style clear glass vial, rubber stopper + aluminum crimp seal only. FORBIDDEN: black twist caps, screw caps, dropper bottles. SIGNAGE RULE: premium clean research lab only. No safety placards, no industrial alert graphics, no trefoil icons, no striped floor tape, no danger banners. Do not print alert words on walls, floors, labels, or posters. Only neutral room names and product typography.",Captions MUST be only about BPC-157 (V-BPC-001) and https://www.palmbeach-vitality.store/products/bpc-157.,Active,15,,15,Fun,Resilience & Strength
LI-016,vid_gen_landscape_scenes,16:9,vial_10ml_scene,LI-016 — Fat Loss & Metabolism — BPC-157 / TB-500,A precision-dosed peptide vial in complete darkness until a precise light beam illuminates only the label area,"16:9 landscape cinematic framing, deep environmental context",Funny mood lighting,"10mL sterile injectable-style glass vial of BPC-157 / TB-500 with rubber stopper + aluminum crimp seal (NEVER black twist/screw cap); mid-ground in scene, not extreme macro","10mL sterile injectable-style glass vial with rubber stopper and aluminum crimp seal (NOT screw-cap, NOT black twist cap)",V-WOL-001,BPC-157 / TB-500,https://www.palmbeach-vitality.store/products/wolverine-stack,"LANDSCAPE SCENE (16:9) for workflow vid_gen_landscape_scenes. Source visual+motion: A precision-dosed peptide vial in complete darkness until a precise light beam illuminates only the label area, leaning almost to the point of tipping then correcting itself. Reflections and refractions in the glass create secondary visual interest. Vibe: Funny. Theme: Fat Loss & Metabolism. Product lock: BPC-157 / TB-500 (V-WOL-001). Form: 10mL sterile injectable-style glass vial with rubber stopper and aluminum crimp seal (NOT screw-cap, NOT black twist cap). Camera: 16:9 landscape cinematic framing, deep environmental context. Keep product as part of a full environmental scene — not an isolated void packshot. VIAL SPEC: 10mL sterile injectable-style clear glass vial, rubber stopper + aluminum crimp seal only. FORBIDDEN: black twist caps, screw caps, dropper bottles. SIGNAGE RULE: premium clean research lab only. No safety placards, no industrial alert graphics, no trefoil icons, no striped floor tape, no danger banners. Do not print alert words on walls, floors, labels, or posters. Only neutral room names and product typography.",Captions MUST be only about BPC-157 / TB-500 (V-WOL-001) and https://www.palmbeach-vitality.store/products/wolverine-stack.,Active,16,,16,Funny,Fat Loss & Metabolism
LI-017,vid_gen_landscape_scenes,16:9,lab_scene,LI-017 — Energy & Cellular Power — PT-141,A minimalist wellness bottle beside a wilting fern that visibly brightens and lifts,"16:9 landscape cinematic framing, deep environmental context",Dramatic mood lighting,scene product lock via typography / subtle mid-ground research material; no extreme close-up packshot,,V-PT1-001,PT-141,https://www.palmbeach-vitality.store/products/pt-141,"LANDSCAPE SCENE (16:9) for workflow vid_gen_landscape_scenes. Source visual+motion: A minimalist wellness bottle beside a wilting fern that visibly brightens and lifts, while the liquid inside briefly transforms into a swirling miniature galaxy. Deep contrast between the sharp product and soft, dreamy background. Vibe: Dramatic. Theme: Energy & Cellular Power. Product lock: PT-141 (V-PT1-001). Form: research catalog material. Camera: 16:9 landscape cinematic framing, deep environmental context. Keep product as part of a full environmental scene — not an isolated void packshot. SIGNAGE RULE: premium clean research lab only. No safety placards, no industrial alert graphics, no trefoil icons, no striped floor tape, no danger banners. Do not print alert words on walls, floors, labels, or posters. Only neutral room names and product typography.",Captions MUST be only about PT-141 (V-PT1-001) and https://www.palmbeach-vitality.store/products/pt-141.,Active,17,,17,Dramatic,Energy & Cellular Power
LI-018,vid_gen_landscape_scenes,16:9,vial_10ml_scene,LI-018 — Focus & Clarity — Cagrilinitide,A pure white ceramic-capped vial on an empty gym floor mat with a single chalk mark that slowly fades,"16:9 landscape cinematic framing, deep environmental context",Cool mood lighting,"10mL sterile injectable-style glass vial of Cagrilinitide with rubber stopper + aluminum crimp seal (NEVER black twist/screw cap); mid-ground in scene, not extreme macro","10mL sterile injectable-style glass vial with rubber stopper and aluminum crimp seal (NOT screw-cap, NOT black twist cap)",V-CAG-001,Cagrilinitide,https://www.palmbeach-vitality.store/products/cargrilinitide,"LANDSCAPE SCENE (16:9) for workflow vid_gen_landscape_scenes. Source visual+motion: A pure white ceramic-capped vial on an empty gym floor mat with a single chalk mark that slowly fades, as the product casts a shadow that moves independently of the light source. Golden hour light slides across the surface creating long lens flares. Vibe: Cool. Theme: Focus & Clarity. Product lock: Cagrilinitide (V-CAG-001). Form: 10mL sterile injectable-style glass vial with rubber stopper and aluminum crimp seal (NOT screw-cap, NOT black twist cap). Camera: 16:9 landscape cinematic framing, deep environmental context. Keep product as part of a full environmental scene — not an isolated void packshot. VIAL SPEC: 10mL sterile injectable-style clear glass vial, rubber stopper + aluminum crimp seal only. FORBIDDEN: black twist caps, screw caps, dropper bottles. SIGNAGE RULE: premium clean research lab only. No safety placards, no industrial alert graphics, no trefoil icons, no striped floor tape, no danger banners. Do not print alert words on walls, floors, labels, or posters. Only neutral room names and product typography.",Captions MUST be only about Cagrilinitide (V-CAG-001) and https://www.palmbeach-vitality.store/products/cargrilinitide.,Active,18,,18,Cool,Focus & Clarity
LI-019,vid_gen_landscape_scenes,16:9,vial_10ml_scene,LI-019 — Beach & Ocean — CJC (no DAC),A frosted glass bottle of cellular support on a circular platform of polished copper that warms with a soft glow,"16:9 landscape cinematic framing, deep environmental context",Funny mood lighting,"10mL sterile injectable-style glass vial of CJC (no DAC) with rubber stopper + aluminum crimp seal (NEVER black twist/screw cap); mid-ground in scene, not extreme macro","10mL sterile injectable-style glass vial with rubber stopper and aluminum crimp seal (NOT screw-cap, NOT black twist cap)",V-CJC-001,CJC (no DAC),https://www.palmbeach-vitality.store/products/cjc,"LANDSCAPE SCENE (16:9) for workflow vid_gen_landscape_scenes. Source visual+motion: A frosted glass bottle of cellular support on a circular platform of polished copper that warms with a soft glow, with two identical vials in a perfect staring contest, zero movement. Soft volumetric god-rays cut through the scene. Vibe: Funny. Theme: Beach & Ocean. Product lock: CJC (no DAC) (V-CJC-001). Form: 10mL sterile injectable-style glass vial with rubber stopper and aluminum crimp seal (NOT screw-cap, NOT black twist cap). Camera: 16:9 landscape cinematic framing, deep environmental context. Keep product as part of a full environmental scene — not an isolated void packshot. VIAL SPEC: 10mL sterile injectable-style clear glass vial, rubber stopper + aluminum crimp seal only. FORBIDDEN: black twist caps, screw caps, dropper bottles. SIGNAGE RULE: premium clean research lab only. No safety placards, no industrial alert graphics, no trefoil icons, no striped floor tape, no danger banners. Do not print alert words on walls, floors, labels, or posters. Only neutral room names and product typography.",Captions MUST be only about CJC (no DAC) (V-CJC-001) and https://www.palmbeach-vitality.store/products/cjc.,Active,19,,19,Funny,Beach & Ocean
LI-020,vid_gen_landscape_scenes,16:9,lab_scene,LI-020 — Beach & Ocean — Selank,A slim silver-capped peptide bottle on wet Palm Beach sand as a gentle wave washes over and retreats,"16:9 landscape cinematic framing, deep environmental context",Fun mood lighting,scene product lock via typography / subtle mid-ground research material; no extreme close-up packshot,,V-SEL-001,Selank,https://www.palmbeach-vitality.store/products/selank,"LANDSCAPE SCENE (16:9) for workflow vid_gen_landscape_scenes. Source visual+motion: A slim silver-capped peptide bottle on wet Palm Beach sand as a gentle wave washes over and retreats, while fine mist rises from the surface in elegant swirls. Reflections and refractions in the glass create secondary visual interest. Vibe: Fun. Theme: Beach & Ocean. Product lock: Selank (V-SEL-001). Form: research catalog material. Camera: 16:9 landscape cinematic framing, deep environmental context. Keep product as part of a full environmental scene — not an isolated void packshot. SIGNAGE RULE: premium clean research lab only. No safety placards, no industrial alert graphics, no trefoil icons, no striped floor tape, no danger banners. Do not print alert words on walls, floors, labels, or posters. Only neutral room names and product typography.",Captions MUST be only about Selank (V-SEL-001) and https://www.palmbeach-vitality.store/products/selank.,Active,20,,20,Fun,Beach & Ocean
LI-021,vid_gen_landscape_scenes,16:9,vial_10ml_scene,LI-021 — Energy & Cellular Power — CJC (no DAC)/Ipamorelin,A pure white ceramic-capped vial on a scale platform that tips slightly toward the lighter side,"16:9 landscape cinematic framing, deep environmental context",Funny mood lighting,"10mL sterile injectable-style glass vial of CJC (no DAC)/Ipamorelin with rubber stopper + aluminum crimp seal (NEVER black twist/screw cap); mid-ground in scene, not extreme macro","10mL sterile injectable-style glass vial with rubber stopper and aluminum crimp seal (NOT screw-cap, NOT black twist cap)",V-CII-001,CJC (no DAC)/Ipamorelin,https://www.palmbeach-vitality.store/products/cjc-ipamorelin,"LANDSCAPE SCENE (16:9) for workflow vid_gen_landscape_scenes. Source visual+motion: A pure white ceramic-capped vial on a scale platform that tips slightly toward the lighter side, with dew drops assembling themselves into geometric patterns on the glass. A gentle breeze moves surrounding elements without disturbing the product. Vibe: Funny. Theme: Energy & Cellular Power. Product lock: CJC (no DAC)/Ipamorelin (V-CII-001). Form: 10mL sterile injectable-style glass vial with rubber stopper and aluminum crimp seal (NOT screw-cap, NOT black twist cap). Camera: 16:9 landscape cinematic framing, deep environmental context. Keep product as part of a full environmental scene — not an isolated void packshot. VIAL SPEC: 10mL sterile injectable-style clear glass vial, rubber stopper + aluminum crimp seal only. FORBIDDEN: black twist caps, screw caps, dropper bottles. SIGNAGE RULE: premium clean research lab only. No safety placards, no industrial alert graphics, no trefoil icons, no striped floor tape, no danger banners. Do not print alert words on walls, floors, labels, or posters. Only neutral room names and product typography.",Captions MUST be only about CJC (no DAC)/Ipamorelin (V-CII-001) and https://www.palmbeach-vitality.store/products/cjc-ipamorelin.,Active,21,,21,Funny,Energy & Cellular Power
LI-022,vid_gen_landscape_scenes,16:9,vial_10ml_scene,LI-022 — Abstract Cellular — GHK-Cu,A pure white ceramic-capped vial on a circular platform of polished copper that warms with a soft glow,"16:9 landscape cinematic framing, deep environmental context",Cool mood lighting,"10mL sterile injectable-style glass vial of GHK-Cu with rubber stopper + aluminum crimp seal (NEVER black twist/screw cap); mid-ground in scene, not extreme macro","10mL sterile injectable-style glass vial with rubber stopper and aluminum crimp seal (NOT screw-cap, NOT black twist cap)",V-GHK-001,GHK-Cu,https://www.palmbeach-vitality.store/products/ghk-cu,"LANDSCAPE SCENE (16:9) for workflow vid_gen_landscape_scenes. Source visual+motion: A pure white ceramic-capped vial on a circular platform of polished copper that warms with a soft glow, with a soft energy field of particles forming a protective sphere around it. Golden hour light slides across the surface creating long lens flares. Vibe: Cool. Theme: Abstract Cellular. Product lock: GHK-Cu (V-GHK-001). Form: 10mL sterile injectable-style glass vial with rubber stopper and aluminum crimp seal (NOT screw-cap, NOT black twist cap). Camera: 16:9 landscape cinematic framing, deep environmental context. Keep product as part of a full environmental scene — not an isolated void packshot. VIAL SPEC: 10mL sterile injectable-style clear glass vial, rubber stopper + aluminum crimp seal only. FORBIDDEN: black twist caps, screw caps, dropper bottles. SIGNAGE RULE: premium clean research lab only. No safety placards, no industrial alert graphics, no trefoil icons, no striped floor tape, no danger banners. Do not print alert words on walls, floors, labels, or posters. Only neutral room names and product typography.",Captions MUST be only about GHK-Cu (V-GHK-001) and https://www.palmbeach-vitality.store/products/ghk-cu.,Active,22,,22,Cool,Abstract Cellular
LI-023,vid_gen_landscape_scenes,16:9,vial_10ml_scene,LI-023 — Resilience & Strength — BPC-157 / TB-500 / GHK-Cu,A precision-dosed peptide vial on a kitchen counter as a stick of butter softens and fruit brightens nearby,"16:9 landscape cinematic framing, deep environmental context",Dramatic mood lighting,"10mL sterile injectable-style glass vial of BPC-157 / TB-500 / GHK-Cu with rubber stopper + aluminum crimp seal (NEVER black twist/screw cap); mid-ground in scene, not extreme macro","10mL sterile injectable-style glass vial with rubber stopper and aluminum crimp seal (NOT screw-cap, NOT black twist cap)",V-GLO-001,BPC-157 / TB-500 / GHK-Cu,https://www.palmbeach-vitality.store/products/glow,"LANDSCAPE SCENE (16:9) for workflow vid_gen_landscape_scenes. Source visual+motion: A precision-dosed peptide vial on a kitchen counter as a stick of butter softens and fruit brightens nearby, with the entire bottle briefly becoming translucent then solid again. Golden hour light slides across the surface creating long lens flares. Vibe: Dramatic. Theme: Resilience & Strength. Product lock: BPC-157 / TB-500 / GHK-Cu (V-GLO-001). Form: 10mL sterile injectable-style glass vial with rubber stopper and aluminum crimp seal (NOT screw-cap, NOT black twist cap). Camera: 16:9 landscape cinematic framing, deep environmental context. Keep product as part of a full environmental scene — not an isolated void packshot. VIAL SPEC: 10mL sterile injectable-style clear glass vial, rubber stopper + aluminum crimp seal only. FORBIDDEN: black twist caps, screw caps, dropper bottles. SIGNAGE RULE: premium clean research lab only. No safety placards, no industrial alert graphics, no trefoil icons, no striped floor tape, no danger banners. Do not print alert words on walls, floors, labels, or posters. Only neutral room names and product typography.",Captions MUST be only about BPC-157 / TB-500 / GHK-Cu (V-GLO-001) and https://www.palmbeach-vitality.store/products/glow.,Active,23,,23,Dramatic,Resilience & Strength
LI-024,vid_gen_landscape_scenes,16:9,lab_scene,LI-024 — Energy & Cellular Power — Sermorelin,A minimalist wellness bottle on a smooth river stone while clear water flows in soft ribbons around it,"16:9 landscape cinematic framing, deep environmental context",Dramatic mood lighting,scene product lock via typography / subtle mid-ground research material; no extreme close-up packshot,,V-SER-001,Sermorelin,https://www.palmbeach-vitality.store/products/sermorelin,"LANDSCAPE SCENE (16:9) for workflow vid_gen_landscape_scenes. Source visual+motion: A minimalist wellness bottle on a smooth river stone while clear water flows in soft ribbons around it, while the liquid level inside appears to rise slightly on its own. Soft volumetric god-rays cut through the scene. Vibe: Dramatic. Theme: Energy & Cellular Power. Product lock: Sermorelin (V-SER-001). Form: research catalog material. Camera: 16:9 landscape cinematic framing, deep environmental context. Keep product as part of a full environmental scene — not an isolated void packshot. SIGNAGE RULE: premium clean research lab only. No safety placards, no industrial alert graphics, no trefoil icons, no striped floor tape, no danger banners. Do not print alert words on walls, floors, labels, or posters. Only neutral room names and product typography.",Captions MUST be only about Sermorelin (V-SER-001) and https://www.palmbeach-vitality.store/products/sermorelin.,Active,24,,24,Dramatic,Energy & Cellular Power
LI-025,vid_gen_landscape_scenes,16:9,lab_scene,LI-025 — Abstract Cellular — SS-31,A slim silver-capped peptide bottle inside a large empty glass terrarium with condensation forming,"16:9 landscape cinematic framing, deep environmental context",Dramatic mood lighting,scene product lock via typography / subtle mid-ground research material; no extreme close-up packshot,,V-SS3-001,SS-31,https://www.palmbeach-vitality.store/products/ss-31,"LANDSCAPE SCENE (16:9) for workflow vid_gen_landscape_scenes. Source visual+motion: A slim silver-capped peptide bottle inside a large empty glass terrarium with condensation forming, while the liquid inside briefly transforms into a swirling miniature galaxy. Extreme slow-motion emphasizes every micro-movement of liquid and light. Vibe: Dramatic. Theme: Abstract Cellular. Product lock: SS-31 (V-SS3-001). Form: research catalog material. Camera: 16:9 landscape cinematic framing, deep environmental context. Keep product as part of a full environmental scene — not an isolated void packshot. SIGNAGE RULE: premium clean research lab only. No safety placards, no industrial alert graphics, no trefoil icons, no striped floor tape, no danger banners. Do not print alert words on walls, floors, labels, or posters. Only neutral room names and product typography.",Captions MUST be only about SS-31 (V-SS3-001) and https://www.palmbeach-vitality.store/products/ss-31.,Active,25,,25,Dramatic,Abstract Cellular
LI-026,vid_gen_landscape_scenes,16:9,vial_10ml_scene,LI-026 — Fat Loss & Metabolism — Thymosin Alpha-1,A glowing amber wellness vial resting in a nest of fresh eucalyptus leaves,"16:9 landscape cinematic framing, deep environmental context",Funny mood lighting,"10mL sterile injectable-style glass vial of Thymosin Alpha-1 with rubber stopper + aluminum crimp seal (NEVER black twist/screw cap); mid-ground in scene, not extreme macro","10mL sterile injectable-style glass vial with rubber stopper and aluminum crimp seal (NOT screw-cap, NOT black twist cap)",V-TA1-001,Thymosin Alpha-1,https://www.palmbeach-vitality.store/products/ta-1,"LANDSCAPE SCENE (16:9) for workflow vid_gen_landscape_scenes. Source visual+motion: A glowing amber wellness vial resting in a nest of fresh eucalyptus leaves, as it 'hides' behind a large leaf that keeps falling away to reveal it again. Subtle particle systems (dust, pollen, mist) interact gracefully with the vial. Vibe: Funny. Theme: Fat Loss & Metabolism. Product lock: Thymosin Alpha-1 (V-TA1-001). Form: 10mL sterile injectable-style glass vial with rubber stopper and aluminum crimp seal (NOT screw-cap, NOT black twist cap). Camera: 16:9 landscape cinematic framing, deep environmental context. Keep product as part of a full environmental scene — not an isolated void packshot. VIAL SPEC: 10mL sterile injectable-style clear glass vial, rubber stopper + aluminum crimp seal only. FORBIDDEN: black twist caps, screw caps, dropper bottles. SIGNAGE RULE: premium clean research lab only. No safety placards, no industrial alert graphics, no trefoil icons, no striped floor tape, no danger banners. Do not print alert words on walls, floors, labels, or posters. Only neutral room names and product typography.",Captions MUST be only about Thymosin Alpha-1 (V-TA1-001) and https://www.palmbeach-vitality.store/products/ta-1.,Active,26,,26,Funny,Fat Loss & Metabolism
LI-027,vid_gen_landscape_scenes,16:9,vial_10ml_scene,LI-027 — Beach & Ocean — AOD-9604,A matte-black peptide pen half-buried in fine sand until a soft breeze fully reveals it,"16:9 landscape cinematic framing, deep environmental context",Funny mood lighting,"10mL sterile injectable-style glass vial of AOD-9604 with rubber stopper + aluminum crimp seal (NEVER black twist/screw cap); mid-ground in scene, not extreme macro","10mL sterile injectable-style glass vial with rubber stopper and aluminum crimp seal (NOT screw-cap, NOT black twist cap)",V-AOD-001,AOD-9604,https://www.palmbeach-vitality.store/products/aod-9604,"LANDSCAPE SCENE (16:9) for workflow vid_gen_landscape_scenes. Source visual+motion: A matte-black peptide pen half-buried in fine sand until a soft breeze fully reveals it, with two identical vials in a perfect staring contest, zero movement. Golden hour light slides across the surface creating long lens flares. Vibe: Funny. Theme: Beach & Ocean. Product lock: AOD-9604 (V-AOD-001). Form: 10mL sterile injectable-style glass vial with rubber stopper and aluminum crimp seal (NOT screw-cap, NOT black twist cap). Camera: 16:9 landscape cinematic framing, deep environmental context. Keep product as part of a full environmental scene — not an isolated void packshot. VIAL SPEC: 10mL sterile injectable-style clear glass vial, rubber stopper + aluminum crimp seal only. FORBIDDEN: black twist caps, screw caps, dropper bottles. SIGNAGE RULE: premium clean research lab only. No safety placards, no industrial alert graphics, no trefoil icons, no striped floor tape, no danger banners. Do not print alert words on walls, floors, labels, or posters. Only neutral room names and product typography.",Captions MUST be only about AOD-9604 (V-AOD-001) and https://www.palmbeach-vitality.store/products/aod-9604.,Active,27,,27,Funny,Beach & Ocean
LI-028,vid_gen_landscape_scenes,16:9,vial_10ml_scene,LI-028 — Fat Loss & Metabolism — Melanotan 2,A sleek glass peptide vial in complete darkness until a precise light beam illuminates only the label area,"16:9 landscape cinematic framing, deep environmental context",Funny mood lighting,"10mL sterile injectable-style glass vial of Melanotan 2 with rubber stopper + aluminum crimp seal (NEVER black twist/screw cap); mid-ground in scene, not extreme macro","10mL sterile injectable-style glass vial with rubber stopper and aluminum crimp seal (NOT screw-cap, NOT black twist cap)",V-MT2-001,Melanotan 2,https://www.palmbeach-vitality.store/products/melonotan,"LANDSCAPE SCENE (16:9) for workflow vid_gen_landscape_scenes. Source visual+motion: A sleek glass peptide vial in complete darkness until a precise light beam illuminates only the label area, while soft white powder explodes outward then reforms into the bottle shape. Golden hour light slides across the surface creating long lens flares. Vibe: Funny. Theme: Fat Loss & Metabolism. Product lock: Melanotan 2 (V-MT2-001). Form: 10mL sterile injectable-style glass vial with rubber stopper and aluminum crimp seal (NOT screw-cap, NOT black twist cap). Camera: 16:9 landscape cinematic framing, deep environmental context. Keep product as part of a full environmental scene — not an isolated void packshot. VIAL SPEC: 10mL sterile injectable-style clear glass vial, rubber stopper + aluminum crimp seal only. FORBIDDEN: black twist caps, screw caps, dropper bottles. SIGNAGE RULE: premium clean research lab only. No safety placards, no industrial alert graphics, no trefoil icons, no striped floor tape, no danger banners. Do not print alert words on walls, floors, labels, or posters. Only neutral room names and product typography.",Captions MUST be only about Melanotan 2 (V-MT2-001) and https://www.palmbeach-vitality.store/products/melonotan.,Active,28,,28,Funny,Fat Loss & Metabolism
LI-029,vid_gen_landscape_scenes,16:9,vial_10ml_scene,LI-029 — Focus & Clarity — Retatrutide,A pure white ceramic-capped vial against a background that shifts from deep ocean blue to electric violet,"16:9 landscape cinematic framing, deep environmental context",Dramatic mood lighting,"10mL sterile injectable-style glass vial of Retatrutide with rubber stopper + aluminum crimp seal (NEVER black twist/screw cap); mid-ground in scene, not extreme macro","10mL sterile injectable-style glass vial with rubber stopper and aluminum crimp seal (NOT screw-cap, NOT black twist cap)",V-RET-001,Retatrutide,https://www.palmbeach-vitality.store/products/retatrutide,"LANDSCAPE SCENE (16:9) for workflow vid_gen_landscape_scenes. Source visual+motion: A pure white ceramic-capped vial against a background that shifts from deep ocean blue to electric violet, as the liquid inside becomes visibly thinner and more fluid in motion. Subtle particle systems (dust, pollen, mist) interact gracefully with the vial. Vibe: Dramatic. Theme: Focus & Clarity. Product lock: Retatrutide (V-RET-001). Form: 10mL sterile injectable-style glass vial with rubber stopper and aluminum crimp seal (NOT screw-cap, NOT black twist cap). Camera: 16:9 landscape cinematic framing, deep environmental context. Keep product as part of a full environmental scene — not an isolated void packshot. VIAL SPEC: 10mL sterile injectable-style clear glass vial, rubber stopper + aluminum crimp seal only. FORBIDDEN: black twist caps, screw caps, dropper bottles. SIGNAGE RULE: premium clean research lab only. No safety placards, no industrial alert graphics, no trefoil icons, no striped floor tape, no danger banners. Do not print alert words on walls, floors, labels, or posters. Only neutral room names and product typography.",Captions MUST be only about Retatrutide (V-RET-001) and https://www.palmbeach-vitality.store/products/retatrutide.,Active,29,,29,Dramatic,Focus & Clarity
LI-030,vid_gen_landscape_scenes,16:9,vial_10ml_scene,LI-030 — Recovery & Healing — Tirzepatide,A crystal-clear recovery vial inside a large clear ice block that slowly melts away,"16:9 landscape cinematic framing, deep environmental context",Cool mood lighting,"10mL sterile injectable-style glass vial of Tirzepatide with rubber stopper + aluminum crimp seal (NEVER black twist/screw cap); mid-ground in scene, not extreme macro","10mL sterile injectable-style glass vial with rubber stopper and aluminum crimp seal (NOT screw-cap, NOT black twist cap)",V-TIR-001,Tirzepatide,https://www.palmbeach-vitality.store/products/tirzepatide,"LANDSCAPE SCENE (16:9) for workflow vid_gen_landscape_scenes. Source visual+motion: A crystal-clear recovery vial inside a large clear ice block that slowly melts away, with the bottle slowly spinning faster then abruptly stopping in perfect frame. The scene has a quiet, almost sacred stillness interrupted only by intentional motion. Vibe: Cool. Theme: Recovery & Healing. Product lock: Tirzepatide (V-TIR-001). Form: 10mL sterile injectable-style glass vial with rubber stopper and aluminum crimp seal (NOT screw-cap, NOT black twist cap). Camera: 16:9 landscape cinematic framing, deep environmental context. Keep product as part of a full environmental scene — not an isolated void packshot. VIAL SPEC: 10mL sterile injectable-style clear glass vial, rubber stopper + aluminum crimp seal only. FORBIDDEN: black twist caps, screw caps, dropper bottles. SIGNAGE RULE: premium clean research lab only. No safety placards, no industrial alert graphics, no trefoil icons, no striped floor tape, no danger banners. Do not print alert words on walls, floors, labels, or posters. Only neutral room names and product typography.",Captions MUST be only about Tirzepatide (V-TIR-001) and https://www.palmbeach-vitality.store/products/tirzepatide.,Active,30,,30,Cool,Recovery & Healing
LI-031,vid_gen_landscape_scenes,16:9,vial_10ml_scene,LI-031 — Abstract Cellular — Semaglutide,A glowing amber wellness vial on a dark reflective surface under a single sharp beam of light,"16:9 landscape cinematic framing, deep environmental context",Fun mood lighting,"10mL sterile injectable-style glass vial of Semaglutide with rubber stopper + aluminum crimp seal (NEVER black twist/screw cap); mid-ground in scene, not extreme macro","10mL sterile injectable-style glass vial with rubber stopper and aluminum crimp seal (NOT screw-cap, NOT black twist cap)",V-SEM-001,Semaglutide,https://www.palmbeach-vitality.store/products/semaglutide,"LANDSCAPE SCENE (16:9) for workflow vid_gen_landscape_scenes. Source visual+motion: A glowing amber wellness vial on a dark reflective surface under a single sharp beam of light, with the liquid surface forming perfect concentric circles from an invisible impact. Soft volumetric god-rays cut through the scene. Vibe: Fun. Theme: Abstract Cellular. Product lock: Semaglutide (V-SEM-001). Form: 10mL sterile injectable-style glass vial with rubber stopper and aluminum crimp seal (NOT screw-cap, NOT black twist cap). Camera: 16:9 landscape cinematic framing, deep environmental context. Keep product as part of a full environmental scene — not an isolated void packshot. VIAL SPEC: 10mL sterile injectable-style clear glass vial, rubber stopper + aluminum crimp seal only. FORBIDDEN: black twist caps, screw caps, dropper bottles. SIGNAGE RULE: premium clean research lab only. No safety placards, no industrial alert graphics, no trefoil icons, no striped floor tape, no danger banners. Do not print alert words on walls, floors, labels, or posters. Only neutral room names and product typography.",Captions MUST be only about Semaglutide (V-SEM-001) and https://www.palmbeach-vitality.store/products/semaglutide.,Active,31,,31,Fun,Abstract Cellular
LI-032,vid_gen_landscape_scenes,16:9,vial_10ml_scene,LI-032 — Beach & Ocean — KPV / BPC-157 / TB-500 / GHK-Cu,A glowing amber wellness vial in a soft sandstorm that settles into perfect geometric patterns around it,"16:9 landscape cinematic framing, deep environmental context",Cool mood lighting,"10mL sterile injectable-style glass vial of KPV / BPC-157 / TB-500 / GHK-Cu with rubber stopper + aluminum crimp seal (NEVER black twist/screw cap); mid-ground in scene, not extreme macro","10mL sterile injectable-style glass vial with rubber stopper and aluminum crimp seal (NOT screw-cap, NOT black twist cap)",V-KLO-001,KPV / BPC-157 / TB-500 / GHK-Cu,https://www.palmbeach-vitality.store/products/klow-kpv-bpc-157-tb-500-ghk,"LANDSCAPE SCENE (16:9) for workflow vid_gen_landscape_scenes. Source visual+motion: A glowing amber wellness vial in a soft sandstorm that settles into perfect geometric patterns around it, as hundreds of tiny light points stream into it from all directions. Soft volumetric god-rays cut through the scene. Vibe: Cool. Theme: Beach & Ocean. Product lock: KPV / BPC-157 / TB-500 / GHK-Cu (V-KLO-001). Form: 10mL sterile injectable-style glass vial with rubber stopper and aluminum crimp seal (NOT screw-cap, NOT black twist cap). Camera: 16:9 landscape cinematic framing, deep environmental context. Keep product as part of a full environmental scene — not an isolated void packshot. VIAL SPEC: 10mL sterile injectable-style clear glass vial, rubber stopper + aluminum crimp seal only. FORBIDDEN: black twist caps, screw caps, dropper bottles. SIGNAGE RULE: premium clean research lab only. No safety placards, no industrial alert graphics, no trefoil icons, no striped floor tape, no danger banners. Do not print alert words on walls, floors, labels, or posters. Only neutral room names and product typography.",Captions MUST be only about KPV / BPC-157 / TB-500 / GHK-Cu (V-KLO-001) and https://www.palmbeach-vitality.store/products/klow-kpv-bpc-157-tb-500-ghk.,Active,32,,32,Cool,Beach & Ocean
LI-033,vid_gen_landscape_scenes,16:9,pen_3ml_scene,LI-033 — Energy & Cellular Power — NAD+,A minimalist wellness bottle against a background that shifts from deep ocean blue to electric violet,"16:9 landscape cinematic framing, deep environmental context",Fun mood lighting,"3mL research dosage pen of NAD+ as mid-ground hero in the scene (not extreme macro; no injection act, no people)",3mL pre-filled research dosage pen,P-NAD-001,NAD+,https://www.palmbeach-vitality.store/products/nad-pen-500mg,"LANDSCAPE SCENE (16:9) for workflow vid_gen_landscape_scenes. Source visual+motion: A minimalist wellness bottle against a background that shifts from deep ocean blue to electric violet, with dew drops assembling themselves into geometric patterns on the glass. Time-lapse growth and repair happens in the periphery only. Vibe: Fun. Theme: Energy & Cellular Power. Product lock: NAD+ (P-NAD-001). Form: 3mL pre-filled research dosage pen. Camera: 16:9 landscape cinematic framing, deep environmental context. Keep product as part of a full environmental scene — not an isolated void packshot. PEN SPEC: 3mL pre-filled research dosage pen. No injection act, no people, no needles in use. SIGNAGE RULE: premium clean research lab only. No safety placards, no industrial alert graphics, no trefoil icons, no striped floor tape, no danger banners. Do not print alert words on walls, floors, labels, or posters. Only neutral room names and product typography.",Captions MUST be only about NAD+ (P-NAD-001) and https://www.palmbeach-vitality.store/products/nad-pen-500mg.,Active,33,,33,Fun,Energy & Cellular Power
LI-034,vid_gen_landscape_scenes,16:9,vial_10ml_scene,LI-034 — Fat Loss & Metabolism — MOTS-C,A glowing amber wellness vial in a miniature Zen garden where rake lines slowly rearrange themselves around it,"16:9 landscape cinematic framing, deep environmental context",Dramatic mood lighting,"10mL sterile injectable-style glass vial of MOTS-C with rubber stopper + aluminum crimp seal (NEVER black twist/screw cap); mid-ground in scene, not extreme macro","10mL sterile injectable-style glass vial with rubber stopper and aluminum crimp seal (NOT screw-cap, NOT black twist cap)",V-MOT-001,MOTS-C,https://www.palmbeach-vitality.store/products/mots-c-10mg-5ml-vial,"LANDSCAPE SCENE (16:9) for workflow vid_gen_landscape_scenes. Source visual+motion: A glowing amber wellness vial in a miniature Zen garden where rake lines slowly rearrange themselves around it, as the liquid inside becomes visibly thinner and more fluid in motion. Subtle particle systems (dust, pollen, mist) interact gracefully with the vial. Vibe: Dramatic. Theme: Fat Loss & Metabolism. Product lock: MOTS-C (V-MOT-001). Form: 10mL sterile injectable-style glass vial with rubber stopper and aluminum crimp seal (NOT screw-cap, NOT black twist cap). Camera: 16:9 landscape cinematic framing, deep environmental context. Keep product as part of a full environmental scene — not an isolated void packshot. VIAL SPEC: 10mL sterile injectable-style clear glass vial, rubber stopper + aluminum crimp seal only. FORBIDDEN: black twist caps, screw caps, dropper bottles. SIGNAGE RULE: premium clean research lab only. No safety placards, no industrial alert graphics, no trefoil icons, no striped floor tape, no danger banners. Do not print alert words on walls, floors, labels, or posters. Only neutral room names and product typography.",Captions MUST be only about MOTS-C (V-MOT-001) and https://www.palmbeach-vitality.store/products/mots-c-10mg-5ml-vial.,Active,34,,34,Dramatic,Fat Loss & Metabolism
LI-035,vid_gen_landscape_scenes,16:9,lab_scene,LI-035 — Fat Loss & Metabolism — TB-500,A slim silver-capped peptide bottle inside a large empty glass terrarium with condensation forming,"16:9 landscape cinematic framing, deep environmental context",Funny mood lighting,scene product lock via typography / subtle mid-ground research material; no extreme close-up packshot,,V-TB5-001,TB-500,https://www.palmbeach-vitality.store/products/tb-500,"LANDSCAPE SCENE (16:9) for workflow vid_gen_landscape_scenes. Source visual+motion: A slim silver-capped peptide bottle inside a large empty glass terrarium with condensation forming, with the liquid surface forming perfect concentric circles from an invisible impact. Golden hour light slides across the surface creating long lens flares. Vibe: Funny. Theme: Fat Loss & Metabolism. Product lock: TB-500 (V-TB5-001). Form: research catalog material. Camera: 16:9 landscape cinematic framing, deep environmental context. Keep product as part of a full environmental scene — not an isolated void packshot. SIGNAGE RULE: premium clean research lab only. No safety placards, no industrial alert graphics, no trefoil icons, no striped floor tape, no danger banners. Do not print alert words on walls, floors, labels, or posters. Only neutral room names and product typography.",Captions MUST be only about TB-500 (V-TB5-001) and https://www.palmbeach-vitality.store/products/tb-500.,Active,35,,35,Funny,Fat Loss & Metabolism
LI-036,vid_gen_landscape_scenes,16:9,vial_10ml_scene,LI-036 — Beach & Ocean — NAD+,A crystal-clear recovery vial in light rain while every surrounding surface gets wet but the bottle stays dry,"16:9 landscape cinematic framing, deep environmental context",Dramatic mood lighting,"10mL sterile injectable-style glass vial of NAD+ with rubber stopper + aluminum crimp seal (NEVER black twist/screw cap); mid-ground in scene, not extreme macro","10mL sterile injectable-style glass vial with rubber stopper and aluminum crimp seal (NOT screw-cap, NOT black twist cap)",V-NAD-001,NAD+,https://www.palmbeach-vitality.store/products/nad-1,"LANDSCAPE SCENE (16:9) for workflow vid_gen_landscape_scenes. Source visual+motion: A crystal-clear recovery vial in light rain while every surrounding surface gets wet but the bottle stays dry, while the liquid level inside appears to rise slightly on its own. Subtle particle systems (dust, pollen, mist) interact gracefully with the vial. Vibe: Dramatic. Theme: Beach & Ocean. Product lock: NAD+ (V-NAD-001). Form: 10mL sterile injectable-style glass vial with rubber stopper and aluminum crimp seal (NOT screw-cap, NOT black twist cap). Camera: 16:9 landscape cinematic framing, deep environmental context. Keep product as part of a full environmental scene — not an isolated void packshot. VIAL SPEC: 10mL sterile injectable-style clear glass vial, rubber stopper + aluminum crimp seal only. FORBIDDEN: black twist caps, screw caps, dropper bottles. SIGNAGE RULE: premium clean research lab only. No safety placards, no industrial alert graphics, no trefoil icons, no striped floor tape, no danger banners. Do not print alert words on walls, floors, labels, or posters. Only neutral room names and product typography.",Captions MUST be only about NAD+ (V-NAD-001) and https://www.palmbeach-vitality.store/products/nad-1.,Active,36,,36,Dramatic,Beach & Ocean
LI-037,vid_gen_landscape_scenes,16:9,vial_10ml_scene,LI-037 — Nature Regeneration — PT-141,A sleek glass peptide vial on a tree stump as soft mushrooms appear and grow in time-lapse nearby,"16:9 landscape cinematic framing, deep environmental context",Fun mood lighting,"10mL sterile injectable-style glass vial of PT-141 with rubber stopper + aluminum crimp seal (NEVER black twist/screw cap); mid-ground in scene, not extreme macro","10mL sterile injectable-style glass vial with rubber stopper and aluminum crimp seal (NOT screw-cap, NOT black twist cap)",V-PT1-001,PT-141,https://www.palmbeach-vitality.store/products/pt-141,"LANDSCAPE SCENE (16:9) for workflow vid_gen_landscape_scenes. Source visual+motion: A sleek glass peptide vial on a tree stump as soft mushrooms appear and grow in time-lapse nearby, with the product perfectly balanced on the edge of a surface that looks unstable. Golden hour light slides across the surface creating long lens flares. Vibe: Fun. Theme: Nature Regeneration. Product lock: PT-141 (V-PT1-001). Form: 10mL sterile injectable-style glass vial with rubber stopper and aluminum crimp seal (NOT screw-cap, NOT black twist cap). Camera: 16:9 landscape cinematic framing, deep environmental context. Keep product as part of a full environmental scene — not an isolated void packshot. VIAL SPEC: 10mL sterile injectable-style clear glass vial, rubber stopper + aluminum crimp seal only. FORBIDDEN: black twist caps, screw caps, dropper bottles. SIGNAGE RULE: premium clean research lab only. No safety placards, no industrial alert graphics, no trefoil icons, no striped floor tape, no danger banners. Do not print alert words on walls, floors, labels, or posters. Only neutral room names and product typography.",Captions MUST be only about PT-141 (V-PT1-001) and https://www.palmbeach-vitality.store/products/pt-141.,Active,37,,37,Fun,Nature Regeneration
LI-038,vid_gen_landscape_scenes,16:9,vial_10ml_scene,LI-038 — Longevity & Anti-Aging — Selank,A frosted glass bottle of cellular support in heavy fog that slowly parts only in a perfect circle around it,"16:9 landscape cinematic framing, deep environmental context",Dramatic mood lighting,"10mL sterile injectable-style glass vial of Selank with rubber stopper + aluminum crimp seal (NEVER black twist/screw cap); mid-ground in scene, not extreme macro","10mL sterile injectable-style glass vial with rubber stopper and aluminum crimp seal (NOT screw-cap, NOT black twist cap)",V-SEL-001,Selank,https://www.palmbeach-vitality.store/products/selank,"LANDSCAPE SCENE (16:9) for workflow vid_gen_landscape_scenes. Source visual+motion: A frosted glass bottle of cellular support in heavy fog that slowly parts only in a perfect circle around it, as the product casts a shadow that moves independently of the light source. Subtle particle systems (dust, pollen, mist) interact gracefully with the vial. Vibe: Dramatic. Theme: Longevity & Anti-Aging. Product lock: Selank (V-SEL-001). Form: 10mL sterile injectable-style glass vial with rubber stopper and aluminum crimp seal (NOT screw-cap, NOT black twist cap). Camera: 16:9 landscape cinematic framing, deep environmental context. Keep product as part of a full environmental scene — not an isolated void packshot. VIAL SPEC: 10mL sterile injectable-style clear glass vial, rubber stopper + aluminum crimp seal only. FORBIDDEN: black twist caps, screw caps, dropper bottles. SIGNAGE RULE: premium clean research lab only. No safety placards, no industrial alert graphics, no trefoil icons, no striped floor tape, no danger banners. Do not print alert words on walls, floors, labels, or posters. Only neutral room names and product typography.",Captions MUST be only about Selank (V-SEL-001) and https://www.palmbeach-vitality.store/products/selank.,Active,38,,38,Dramatic,Longevity & Anti-Aging
LI-039,vid_gen_landscape_scenes,16:9,lab_scene,LI-039 — Abstract Cellular — Tesamorelin,A frosted glass bottle of cellular support floating in pure black void while golden particles slowly orbit,"16:9 landscape cinematic framing, deep environmental context",Cool mood lighting,scene product lock via typography / subtle mid-ground research material; no extreme close-up packshot,,V-TES-001,Tesamorelin,https://www.palmbeach-vitality.store/products/tesamorelin,"LANDSCAPE SCENE (16:9) for workflow vid_gen_landscape_scenes. Source visual+motion: A frosted glass bottle of cellular support floating in pure black void while golden particles slowly orbit, as hundreds of tiny light points stream into it from all directions. The scene has a quiet, almost sacred stillness interrupted only by intentional motion. Vibe: Cool. Theme: Abstract Cellular. Product lock: Tesamorelin (V-TES-001). Form: research catalog material. Camera: 16:9 landscape cinematic framing, deep environmental context. Keep product as part of a full environmental scene — not an isolated void packshot. SIGNAGE RULE: premium clean research lab only. No safety placards, no industrial alert graphics, no trefoil icons, no striped floor tape, no danger banners. Do not print alert words on walls, floors, labels, or posters. Only neutral room names and product typography.",Captions MUST be only about Tesamorelin (V-TES-001) and https://www.palmbeach-vitality.store/products/tesamorelin.,Active,39,,39,Cool,Abstract Cellular
LI-040,vid_gen_landscape_scenes,16:9,vial_10ml_scene,LI-040 — Recovery & Healing — Sermorelin,A high-clarity research-grade vial underwater with slow-moving currents and light rays cutting through,"16:9 landscape cinematic framing, deep environmental context",Dramatic mood lighting,"10mL sterile injectable-style glass vial of Sermorelin with rubber stopper + aluminum crimp seal (NEVER black twist/screw cap); mid-ground in scene, not extreme macro","10mL sterile injectable-style glass vial with rubber stopper and aluminum crimp seal (NOT screw-cap, NOT black twist cap)",V-SER-001,Sermorelin,https://www.palmbeach-vitality.store/products/sermorelin,"LANDSCAPE SCENE (16:9) for workflow vid_gen_landscape_scenes. Source visual+motion: A high-clarity research-grade vial underwater with slow-moving currents and light rays cutting through, as microscopic bubbles form, rise, and vanish in elegant patterns. Reflections and refractions in the glass create secondary visual interest. Vibe: Dramatic. Theme: Recovery & Healing. Product lock: Sermorelin (V-SER-001). Form: 10mL sterile injectable-style glass vial with rubber stopper and aluminum crimp seal (NOT screw-cap, NOT black twist cap). Camera: 16:9 landscape cinematic framing, deep environmental context. Keep product as part of a full environmental scene — not an isolated void packshot. VIAL SPEC: 10mL sterile injectable-style clear glass vial, rubber stopper + aluminum crimp seal only. FORBIDDEN: black twist caps, screw caps, dropper bottles. SIGNAGE RULE: premium clean research lab only. No safety placards, no industrial alert graphics, no trefoil icons, no striped floor tape, no danger banners. Do not print alert words on walls, floors, labels, or posters. Only neutral room names and product typography.",Captions MUST be only about Sermorelin (V-SER-001) and https://www.palmbeach-vitality.store/products/sermorelin.,Active,40,,40,Dramatic,Recovery & Healing
LI-041,vid_gen_landscape_scenes,16:9,vial_10ml_scene,LI-041 — Longevity & Anti-Aging — SS-31,A pure white ceramic-capped vial on a smooth river stone while clear water flows in soft ribbons around it,"16:9 landscape cinematic framing, deep environmental context",Cool mood lighting,"10mL sterile injectable-style glass vial of SS-31 with rubber stopper + aluminum crimp seal (NEVER black twist/screw cap); mid-ground in scene, not extreme macro","10mL sterile injectable-style glass vial with rubber stopper and aluminum crimp seal (NOT screw-cap, NOT black twist cap)",V-SS3-001,SS-31,https://www.palmbeach-vitality.store/products/ss-31,"LANDSCAPE SCENE (16:9) for workflow vid_gen_landscape_scenes. Source visual+motion: A pure white ceramic-capped vial on a smooth river stone while clear water flows in soft ribbons around it, as condensation forms and rolls down in slow motion. Soft volumetric god-rays cut through the scene. Vibe: Cool. Theme: Longevity & Anti-Aging. Product lock: SS-31 (V-SS3-001). Form: 10mL sterile injectable-style glass vial with rubber stopper and aluminum crimp seal (NOT screw-cap, NOT black twist cap). Camera: 16:9 landscape cinematic framing, deep environmental context. Keep product as part of a full environmental scene — not an isolated void packshot. VIAL SPEC: 10mL sterile injectable-style clear glass vial, rubber stopper + aluminum crimp seal only. FORBIDDEN: black twist caps, screw caps, dropper bottles. SIGNAGE RULE: premium clean research lab only. No safety placards, no industrial alert graphics, no trefoil icons, no striped floor tape, no danger banners. Do not print alert words on walls, floors, labels, or posters. Only neutral room names and product typography.",Captions MUST be only about SS-31 (V-SS3-001) and https://www.palmbeach-vitality.store/products/ss-31.,Active,41,,41,Cool,Longevity & Anti-Aging
LI-042,vid_gen_landscape_scenes,16:9,vial_10ml_scene,LI-042 — Resilience & Strength — TB-500,A glowing amber wellness vial framed by two large tropical leaves that slowly close then reopen like curtains,"16:9 landscape cinematic framing, deep environmental context",Cool mood lighting,"10mL sterile injectable-style glass vial of TB-500 with rubber stopper + aluminum crimp seal (NEVER black twist/screw cap); mid-ground in scene, not extreme macro","10mL sterile injectable-style glass vial with rubber stopper and aluminum crimp seal (NOT screw-cap, NOT black twist cap)",V-TB5-001,TB-500,https://www.palmbeach-vitality.store/products/tb-500,"LANDSCAPE SCENE (16:9) for workflow vid_gen_landscape_scenes. Source visual+motion: A glowing amber wellness vial framed by two large tropical leaves that slowly close then reopen like curtains, with the bottle slowly spinning faster then abruptly stopping in perfect frame. Time-lapse growth and repair happens in the periphery only. Vibe: Cool. Theme: Resilience & Strength. Product lock: TB-500 (V-TB5-001). Form: 10mL sterile injectable-style glass vial with rubber stopper and aluminum crimp seal (NOT screw-cap, NOT black twist cap). Camera: 16:9 landscape cinematic framing, deep environmental context. Keep product as part of a full environmental scene — not an isolated void packshot. VIAL SPEC: 10mL sterile injectable-style clear glass vial, rubber stopper + aluminum crimp seal only. FORBIDDEN: black twist caps, screw caps, dropper bottles. SIGNAGE RULE: premium clean research lab only. No safety placards, no industrial alert graphics, no trefoil icons, no striped floor tape, no danger banners. Do not print alert words on walls, floors, labels, or posters. Only neutral room names and product typography.",Captions MUST be only about TB-500 (V-TB5-001) and https://www.palmbeach-vitality.store/products/tb-500.,Active,42,,42,Cool,Resilience & Strength
LI-043,vid_gen_landscape_scenes,16:9,lab_scene,LI-043 — Nature Regeneration — BPC-157,A minimalist wellness bottle in light rain while every surrounding surface gets wet but the bottle stays dry,"16:9 landscape cinematic framing, deep environmental context",Funny mood lighting,scene product lock via typography / subtle mid-ground research material; no extreme close-up packshot,,V-BPC-001,BPC-157,https://www.palmbeach-vitality.store/products/bpc-157,"LANDSCAPE SCENE (16:9) for workflow vid_gen_landscape_scenes. Source visual+motion: A minimalist wellness bottle in light rain while every surrounding surface gets wet but the bottle stays dry, while surrounding water freezes in elegant crystals then melts cleanly. The scene has a quiet, almost sacred stillness interrupted only by intentional motion. Vibe: Funny. Theme: Nature Regeneration. Product lock: BPC-157 (V-BPC-001). Form: research catalog material. Camera: 16:9 landscape cinematic framing, deep environmental context. Keep product as part of a full environmental scene — not an isolated void packshot. SIGNAGE RULE: premium clean research lab only. No safety placards, no industrial alert graphics, no trefoil icons, no striped floor tape, no danger banners. Do not print alert words on walls, floors, labels, or posters. Only neutral room names and product typography.",Captions MUST be only about BPC-157 (V-BPC-001) and https://www.palmbeach-vitality.store/products/bpc-157.,Active,43,,43,Funny,Nature Regeneration
LI-044,vid_gen_landscape_scenes,16:9,pen_3ml_scene,LI-044 — Beach & Ocean — PT-141,A matte-black peptide pen resting in a nest of fresh eucalyptus leaves,"16:9 landscape cinematic framing, deep environmental context",Funny mood lighting,"3mL research dosage pen of PT-141 as mid-ground hero in the scene (not extreme macro; no injection act, no people)",3mL pre-filled research dosage pen,P-PT1-001,PT-141,https://www.palmbeach-vitality.store/products/pt-141-pen,"LANDSCAPE SCENE (16:9) for workflow vid_gen_landscape_scenes. Source visual+motion: A matte-black peptide pen resting in a nest of fresh eucalyptus leaves, as the bottle appears to 'surf' a wave of foam across a dark surface. Time-lapse growth and repair happens in the periphery only. Vibe: Funny. Theme: Beach & Ocean. Product lock: PT-141 (P-PT1-001). Form: 3mL pre-filled research dosage pen. Camera: 16:9 landscape cinematic framing, deep environmental context. Keep product as part of a full environmental scene — not an isolated void packshot. PEN SPEC: 3mL pre-filled research dosage pen. No injection act, no people, no needles in use. SIGNAGE RULE: premium clean research lab only. No safety placards, no industrial alert graphics, no trefoil icons, no striped floor tape, no danger banners. Do not print alert words on walls, floors, labels, or posters. Only neutral room names and product typography.",Captions MUST be only about PT-141 (P-PT1-001) and https://www.palmbeach-vitality.store/products/pt-141-pen.,Active,44,,44,Funny,Beach & Ocean
LI-045,vid_gen_landscape_scenes,16:9,lab_scene,LI-045 — Beach & Ocean — BPC-157 / TB-500,A frosted glass bottle of cellular support in a soft sandstorm that settles into perfect geometric patterns around it,"16:9 landscape cinematic framing, deep environmental context",Funny mood lighting,scene product lock via typography / subtle mid-ground research material; no extreme close-up packshot,,V-WOL-001,BPC-157 / TB-500,https://www.palmbeach-vitality.store/products/wolverine-stack,"LANDSCAPE SCENE (16:9) for workflow vid_gen_landscape_scenes. Source visual+motion: A frosted glass bottle of cellular support in a soft sandstorm that settles into perfect geometric patterns around it, as the bottle appears to 'surf' a wave of foam across a dark surface. Soft volumetric god-rays cut through the scene. Vibe: Funny. Theme: Beach & Ocean. Product lock: BPC-157 / TB-500 (V-WOL-001). Form: research catalog material. Camera: 16:9 landscape cinematic framing, deep environmental context. Keep product as part of a full environmental scene — not an isolated void packshot. SIGNAGE RULE: premium clean research lab only. No safety placards, no industrial alert graphics, no trefoil icons, no striped floor tape, no danger banners. Do not print alert words on walls, floors, labels, or posters. Only neutral room names and product typography.",Captions MUST be only about BPC-157 / TB-500 (V-WOL-001) and https://www.palmbeach-vitality.store/products/wolverine-stack.,Active,45,,45,Funny,Beach & Ocean
LI-046,vid_gen_landscape_scenes,16:9,lab_scene,LI-046 — Energy & Cellular Power — Cagrilinitide,A minimalist wellness bottle on a mountaintop rock with distant clouds drifting past,"16:9 landscape cinematic framing, deep environmental context",Funny mood lighting,scene product lock via typography / subtle mid-ground research material; no extreme close-up packshot,,V-CAG-001,Cagrilinitide,https://www.palmbeach-vitality.store/products/cargrilinitide,"LANDSCAPE SCENE (16:9) for workflow vid_gen_landscape_scenes. Source visual+motion: A minimalist wellness bottle on a mountaintop rock with distant clouds drifting past, while a soft pulse of light travels from bottom to top like a heartbeat. Reflections and refractions in the glass create secondary visual interest. Vibe: Funny. Theme: Energy & Cellular Power. Product lock: Cagrilinitide (V-CAG-001). Form: research catalog material. Camera: 16:9 landscape cinematic framing, deep environmental context. Keep product as part of a full environmental scene — not an isolated void packshot. SIGNAGE RULE: premium clean research lab only. No safety placards, no industrial alert graphics, no trefoil icons, no striped floor tape, no danger banners. Do not print alert words on walls, floors, labels, or posters. Only neutral room names and product typography.",Captions MUST be only about Cagrilinitide (V-CAG-001) and https://www.palmbeach-vitality.store/products/cargrilinitide.,Active,46,,46,Funny,Energy & Cellular Power
LI-047,vid_gen_landscape_scenes,16:9,vial_10ml_scene,LI-047 — Beach & Ocean — Tesamorelin,A precision-dosed peptide vial half-buried in fine sand until a soft breeze fully reveals it,"16:9 landscape cinematic framing, deep environmental context",Funny mood lighting,"10mL sterile injectable-style glass vial of Tesamorelin with rubber stopper + aluminum crimp seal (NEVER black twist/screw cap); mid-ground in scene, not extreme macro","10mL sterile injectable-style glass vial with rubber stopper and aluminum crimp seal (NOT screw-cap, NOT black twist cap)",V-TES-001,Tesamorelin,https://www.palmbeach-vitality.store/products/tesamorelin,"LANDSCAPE SCENE (16:9) for workflow vid_gen_landscape_scenes. Source visual+motion: A precision-dosed peptide vial half-buried in fine sand until a soft breeze fully reveals it, with the entire bottle briefly becoming translucent then solid again. The environment feels charged, as if responding to the product's presence. Vibe: Funny. Theme: Beach & Ocean. Product lock: Tesamorelin (V-TES-001). Form: 10mL sterile injectable-style glass vial with rubber stopper and aluminum crimp seal (NOT screw-cap, NOT black twist cap). Camera: 16:9 landscape cinematic framing, deep environmental context. Keep product as part of a full environmental scene — not an isolated void packshot. VIAL SPEC: 10mL sterile injectable-style clear glass vial, rubber stopper + aluminum crimp seal only. FORBIDDEN: black twist caps, screw caps, dropper bottles. SIGNAGE RULE: premium clean research lab only. No safety placards, no industrial alert graphics, no trefoil icons, no striped floor tape, no danger banners. Do not print alert words on walls, floors, labels, or posters. Only neutral room names and product typography.",Captions MUST be only about Tesamorelin (V-TES-001) and https://www.palmbeach-vitality.store/products/tesamorelin.,Active,47,,47,Funny,Beach & Ocean
LI-048,vid_gen_landscape_scenes,16:9,vial_10ml_scene,LI-048 — Focus & Clarity — BPC-157,A pure white ceramic-capped vial on a frozen surface that cracks in elegant patterns then seals,"16:9 landscape cinematic framing, deep environmental context",Cool mood lighting,"10mL sterile injectable-style glass vial of BPC-157 with rubber stopper + aluminum crimp seal (NEVER black twist/screw cap); mid-ground in scene, not extreme macro","10mL sterile injectable-style glass vial with rubber stopper and aluminum crimp seal (NOT screw-cap, NOT black twist cap)",V-BPC-001,BPC-157,https://www.palmbeach-vitality.store/products/bpc-157,"LANDSCAPE SCENE (16:9) for workflow vid_gen_landscape_scenes. Source visual+motion: A pure white ceramic-capped vial on a frozen surface that cracks in elegant patterns then seals, while the background subtly accelerates in time-lapse around the still product. The scene has a quiet, almost sacred stillness interrupted only by intentional motion. Vibe: Cool. Theme: Focus & Clarity. Product lock: BPC-157 (V-BPC-001). Form: 10mL sterile injectable-style glass vial with rubber stopper and aluminum crimp seal (NOT screw-cap, NOT black twist cap). Camera: 16:9 landscape cinematic framing, deep environmental context. Keep product as part of a full environmental scene — not an isolated void packshot. VIAL SPEC: 10mL sterile injectable-style clear glass vial, rubber stopper + aluminum crimp seal only. FORBIDDEN: black twist caps, screw caps, dropper bottles. SIGNAGE RULE: premium clean research lab only. No safety placards, no industrial alert graphics, no trefoil icons, no striped floor tape, no danger banners. Do not print alert words on walls, floors, labels, or posters. Only neutral room names and product typography.",Captions MUST be only about BPC-157 (V-BPC-001) and https://www.palmbeach-vitality.store/products/bpc-157.,Active,48,,48,Cool,Focus & Clarity
LI-049,vid_gen_landscape_scenes,16:9,lab_scene,LI-049 — Fat Loss & Metabolism — CJC (no DAC),A frosted glass bottle of cellular support resting in a nest of fresh eucalyptus leaves,"16:9 landscape cinematic framing, deep environmental context",Funny mood lighting,scene product lock via typography / subtle mid-ground research material; no extreme close-up packshot,,V-CJC-001,CJC (no DAC),https://www.palmbeach-vitality.store/products/cjc,"LANDSCAPE SCENE (16:9) for workflow vid_gen_landscape_scenes. Source visual+motion: A frosted glass bottle of cellular support resting in a nest of fresh eucalyptus leaves, with the liquid surface forming perfect concentric circles from an invisible impact. A gentle breeze moves surrounding elements without disturbing the product. Vibe: Funny. Theme: Fat Loss & Metabolism. Product lock: CJC (no DAC) (V-CJC-001). Form: research catalog material. Camera: 16:9 landscape cinematic framing, deep environmental context. Keep product as part of a full environmental scene — not an isolated void packshot. SIGNAGE RULE: premium clean research lab only. No safety placards, no industrial alert graphics, no trefoil icons, no striped floor tape, no danger banners. Do not print alert words on walls, floors, labels, or posters. Only neutral room names and product typography.",Captions MUST be only about CJC (no DAC) (V-CJC-001) and https://www.palmbeach-vitality.store/products/cjc.,Active,49,,49,Funny,Fat Loss & Metabolism
LI-050,vid_gen_landscape_scenes,16:9,vial_10ml_scene,LI-050 — Nature Regeneration — BPC-157 / TB-500,A pure white ceramic-capped vial beside a wilting fern that visibly brightens and lifts,"16:9 landscape cinematic framing, deep environmental context",Dramatic mood lighting,"10mL sterile injectable-style glass vial of BPC-157 / TB-500 with rubber stopper + aluminum crimp seal (NEVER black twist/screw cap); mid-ground in scene, not extreme macro","10mL sterile injectable-style glass vial with rubber stopper and aluminum crimp seal (NOT screw-cap, NOT black twist cap)",V-WOL-001,BPC-157 / TB-500,https://www.palmbeach-vitality.store/products/wolverine-stack,"LANDSCAPE SCENE (16:9) for workflow vid_gen_landscape_scenes. Source visual+motion: A pure white ceramic-capped vial beside a wilting fern that visibly brightens and lifts, as the liquid inside becomes visibly thinner and more fluid in motion. Extreme slow-motion emphasizes every micro-movement of liquid and light. Vibe: Dramatic. Theme: Nature Regeneration. Product lock: BPC-157 / TB-500 (V-WOL-001). Form: 10mL sterile injectable-style glass vial with rubber stopper and aluminum crimp seal (NOT screw-cap, NOT black twist cap). Camera: 16:9 landscape cinematic framing, deep environmental context. Keep product as part of a full environmental scene — not an isolated void packshot. VIAL SPEC: 10mL sterile injectable-style clear glass vial, rubber stopper + aluminum crimp seal only. FORBIDDEN: black twist caps, screw caps, dropper bottles. SIGNAGE RULE: premium clean research lab only. No safety placards, no industrial alert graphics, no trefoil icons, no striped floor tape, no danger banners. Do not print alert words on walls, floors, labels, or posters. Only neutral room names and product typography.",Captions MUST be only about BPC-157 / TB-500 (V-WOL-001) and https://www.palmbeach-vitality.store/products/wolverine-stack.,Active,50,,50,Dramatic,Nature Regeneration
LI-051,vid_gen_landscape_scenes,16:9,pen_3ml_scene,LI-051 — Nature Regeneration — Semax,A matte-black peptide pen on a bed of white salt crystals that slowly rearrange,"16:9 landscape cinematic framing, deep environmental context",Funny mood lighting,"3mL research dosage pen of Semax as mid-ground hero in the scene (not extreme macro; no injection act, no people)",3mL pre-filled research dosage pen,P-SMX-001,Semax,https://www.palmbeach-vitality.store/products/semax-pen,"LANDSCAPE SCENE (16:9) for workflow vid_gen_landscape_scenes. Source visual+motion: A matte-black peptide pen on a bed of white salt crystals that slowly rearrange, while fine mist rises from the surface in elegant swirls. Reflections and refractions in the glass create secondary visual interest. Vibe: Funny. Theme: Nature Regeneration. Product lock: Semax (P-SMX-001). Form: 3mL pre-filled research dosage pen. Camera: 16:9 landscape cinematic framing, deep environmental context. Keep product as part of a full environmental scene — not an isolated void packshot. PEN SPEC: 3mL pre-filled research dosage pen. No injection act, no people, no needles in use. SIGNAGE RULE: premium clean research lab only. No safety placards, no industrial alert graphics, no trefoil icons, no striped floor tape, no danger banners. Do not print alert words on walls, floors, labels, or posters. Only neutral room names and product typography.",Captions MUST be only about Semax (P-SMX-001) and https://www.palmbeach-vitality.store/products/semax-pen.,Active,51,,51,Funny,Nature Regeneration
LI-052,vid_gen_landscape_scenes,16:9,vial_10ml_scene,LI-052 — Recovery & Healing — Cagrilinitide,A minimalist wellness bottle in a field of tall grass that parts and sways around it,"16:9 landscape cinematic framing, deep environmental context",Cool mood lighting,"10mL sterile injectable-style glass vial of Cagrilinitide with rubber stopper + aluminum crimp seal (NEVER black twist/screw cap); mid-ground in scene, not extreme macro","10mL sterile injectable-style glass vial with rubber stopper and aluminum crimp seal (NOT screw-cap, NOT black twist cap)",V-CAG-001,Cagrilinitide,https://www.palmbeach-vitality.store/products/cargrilinitide,"LANDSCAPE SCENE (16:9) for workflow vid_gen_landscape_scenes. Source visual+motion: A minimalist wellness bottle in a field of tall grass that parts and sways around it, with three vials arranged in a triangle and soft light circulating between them like a circuit. Extreme slow-motion emphasizes every micro-movement of liquid and light. Vibe: Cool. Theme: Recovery & Healing. Product lock: Cagrilinitide (V-CAG-001). Form: 10mL sterile injectable-style glass vial with rubber stopper and aluminum crimp seal (NOT screw-cap, NOT black twist cap). Camera: 16:9 landscape cinematic framing, deep environmental context. Keep product as part of a full environmental scene — not an isolated void packshot. VIAL SPEC: 10mL sterile injectable-style clear glass vial, rubber stopper + aluminum crimp seal only. FORBIDDEN: black twist caps, screw caps, dropper bottles. SIGNAGE RULE: premium clean research lab only. No safety placards, no industrial alert graphics, no trefoil icons, no striped floor tape, no danger banners. Do not print alert words on walls, floors, labels, or posters. Only neutral room names and product typography.",Captions MUST be only about Cagrilinitide (V-CAG-001) and https://www.palmbeach-vitality.store/products/cargrilinitide.,Active,52,,52,Cool,Recovery & Healing
LI-053,vid_gen_landscape_scenes,16:9,vial_10ml_scene,LI-053 — Stacks & Synergy — CJC (no DAC),A precision-dosed peptide vial on a circular platform of polished copper that warms with a soft glow,"16:9 landscape cinematic framing, deep environmental context",Fun mood lighting,"10mL sterile injectable-style glass vial of CJC (no DAC) with rubber stopper + aluminum crimp seal (NEVER black twist/screw cap); mid-ground in scene, not extreme macro","10mL sterile injectable-style glass vial with rubber stopper and aluminum crimp seal (NOT screw-cap, NOT black twist cap)",V-CJC-001,CJC (no DAC),https://www.palmbeach-vitality.store/products/cjc,"LANDSCAPE SCENE (16:9) for workflow vid_gen_landscape_scenes. Source visual+motion: A precision-dosed peptide vial on a circular platform of polished copper that warms with a soft glow, leaning almost to the point of tipping then correcting itself. Extreme slow-motion emphasizes every micro-movement of liquid and light. Vibe: Fun. Theme: Stacks & Synergy. Product lock: CJC (no DAC) (V-CJC-001). Form: 10mL sterile injectable-style glass vial with rubber stopper and aluminum crimp seal (NOT screw-cap, NOT black twist cap). Camera: 16:9 landscape cinematic framing, deep environmental context. Keep product as part of a full environmental scene — not an isolated void packshot. VIAL SPEC: 10mL sterile injectable-style clear glass vial, rubber stopper + aluminum crimp seal only. FORBIDDEN: black twist caps, screw caps, dropper bottles. SIGNAGE RULE: premium clean research lab only. No safety placards, no industrial alert graphics, no trefoil icons, no striped floor tape, no danger banners. Do not print alert words on walls, floors, labels, or posters. Only neutral room names and product typography.",Captions MUST be only about CJC (no DAC) (V-CJC-001) and https://www.palmbeach-vitality.store/products/cjc.,Active,53,,53,Fun,Stacks & Synergy
LI-054,vid_gen_landscape_scenes,16:9,vial_10ml_scene,LI-054 — Beach & Ocean — CJC (no DAC)/Ipamorelin,A pure white ceramic-capped vial on wet Palm Beach sand as a gentle wave washes over and retreats,"16:9 landscape cinematic framing, deep environmental context",Cool mood lighting,"10mL sterile injectable-style glass vial of CJC (no DAC)/Ipamorelin with rubber stopper + aluminum crimp seal (NEVER black twist/screw cap); mid-ground in scene, not extreme macro","10mL sterile injectable-style glass vial with rubber stopper and aluminum crimp seal (NOT screw-cap, NOT black twist cap)",V-CII-001,CJC (no DAC)/Ipamorelin,https://www.palmbeach-vitality.store/products/cjc-ipamorelin,"LANDSCAPE SCENE (16:9) for workflow vid_gen_landscape_scenes. Source visual+motion: A pure white ceramic-capped vial on wet Palm Beach sand as a gentle wave washes over and retreats, as a single dramatic water droplet hangs from the bottom, refusing to fall. Soft volumetric god-rays cut through the scene. Vibe: Cool. Theme: Beach & Ocean. Product lock: CJC (no DAC)/Ipamorelin (V-CII-001). Form: 10mL sterile injectable-style glass vial with rubber stopper and aluminum crimp seal (NOT screw-cap, NOT black twist cap). Camera: 16:9 landscape cinematic framing, deep environmental context. Keep product as part of a full environmental scene — not an isolated void packshot. VIAL SPEC: 10mL sterile injectable-style clear glass vial, rubber stopper + aluminum crimp seal only. FORBIDDEN: black twist caps, screw caps, dropper bottles. SIGNAGE RULE: premium clean research lab only. No safety placards, no industrial alert graphics, no trefoil icons, no striped floor tape, no danger banners. Do not print alert words on walls, floors, labels, or posters. Only neutral room names and product typography.",Captions MUST be only about CJC (no DAC)/Ipamorelin (V-CII-001) and https://www.palmbeach-vitality.store/products/cjc-ipamorelin.,Active,54,,54,Cool,Beach & Ocean
LI-055,vid_gen_landscape_scenes,16:9,vial_10ml_scene,LI-055 — Energy & Cellular Power — GHK-Cu,A precision-dosed peptide vial beside a single candle whose flame burns taller and cleaner,"16:9 landscape cinematic framing, deep environmental context",Fun mood lighting,"10mL sterile injectable-style glass vial of GHK-Cu with rubber stopper + aluminum crimp seal (NEVER black twist/screw cap); mid-ground in scene, not extreme macro","10mL sterile injectable-style glass vial with rubber stopper and aluminum crimp seal (NOT screw-cap, NOT black twist cap)",V-GHK-001,GHK-Cu,https://www.palmbeach-vitality.store/products/ghk-cu,"LANDSCAPE SCENE (16:9) for workflow vid_gen_landscape_scenes. Source visual+motion: A precision-dosed peptide vial beside a single candle whose flame burns taller and cleaner, as the product casts a shadow that moves independently of the light source. A gentle breeze moves surrounding elements without disturbing the product. Vibe: Fun. Theme: Energy & Cellular Power. Product lock: GHK-Cu (V-GHK-001). Form: 10mL sterile injectable-style glass vial with rubber stopper and aluminum crimp seal (NOT screw-cap, NOT black twist cap). Camera: 16:9 landscape cinematic framing, deep environmental context. Keep product as part of a full environmental scene — not an isolated void packshot. VIAL SPEC: 10mL sterile injectable-style clear glass vial, rubber stopper + aluminum crimp seal only. FORBIDDEN: black twist caps, screw caps, dropper bottles. SIGNAGE RULE: premium clean research lab only. No safety placards, no industrial alert graphics, no trefoil icons, no striped floor tape, no danger banners. Do not print alert words on walls, floors, labels, or posters. Only neutral room names and product typography.",Captions MUST be only about GHK-Cu (V-GHK-001) and https://www.palmbeach-vitality.store/products/ghk-cu.,Active,55,,55,Fun,Energy & Cellular Power
LI-056,vid_gen_landscape_scenes,16:9,vial_10ml_scene,LI-056 — Longevity & Anti-Aging — BPC-157 / TB-500 / GHK-Cu,A sleek glass peptide vial on a kitchen counter as a stick of butter softens and fruit brightens nearby,"16:9 landscape cinematic framing, deep environmental context",Funny mood lighting,"10mL sterile injectable-style glass vial of BPC-157 / TB-500 / GHK-Cu with rubber stopper + aluminum crimp seal (NEVER black twist/screw cap); mid-ground in scene, not extreme macro","10mL sterile injectable-style glass vial with rubber stopper and aluminum crimp seal (NOT screw-cap, NOT black twist cap)",V-GLO-001,BPC-157 / TB-500 / GHK-Cu,https://www.palmbeach-vitality.store/products/glow,"LANDSCAPE SCENE (16:9) for workflow vid_gen_landscape_scenes. Source visual+motion: A sleek glass peptide vial on a kitchen counter as a stick of butter softens and fruit brightens nearby, as it 'hides' behind a large leaf that keeps falling away to reveal it again. Golden hour light slides across the surface creating long lens flares. Vibe: Funny. Theme: Longevity & Anti-Aging. Product lock: BPC-157 / TB-500 / GHK-Cu (V-GLO-001). Form: 10mL sterile injectable-style glass vial with rubber stopper and aluminum crimp seal (NOT screw-cap, NOT black twist cap). Camera: 16:9 landscape cinematic framing, deep environmental context. Keep product as part of a full environmental scene — not an isolated void packshot. VIAL SPEC: 10mL sterile injectable-style clear glass vial, rubber stopper + aluminum crimp seal only. FORBIDDEN: black twist caps, screw caps, dropper bottles. SIGNAGE RULE: premium clean research lab only. No safety placards, no industrial alert graphics, no trefoil icons, no striped floor tape, no danger banners. Do not print alert words on walls, floors, labels, or posters. Only neutral room names and product typography.",Captions MUST be only about BPC-157 / TB-500 / GHK-Cu (V-GLO-001) and https://www.palmbeach-vitality.store/products/glow.,Active,56,,56,Funny,Longevity & Anti-Aging
LI-057,vid_gen_landscape_scenes,16:9,pen_3ml_scene,LI-057 — Nature Regeneration — Selank,A minimalist wellness bottle next to a torn leaf that stitches itself back together fiber by fiber,"16:9 landscape cinematic framing, deep environmental context",Dramatic mood lighting,"3mL research dosage pen of Selank as mid-ground hero in the scene (not extreme macro; no injection act, no people)",3mL pre-filled research dosage pen,P-SEL-001,Selank,https://www.palmbeach-vitality.store/products/selank-pen,"LANDSCAPE SCENE (16:9) for workflow vid_gen_landscape_scenes. Source visual+motion: A minimalist wellness bottle next to a torn leaf that stitches itself back together fiber by fiber, as the product casts a shadow that moves independently of the light source. Deep contrast between the sharp product and soft, dreamy background. Vibe: Dramatic. Theme: Nature Regeneration. Product lock: Selank (P-SEL-001). Form: 3mL pre-filled research dosage pen. Camera: 16:9 landscape cinematic framing, deep environmental context. Keep product as part of a full environmental scene — not an isolated void packshot. PEN SPEC: 3mL pre-filled research dosage pen. No injection act, no people, no needles in use. SIGNAGE RULE: premium clean research lab only. No safety placards, no industrial alert graphics, no trefoil icons, no striped floor tape, no danger banners. Do not print alert words on walls, floors, labels, or posters. Only neutral room names and product typography.",Captions MUST be only about Selank (P-SEL-001) and https://www.palmbeach-vitality.store/products/selank-pen.,Active,57,,57,Dramatic,Nature Regeneration
LI-058,vid_gen_landscape_scenes,16:9,vial_10ml_scene,LI-058 — Abstract Cellular — Thymosin Alpha-1,A crystal-clear recovery vial in a miniature Zen garden where rake lines slowly rearrange themselves around it,"16:9 landscape cinematic framing, deep environmental context",Dramatic mood lighting,"10mL sterile injectable-style glass vial of Thymosin Alpha-1 with rubber stopper + aluminum crimp seal (NEVER black twist/screw cap); mid-ground in scene, not extreme macro","10mL sterile injectable-style glass vial with rubber stopper and aluminum crimp seal (NOT screw-cap, NOT black twist cap)",V-TA1-001,Thymosin Alpha-1,https://www.palmbeach-vitality.store/products/ta-1,"LANDSCAPE SCENE (16:9) for workflow vid_gen_landscape_scenes. Source visual+motion: A crystal-clear recovery vial in a miniature Zen garden where rake lines slowly rearrange themselves around it, as a single red drop forms and slowly shapes itself into a heart before falling. Golden hour light slides across the surface creating long lens flares. Vibe: Dramatic. Theme: Abstract Cellular. Product lock: Thymosin Alpha-1 (V-TA1-001). Form: 10mL sterile injectable-style glass vial with rubber stopper and aluminum crimp seal (NOT screw-cap, NOT black twist cap). Camera: 16:9 landscape cinematic framing, deep environmental context. Keep product as part of a full environmental scene — not an isolated void packshot. VIAL SPEC: 10mL sterile injectable-style clear glass vial, rubber stopper + aluminum crimp seal only. FORBIDDEN: black twist caps, screw caps, dropper bottles. SIGNAGE RULE: premium clean research lab only. No safety placards, no industrial alert graphics, no trefoil icons, no striped floor tape, no danger banners. Do not print alert words on walls, floors, labels, or posters. Only neutral room names and product typography.",Captions MUST be only about Thymosin Alpha-1 (V-TA1-001) and https://www.palmbeach-vitality.store/products/ta-1.,Active,58,,58,Dramatic,Abstract Cellular
LI-059,vid_gen_landscape_scenes,16:9,vial_10ml_scene,LI-059 — Fat Loss & Metabolism — AOD-9604,A glowing amber wellness vial resting in a nest of fresh eucalyptus leaves,"16:9 landscape cinematic framing, deep environmental context",Dramatic mood lighting,"10mL sterile injectable-style glass vial of AOD-9604 with rubber stopper + aluminum crimp seal (NEVER black twist/screw cap); mid-ground in scene, not extreme macro","10mL sterile injectable-style glass vial with rubber stopper and aluminum crimp seal (NOT screw-cap, NOT black twist cap)",V-AOD-001,AOD-9604,https://www.palmbeach-vitality.store/products/aod-9604,"LANDSCAPE SCENE (16:9) for workflow vid_gen_landscape_scenes. Source visual+motion: A glowing amber wellness vial resting in a nest of fresh eucalyptus leaves, with the entire bottle briefly becoming translucent then solid again. Extreme slow-motion emphasizes every micro-movement of liquid and light. Vibe: Dramatic. Theme: Fat Loss & Metabolism. Product lock: AOD-9604 (V-AOD-001). Form: 10mL sterile injectable-style glass vial with rubber stopper and aluminum crimp seal (NOT screw-cap, NOT black twist cap). Camera: 16:9 landscape cinematic framing, deep environmental context. Keep product as part of a full environmental scene — not an isolated void packshot. VIAL SPEC: 10mL sterile injectable-style clear glass vial, rubber stopper + aluminum crimp seal only. FORBIDDEN: black twist caps, screw caps, dropper bottles. SIGNAGE RULE: premium clean research lab only. No safety placards, no industrial alert graphics, no trefoil icons, no striped floor tape, no danger banners. Do not print alert words on walls, floors, labels, or posters. Only neutral room names and product typography.",Captions MUST be only about AOD-9604 (V-AOD-001) and https://www.palmbeach-vitality.store/products/aod-9604.,Active,59,,59,Dramatic,Fat Loss & Metabolism
LI-060,vid_gen_landscape_scenes,16:9,vial_10ml_scene,LI-060 — Beach & Ocean — Melanotan 2,A glowing amber wellness vial floating upright in a clear tide pool while tiny fish dart past,"16:9 landscape cinematic framing, deep environmental context",Cool mood lighting,"10mL sterile injectable-style glass vial of Melanotan 2 with rubber stopper + aluminum crimp seal (NEVER black twist/screw cap); mid-ground in scene, not extreme macro","10mL sterile injectable-style glass vial with rubber stopper and aluminum crimp seal (NOT screw-cap, NOT black twist cap)",V-MT2-001,Melanotan 2,https://www.palmbeach-vitality.store/products/melonotan,"LANDSCAPE SCENE (16:9) for workflow vid_gen_landscape_scenes. Source visual+motion: A glowing amber wellness vial floating upright in a clear tide pool while tiny fish dart past, with the bottle standing firm as a small wave repeatedly tries and fails to knock it over. Time-lapse growth and repair happens in the periphery only. Vibe: Cool. Theme: Beach & Ocean. Product lock: Melanotan 2 (V-MT2-001). Form: 10mL sterile injectable-style glass vial with rubber stopper and aluminum crimp seal (NOT screw-cap, NOT black twist cap). Camera: 16:9 landscape cinematic framing, deep environmental context. Keep product as part of a full environmental scene — not an isolated void packshot. VIAL SPEC: 10mL sterile injectable-style clear glass vial, rubber stopper + aluminum crimp seal only. FORBIDDEN: black twist caps, screw caps, dropper bottles. SIGNAGE RULE: premium clean research lab only. No safety placards, no industrial alert graphics, no trefoil icons, no striped floor tape, no danger banners. Do not print alert words on walls, floors, labels, or posters. Only neutral room names and product typography.",Captions MUST be only about Melanotan 2 (V-MT2-001) and https://www.palmbeach-vitality.store/products/melonotan.,Active,60,,60,Cool,Beach & Ocean
LI-061,vid_gen_landscape_scenes,16:9,pen_3ml_scene,LI-061 — Abstract Cellular — Sermorelin,A matte-black peptide pen in complete darkness until a precise light beam illuminates only the label area,"16:9 landscape cinematic framing, deep environmental context",Fun mood lighting,"3mL research dosage pen of Sermorelin as mid-ground hero in the scene (not extreme macro; no injection act, no people)",3mL pre-filled research dosage pen,P-SER-001,Sermorelin,https://www.palmbeach-vitality.store/products/sermorelin-pen,"LANDSCAPE SCENE (16:9) for workflow vid_gen_landscape_scenes. Source visual+motion: A matte-black peptide pen in complete darkness until a precise light beam illuminates only the label area, gently floating upward a few centimeters then settling back down. Time-lapse growth and repair happens in the periphery only. Vibe: Fun. Theme: Abstract Cellular. Product lock: Sermorelin (P-SER-001). Form: 3mL pre-filled research dosage pen. Camera: 16:9 landscape cinematic framing, deep environmental context. Keep product as part of a full environmental scene — not an isolated void packshot. PEN SPEC: 3mL pre-filled research dosage pen. No injection act, no people, no needles in use. SIGNAGE RULE: premium clean research lab only. No safety placards, no industrial alert graphics, no trefoil icons, no striped floor tape, no danger banners. Do not print alert words on walls, floors, labels, or posters. Only neutral room names and product typography.",Captions MUST be only about Sermorelin (P-SER-001) and https://www.palmbeach-vitality.store/products/sermorelin-pen.,Active,61,,61,Fun,Abstract Cellular
LI-062,vid_gen_landscape_scenes,16:9,lab_scene,LI-062 — Beach & Ocean — CJC (no DAC)/Ipamorelin,A frosted glass bottle of cellular support half-buried in fine sand until a soft breeze fully reveals it,"16:9 landscape cinematic framing, deep environmental context",Cool mood lighting,scene product lock via typography / subtle mid-ground research material; no extreme close-up packshot,,V-CII-001,CJC (no DAC)/Ipamorelin,https://www.palmbeach-vitality.store/products/cjc-ipamorelin,"LANDSCAPE SCENE (16:9) for workflow vid_gen_landscape_scenes. Source visual+motion: A frosted glass bottle of cellular support half-buried in fine sand until a soft breeze fully reveals it, as the liquid inside becomes visibly thinner and more fluid in motion. The environment feels charged, as if responding to the product's presence. Vibe: Cool. Theme: Beach & Ocean. Product lock: CJC (no DAC)/Ipamorelin (V-CII-001). Form: research catalog material. Camera: 16:9 landscape cinematic framing, deep environmental context. Keep product as part of a full environmental scene — not an isolated void packshot. SIGNAGE RULE: premium clean research lab only. No safety placards, no industrial alert graphics, no trefoil icons, no striped floor tape, no danger banners. Do not print alert words on walls, floors, labels, or posters. Only neutral room names and product typography.",Captions MUST be only about CJC (no DAC)/Ipamorelin (V-CII-001) and https://www.palmbeach-vitality.store/products/cjc-ipamorelin.,Active,62,,62,Cool,Beach & Ocean
LI-063,vid_gen_landscape_scenes,16:9,vial_10ml_scene,LI-063 — Recovery & Healing — Retatrutide,A sleek glass peptide vial framed by two large tropical leaves that slowly close then reopen like curtains,"16:9 landscape cinematic framing, deep environmental context",Funny mood lighting,"10mL sterile injectable-style glass vial of Retatrutide with rubber stopper + aluminum crimp seal (NEVER black twist/screw cap); mid-ground in scene, not extreme macro","10mL sterile injectable-style glass vial with rubber stopper and aluminum crimp seal (NOT screw-cap, NOT black twist cap)",V-RET-001,Retatrutide,https://www.palmbeach-vitality.store/products/retatrutide,"LANDSCAPE SCENE (16:9) for workflow vid_gen_landscape_scenes. Source visual+motion: A sleek glass peptide vial framed by two large tropical leaves that slowly close then reopen like curtains, while fine mist rises from the surface in elegant swirls. A gentle breeze moves surrounding elements without disturbing the product. Vibe: Funny. Theme: Recovery & Healing. Product lock: Retatrutide (V-RET-001). Form: 10mL sterile injectable-style glass vial with rubber stopper and aluminum crimp seal (NOT screw-cap, NOT black twist cap). Camera: 16:9 landscape cinematic framing, deep environmental context. Keep product as part of a full environmental scene — not an isolated void packshot. VIAL SPEC: 10mL sterile injectable-style clear glass vial, rubber stopper + aluminum crimp seal only. FORBIDDEN: black twist caps, screw caps, dropper bottles. SIGNAGE RULE: premium clean research lab only. No safety placards, no industrial alert graphics, no trefoil icons, no striped floor tape, no danger banners. Do not print alert words on walls, floors, labels, or posters. Only neutral room names and product typography.",Captions MUST be only about Retatrutide (V-RET-001) and https://www.palmbeach-vitality.store/products/retatrutide.,Active,63,,63,Funny,Recovery & Healing
LI-064,vid_gen_landscape_scenes,16:9,vial_10ml_scene,LI-064 — Resilience & Strength — Tirzepatide,A high-clarity research-grade vial in heavy fog that slowly parts only in a perfect circle around it,"16:9 landscape cinematic framing, deep environmental context",Funny mood lighting,"10mL sterile injectable-style glass vial of Tirzepatide with rubber stopper + aluminum crimp seal (NEVER black twist/screw cap); mid-ground in scene, not extreme macro","10mL sterile injectable-style glass vial with rubber stopper and aluminum crimp seal (NOT screw-cap, NOT black twist cap)",V-TIR-001,Tirzepatide,https://www.palmbeach-vitality.store/products/tirzepatide,"LANDSCAPE SCENE (16:9) for workflow vid_gen_landscape_scenes. Source visual+motion: A high-clarity research-grade vial in heavy fog that slowly parts only in a perfect circle around it, while a much larger empty bottle tips over dramatically and the small one stays still. The environment feels charged, as if responding to the product's presence. Vibe: Funny. Theme: Resilience & Strength. Product lock: Tirzepatide (V-TIR-001). Form: 10mL sterile injectable-style glass vial with rubber stopper and aluminum crimp seal (NOT screw-cap, NOT black twist cap). Camera: 16:9 landscape cinematic framing, deep environmental context. Keep product as part of a full environmental scene — not an isolated void packshot. VIAL SPEC: 10mL sterile injectable-style clear glass vial, rubber stopper + aluminum crimp seal only. FORBIDDEN: black twist caps, screw caps, dropper bottles. SIGNAGE RULE: premium clean research lab only. No safety placards, no industrial alert graphics, no trefoil icons, no striped floor tape, no danger banners. Do not print alert words on walls, floors, labels, or posters. Only neutral room names and product typography.",Captions MUST be only about Tirzepatide (V-TIR-001) and https://www.palmbeach-vitality.store/products/tirzepatide.,Active,64,,64,Funny,Resilience & Strength
LI-065,vid_gen_landscape_scenes,16:9,vial_10ml_scene,LI-065 — Beach & Ocean — Semaglutide,A glowing amber wellness vial on a mirror surface that reflects infinite versions of itself,"16:9 landscape cinematic framing, deep environmental context",Cool mood lighting,"10mL sterile injectable-style glass vial of Semaglutide with rubber stopper + aluminum crimp seal (NEVER black twist/screw cap); mid-ground in scene, not extreme macro","10mL sterile injectable-style glass vial with rubber stopper and aluminum crimp seal (NOT screw-cap, NOT black twist cap)",V-SEM-001,Semaglutide,https://www.palmbeach-vitality.store/products/semaglutide,"LANDSCAPE SCENE (16:9) for workflow vid_gen_landscape_scenes. Source visual+motion: A glowing amber wellness vial on a mirror surface that reflects infinite versions of itself, with dew drops assembling themselves into geometric patterns on the glass. Extreme slow-motion emphasizes every micro-movement of liquid and light. Vibe: Cool. Theme: Beach & Ocean. Product lock: Semaglutide (V-SEM-001). Form: 10mL sterile injectable-style glass vial with rubber stopper and aluminum crimp seal (NOT screw-cap, NOT black twist cap). Camera: 16:9 landscape cinematic framing, deep environmental context. Keep product as part of a full environmental scene — not an isolated void packshot. VIAL SPEC: 10mL sterile injectable-style clear glass vial, rubber stopper + aluminum crimp seal only. FORBIDDEN: black twist caps, screw caps, dropper bottles. SIGNAGE RULE: premium clean research lab only. No safety placards, no industrial alert graphics, no trefoil icons, no striped floor tape, no danger banners. Do not print alert words on walls, floors, labels, or posters. Only neutral room names and product typography.",Captions MUST be only about Semaglutide (V-SEM-001) and https://www.palmbeach-vitality.store/products/semaglutide.,Active,65,,65,Cool,Beach & Ocean
LI-066,vid_gen_landscape_scenes,16:9,vial_10ml_scene,LI-066 — Beach & Ocean — KPV / BPC-157 / TB-500 / GHK-Cu,A sleek glass peptide vial in a desert landscape of fine sand with heat shimmer rising,"16:9 landscape cinematic framing, deep environmental context",Fun mood lighting,"10mL sterile injectable-style glass vial of KPV / BPC-157 / TB-500 / GHK-Cu with rubber stopper + aluminum crimp seal (NEVER black twist/screw cap); mid-ground in scene, not extreme macro","10mL sterile injectable-style glass vial with rubber stopper and aluminum crimp seal (NOT screw-cap, NOT black twist cap)",V-KLO-001,KPV / BPC-157 / TB-500 / GHK-Cu,https://www.palmbeach-vitality.store/products/klow-kpv-bpc-157-tb-500-ghk,"LANDSCAPE SCENE (16:9) for workflow vid_gen_landscape_scenes. Source visual+motion: A sleek glass peptide vial in a desert landscape of fine sand with heat shimmer rising, while the glass surface briefly shows flowing molecular structures then clears. Time-lapse growth and repair happens in the periphery only. Vibe: Fun. Theme: Beach & Ocean. Product lock: KPV / BPC-157 / TB-500 / GHK-Cu (V-KLO-001). Form: 10mL sterile injectable-style glass vial with rubber stopper and aluminum crimp seal (NOT screw-cap, NOT black twist cap). Camera: 16:9 landscape cinematic framing, deep environmental context. Keep product as part of a full environmental scene — not an isolated void packshot. VIAL SPEC: 10mL sterile injectable-style clear glass vial, rubber stopper + aluminum crimp seal only. FORBIDDEN: black twist caps, screw caps, dropper bottles. SIGNAGE RULE: premium clean research lab only. No safety placards, no industrial alert graphics, no trefoil icons, no striped floor tape, no danger banners. Do not print alert words on walls, floors, labels, or posters. Only neutral room names and product typography.",Captions MUST be only about KPV / BPC-157 / TB-500 / GHK-Cu (V-KLO-001) and https://www.palmbeach-vitality.store/products/klow-kpv-bpc-157-tb-500-ghk.,Active,66,,66,Fun,Beach & Ocean
LI-067,vid_gen_landscape_scenes,16:9,vial_10ml_scene,LI-067 — Beach & Ocean — MOTS-C,A high-clarity research-grade vial beside a deflated balloon that slowly reinflates to full shape,"16:9 landscape cinematic framing, deep environmental context",Fun mood lighting,"10mL sterile injectable-style glass vial of MOTS-C with rubber stopper + aluminum crimp seal (NEVER black twist/screw cap); mid-ground in scene, not extreme macro","10mL sterile injectable-style glass vial with rubber stopper and aluminum crimp seal (NOT screw-cap, NOT black twist cap)",V-MOT-001,MOTS-C,https://www.palmbeach-vitality.store/products/mots-c-10mg-5ml-vial,"LANDSCAPE SCENE (16:9) for workflow vid_gen_landscape_scenes. Source visual+motion: A high-clarity research-grade vial beside a deflated balloon that slowly reinflates to full shape, as a single dramatic water droplet hangs from the bottom, refusing to fall. Extreme slow-motion emphasizes every micro-movement of liquid and light. Vibe: Fun. Theme: Beach & Ocean. Product lock: MOTS-C (V-MOT-001). Form: 10mL sterile injectable-style glass vial with rubber stopper and aluminum crimp seal (NOT screw-cap, NOT black twist cap). Camera: 16:9 landscape cinematic framing, deep environmental context. Keep product as part of a full environmental scene — not an isolated void packshot. VIAL SPEC: 10mL sterile injectable-style clear glass vial, rubber stopper + aluminum crimp seal only. FORBIDDEN: black twist caps, screw caps, dropper bottles. SIGNAGE RULE: premium clean research lab only. No safety placards, no industrial alert graphics, no trefoil icons, no striped floor tape, no danger banners. Do not print alert words on walls, floors, labels, or posters. Only neutral room names and product typography.",Captions MUST be only about MOTS-C (V-MOT-001) and https://www.palmbeach-vitality.store/products/mots-c-10mg-5ml-vial.,Active,67,,67,Fun,Beach & Ocean
LI-068,vid_gen_landscape_scenes,16:9,vial_10ml_scene,LI-068 — Longevity & Anti-Aging — NAD+,A glowing amber wellness vial floating just above a still black lake with perfect reflection,"16:9 landscape cinematic framing, deep environmental context",Dramatic mood lighting,"10mL sterile injectable-style glass vial of NAD+ with rubber stopper + aluminum crimp seal (NEVER black twist/screw cap); mid-ground in scene, not extreme macro","10mL sterile injectable-style glass vial with rubber stopper and aluminum crimp seal (NOT screw-cap, NOT black twist cap)",V-NAD-001,NAD+,https://www.palmbeach-vitality.store/products/nad-1,"LANDSCAPE SCENE (16:9) for workflow vid_gen_landscape_scenes. Source visual+motion: A glowing amber wellness vial floating just above a still black lake with perfect reflection, with a soft white light pulsing once like a signal. Reflections and refractions in the glass create secondary visual interest. Vibe: Dramatic. Theme: Longevity & Anti-Aging. Product lock: NAD+ (V-NAD-001). Form: 10mL sterile injectable-style glass vial with rubber stopper and aluminum crimp seal (NOT screw-cap, NOT black twist cap). Camera: 16:9 landscape cinematic framing, deep environmental context. Keep product as part of a full environmental scene — not an isolated void packshot. VIAL SPEC: 10mL sterile injectable-style clear glass vial, rubber stopper + aluminum crimp seal only. FORBIDDEN: black twist caps, screw caps, dropper bottles. SIGNAGE RULE: premium clean research lab only. No safety placards, no industrial alert graphics, no trefoil icons, no striped floor tape, no danger banners. Do not print alert words on walls, floors, labels, or posters. Only neutral room names and product typography.",Captions MUST be only about NAD+ (V-NAD-001) and https://www.palmbeach-vitality.store/products/nad-1.,Active,68,,68,Dramatic,Longevity & Anti-Aging
LI-069,vid_gen_landscape_scenes,16:9,vial_10ml_scene,LI-069 — Beach & Ocean — PT-141,A glowing amber wellness vial resting in a nest of fresh eucalyptus leaves,"16:9 landscape cinematic framing, deep environmental context",Funny mood lighting,"10mL sterile injectable-style glass vial of PT-141 with rubber stopper + aluminum crimp seal (NEVER black twist/screw cap); mid-ground in scene, not extreme macro","10mL sterile injectable-style glass vial with rubber stopper and aluminum crimp seal (NOT screw-cap, NOT black twist cap)",V-PT1-001,PT-141,https://www.palmbeach-vitality.store/products/pt-141,"LANDSCAPE SCENE (16:9) for workflow vid_gen_landscape_scenes. Source visual+motion: A glowing amber wellness vial resting in a nest of fresh eucalyptus leaves, with the product perfectly balanced on the edge of a surface that looks unstable. A gentle breeze moves surrounding elements without disturbing the product. Vibe: Funny. Theme: Beach & Ocean. Product lock: PT-141 (V-PT1-001). Form: 10mL sterile injectable-style glass vial with rubber stopper and aluminum crimp seal (NOT screw-cap, NOT black twist cap). Camera: 16:9 landscape cinematic framing, deep environmental context. Keep product as part of a full environmental scene — not an isolated void packshot. VIAL SPEC: 10mL sterile injectable-style clear glass vial, rubber stopper + aluminum crimp seal only. FORBIDDEN: black twist caps, screw caps, dropper bottles. SIGNAGE RULE: premium clean research lab only. No safety placards, no industrial alert graphics, no trefoil icons, no striped floor tape, no danger banners. Do not print alert words on walls, floors, labels, or posters. Only neutral room names and product typography.",Captions MUST be only about PT-141 (V-PT1-001) and https://www.palmbeach-vitality.store/products/pt-141.,Active,69,,69,Funny,Beach & Ocean
LI-070,vid_gen_landscape_scenes,16:9,lab_scene,LI-070 — Stacks & Synergy — GHK-Cu,A frosted glass bottle of cellular support next to a cloudy glass of water that suddenly becomes crystal clear,"16:9 landscape cinematic framing, deep environmental context",Funny mood lighting,scene product lock via typography / subtle mid-ground research material; no extreme close-up packshot,,V-GHK-001,GHK-Cu,https://www.palmbeach-vitality.store/products/ghk-cu,"LANDSCAPE SCENE (16:9) for workflow vid_gen_landscape_scenes. Source visual+motion: A frosted glass bottle of cellular support next to a cloudy glass of water that suddenly becomes crystal clear, while a soft pulse of light travels from bottom to top like a heartbeat. Deep contrast between the sharp product and soft, dreamy background. Vibe: Funny. Theme: Stacks & Synergy. Product lock: GHK-Cu (V-GHK-001). Form: research catalog material. Camera: 16:9 landscape cinematic framing, deep environmental context. Keep product as part of a full environmental scene — not an isolated void packshot. SIGNAGE RULE: premium clean research lab only. No safety placards, no industrial alert graphics, no trefoil icons, no striped floor tape, no danger banners. Do not print alert words on walls, floors, labels, or posters. Only neutral room names and product typography.",Captions MUST be only about GHK-Cu (V-GHK-001) and https://www.palmbeach-vitality.store/products/ghk-cu.,Active,70,,70,Funny,Stacks & Synergy
LI-071,vid_gen_landscape_scenes,16:9,lab_scene,LI-071 — Energy & Cellular Power — BPC-157 / TB-500 / GHK-Cu,A slim silver-capped peptide bottle catching a single snowflake that melts the instant it lands,"16:9 landscape cinematic framing, deep environmental context",Fun mood lighting,scene product lock via typography / subtle mid-ground research material; no extreme close-up packshot,,V-GLO-001,BPC-157 / TB-500 / GHK-Cu,https://www.palmbeach-vitality.store/products/glow,"LANDSCAPE SCENE (16:9) for workflow vid_gen_landscape_scenes. Source visual+motion: A slim silver-capped peptide bottle catching a single snowflake that melts the instant it lands, while a soft pulse of light travels from bottom to top like a heartbeat. Reflections and refractions in the glass create secondary visual interest. Vibe: Fun. Theme: Energy & Cellular Power. Product lock: BPC-157 / TB-500 / GHK-Cu (V-GLO-001). Form: research catalog material. Camera: 16:9 landscape cinematic framing, deep environmental context. Keep product as part of a full environmental scene — not an isolated void packshot. SIGNAGE RULE: premium clean research lab only. No safety placards, no industrial alert graphics, no trefoil icons, no striped floor tape, no danger banners. Do not print alert words on walls, floors, labels, or posters. Only neutral room names and product typography.",Captions MUST be only about BPC-157 / TB-500 / GHK-Cu (V-GLO-001) and https://www.palmbeach-vitality.store/products/glow.,Active,71,,71,Fun,Energy & Cellular Power
LI-072,vid_gen_landscape_scenes,16:9,lab_scene,LI-072 — Fat Loss & Metabolism — Thymosin Alpha-1,A minimalist wellness bottle next to a cloudy glass of water that suddenly becomes crystal clear,"16:9 landscape cinematic framing, deep environmental context",Funny mood lighting,scene product lock via typography / subtle mid-ground research material; no extreme close-up packshot,,V-TA1-001,Thymosin Alpha-1,https://www.palmbeach-vitality.store/products/ta-1,"LANDSCAPE SCENE (16:9) for workflow vid_gen_landscape_scenes. Source visual+motion: A minimalist wellness bottle next to a cloudy glass of water that suddenly becomes crystal clear, as microscopic bubbles form, rise, and vanish in elegant patterns. The scene has a quiet, almost sacred stillness interrupted only by intentional motion. Vibe: Funny. Theme: Fat Loss & Metabolism. Product lock: Thymosin Alpha-1 (V-TA1-001). Form: research catalog material. Camera: 16:9 landscape cinematic framing, deep environmental context. Keep product as part of a full environmental scene — not an isolated void packshot. SIGNAGE RULE: premium clean research lab only. No safety placards, no industrial alert graphics, no trefoil icons, no striped floor tape, no danger banners. Do not print alert words on walls, floors, labels, or posters. Only neutral room names and product typography.",Captions MUST be only about Thymosin Alpha-1 (V-TA1-001) and https://www.palmbeach-vitality.store/products/ta-1.,Active,72,,72,Funny,Fat Loss & Metabolism
LI-073,vid_gen_landscape_scenes,16:9,pen_3ml_scene,LI-073 — Energy & Cellular Power — Thymosin Alpha-1,A matte-black peptide pen on a bed of white salt crystals that slowly rearrange,"16:9 landscape cinematic framing, deep environmental context",Dramatic mood lighting,"3mL research dosage pen of Thymosin Alpha-1 as mid-ground hero in the scene (not extreme macro; no injection act, no people)",3mL pre-filled research dosage pen,P-TA1-001,Thymosin Alpha-1,https://www.palmbeach-vitality.store/products/ta-2,"LANDSCAPE SCENE (16:9) for workflow vid_gen_landscape_scenes. Source visual+motion: A matte-black peptide pen on a bed of white salt crystals that slowly rearrange, while the background subtly accelerates in time-lapse around the still product. Time-lapse growth and repair happens in the periphery only. Vibe: Dramatic. Theme: Energy & Cellular Power. Product lock: Thymosin Alpha-1 (P-TA1-001). Form: 3mL pre-filled research dosage pen. Camera: 16:9 landscape cinematic framing, deep environmental context. Keep product as part of a full environmental scene — not an isolated void packshot. PEN SPEC: 3mL pre-filled research dosage pen. No injection act, no people, no needles in use. SIGNAGE RULE: premium clean research lab only. No safety placards, no industrial alert graphics, no trefoil icons, no striped floor tape, no danger banners. Do not print alert words on walls, floors, labels, or posters. Only neutral room names and product typography.",Captions MUST be only about Thymosin Alpha-1 (P-TA1-001) and https://www.palmbeach-vitality.store/products/ta-2.,Active,73,,73,Dramatic,Energy & Cellular Power
LI-074,vid_gen_landscape_scenes,16:9,vial_10ml_scene,LI-074 — Beach & Ocean — Selank,A sleek glass peptide vial floating upright in a clear tide pool while tiny fish dart past,"16:9 landscape cinematic framing, deep environmental context",Cool mood lighting,"10mL sterile injectable-style glass vial of Selank with rubber stopper + aluminum crimp seal (NEVER black twist/screw cap); mid-ground in scene, not extreme macro","10mL sterile injectable-style glass vial with rubber stopper and aluminum crimp seal (NOT screw-cap, NOT black twist cap)",V-SEL-001,Selank,https://www.palmbeach-vitality.store/products/selank,"LANDSCAPE SCENE (16:9) for workflow vid_gen_landscape_scenes. Source visual+motion: A sleek glass peptide vial floating upright in a clear tide pool while tiny fish dart past, with the entire bottle briefly becoming translucent then solid again. Subtle particle systems (dust, pollen, mist) interact gracefully with the vial. Vibe: Cool. Theme: Beach & Ocean. Product lock: Selank (V-SEL-001). Form: 10mL sterile injectable-style glass vial with rubber stopper and aluminum crimp seal (NOT screw-cap, NOT black twist cap). Camera: 16:9 landscape cinematic framing, deep environmental context. Keep product as part of a full environmental scene — not an isolated void packshot. VIAL SPEC: 10mL sterile injectable-style clear glass vial, rubber stopper + aluminum crimp seal only. FORBIDDEN: black twist caps, screw caps, dropper bottles. SIGNAGE RULE: premium clean research lab only. No safety placards, no industrial alert graphics, no trefoil icons, no striped floor tape, no danger banners. Do not print alert words on walls, floors, labels, or posters. Only neutral room names and product typography.",Captions MUST be only about Selank (V-SEL-001) and https://www.palmbeach-vitality.store/products/selank.,Active,74,,74,Cool,Beach & Ocean
LI-075,vid_gen_landscape_scenes,16:9,vial_10ml_scene,LI-075 — Longevity & Anti-Aging — Sermorelin,A high-clarity research-grade vial on a dark reflective surface under a single sharp beam of light,"16:9 landscape cinematic framing, deep environmental context",Funny mood lighting,"10mL sterile injectable-style glass vial of Sermorelin with rubber stopper + aluminum crimp seal (NEVER black twist/screw cap); mid-ground in scene, not extreme macro","10mL sterile injectable-style glass vial with rubber stopper and aluminum crimp seal (NOT screw-cap, NOT black twist cap)",V-SER-001,Sermorelin,https://www.palmbeach-vitality.store/products/sermorelin,"LANDSCAPE SCENE (16:9) for workflow vid_gen_landscape_scenes. Source visual+motion: A high-clarity research-grade vial on a dark reflective surface under a single sharp beam of light, with the product perfectly balanced on the edge of a surface that looks unstable. Subtle particle systems (dust, pollen, mist) interact gracefully with the vial. Vibe: Funny. Theme: Longevity & Anti-Aging. Product lock: Sermorelin (V-SER-001). Form: 10mL sterile injectable-style glass vial with rubber stopper and aluminum crimp seal (NOT screw-cap, NOT black twist cap). Camera: 16:9 landscape cinematic framing, deep environmental context. Keep product as part of a full environmental scene — not an isolated void packshot. VIAL SPEC: 10mL sterile injectable-style clear glass vial, rubber stopper + aluminum crimp seal only. FORBIDDEN: black twist caps, screw caps, dropper bottles. SIGNAGE RULE: premium clean research lab only. No safety placards, no industrial alert graphics, no trefoil icons, no striped floor tape, no danger banners. Do not print alert words on walls, floors, labels, or posters. Only neutral room names and product typography.",Captions MUST be only about Sermorelin (V-SER-001) and https://www.palmbeach-vitality.store/products/sermorelin.,Active,75,,75,Funny,Longevity & Anti-Aging
LI-076,vid_gen_landscape_scenes,16:9,vial_10ml_scene,LI-076 — Energy & Cellular Power — SS-31,A sleek glass peptide vial amidst floating dandelion seeds that orbit then settle,"16:9 landscape cinematic framing, deep environmental context",Fun mood lighting,"10mL sterile injectable-style glass vial of SS-31 with rubber stopper + aluminum crimp seal (NEVER black twist/screw cap); mid-ground in scene, not extreme macro","10mL sterile injectable-style glass vial with rubber stopper and aluminum crimp seal (NOT screw-cap, NOT black twist cap)",V-SS3-001,SS-31,https://www.palmbeach-vitality.store/products/ss-31,"LANDSCAPE SCENE (16:9) for workflow vid_gen_landscape_scenes. Source visual+motion: A sleek glass peptide vial amidst floating dandelion seeds that orbit then settle, with the liquid surface forming perfect concentric circles from an invisible impact. Deep contrast between the sharp product and soft, dreamy background. Vibe: Fun. Theme: Energy & Cellular Power. Product lock: SS-31 (V-SS3-001). Form: 10mL sterile injectable-style glass vial with rubber stopper and aluminum crimp seal (NOT screw-cap, NOT black twist cap). Camera: 16:9 landscape cinematic framing, deep environmental context. Keep product as part of a full environmental scene — not an isolated void packshot. VIAL SPEC: 10mL sterile injectable-style clear glass vial, rubber stopper + aluminum crimp seal only. FORBIDDEN: black twist caps, screw caps, dropper bottles. SIGNAGE RULE: premium clean research lab only. No safety placards, no industrial alert graphics, no trefoil icons, no striped floor tape, no danger banners. Do not print alert words on walls, floors, labels, or posters. Only neutral room names and product typography.",Captions MUST be only about SS-31 (V-SS3-001) and https://www.palmbeach-vitality.store/products/ss-31.,Active,76,,76,Fun,Energy & Cellular Power
LI-077,vid_gen_landscape_scenes,16:9,vial_10ml_scene,LI-077 — Energy & Cellular Power — TB-500,A sleek glass peptide vial inside a large empty glass terrarium with condensation forming,"16:9 landscape cinematic framing, deep environmental context",Fun mood lighting,"10mL sterile injectable-style glass vial of TB-500 with rubber stopper + aluminum crimp seal (NEVER black twist/screw cap); mid-ground in scene, not extreme macro","10mL sterile injectable-style glass vial with rubber stopper and aluminum crimp seal (NOT screw-cap, NOT black twist cap)",V-TB5-001,TB-500,https://www.palmbeach-vitality.store/products/tb-500,"LANDSCAPE SCENE (16:9) for workflow vid_gen_landscape_scenes. Source visual+motion: A sleek glass peptide vial inside a large empty glass terrarium with condensation forming, with the entire bottle briefly becoming translucent then solid again. Soft volumetric god-rays cut through the scene. Vibe: Fun. Theme: Energy & Cellular Power. Product lock: TB-500 (V-TB5-001). Form: 10mL sterile injectable-style glass vial with rubber stopper and aluminum crimp seal (NOT screw-cap, NOT black twist cap). Camera: 16:9 landscape cinematic framing, deep environmental context. Keep product as part of a full environmental scene — not an isolated void packshot. VIAL SPEC: 10mL sterile injectable-style clear glass vial, rubber stopper + aluminum crimp seal only. FORBIDDEN: black twist caps, screw caps, dropper bottles. SIGNAGE RULE: premium clean research lab only. No safety placards, no industrial alert graphics, no trefoil icons, no striped floor tape, no danger banners. Do not print alert words on walls, floors, labels, or posters. Only neutral room names and product typography.",Captions MUST be only about TB-500 (V-TB5-001) and https://www.palmbeach-vitality.store/products/tb-500.,Active,77,,77,Fun,Energy & Cellular Power
LI-078,vid_gen_landscape_scenes,16:9,lab_scene,LI-078 — Energy & Cellular Power — AOD-9604,A slim silver-capped peptide bottle resting in a nest of fresh eucalyptus leaves,"16:9 landscape cinematic framing, deep environmental context",Dramatic mood lighting,scene product lock via typography / subtle mid-ground research material; no extreme close-up packshot,,V-AOD-001,AOD-9604,https://www.palmbeach-vitality.store/products/aod-9604,"LANDSCAPE SCENE (16:9) for workflow vid_gen_landscape_scenes. Source visual+motion: A slim silver-capped peptide bottle resting in a nest of fresh eucalyptus leaves, with a soft energy field of particles forming a protective sphere around it. Reflections and refractions in the glass create secondary visual interest. Vibe: Dramatic. Theme: Energy & Cellular Power. Product lock: AOD-9604 (V-AOD-001). Form: research catalog material. Camera: 16:9 landscape cinematic framing, deep environmental context. Keep product as part of a full environmental scene — not an isolated void packshot. SIGNAGE RULE: premium clean research lab only. No safety placards, no industrial alert graphics, no trefoil icons, no striped floor tape, no danger banners. Do not print alert words on walls, floors, labels, or posters. Only neutral room names and product typography.",Captions MUST be only about AOD-9604 (V-AOD-001) and https://www.palmbeach-vitality.store/products/aod-9604.,Active,78,,78,Dramatic,Energy & Cellular Power
LI-079,vid_gen_landscape_scenes,16:9,vial_10ml_scene,LI-079 — Longevity & Anti-Aging — Tesamorelin,A crystal-clear recovery vial on a piece of weathered driftwood with ocean spray misting past,"16:9 landscape cinematic framing, deep environmental context",Funny mood lighting,"10mL sterile injectable-style glass vial of Tesamorelin with rubber stopper + aluminum crimp seal (NEVER black twist/screw cap); mid-ground in scene, not extreme macro","10mL sterile injectable-style glass vial with rubber stopper and aluminum crimp seal (NOT screw-cap, NOT black twist cap)",V-TES-001,Tesamorelin,https://www.palmbeach-vitality.store/products/tesamorelin,"LANDSCAPE SCENE (16:9) for workflow vid_gen_landscape_scenes. Source visual+motion: A crystal-clear recovery vial on a piece of weathered driftwood with ocean spray misting past, with the bottle standing firm as a small wave repeatedly tries and fails to knock it over. Subtle particle systems (dust, pollen, mist) interact gracefully with the vial. Vibe: Funny. Theme: Longevity & Anti-Aging. Product lock: Tesamorelin (V-TES-001). Form: 10mL sterile injectable-style glass vial with rubber stopper and aluminum crimp seal (NOT screw-cap, NOT black twist cap). Camera: 16:9 landscape cinematic framing, deep environmental context. Keep product as part of a full environmental scene — not an isolated void packshot. VIAL SPEC: 10mL sterile injectable-style clear glass vial, rubber stopper + aluminum crimp seal only. FORBIDDEN: black twist caps, screw caps, dropper bottles. SIGNAGE RULE: premium clean research lab only. No safety placards, no industrial alert graphics, no trefoil icons, no striped floor tape, no danger banners. Do not print alert words on walls, floors, labels, or posters. Only neutral room names and product typography.",Captions MUST be only about Tesamorelin (V-TES-001) and https://www.palmbeach-vitality.store/products/tesamorelin.,Active,79,,79,Funny,Longevity & Anti-Aging
LI-080,vid_gen_landscape_scenes,16:9,vial_10ml_scene,LI-080 — Energy & Cellular Power — BPC-157,A frosted glass bottle of cellular support on a circular platform of polished copper that warms with a soft glow,"16:9 landscape cinematic framing, deep environmental context",Cool mood lighting,"10mL sterile injectable-style glass vial of BPC-157 with rubber stopper + aluminum crimp seal (NEVER black twist/screw cap); mid-ground in scene, not extreme macro","10mL sterile injectable-style glass vial with rubber stopper and aluminum crimp seal (NOT screw-cap, NOT black twist cap)",V-BPC-001,BPC-157,https://www.palmbeach-vitality.store/products/bpc-157,"LANDSCAPE SCENE (16:9) for workflow vid_gen_landscape_scenes. Source visual+motion: A frosted glass bottle of cellular support on a circular platform of polished copper that warms with a soft glow, with a soft energy field of particles forming a protective sphere around it. Subtle particle systems (dust, pollen, mist) interact gracefully with the vial. Vibe: Cool. Theme: Energy & Cellular Power. Product lock: BPC-157 (V-BPC-001). Form: 10mL sterile injectable-style glass vial with rubber stopper and aluminum crimp seal (NOT screw-cap, NOT black twist cap). Camera: 16:9 landscape cinematic framing, deep environmental context. Keep product as part of a full environmental scene — not an isolated void packshot. VIAL SPEC: 10mL sterile injectable-style clear glass vial, rubber stopper + aluminum crimp seal only. FORBIDDEN: black twist caps, screw caps, dropper bottles. SIGNAGE RULE: premium clean research lab only. No safety placards, no industrial alert graphics, no trefoil icons, no striped floor tape, no danger banners. Do not print alert words on walls, floors, labels, or posters. Only neutral room names and product typography.",Captions MUST be only about BPC-157 (V-BPC-001) and https://www.palmbeach-vitality.store/products/bpc-157.,Active,80,,80,Cool,Energy & Cellular Power
LI-081,vid_gen_landscape_scenes,16:9,lab_scene,LI-081 — Focus & Clarity — Melanotan 2,A frosted glass bottle of cellular support against a background that shifts from deep ocean blue to electric violet,"16:9 landscape cinematic framing, deep environmental context",Funny mood lighting,scene product lock via typography / subtle mid-ground research material; no extreme close-up packshot,,V-MT2-001,Melanotan 2,https://www.palmbeach-vitality.store/products/melonotan,"LANDSCAPE SCENE (16:9) for workflow vid_gen_landscape_scenes. Source visual+motion: A frosted glass bottle of cellular support against a background that shifts from deep ocean blue to electric violet, as the liquid inside becomes visibly thinner and more fluid in motion. The environment feels charged, as if responding to the product's presence. Vibe: Funny. Theme: Focus & Clarity. Product lock: Melanotan 2 (V-MT2-001). Form: research catalog material. Camera: 16:9 landscape cinematic framing, deep environmental context. Keep product as part of a full environmental scene — not an isolated void packshot. SIGNAGE RULE: premium clean research lab only. No safety placards, no industrial alert graphics, no trefoil icons, no striped floor tape, no danger banners. Do not print alert words on walls, floors, labels, or posters. Only neutral room names and product typography.",Captions MUST be only about Melanotan 2 (V-MT2-001) and https://www.palmbeach-vitality.store/products/melonotan.,Active,81,,81,Funny,Focus & Clarity
LI-082,vid_gen_landscape_scenes,16:9,pen_3ml_scene,LI-082 — Nature Regeneration — Tesamorelin,A minimalist wellness bottle on a cracked dry leaf that unfurls and turns lush green beside it,"16:9 landscape cinematic framing, deep environmental context",Fun mood lighting,"3mL research dosage pen of Tesamorelin as mid-ground hero in the scene (not extreme macro; no injection act, no people)",3mL pre-filled research dosage pen,P-TES-001,Tesamorelin,https://www.palmbeach-vitality.store/products/tesamorelin-30mg-pen,"LANDSCAPE SCENE (16:9) for workflow vid_gen_landscape_scenes. Source visual+motion: A minimalist wellness bottle on a cracked dry leaf that unfurls and turns lush green beside it, with its label slowly peeling back just enough to hint at a second layer underneath. Time-lapse growth and repair happens in the periphery only. Vibe: Fun. Theme: Nature Regeneration. Product lock: Tesamorelin (P-TES-001). Form: 3mL pre-filled research dosage pen. Camera: 16:9 landscape cinematic framing, deep environmental context. Keep product as part of a full environmental scene — not an isolated void packshot. PEN SPEC: 3mL pre-filled research dosage pen. No injection act, no people, no needles in use. SIGNAGE RULE: premium clean research lab only. No safety placards, no industrial alert graphics, no trefoil icons, no striped floor tape, no danger banners. Do not print alert words on walls, floors, labels, or posters. Only neutral room names and product typography.",Captions MUST be only about Tesamorelin (P-TES-001) and https://www.palmbeach-vitality.store/products/tesamorelin-30mg-pen.,Active,82,,82,Fun,Nature Regeneration
LI-083,vid_gen_landscape_scenes,16:9,pen_3ml_scene,LI-083 — Beach & Ocean — Tesamorelin/Ipamorelin,A matte-black peptide pen half-buried in fine sand until a soft breeze fully reveals it,"16:9 landscape cinematic framing, deep environmental context",Funny mood lighting,"3mL research dosage pen of Tesamorelin/Ipamorelin as mid-ground hero in the scene (not extreme macro; no injection act, no people)",3mL pre-filled research dosage pen,P-TEI-001,Tesamorelin/Ipamorelin,https://www.palmbeach-vitality.store/products/tesamorelin-ipamorelin-pen,"LANDSCAPE SCENE (16:9) for workflow vid_gen_landscape_scenes. Source visual+motion: A matte-black peptide pen half-buried in fine sand until a soft breeze fully reveals it, as a single red drop forms and slowly shapes itself into a heart before falling. Deep contrast between the sharp product and soft, dreamy background. Vibe: Funny. Theme: Beach & Ocean. Product lock: Tesamorelin/Ipamorelin (P-TEI-001). Form: 3mL pre-filled research dosage pen. Camera: 16:9 landscape cinematic framing, deep environmental context. Keep product as part of a full environmental scene — not an isolated void packshot. PEN SPEC: 3mL pre-filled research dosage pen. No injection act, no people, no needles in use. SIGNAGE RULE: premium clean research lab only. No safety placards, no industrial alert graphics, no trefoil icons, no striped floor tape, no danger banners. Do not print alert words on walls, floors, labels, or posters. Only neutral room names and product typography.",Captions MUST be only about Tesamorelin/Ipamorelin (P-TEI-001) and https://www.palmbeach-vitality.store/products/tesamorelin-ipamorelin-pen.,Active,83,,83,Funny,Beach & Ocean
LI-084,vid_gen_landscape_scenes,16:9,vial_10ml_scene,LI-084 — Energy & Cellular Power — BPC-157 / TB-500,A sleek glass peptide vial floating in pure black void while golden particles slowly orbit,"16:9 landscape cinematic framing, deep environmental context",Dramatic mood lighting,"10mL sterile injectable-style glass vial of BPC-157 / TB-500 with rubber stopper + aluminum crimp seal (NEVER black twist/screw cap); mid-ground in scene, not extreme macro","10mL sterile injectable-style glass vial with rubber stopper and aluminum crimp seal (NOT screw-cap, NOT black twist cap)",V-WOL-001,BPC-157 / TB-500,https://www.palmbeach-vitality.store/products/wolverine-stack,"LANDSCAPE SCENE (16:9) for workflow vid_gen_landscape_scenes. Source visual+motion: A sleek glass peptide vial floating in pure black void while golden particles slowly orbit, as a single red drop forms and slowly shapes itself into a heart before falling. Deep contrast between the sharp product and soft, dreamy background. Vibe: Dramatic. Theme: Energy & Cellular Power. Product lock: BPC-157 / TB-500 (V-WOL-001). Form: 10mL sterile injectable-style glass vial with rubber stopper and aluminum crimp seal (NOT screw-cap, NOT black twist cap). Camera: 16:9 landscape cinematic framing, deep environmental context. Keep product as part of a full environmental scene — not an isolated void packshot. VIAL SPEC: 10mL sterile injectable-style clear glass vial, rubber stopper + aluminum crimp seal only. FORBIDDEN: black twist caps, screw caps, dropper bottles. SIGNAGE RULE: premium clean research lab only. No safety placards, no industrial alert graphics, no trefoil icons, no striped floor tape, no danger banners. Do not print alert words on walls, floors, labels, or posters. Only neutral room names and product typography.",Captions MUST be only about BPC-157 / TB-500 (V-WOL-001) and https://www.palmbeach-vitality.store/products/wolverine-stack.,Active,84,,84,Dramatic,Energy & Cellular Power
LI-085,vid_gen_landscape_scenes,16:9,vial_10ml_scene,LI-085 — Nature Regeneration — Cagrilinitide,A sleek glass peptide vial next to a torn leaf that stitches itself back together fiber by fiber,"16:9 landscape cinematic framing, deep environmental context",Fun mood lighting,"10mL sterile injectable-style glass vial of Cagrilinitide with rubber stopper + aluminum crimp seal (NEVER black twist/screw cap); mid-ground in scene, not extreme macro","10mL sterile injectable-style glass vial with rubber stopper and aluminum crimp seal (NOT screw-cap, NOT black twist cap)",V-CAG-001,Cagrilinitide,https://www.palmbeach-vitality.store/products/cargrilinitide,"LANDSCAPE SCENE (16:9) for workflow vid_gen_landscape_scenes. Source visual+motion: A sleek glass peptide vial next to a torn leaf that stitches itself back together fiber by fiber, while the background subtly accelerates in time-lapse around the still product. Deep contrast between the sharp product and soft, dreamy background. Vibe: Fun. Theme: Nature Regeneration. Product lock: Cagrilinitide (V-CAG-001). Form: 10mL sterile injectable-style glass vial with rubber stopper and aluminum crimp seal (NOT screw-cap, NOT black twist cap). Camera: 16:9 landscape cinematic framing, deep environmental context. Keep product as part of a full environmental scene — not an isolated void packshot. VIAL SPEC: 10mL sterile injectable-style clear glass vial, rubber stopper + aluminum crimp seal only. FORBIDDEN: black twist caps, screw caps, dropper bottles. SIGNAGE RULE: premium clean research lab only. No safety placards, no industrial alert graphics, no trefoil icons, no striped floor tape, no danger banners. Do not print alert words on walls, floors, labels, or posters. Only neutral room names and product typography.",Captions MUST be only about Cagrilinitide (V-CAG-001) and https://www.palmbeach-vitality.store/products/cargrilinitide.,Active,85,,85,Fun,Nature Regeneration
LI-086,vid_gen_landscape_scenes,16:9,vial_10ml_scene,LI-086 — Energy & Cellular Power — CJC (no DAC),A pure white ceramic-capped vial on a scale platform that tips slightly toward the lighter side,"16:9 landscape cinematic framing, deep environmental context",Dramatic mood lighting,"10mL sterile injectable-style glass vial of CJC (no DAC) with rubber stopper + aluminum crimp seal (NEVER black twist/screw cap); mid-ground in scene, not extreme macro","10mL sterile injectable-style glass vial with rubber stopper and aluminum crimp seal (NOT screw-cap, NOT black twist cap)",V-CJC-001,CJC (no DAC),https://www.palmbeach-vitality.store/products/cjc,"LANDSCAPE SCENE (16:9) for workflow vid_gen_landscape_scenes. Source visual+motion: A pure white ceramic-capped vial on a scale platform that tips slightly toward the lighter side, as surrounding particles are drawn inward like gravity. Subtle particle systems (dust, pollen, mist) interact gracefully with the vial. Vibe: Dramatic. Theme: Energy & Cellular Power. Product lock: CJC (no DAC) (V-CJC-001). Form: 10mL sterile injectable-style glass vial with rubber stopper and aluminum crimp seal (NOT screw-cap, NOT black twist cap). Camera: 16:9 landscape cinematic framing, deep environmental context. Keep product as part of a full environmental scene — not an isolated void packshot. VIAL SPEC: 10mL sterile injectable-style clear glass vial, rubber stopper + aluminum crimp seal only. FORBIDDEN: black twist caps, screw caps, dropper bottles. SIGNAGE RULE: premium clean research lab only. No safety placards, no industrial alert graphics, no trefoil icons, no striped floor tape, no danger banners. Do not print alert words on walls, floors, labels, or posters. Only neutral room names and product typography.",Captions MUST be only about CJC (no DAC) (V-CJC-001) and https://www.palmbeach-vitality.store/products/cjc.,Active,86,,86,Dramatic,Energy & Cellular Power
LI-087,vid_gen_landscape_scenes,16:9,vial_10ml_scene,LI-087 — Stacks & Synergy — CJC (no DAC)/Ipamorelin,A sleek glass peptide vial next to a fading photograph that regains color and sharpness,"16:9 landscape cinematic framing, deep environmental context",Funny mood lighting,"10mL sterile injectable-style glass vial of CJC (no DAC)/Ipamorelin with rubber stopper + aluminum crimp seal (NEVER black twist/screw cap); mid-ground in scene, not extreme macro","10mL sterile injectable-style glass vial with rubber stopper and aluminum crimp seal (NOT screw-cap, NOT black twist cap)",V-CII-001,CJC (no DAC)/Ipamorelin,https://www.palmbeach-vitality.store/products/cjc-ipamorelin,"LANDSCAPE SCENE (16:9) for workflow vid_gen_landscape_scenes. Source visual+motion: A sleek glass peptide vial next to a fading photograph that regains color and sharpness, with two identical vials in a perfect staring contest, zero movement. Deep contrast between the sharp product and soft, dreamy background. Vibe: Funny. Theme: Stacks & Synergy. Product lock: CJC (no DAC)/Ipamorelin (V-CII-001). Form: 10mL sterile injectable-style glass vial with rubber stopper and aluminum crimp seal (NOT screw-cap, NOT black twist cap). Camera: 16:9 landscape cinematic framing, deep environmental context. Keep product as part of a full environmental scene — not an isolated void packshot. VIAL SPEC: 10mL sterile injectable-style clear glass vial, rubber stopper + aluminum crimp seal only. FORBIDDEN: black twist caps, screw caps, dropper bottles. SIGNAGE RULE: premium clean research lab only. No safety placards, no industrial alert graphics, no trefoil icons, no striped floor tape, no danger banners. Do not print alert words on walls, floors, labels, or posters. Only neutral room names and product typography.",Captions MUST be only about CJC (no DAC)/Ipamorelin (V-CII-001) and https://www.palmbeach-vitality.store/products/cjc-ipamorelin.,Active,87,,87,Funny,Stacks & Synergy
LI-088,vid_gen_landscape_scenes,16:9,vial_10ml_scene,LI-088 — Fat Loss & Metabolism — GHK-Cu,A high-clarity research-grade vial on a mountaintop rock with distant clouds drifting past,"16:9 landscape cinematic framing, deep environmental context",Cool mood lighting,"10mL sterile injectable-style glass vial of GHK-Cu with rubber stopper + aluminum crimp seal (NEVER black twist/screw cap); mid-ground in scene, not extreme macro","10mL sterile injectable-style glass vial with rubber stopper and aluminum crimp seal (NOT screw-cap, NOT black twist cap)",V-GHK-001,GHK-Cu,https://www.palmbeach-vitality.store/products/ghk-cu,"LANDSCAPE SCENE (16:9) for workflow vid_gen_landscape_scenes. Source visual+motion: A high-clarity research-grade vial on a mountaintop rock with distant clouds drifting past, gently floating upward a few centimeters then settling back down. Deep contrast between the sharp product and soft, dreamy background. Vibe: Cool. Theme: Fat Loss & Metabolism. Product lock: GHK-Cu (V-GHK-001). Form: 10mL sterile injectable-style glass vial with rubber stopper and aluminum crimp seal (NOT screw-cap, NOT black twist cap). Camera: 16:9 landscape cinematic framing, deep environmental context. Keep product as part of a full environmental scene — not an isolated void packshot. VIAL SPEC: 10mL sterile injectable-style clear glass vial, rubber stopper + aluminum crimp seal only. FORBIDDEN: black twist caps, screw caps, dropper bottles. SIGNAGE RULE: premium clean research lab only. No safety placards, no industrial alert graphics, no trefoil icons, no striped floor tape, no danger banners. Do not print alert words on walls, floors, labels, or posters. Only neutral room names and product typography.",Captions MUST be only about GHK-Cu (V-GHK-001) and https://www.palmbeach-vitality.store/products/ghk-cu.,Active,88,,88,Cool,Fat Loss & Metabolism
LI-089,vid_gen_landscape_scenes,16:9,vial_10ml_scene,LI-089 — Nature Regeneration — BPC-157 / TB-500 / GHK-Cu,A glowing amber wellness vial on a cracked dry leaf that unfurls and turns lush green beside it,"16:9 landscape cinematic framing, deep environmental context",Cool mood lighting,"10mL sterile injectable-style glass vial of BPC-157 / TB-500 / GHK-Cu with rubber stopper + aluminum crimp seal (NEVER black twist/screw cap); mid-ground in scene, not extreme macro","10mL sterile injectable-style glass vial with rubber stopper and aluminum crimp seal (NOT screw-cap, NOT black twist cap)",V-GLO-001,BPC-157 / TB-500 / GHK-Cu,https://www.palmbeach-vitality.store/products/glow,"LANDSCAPE SCENE (16:9) for workflow vid_gen_landscape_scenes. Source visual+motion: A glowing amber wellness vial on a cracked dry leaf that unfurls and turns lush green beside it, as one central vial remains still while others orbit it in slow motion. A gentle breeze moves surrounding elements without disturbing the product. Vibe: Cool. Theme: Nature Regeneration. Product lock: BPC-157 / TB-500 / GHK-Cu (V-GLO-001). Form: 10mL sterile injectable-style glass vial with rubber stopper and aluminum crimp seal (NOT screw-cap, NOT black twist cap). Camera: 16:9 landscape cinematic framing, deep environmental context. Keep product as part of a full environmental scene — not an isolated void packshot. VIAL SPEC: 10mL sterile injectable-style clear glass vial, rubber stopper + aluminum crimp seal only. FORBIDDEN: black twist caps, screw caps, dropper bottles. SIGNAGE RULE: premium clean research lab only. No safety placards, no industrial alert graphics, no trefoil icons, no striped floor tape, no danger banners. Do not print alert words on walls, floors, labels, or posters. Only neutral room names and product typography.",Captions MUST be only about BPC-157 / TB-500 / GHK-Cu (V-GLO-001) and https://www.palmbeach-vitality.store/products/glow.,Active,89,,89,Cool,Nature Regeneration
LI-090,vid_gen_landscape_scenes,16:9,vial_10ml_scene,LI-090 — Abstract Cellular — Thymosin Alpha-1,A glowing amber wellness vial beside a deflated balloon that slowly reinflates to full shape,"16:9 landscape cinematic framing, deep environmental context",Fun mood lighting,"10mL sterile injectable-style glass vial of Thymosin Alpha-1 with rubber stopper + aluminum crimp seal (NEVER black twist/screw cap); mid-ground in scene, not extreme macro","10mL sterile injectable-style glass vial with rubber stopper and aluminum crimp seal (NOT screw-cap, NOT black twist cap)",V-TA1-001,Thymosin Alpha-1,https://www.palmbeach-vitality.store/products/ta-1,"LANDSCAPE SCENE (16:9) for workflow vid_gen_landscape_scenes. Source visual+motion: A glowing amber wellness vial beside a deflated balloon that slowly reinflates to full shape, while a soft pulse of light travels from bottom to top like a heartbeat. Subtle particle systems (dust, pollen, mist) interact gracefully with the vial. Vibe: Fun. Theme: Abstract Cellular. Product lock: Thymosin Alpha-1 (V-TA1-001). Form: 10mL sterile injectable-style glass vial with rubber stopper and aluminum crimp seal (NOT screw-cap, NOT black twist cap). Camera: 16:9 landscape cinematic framing, deep environmental context. Keep product as part of a full environmental scene — not an isolated void packshot. VIAL SPEC: 10mL sterile injectable-style clear glass vial, rubber stopper + aluminum crimp seal only. FORBIDDEN: black twist caps, screw caps, dropper bottles. SIGNAGE RULE: premium clean research lab only. No safety placards, no industrial alert graphics, no trefoil icons, no striped floor tape, no danger banners. Do not print alert words on walls, floors, labels, or posters. Only neutral room names and product typography.",Captions MUST be only about Thymosin Alpha-1 (V-TA1-001) and https://www.palmbeach-vitality.store/products/ta-1.,Active,90,,90,Fun,Abstract Cellular
LI-091,vid_gen_landscape_scenes,16:9,lab_scene,LI-091 — Stacks & Synergy — Retatrutide,A frosted glass bottle of cellular support amidst floating dandelion seeds that orbit then settle,"16:9 landscape cinematic framing, deep environmental context",Cool mood lighting,scene product lock via typography / subtle mid-ground research material; no extreme close-up packshot,,V-RET-001,Retatrutide,https://www.palmbeach-vitality.store/products/retatrutide,"LANDSCAPE SCENE (16:9) for workflow vid_gen_landscape_scenes. Source visual+motion: A frosted glass bottle of cellular support amidst floating dandelion seeds that orbit then settle, as a single red drop forms and slowly shapes itself into a heart before falling. Extreme slow-motion emphasizes every micro-movement of liquid and light. Vibe: Cool. Theme: Stacks & Synergy. Product lock: Retatrutide (V-RET-001). Form: research catalog material. Camera: 16:9 landscape cinematic framing, deep environmental context. Keep product as part of a full environmental scene — not an isolated void packshot. SIGNAGE RULE: premium clean research lab only. No safety placards, no industrial alert graphics, no trefoil icons, no striped floor tape, no danger banners. Do not print alert words on walls, floors, labels, or posters. Only neutral room names and product typography.",Captions MUST be only about Retatrutide (V-RET-001) and https://www.palmbeach-vitality.store/products/retatrutide.,Active,91,,91,Cool,Stacks & Synergy
LI-092,vid_gen_landscape_scenes,16:9,vial_10ml_scene,LI-092 — Longevity & Anti-Aging — AOD-9604,A sleek glass peptide vial on a piece of weathered driftwood with ocean spray misting past,"16:9 landscape cinematic framing, deep environmental context",Funny mood lighting,"10mL sterile injectable-style glass vial of AOD-9604 with rubber stopper + aluminum crimp seal (NEVER black twist/screw cap); mid-ground in scene, not extreme macro","10mL sterile injectable-style glass vial with rubber stopper and aluminum crimp seal (NOT screw-cap, NOT black twist cap)",V-AOD-001,AOD-9604,https://www.palmbeach-vitality.store/products/aod-9604,"LANDSCAPE SCENE (16:9) for workflow vid_gen_landscape_scenes. Source visual+motion: A sleek glass peptide vial on a piece of weathered driftwood with ocean spray misting past, while the glass surface briefly shows flowing molecular structures then clears. Golden hour light slides across the surface creating long lens flares. Vibe: Funny. Theme: Longevity & Anti-Aging. Product lock: AOD-9604 (V-AOD-001). Form: 10mL sterile injectable-style glass vial with rubber stopper and aluminum crimp seal (NOT screw-cap, NOT black twist cap). Camera: 16:9 landscape cinematic framing, deep environmental context. Keep product as part of a full environmental scene — not an isolated void packshot. VIAL SPEC: 10mL sterile injectable-style clear glass vial, rubber stopper + aluminum crimp seal only. FORBIDDEN: black twist caps, screw caps, dropper bottles. SIGNAGE RULE: premium clean research lab only. No safety placards, no industrial alert graphics, no trefoil icons, no striped floor tape, no danger banners. Do not print alert words on walls, floors, labels, or posters. Only neutral room names and product typography.",Captions MUST be only about AOD-9604 (V-AOD-001) and https://www.palmbeach-vitality.store/products/aod-9604.,Active,92,,92,Funny,Longevity & Anti-Aging
LI-093,vid_gen_landscape_scenes,16:9,vial_10ml_scene,LI-093 — Recovery & Healing — Melanotan 2,A sleek glass peptide vial amidst floating dandelion seeds that orbit then settle,"16:9 landscape cinematic framing, deep environmental context",Dramatic mood lighting,"10mL sterile injectable-style glass vial of Melanotan 2 with rubber stopper + aluminum crimp seal (NEVER black twist/screw cap); mid-ground in scene, not extreme macro","10mL sterile injectable-style glass vial with rubber stopper and aluminum crimp seal (NOT screw-cap, NOT black twist cap)",V-MT2-001,Melanotan 2,https://www.palmbeach-vitality.store/products/melonotan,"LANDSCAPE SCENE (16:9) for workflow vid_gen_landscape_scenes. Source visual+motion: A sleek glass peptide vial amidst floating dandelion seeds that orbit then settle, gently floating upward a few centimeters then settling back down. Time-lapse growth and repair happens in the periphery only. Vibe: Dramatic. Theme: Recovery & Healing. Product lock: Melanotan 2 (V-MT2-001). Form: 10mL sterile injectable-style glass vial with rubber stopper and aluminum crimp seal (NOT screw-cap, NOT black twist cap). Camera: 16:9 landscape cinematic framing, deep environmental context. Keep product as part of a full environmental scene — not an isolated void packshot. VIAL SPEC: 10mL sterile injectable-style clear glass vial, rubber stopper + aluminum crimp seal only. FORBIDDEN: black twist caps, screw caps, dropper bottles. SIGNAGE RULE: premium clean research lab only. No safety placards, no industrial alert graphics, no trefoil icons, no striped floor tape, no danger banners. Do not print alert words on walls, floors, labels, or posters. Only neutral room names and product typography.",Captions MUST be only about Melanotan 2 (V-MT2-001) and https://www.palmbeach-vitality.store/products/melonotan.,Active,93,,93,Dramatic,Recovery & Healing
LI-094,vid_gen_landscape_scenes,16:9,vial_10ml_scene,LI-094 — Nature Regeneration — Retatrutide,A high-clarity research-grade vial beside a wilting fern that visibly brightens and lifts,"16:9 landscape cinematic framing, deep environmental context",Fun mood lighting,"10mL sterile injectable-style glass vial of Retatrutide with rubber stopper + aluminum crimp seal (NEVER black twist/screw cap); mid-ground in scene, not extreme macro","10mL sterile injectable-style glass vial with rubber stopper and aluminum crimp seal (NOT screw-cap, NOT black twist cap)",V-RET-001,Retatrutide,https://www.palmbeach-vitality.store/products/retatrutide,"LANDSCAPE SCENE (16:9) for workflow vid_gen_landscape_scenes. Source visual+motion: A high-clarity research-grade vial beside a wilting fern that visibly brightens and lifts, with the entire bottle briefly becoming translucent then solid again. A gentle breeze moves surrounding elements without disturbing the product. Vibe: Fun. Theme: Nature Regeneration. Product lock: Retatrutide (V-RET-001). Form: 10mL sterile injectable-style glass vial with rubber stopper and aluminum crimp seal (NOT screw-cap, NOT black twist cap). Camera: 16:9 landscape cinematic framing, deep environmental context. Keep product as part of a full environmental scene — not an isolated void packshot. VIAL SPEC: 10mL sterile injectable-style clear glass vial, rubber stopper + aluminum crimp seal only. FORBIDDEN: black twist caps, screw caps, dropper bottles. SIGNAGE RULE: premium clean research lab only. No safety placards, no industrial alert graphics, no trefoil icons, no striped floor tape, no danger banners. Do not print alert words on walls, floors, labels, or posters. Only neutral room names and product typography.",Captions MUST be only about Retatrutide (V-RET-001) and https://www.palmbeach-vitality.store/products/retatrutide.,Active,94,,94,Fun,Nature Regeneration
LI-095,vid_gen_landscape_scenes,16:9,vial_10ml_scene,LI-095 — Abstract Cellular — Tirzepatide,A high-clarity research-grade vial floating in pure black void while golden particles slowly orbit,"16:9 landscape cinematic framing, deep environmental context",Cool mood lighting,"10mL sterile injectable-style glass vial of Tirzepatide with rubber stopper + aluminum crimp seal (NEVER black twist/screw cap); mid-ground in scene, not extreme macro","10mL sterile injectable-style glass vial with rubber stopper and aluminum crimp seal (NOT screw-cap, NOT black twist cap)",V-TIR-001,Tirzepatide,https://www.palmbeach-vitality.store/products/tirzepatide,"LANDSCAPE SCENE (16:9) for workflow vid_gen_landscape_scenes. Source visual+motion: A high-clarity research-grade vial floating in pure black void while golden particles slowly orbit, as one central vial remains still while others orbit it in slow motion. Extreme slow-motion emphasizes every micro-movement of liquid and light. Vibe: Cool. Theme: Abstract Cellular. Product lock: Tirzepatide (V-TIR-001). Form: 10mL sterile injectable-style glass vial with rubber stopper and aluminum crimp seal (NOT screw-cap, NOT black twist cap). Camera: 16:9 landscape cinematic framing, deep environmental context. Keep product as part of a full environmental scene — not an isolated void packshot. VIAL SPEC: 10mL sterile injectable-style clear glass vial, rubber stopper + aluminum crimp seal only. FORBIDDEN: black twist caps, screw caps, dropper bottles. SIGNAGE RULE: premium clean research lab only. No safety placards, no industrial alert graphics, no trefoil icons, no striped floor tape, no danger banners. Do not print alert words on walls, floors, labels, or posters. Only neutral room names and product typography.",Captions MUST be only about Tirzepatide (V-TIR-001) and https://www.palmbeach-vitality.store/products/tirzepatide.,Active,95,,95,Cool,Abstract Cellular
LI-096,vid_gen_landscape_scenes,16:9,lab_scene,LI-096 — Nature Regeneration — Tirzepatide,A frosted glass bottle of cellular support nestled among vibrant green moss that densifies in time-lapse,"16:9 landscape cinematic framing, deep environmental context",Funny mood lighting,scene product lock via typography / subtle mid-ground research material; no extreme close-up packshot,,V-TIR-001,Tirzepatide,https://www.palmbeach-vitality.store/products/tirzepatide,"LANDSCAPE SCENE (16:9) for workflow vid_gen_landscape_scenes. Source visual+motion: A frosted glass bottle of cellular support nestled among vibrant green moss that densifies in time-lapse, while surrounding water freezes in elegant crystals then melts cleanly. Golden hour light slides across the surface creating long lens flares. Vibe: Funny. Theme: Nature Regeneration. Product lock: Tirzepatide (V-TIR-001). Form: research catalog material. Camera: 16:9 landscape cinematic framing, deep environmental context. Keep product as part of a full environmental scene — not an isolated void packshot. SIGNAGE RULE: premium clean research lab only. No safety placards, no industrial alert graphics, no trefoil icons, no striped floor tape, no danger banners. Do not print alert words on walls, floors, labels, or posters. Only neutral room names and product typography.",Captions MUST be only about Tirzepatide (V-TIR-001) and https://www.palmbeach-vitality.store/products/tirzepatide.,Active,96,,96,Funny,Nature Regeneration
LI-097,vid_gen_landscape_scenes,16:9,vial_10ml_scene,LI-097 — Fat Loss & Metabolism — Semaglutide,A glowing amber wellness vial on a dark surface while a dim light bulb suddenly reaches full brightness,"16:9 landscape cinematic framing, deep environmental context",Dramatic mood lighting,"10mL sterile injectable-style glass vial of Semaglutide with rubber stopper + aluminum crimp seal (NEVER black twist/screw cap); mid-ground in scene, not extreme macro","10mL sterile injectable-style glass vial with rubber stopper and aluminum crimp seal (NOT screw-cap, NOT black twist cap)",V-SEM-001,Semaglutide,https://www.palmbeach-vitality.store/products/semaglutide,"LANDSCAPE SCENE (16:9) for workflow vid_gen_landscape_scenes. Source visual+motion: A glowing amber wellness vial on a dark surface while a dim light bulb suddenly reaches full brightness, with dew drops assembling themselves into geometric patterns on the glass. Soft volumetric god-rays cut through the scene. Vibe: Dramatic. Theme: Fat Loss & Metabolism. Product lock: Semaglutide (V-SEM-001). Form: 10mL sterile injectable-style glass vial with rubber stopper and aluminum crimp seal (NOT screw-cap, NOT black twist cap). Camera: 16:9 landscape cinematic framing, deep environmental context. Keep product as part of a full environmental scene — not an isolated void packshot. VIAL SPEC: 10mL sterile injectable-style clear glass vial, rubber stopper + aluminum crimp seal only. FORBIDDEN: black twist caps, screw caps, dropper bottles. SIGNAGE RULE: premium clean research lab only. No safety placards, no industrial alert graphics, no trefoil icons, no striped floor tape, no danger banners. Do not print alert words on walls, floors, labels, or posters. Only neutral room names and product typography.",Captions MUST be only about Semaglutide (V-SEM-001) and https://www.palmbeach-vitality.store/products/semaglutide.,Active,97,,97,Dramatic,Fat Loss & Metabolism
LI-098,vid_gen_landscape_scenes,16:9,lab_scene,LI-098 — Abstract Cellular — Semaglutide,A frosted glass bottle of cellular support on a bed of white salt crystals that slowly rearrange,"16:9 landscape cinematic framing, deep environmental context",Fun mood lighting,scene product lock via typography / subtle mid-ground research material; no extreme close-up packshot,,V-SEM-001,Semaglutide,https://www.palmbeach-vitality.store/products/semaglutide,"LANDSCAPE SCENE (16:9) for workflow vid_gen_landscape_scenes. Source visual+motion: A frosted glass bottle of cellular support on a bed of white salt crystals that slowly rearrange, as the product seems to age backward — surface becomes cleaner and brighter. Soft volumetric god-rays cut through the scene. Vibe: Fun. Theme: Abstract Cellular. Product lock: Semaglutide (V-SEM-001). Form: research catalog material. Camera: 16:9 landscape cinematic framing, deep environmental context. Keep product as part of a full environmental scene — not an isolated void packshot. SIGNAGE RULE: premium clean research lab only. No safety placards, no industrial alert graphics, no trefoil icons, no striped floor tape, no danger banners. Do not print alert words on walls, floors, labels, or posters. Only neutral room names and product typography.",Captions MUST be only about Semaglutide (V-SEM-001) and https://www.palmbeach-vitality.store/products/semaglutide.,Active,98,,98,Fun,Abstract Cellular
LI-099,vid_gen_landscape_scenes,16:9,vial_10ml_scene,LI-099 — Beach & Ocean — KPV / BPC-157 / TB-500 / GHK-Cu,A precision-dosed peptide vial half-buried in fine sand until a soft breeze fully reveals it,"16:9 landscape cinematic framing, deep environmental context",Cool mood lighting,"10mL sterile injectable-style glass vial of KPV / BPC-157 / TB-500 / GHK-Cu with rubber stopper + aluminum crimp seal (NEVER black twist/screw cap); mid-ground in scene, not extreme macro","10mL sterile injectable-style glass vial with rubber stopper and aluminum crimp seal (NOT screw-cap, NOT black twist cap)",V-KLO-001,KPV / BPC-157 / TB-500 / GHK-Cu,https://www.palmbeach-vitality.store/products/klow-kpv-bpc-157-tb-500-ghk,"LANDSCAPE SCENE (16:9) for workflow vid_gen_landscape_scenes. Source visual+motion: A precision-dosed peptide vial half-buried in fine sand until a soft breeze fully reveals it, as microscopic bubbles form, rise, and vanish in elegant patterns. The environment feels charged, as if responding to the product's presence. Vibe: Cool. Theme: Beach & Ocean. Product lock: KPV / BPC-157 / TB-500 / GHK-Cu (V-KLO-001). Form: 10mL sterile injectable-style glass vial with rubber stopper and aluminum crimp seal (NOT screw-cap, NOT black twist cap). Camera: 16:9 landscape cinematic framing, deep environmental context. Keep product as part of a full environmental scene — not an isolated void packshot. VIAL SPEC: 10mL sterile injectable-style clear glass vial, rubber stopper + aluminum crimp seal only. FORBIDDEN: black twist caps, screw caps, dropper bottles. SIGNAGE RULE: premium clean research lab only. No safety placards, no industrial alert graphics, no trefoil icons, no striped floor tape, no danger banners. Do not print alert words on walls, floors, labels, or posters. Only neutral room names and product typography.",Captions MUST be only about KPV / BPC-157 / TB-500 / GHK-Cu (V-KLO-001) and https://www.palmbeach-vitality.store/products/klow-kpv-bpc-157-tb-500-ghk.,Active,99,,99,Cool,Beach & Ocean
LI-100,vid_gen_landscape_scenes,16:9,vial_10ml_scene,LI-100 — Beach & Ocean — MOTS-C,A minimalist wellness bottle in heavy fog that slowly parts only in a perfect circle around it,"16:9 landscape cinematic framing, deep environmental context",Funny mood lighting,"10mL sterile injectable-style glass vial of MOTS-C with rubber stopper + aluminum crimp seal (NEVER black twist/screw cap); mid-ground in scene, not extreme macro","10mL sterile injectable-style glass vial with rubber stopper and aluminum crimp seal (NOT screw-cap, NOT black twist cap)",V-MOT-001,MOTS-C,https://www.palmbeach-vitality.store/products/mots-c-10mg-5ml-vial,"LANDSCAPE SCENE (16:9) for workflow vid_gen_landscape_scenes. Source visual+motion: A minimalist wellness bottle in heavy fog that slowly parts only in a perfect circle around it, as it 'hides' behind a large leaf that keeps falling away to reveal it again. Subtle particle systems (dust, pollen, mist) interact gracefully with the vial. Vibe: Funny. Theme: Beach & Ocean. Product lock: MOTS-C (V-MOT-001). Form: 10mL sterile injectable-style glass vial with rubber stopper and aluminum crimp seal (NOT screw-cap, NOT black twist cap). Camera: 16:9 landscape cinematic framing, deep environmental context. Keep product as part of a full environmental scene — not an isolated void packshot. VIAL SPEC: 10mL sterile injectable-style clear glass vial, rubber stopper + aluminum crimp seal only. FORBIDDEN: black twist caps, screw caps, dropper bottles. SIGNAGE RULE: premium clean research lab only. No safety placards, no industrial alert graphics, no trefoil icons, no striped floor tape, no danger banners. Do not print alert words on walls, floors, labels, or posters. Only neutral room names and product typography.",Captions MUST be only about MOTS-C (V-MOT-001) and https://www.palmbeach-vitality.store/products/mots-c-10mg-5ml-vial.,Active,100,,100,Funny,Beach & Ocean
LI-101,vid_gen_landscape_scenes,16:9,vial_10ml_scene,LI-101 — Beach & Ocean — NAD+,A pure white ceramic-capped vial on volcanic black sand with distant soft lava glow (stylized),"16:9 landscape cinematic framing, deep environmental context",Fun mood lighting,"10mL sterile injectable-style glass vial of NAD+ with rubber stopper + aluminum crimp seal (NEVER black twist/screw cap); mid-ground in scene, not extreme macro","10mL sterile injectable-style glass vial with rubber stopper and aluminum crimp seal (NOT screw-cap, NOT black twist cap)",V-NAD-001,NAD+,https://www.palmbeach-vitality.store/products/nad-1,"LANDSCAPE SCENE (16:9) for workflow vid_gen_landscape_scenes. Source visual+motion: A pure white ceramic-capped vial on volcanic black sand with distant soft lava glow (stylized), as the liquid inside becomes visibly thinner and more fluid in motion. The scene has a quiet, almost sacred stillness interrupted only by intentional motion. Vibe: Fun. Theme: Beach & Ocean. Product lock: NAD+ (V-NAD-001). Form: 10mL sterile injectable-style glass vial with rubber stopper and aluminum crimp seal (NOT screw-cap, NOT black twist cap). Camera: 16:9 landscape cinematic framing, deep environmental context. Keep product as part of a full environmental scene — not an isolated void packshot. VIAL SPEC: 10mL sterile injectable-style clear glass vial, rubber stopper + aluminum crimp seal only. FORBIDDEN: black twist caps, screw caps, dropper bottles. SIGNAGE RULE: premium clean research lab only. No safety placards, no industrial alert graphics, no trefoil icons, no striped floor tape, no danger banners. Do not print alert words on walls, floors, labels, or posters. Only neutral room names and product typography.",Captions MUST be only about NAD+ (V-NAD-001) and https://www.palmbeach-vitality.store/products/nad-1.,Active,101,,101,Fun,Beach & Ocean
LI-102,vid_gen_landscape_scenes,16:9,vial_10ml_scene,LI-102 — Recovery & Healing — PT-141,A high-clarity research-grade vial beside a melting ice cube that reforms into a perfect clear sphere,"16:9 landscape cinematic framing, deep environmental context",Funny mood lighting,"10mL sterile injectable-style glass vial of PT-141 with rubber stopper + aluminum crimp seal (NEVER black twist/screw cap); mid-ground in scene, not extreme macro","10mL sterile injectable-style glass vial with rubber stopper and aluminum crimp seal (NOT screw-cap, NOT black twist cap)",V-PT1-001,PT-141,https://www.palmbeach-vitality.store/products/pt-141,"LANDSCAPE SCENE (16:9) for workflow vid_gen_landscape_scenes. Source visual+motion: A high-clarity research-grade vial beside a melting ice cube that reforms into a perfect clear sphere, as the bottle appears to 'surf' a wave of foam across a dark surface. Time-lapse growth and repair happens in the periphery only. Vibe: Funny. Theme: Recovery & Healing. Product lock: PT-141 (V-PT1-001). Form: 10mL sterile injectable-style glass vial with rubber stopper and aluminum crimp seal (NOT screw-cap, NOT black twist cap). Camera: 16:9 landscape cinematic framing, deep environmental context. Keep product as part of a full environmental scene — not an isolated void packshot. VIAL SPEC: 10mL sterile injectable-style clear glass vial, rubber stopper + aluminum crimp seal only. FORBIDDEN: black twist caps, screw caps, dropper bottles. SIGNAGE RULE: premium clean research lab only. No safety placards, no industrial alert graphics, no trefoil icons, no striped floor tape, no danger banners. Do not print alert words on walls, floors, labels, or posters. Only neutral room names and product typography.",Captions MUST be only about PT-141 (V-PT1-001) and https://www.palmbeach-vitality.store/products/pt-141.,Active,102,,102,Funny,Recovery & Healing
LI-103,vid_gen_landscape_scenes,16:9,lab_scene,LI-103 — Energy & Cellular Power — KPV / BPC-157 / TB-500 / GHK-Cu,A slim silver-capped peptide bottle on a mirror surface that reflects infinite versions of itself,"16:9 landscape cinematic framing, deep environmental context",Dramatic mood lighting,scene product lock via typography / subtle mid-ground research material; no extreme close-up packshot,,P-KLO-001,KPV / BPC-157 / TB-500 / GHK-Cu,https://www.palmbeach-vitality.store/products/klow-pen,"LANDSCAPE SCENE (16:9) for workflow vid_gen_landscape_scenes. Source visual+motion: A slim silver-capped peptide bottle on a mirror surface that reflects infinite versions of itself, with fine gold leaf or particles adhering then releasing in slow motion. Deep contrast between the sharp product and soft, dreamy background. Vibe: Dramatic. Theme: Energy & Cellular Power. Product lock: KPV / BPC-157 / TB-500 / GHK-Cu (P-KLO-001). Form: research catalog material. Camera: 16:9 landscape cinematic framing, deep environmental context. Keep product as part of a full environmental scene — not an isolated void packshot. SIGNAGE RULE: premium clean research lab only. No safety placards, no industrial alert graphics, no trefoil icons, no striped floor tape, no danger banners. Do not print alert words on walls, floors, labels, or posters. Only neutral room names and product typography.",Captions MUST be only about KPV / BPC-157 / TB-500 / GHK-Cu (P-KLO-001) and https://www.palmbeach-vitality.store/products/klow-pen.,Active,103,,103,Dramatic,Energy & Cellular Power
LI-104,vid_gen_landscape_scenes,16:9,vial_10ml_scene,LI-104 — Abstract Cellular — Selank,A crystal-clear recovery vial on polished black spa stones with steam rising gently,"16:9 landscape cinematic framing, deep environmental context",Funny mood lighting,"10mL sterile injectable-style glass vial of Selank with rubber stopper + aluminum crimp seal (NEVER black twist/screw cap); mid-ground in scene, not extreme macro","10mL sterile injectable-style glass vial with rubber stopper and aluminum crimp seal (NOT screw-cap, NOT black twist cap)",V-SEL-001,Selank,https://www.palmbeach-vitality.store/products/selank,"LANDSCAPE SCENE (16:9) for workflow vid_gen_landscape_scenes. Source visual+motion: A crystal-clear recovery vial on polished black spa stones with steam rising gently, while a soft pulse of light travels from bottom to top like a heartbeat. The environment feels charged, as if responding to the product's presence. Vibe: Funny. Theme: Abstract Cellular. Product lock: Selank (V-SEL-001). Form: 10mL sterile injectable-style glass vial with rubber stopper and aluminum crimp seal (NOT screw-cap, NOT black twist cap). Camera: 16:9 landscape cinematic framing, deep environmental context. Keep product as part of a full environmental scene — not an isolated void packshot. VIAL SPEC: 10mL sterile injectable-style clear glass vial, rubber stopper + aluminum crimp seal only. FORBIDDEN: black twist caps, screw caps, dropper bottles. SIGNAGE RULE: premium clean research lab only. No safety placards, no industrial alert graphics, no trefoil icons, no striped floor tape, no danger banners. Do not print alert words on walls, floors, labels, or posters. Only neutral room names and product typography.",Captions MUST be only about Selank (V-SEL-001) and https://www.palmbeach-vitality.store/products/selank.,Active,104,,104,Funny,Abstract Cellular
LI-105,vid_gen_landscape_scenes,16:9,lab_scene,LI-105 — Focus & Clarity — MOTS-C,A frosted glass bottle of cellular support on a scale platform that tips slightly toward the lighter side,"16:9 landscape cinematic framing, deep environmental context",Cool mood lighting,scene product lock via typography / subtle mid-ground research material; no extreme close-up packshot,,P-MOT-001,MOTS-C,https://www.palmbeach-vitality.store/products/mots-c,"LANDSCAPE SCENE (16:9) for workflow vid_gen_landscape_scenes. Source visual+motion: A frosted glass bottle of cellular support on a scale platform that tips slightly toward the lighter side, as the liquid inside becomes visibly thinner and more fluid in motion. Reflections and refractions in the glass create secondary visual interest. Vibe: Cool. Theme: Focus & Clarity. Product lock: MOTS-C (P-MOT-001). Form: research catalog material. Camera: 16:9 landscape cinematic framing, deep environmental context. Keep product as part of a full environmental scene — not an isolated void packshot. SIGNAGE RULE: premium clean research lab only. No safety placards, no industrial alert graphics, no trefoil icons, no striped floor tape, no danger banners. Do not print alert words on walls, floors, labels, or posters. Only neutral room names and product typography.",Captions MUST be only about MOTS-C (P-MOT-001) and https://www.palmbeach-vitality.store/products/mots-c.,Active,105,,105,Cool,Focus & Clarity
LI-106,vid_gen_landscape_scenes,16:9,pen_3ml_scene,LI-106 — Focus & Clarity — BPC-157,A matte-black peptide pen on a smooth river stone while clear water flows in soft ribbons around it,"16:9 landscape cinematic framing, deep environmental context",Fun mood lighting,"3mL research dosage pen of BPC-157 as mid-ground hero in the scene (not extreme macro; no injection act, no people)",3mL pre-filled research dosage pen,P-BPC-001,BPC-157,https://www.palmbeach-vitality.store/products/bpc-157-pen,"LANDSCAPE SCENE (16:9) for workflow vid_gen_landscape_scenes. Source visual+motion: A matte-black peptide pen on a smooth river stone while clear water flows in soft ribbons around it, with the entire bottle briefly becoming translucent then solid again. Deep contrast between the sharp product and soft, dreamy background. Vibe: Fun. Theme: Focus & Clarity. Product lock: BPC-157 (P-BPC-001). Form: 3mL pre-filled research dosage pen. Camera: 16:9 landscape cinematic framing, deep environmental context. Keep product as part of a full environmental scene — not an isolated void packshot. PEN SPEC: 3mL pre-filled research dosage pen. No injection act, no people, no needles in use. SIGNAGE RULE: premium clean research lab only. No safety placards, no industrial alert graphics, no trefoil icons, no striped floor tape, no danger banners. Do not print alert words on walls, floors, labels, or posters. Only neutral room names and product typography.",Captions MUST be only about BPC-157 (P-BPC-001) and https://www.palmbeach-vitality.store/products/bpc-157-pen.,Active,106,,106,Fun,Focus & Clarity
LI-107,vid_gen_landscape_scenes,16:9,vial_10ml_scene,LI-107 — Recovery & Healing — Sermorelin,A matte-black peptide pen floating just above a still black lake with perfect reflection,"16:9 landscape cinematic framing, deep environmental context",Fun mood lighting,"10mL sterile injectable-style glass vial of Sermorelin with rubber stopper + aluminum crimp seal (NEVER black twist/screw cap); mid-ground in scene, not extreme macro","10mL sterile injectable-style glass vial with rubber stopper and aluminum crimp seal (NOT screw-cap, NOT black twist cap)",V-SER-001,Sermorelin,https://www.palmbeach-vitality.store/products/sermorelin,"LANDSCAPE SCENE (16:9) for workflow vid_gen_landscape_scenes. Source visual+motion: A matte-black peptide pen floating just above a still black lake with perfect reflection, with the bottle standing firm as a small wave repeatedly tries and fails to knock it over. Subtle particle systems (dust, pollen, mist) interact gracefully with the vial. Vibe: Fun. Theme: Recovery & Healing. Product lock: Sermorelin (V-SER-001). Form: 10mL sterile injectable-style glass vial with rubber stopper and aluminum crimp seal (NOT screw-cap, NOT black twist cap). Camera: 16:9 landscape cinematic framing, deep environmental context. Keep product as part of a full environmental scene — not an isolated void packshot. VIAL SPEC: 10mL sterile injectable-style clear glass vial, rubber stopper + aluminum crimp seal only. FORBIDDEN: black twist caps, screw caps, dropper bottles. SIGNAGE RULE: premium clean research lab only. No safety placards, no industrial alert graphics, no trefoil icons, no striped floor tape, no danger banners. Do not print alert words on walls, floors, labels, or posters. Only neutral room names and product typography.",Captions MUST be only about Sermorelin (V-SER-001) and https://www.palmbeach-vitality.store/products/sermorelin.,Active,107,,107,Fun,Recovery & Healing
LI-108,vid_gen_landscape_scenes,16:9,lab_scene,LI-108 — Energy & Cellular Power — NAD+,A minimalist wellness bottle next to a cloudy glass of water that suddenly becomes crystal clear,"16:9 landscape cinematic framing, deep environmental context",Dramatic mood lighting,scene product lock via typography / subtle mid-ground research material; no extreme close-up packshot,,P-NAD-001,NAD+,https://www.palmbeach-vitality.store/products/nad-pen-500mg,"LANDSCAPE SCENE (16:9) for workflow vid_gen_landscape_scenes. Source visual+motion: A minimalist wellness bottle next to a cloudy glass of water that suddenly becomes crystal clear, as surrounding particles are drawn inward like gravity. Deep contrast between the sharp product and soft, dreamy background. Vibe: Dramatic. Theme: Energy & Cellular Power. Product lock: NAD+ (P-NAD-001). Form: research catalog material. Camera: 16:9 landscape cinematic framing, deep environmental context. Keep product as part of a full environmental scene — not an isolated void packshot. SIGNAGE RULE: premium clean research lab only. No safety placards, no industrial alert graphics, no trefoil icons, no striped floor tape, no danger banners. Do not print alert words on walls, floors, labels, or posters. Only neutral room names and product typography.",Captions MUST be only about NAD+ (P-NAD-001) and https://www.palmbeach-vitality.store/products/nad-pen-500mg.,Active,108,,108,Dramatic,Energy & Cellular Power
LI-109,vid_gen_landscape_scenes,16:9,vial_10ml_scene,LI-109 — Beach & Ocean — SS-31,A pure white ceramic-capped vial in a desert landscape of fine sand with heat shimmer rising,"16:9 landscape cinematic framing, deep environmental context",Fun mood lighting,"10mL sterile injectable-style glass vial of SS-31 with rubber stopper + aluminum crimp seal (NEVER black twist/screw cap); mid-ground in scene, not extreme macro","10mL sterile injectable-style glass vial with rubber stopper and aluminum crimp seal (NOT screw-cap, NOT black twist cap)",V-SS3-001,SS-31,https://www.palmbeach-vitality.store/products/ss-31,"LANDSCAPE SCENE (16:9) for workflow vid_gen_landscape_scenes. Source visual+motion: A pure white ceramic-capped vial in a desert landscape of fine sand with heat shimmer rising, while a much larger empty bottle tips over dramatically and the small one stays still. Deep contrast between the sharp product and soft, dreamy background. Vibe: Fun. Theme: Beach & Ocean. Product lock: SS-31 (V-SS3-001). Form: 10mL sterile injectable-style glass vial with rubber stopper and aluminum crimp seal (NOT screw-cap, NOT black twist cap). Camera: 16:9 landscape cinematic framing, deep environmental context. Keep product as part of a full environmental scene — not an isolated void packshot. VIAL SPEC: 10mL sterile injectable-style clear glass vial, rubber stopper + aluminum crimp seal only. FORBIDDEN: black twist caps, screw caps, dropper bottles. SIGNAGE RULE: premium clean research lab only. No safety placards, no industrial alert graphics, no trefoil icons, no striped floor tape, no danger banners. Do not print alert words on walls, floors, labels, or posters. Only neutral room names and product typography.",Captions MUST be only about SS-31 (V-SS3-001) and https://www.palmbeach-vitality.store/products/ss-31.,Active,109,,109,Fun,Beach & Ocean
LI-110,vid_gen_landscape_scenes,16:9,lab_scene,LI-110 — Abstract Cellular — PT-141,A frosted glass bottle of cellular support on an empty gym floor mat with a single chalk mark that slowly fades,"16:9 landscape cinematic framing, deep environmental context",Cool mood lighting,scene product lock via typography / subtle mid-ground research material; no extreme close-up packshot,,P-PT1-001,PT-141,https://www.palmbeach-vitality.store/products/pt-141-pen,"LANDSCAPE SCENE (16:9) for workflow vid_gen_landscape_scenes. Source visual+motion: A frosted glass bottle of cellular support on an empty gym floor mat with a single chalk mark that slowly fades, as surrounding particles are drawn inward like gravity. Soft volumetric god-rays cut through the scene. Vibe: Cool. Theme: Abstract Cellular. Product lock: PT-141 (P-PT1-001). Form: research catalog material. Camera: 16:9 landscape cinematic framing, deep environmental context. Keep product as part of a full environmental scene — not an isolated void packshot. SIGNAGE RULE: premium clean research lab only. No safety placards, no industrial alert graphics, no trefoil icons, no striped floor tape, no danger banners. Do not print alert words on walls, floors, labels, or posters. Only neutral room names and product typography.",Captions MUST be only about PT-141 (P-PT1-001) and https://www.palmbeach-vitality.store/products/pt-141-pen.,Active,110,,110,Cool,Abstract Cellular
LI-111,vid_gen_landscape_scenes,16:9,pen_3ml_scene,LI-111 — Abstract Cellular — BPC-157 / TB-500,A matte-black peptide pen floating in pure black void while golden particles slowly orbit,"16:9 landscape cinematic framing, deep environmental context",Dramatic mood lighting,"3mL research dosage pen of BPC-157 / TB-500 as mid-ground hero in the scene (not extreme macro; no injection act, no people)",3mL pre-filled research dosage pen,P-WOL-001,BPC-157 / TB-500,https://www.palmbeach-vitality.store/products/wolverine-pen,"LANDSCAPE SCENE (16:9) for workflow vid_gen_landscape_scenes. Source visual+motion: A matte-black peptide pen floating in pure black void while golden particles slowly orbit, with the bottle standing firm as a small wave repeatedly tries and fails to knock it over. Extreme slow-motion emphasizes every micro-movement of liquid and light. Vibe: Dramatic. Theme: Abstract Cellular. Product lock: BPC-157 / TB-500 (P-WOL-001). Form: 3mL pre-filled research dosage pen. Camera: 16:9 landscape cinematic framing, deep environmental context. Keep product as part of a full environmental scene — not an isolated void packshot. PEN SPEC: 3mL pre-filled research dosage pen. No injection act, no people, no needles in use. SIGNAGE RULE: premium clean research lab only. No safety placards, no industrial alert graphics, no trefoil icons, no striped floor tape, no danger banners. Do not print alert words on walls, floors, labels, or posters. Only neutral room names and product typography.",Captions MUST be only about BPC-157 / TB-500 (P-WOL-001) and https://www.palmbeach-vitality.store/products/wolverine-pen.,Active,111,,111,Dramatic,Abstract Cellular
LI-112,vid_gen_landscape_scenes,16:9,pen_3ml_scene,LI-112 — Beach & Ocean — CJC (no DAC)/Ipamorelin,A matte-black peptide pen beside an hourglass where the sand begins flowing upward,"16:9 landscape cinematic framing, deep environmental context",Cool mood lighting,"3mL research dosage pen of CJC (no DAC)/Ipamorelin as mid-ground hero in the scene (not extreme macro; no injection act, no people)",3mL pre-filled research dosage pen,P-CII-001,CJC (no DAC)/Ipamorelin,https://www.palmbeach-vitality.store/products/cjc-ipamorelin-1,"LANDSCAPE SCENE (16:9) for workflow vid_gen_landscape_scenes. Source visual+motion: A matte-black peptide pen beside an hourglass where the sand begins flowing upward, as condensation forms and rolls down in slow motion. Extreme slow-motion emphasizes every micro-movement of liquid and light. Vibe: Cool. Theme: Beach & Ocean. Product lock: CJC (no DAC)/Ipamorelin (P-CII-001). Form: 3mL pre-filled research dosage pen. Camera: 16:9 landscape cinematic framing, deep environmental context. Keep product as part of a full environmental scene — not an isolated void packshot. PEN SPEC: 3mL pre-filled research dosage pen. No injection act, no people, no needles in use. SIGNAGE RULE: premium clean research lab only. No safety placards, no industrial alert graphics, no trefoil icons, no striped floor tape, no danger banners. Do not print alert words on walls, floors, labels, or posters. Only neutral room names and product typography.",Captions MUST be only about CJC (no DAC)/Ipamorelin (P-CII-001) and https://www.palmbeach-vitality.store/products/cjc-ipamorelin-1.,Active,112,,112,Cool,Beach & Ocean
LI-113,vid_gen_landscape_scenes,16:9,vial_10ml_scene,LI-113 — Beach & Ocean — TB-500,A sleek glass peptide vial standing in soft white sand with moving palm-frond shadows,"16:9 landscape cinematic framing, deep environmental context",Cool mood lighting,"10mL sterile injectable-style glass vial of TB-500 with rubber stopper + aluminum crimp seal (NEVER black twist/screw cap); mid-ground in scene, not extreme macro","10mL sterile injectable-style glass vial with rubber stopper and aluminum crimp seal (NOT screw-cap, NOT black twist cap)",V-TB5-001,TB-500,https://www.palmbeach-vitality.store/products/tb-500,"LANDSCAPE SCENE (16:9) for workflow vid_gen_landscape_scenes. Source visual+motion: A sleek glass peptide vial standing in soft white sand with moving palm-frond shadows, as the product casts a shadow that moves independently of the light source. Extreme slow-motion emphasizes every micro-movement of liquid and light. Vibe: Cool. Theme: Beach & Ocean. Product lock: TB-500 (V-TB5-001). Form: 10mL sterile injectable-style glass vial with rubber stopper and aluminum crimp seal (NOT screw-cap, NOT black twist cap). Camera: 16:9 landscape cinematic framing, deep environmental context. Keep product as part of a full environmental scene — not an isolated void packshot. VIAL SPEC: 10mL sterile injectable-style clear glass vial, rubber stopper + aluminum crimp seal only. FORBIDDEN: black twist caps, screw caps, dropper bottles. SIGNAGE RULE: premium clean research lab only. No safety placards, no industrial alert graphics, no trefoil icons, no striped floor tape, no danger banners. Do not print alert words on walls, floors, labels, or posters. Only neutral room names and product typography.",Captions MUST be only about TB-500 (V-TB5-001) and https://www.palmbeach-vitality.store/products/tb-500.,Active,113,,113,Cool,Beach & Ocean
LI-114,vid_gen_landscape_scenes,16:9,vial_10ml_scene,LI-114 — Stacks & Synergy — Tesamorelin,A sleek glass peptide vial on a mirror surface that reflects infinite versions of itself,"16:9 landscape cinematic framing, deep environmental context",Fun mood lighting,"10mL sterile injectable-style glass vial of Tesamorelin with rubber stopper + aluminum crimp seal (NEVER black twist/screw cap); mid-ground in scene, not extreme macro","10mL sterile injectable-style glass vial with rubber stopper and aluminum crimp seal (NOT screw-cap, NOT black twist cap)",V-TES-001,Tesamorelin,https://www.palmbeach-vitality.store/products/tesamorelin,"LANDSCAPE SCENE (16:9) for workflow vid_gen_landscape_scenes. Source visual+motion: A sleek glass peptide vial on a mirror surface that reflects infinite versions of itself, with a soft white light pulsing once like a signal. Subtle particle systems (dust, pollen, mist) interact gracefully with the vial. Vibe: Fun. Theme: Stacks & Synergy. Product lock: Tesamorelin (V-TES-001). Form: 10mL sterile injectable-style glass vial with rubber stopper and aluminum crimp seal (NOT screw-cap, NOT black twist cap). Camera: 16:9 landscape cinematic framing, deep environmental context. Keep product as part of a full environmental scene — not an isolated void packshot. VIAL SPEC: 10mL sterile injectable-style clear glass vial, rubber stopper + aluminum crimp seal only. FORBIDDEN: black twist caps, screw caps, dropper bottles. SIGNAGE RULE: premium clean research lab only. No safety placards, no industrial alert graphics, no trefoil icons, no striped floor tape, no danger banners. Do not print alert words on walls, floors, labels, or posters. Only neutral room names and product typography.",Captions MUST be only about Tesamorelin (V-TES-001) and https://www.palmbeach-vitality.store/products/tesamorelin.,Active,114,,114,Fun,Stacks & Synergy
LI-115,vid_gen_landscape_scenes,16:9,vial_10ml_scene,LI-115 — Fat Loss & Metabolism — BPC-157,A precision-dosed peptide vial in a miniature Zen garden where rake lines slowly rearrange themselves around it,"16:9 landscape cinematic framing, deep environmental context",Fun mood lighting,"10mL sterile injectable-style glass vial of BPC-157 with rubber stopper + aluminum crimp seal (NEVER black twist/screw cap); mid-ground in scene, not extreme macro","10mL sterile injectable-style glass vial with rubber stopper and aluminum crimp seal (NOT screw-cap, NOT black twist cap)",V-BPC-001,BPC-157,https://www.palmbeach-vitality.store/products/bpc-157,"LANDSCAPE SCENE (16:9) for workflow vid_gen_landscape_scenes. Source visual+motion: A precision-dosed peptide vial in a miniature Zen garden where rake lines slowly rearrange themselves around it, as hundreds of tiny light points stream into it from all directions. Extreme slow-motion emphasizes every micro-movement of liquid and light. Vibe: Fun. Theme: Fat Loss & Metabolism. Product lock: BPC-157 (V-BPC-001). Form: 10mL sterile injectable-style glass vial with rubber stopper and aluminum crimp seal (NOT screw-cap, NOT black twist cap). Camera: 16:9 landscape cinematic framing, deep environmental context. Keep product as part of a full environmental scene — not an isolated void packshot. VIAL SPEC: 10mL sterile injectable-style clear glass vial, rubber stopper + aluminum crimp seal only. FORBIDDEN: black twist caps, screw caps, dropper bottles. SIGNAGE RULE: premium clean research lab only. No safety placards, no industrial alert graphics, no trefoil icons, no striped floor tape, no danger banners. Do not print alert words on walls, floors, labels, or posters. Only neutral room names and product typography.",Captions MUST be only about BPC-157 (V-BPC-001) and https://www.palmbeach-vitality.store/products/bpc-157.,Active,115,,115,Fun,Fat Loss & Metabolism
LI-116,vid_gen_landscape_scenes,16:9,lab_scene,LI-116 — Energy & Cellular Power — Semax,A minimalist wellness bottle on a dark surface while a dim light bulb suddenly reaches full brightness,"16:9 landscape cinematic framing, deep environmental context",Cool mood lighting,scene product lock via typography / subtle mid-ground research material; no extreme close-up packshot,,P-SMX-001,Semax,https://www.palmbeach-vitality.store/products/semax-pen,"LANDSCAPE SCENE (16:9) for workflow vid_gen_landscape_scenes. Source visual+motion: A minimalist wellness bottle on a dark surface while a dim light bulb suddenly reaches full brightness, while the liquid level inside appears to rise slightly on its own. Soft volumetric god-rays cut through the scene. Vibe: Cool. Theme: Energy & Cellular Power. Product lock: Semax (P-SMX-001). Form: research catalog material. Camera: 16:9 landscape cinematic framing, deep environmental context. Keep product as part of a full environmental scene — not an isolated void packshot. SIGNAGE RULE: premium clean research lab only. No safety placards, no industrial alert graphics, no trefoil icons, no striped floor tape, no danger banners. Do not print alert words on walls, floors, labels, or posters. Only neutral room names and product typography.",Captions MUST be only about Semax (P-SMX-001) and https://www.palmbeach-vitality.store/products/semax-pen.,Active,116,,116,Cool,Energy & Cellular Power
LI-117,vid_gen_landscape_scenes,16:9,vial_10ml_scene,LI-117 — Fat Loss & Metabolism — BPC-157 / TB-500,A crystal-clear recovery vial on a mirror surface that reflects infinite versions of itself,"16:9 landscape cinematic framing, deep environmental context",Dramatic mood lighting,"10mL sterile injectable-style glass vial of BPC-157 / TB-500 with rubber stopper + aluminum crimp seal (NEVER black twist/screw cap); mid-ground in scene, not extreme macro","10mL sterile injectable-style glass vial with rubber stopper and aluminum crimp seal (NOT screw-cap, NOT black twist cap)",V-WOL-001,BPC-157 / TB-500,https://www.palmbeach-vitality.store/products/wolverine-stack,"LANDSCAPE SCENE (16:9) for workflow vid_gen_landscape_scenes. Source visual+motion: A crystal-clear recovery vial on a mirror surface that reflects infinite versions of itself, while the background subtly accelerates in time-lapse around the still product. Soft volumetric god-rays cut through the scene. Vibe: Dramatic. Theme: Fat Loss & Metabolism. Product lock: BPC-157 / TB-500 (V-WOL-001). Form: 10mL sterile injectable-style glass vial with rubber stopper and aluminum crimp seal (NOT screw-cap, NOT black twist cap). Camera: 16:9 landscape cinematic framing, deep environmental context. Keep product as part of a full environmental scene — not an isolated void packshot. VIAL SPEC: 10mL sterile injectable-style clear glass vial, rubber stopper + aluminum crimp seal only. FORBIDDEN: black twist caps, screw caps, dropper bottles. SIGNAGE RULE: premium clean research lab only. No safety placards, no industrial alert graphics, no trefoil icons, no striped floor tape, no danger banners. Do not print alert words on walls, floors, labels, or posters. Only neutral room names and product typography.",Captions MUST be only about BPC-157 / TB-500 (V-WOL-001) and https://www.palmbeach-vitality.store/products/wolverine-stack.,Active,117,,117,Dramatic,Fat Loss & Metabolism
LI-118,vid_gen_landscape_scenes,16:9,vial_10ml_scene,LI-118 — Focus & Clarity — Cagrilinitide,A pure white ceramic-capped vial amidst floating dandelion seeds that orbit then settle,"16:9 landscape cinematic framing, deep environmental context",Dramatic mood lighting,"10mL sterile injectable-style glass vial of Cagrilinitide with rubber stopper + aluminum crimp seal (NEVER black twist/screw cap); mid-ground in scene, not extreme macro","10mL sterile injectable-style glass vial with rubber stopper and aluminum crimp seal (NOT screw-cap, NOT black twist cap)",V-CAG-001,Cagrilinitide,https://www.palmbeach-vitality.store/products/cargrilinitide,"LANDSCAPE SCENE (16:9) for workflow vid_gen_landscape_scenes. Source visual+motion: A pure white ceramic-capped vial amidst floating dandelion seeds that orbit then settle, as a single red drop forms and slowly shapes itself into a heart before falling. The scene has a quiet, almost sacred stillness interrupted only by intentional motion. Vibe: Dramatic. Theme: Focus & Clarity. Product lock: Cagrilinitide (V-CAG-001). Form: 10mL sterile injectable-style glass vial with rubber stopper and aluminum crimp seal (NOT screw-cap, NOT black twist cap). Camera: 16:9 landscape cinematic framing, deep environmental context. Keep product as part of a full environmental scene — not an isolated void packshot. VIAL SPEC: 10mL sterile injectable-style clear glass vial, rubber stopper + aluminum crimp seal only. FORBIDDEN: black twist caps, screw caps, dropper bottles. SIGNAGE RULE: premium clean research lab only. No safety placards, no industrial alert graphics, no trefoil icons, no striped floor tape, no danger banners. Do not print alert words on walls, floors, labels, or posters. Only neutral room names and product typography.",Captions MUST be only about Cagrilinitide (V-CAG-001) and https://www.palmbeach-vitality.store/products/cargrilinitide.,Active,118,,118,Dramatic,Focus & Clarity
LI-119,vid_gen_landscape_scenes,16:9,vial_10ml_scene,LI-119 — Nature Regeneration — CJC (no DAC),A glowing amber wellness vial catching a single snowflake that melts the instant it lands,"16:9 landscape cinematic framing, deep environmental context",Fun mood lighting,"10mL sterile injectable-style glass vial of CJC (no DAC) with rubber stopper + aluminum crimp seal (NEVER black twist/screw cap); mid-ground in scene, not extreme macro","10mL sterile injectable-style glass vial with rubber stopper and aluminum crimp seal (NOT screw-cap, NOT black twist cap)",V-CJC-001,CJC (no DAC),https://www.palmbeach-vitality.store/products/cjc,"LANDSCAPE SCENE (16:9) for workflow vid_gen_landscape_scenes. Source visual+motion: A glowing amber wellness vial catching a single snowflake that melts the instant it lands, while two vials slowly lean toward each other until labels almost touch. Extreme slow-motion emphasizes every micro-movement of liquid and light. Vibe: Fun. Theme: Nature Regeneration. Product lock: CJC (no DAC) (V-CJC-001). Form: 10mL sterile injectable-style glass vial with rubber stopper and aluminum crimp seal (NOT screw-cap, NOT black twist cap). Camera: 16:9 landscape cinematic framing, deep environmental context. Keep product as part of a full environmental scene — not an isolated void packshot. VIAL SPEC: 10mL sterile injectable-style clear glass vial, rubber stopper + aluminum crimp seal only. FORBIDDEN: black twist caps, screw caps, dropper bottles. SIGNAGE RULE: premium clean research lab only. No safety placards, no industrial alert graphics, no trefoil icons, no striped floor tape, no danger banners. Do not print alert words on walls, floors, labels, or posters. Only neutral room names and product typography.",Captions MUST be only about CJC (no DAC) (V-CJC-001) and https://www.palmbeach-vitality.store/products/cjc.,Active,119,,119,Fun,Nature Regeneration
LI-120,vid_gen_landscape_scenes,16:9,vial_10ml_scene,LI-120 — Longevity & Anti-Aging — CJC (no DAC)/Ipamorelin,A high-clarity research-grade vial next to a foggy mirror surface that clears from the center outward,"16:9 landscape cinematic framing, deep environmental context",Cool mood lighting,"10mL sterile injectable-style glass vial of CJC (no DAC)/Ipamorelin with rubber stopper + aluminum crimp seal (NEVER black twist/screw cap); mid-ground in scene, not extreme macro","10mL sterile injectable-style glass vial with rubber stopper and aluminum crimp seal (NOT screw-cap, NOT black twist cap)",V-CII-001,CJC (no DAC)/Ipamorelin,https://www.palmbeach-vitality.store/products/cjc-ipamorelin,"LANDSCAPE SCENE (16:9) for workflow vid_gen_landscape_scenes. Source visual+motion: A high-clarity research-grade vial next to a foggy mirror surface that clears from the center outward, as hundreds of tiny light points stream into it from all directions. The scene has a quiet, almost sacred stillness interrupted only by intentional motion. Vibe: Cool. Theme: Longevity & Anti-Aging. Product lock: CJC (no DAC)/Ipamorelin (V-CII-001). Form: 10mL sterile injectable-style glass vial with rubber stopper and aluminum crimp seal (NOT screw-cap, NOT black twist cap). Camera: 16:9 landscape cinematic framing, deep environmental context. Keep product as part of a full environmental scene — not an isolated void packshot. VIAL SPEC: 10mL sterile injectable-style clear glass vial, rubber stopper + aluminum crimp seal only. FORBIDDEN: black twist caps, screw caps, dropper bottles. SIGNAGE RULE: premium clean research lab only. No safety placards, no industrial alert graphics, no trefoil icons, no striped floor tape, no danger banners. Do not print alert words on walls, floors, labels, or posters. Only neutral room names and product typography.",Captions MUST be only about CJC (no DAC)/Ipamorelin (V-CII-001) and https://www.palmbeach-vitality.store/products/cjc-ipamorelin.,Active,120,,120,Cool,Longevity & Anti-Aging
LI-121,vid_gen_landscape_scenes,16:9,pen_3ml_scene,LI-121 — Recovery & Healing — DSIP,A matte-black peptide pen on an empty gym floor mat with a single chalk mark that slowly fades,"16:9 landscape cinematic framing, deep environmental context",Dramatic mood lighting,"3mL research dosage pen of DSIP as mid-ground hero in the scene (not extreme macro; no injection act, no people)",3mL pre-filled research dosage pen,P-DSI-001,DSIP,https://www.palmbeach-vitality.store/products/dsip-pen,"LANDSCAPE SCENE (16:9) for workflow vid_gen_landscape_scenes. Source visual+motion: A matte-black peptide pen on an empty gym floor mat with a single chalk mark that slowly fades, appearing to crack open like ice, revealing brighter liquid within. A gentle breeze moves surrounding elements without disturbing the product. Vibe: Dramatic. Theme: Recovery & Healing. Product lock: DSIP (P-DSI-001). Form: 3mL pre-filled research dosage pen. Camera: 16:9 landscape cinematic framing, deep environmental context. Keep product as part of a full environmental scene — not an isolated void packshot. PEN SPEC: 3mL pre-filled research dosage pen. No injection act, no people, no needles in use. SIGNAGE RULE: premium clean research lab only. No safety placards, no industrial alert graphics, no trefoil icons, no striped floor tape, no danger banners. Do not print alert words on walls, floors, labels, or posters. Only neutral room names and product typography.",Captions MUST be only about DSIP (P-DSI-001) and https://www.palmbeach-vitality.store/products/dsip-pen.,Active,121,,121,Dramatic,Recovery & Healing
LI-122,vid_gen_landscape_scenes,16:9,vial_10ml_scene,LI-122 — Beach & Ocean — GHK-Cu,A crystal-clear recovery vial on wet Palm Beach sand as a gentle wave washes over and retreats,"16:9 landscape cinematic framing, deep environmental context",Cool mood lighting,"10mL sterile injectable-style glass vial of GHK-Cu with rubber stopper + aluminum crimp seal (NEVER black twist/screw cap); mid-ground in scene, not extreme macro","10mL sterile injectable-style glass vial with rubber stopper and aluminum crimp seal (NOT screw-cap, NOT black twist cap)",V-GHK-001,GHK-Cu,https://www.palmbeach-vitality.store/products/ghk-cu,"LANDSCAPE SCENE (16:9) for workflow vid_gen_landscape_scenes. Source visual+motion: A crystal-clear recovery vial on wet Palm Beach sand as a gentle wave washes over and retreats, as a single red drop forms and slowly shapes itself into a heart before falling. Subtle particle systems (dust, pollen, mist) interact gracefully with the vial. Vibe: Cool. Theme: Beach & Ocean. Product lock: GHK-Cu (V-GHK-001). Form: 10mL sterile injectable-style glass vial with rubber stopper and aluminum crimp seal (NOT screw-cap, NOT black twist cap). Camera: 16:9 landscape cinematic framing, deep environmental context. Keep product as part of a full environmental scene — not an isolated void packshot. VIAL SPEC: 10mL sterile injectable-style clear glass vial, rubber stopper + aluminum crimp seal only. FORBIDDEN: black twist caps, screw caps, dropper bottles. SIGNAGE RULE: premium clean research lab only. No safety placards, no industrial alert graphics, no trefoil icons, no striped floor tape, no danger banners. Do not print alert words on walls, floors, labels, or posters. Only neutral room names and product typography.",Captions MUST be only about GHK-Cu (V-GHK-001) and https://www.palmbeach-vitality.store/products/ghk-cu.,Active,122,,122,Cool,Beach & Ocean
LI-123,vid_gen_landscape_scenes,16:9,vial_10ml_scene,LI-123 — Longevity & Anti-Aging — BPC-157 / TB-500 / GHK-Cu,A frosted glass bottle of cellular support on a frozen surface that cracks in elegant patterns then seals,"16:9 landscape cinematic framing, deep environmental context",Cool mood lighting,"10mL sterile injectable-style glass vial of BPC-157 / TB-500 / GHK-Cu with rubber stopper + aluminum crimp seal (NEVER black twist/screw cap); mid-ground in scene, not extreme macro","10mL sterile injectable-style glass vial with rubber stopper and aluminum crimp seal (NOT screw-cap, NOT black twist cap)",V-GLO-001,BPC-157 / TB-500 / GHK-Cu,https://www.palmbeach-vitality.store/products/glow,"LANDSCAPE SCENE (16:9) for workflow vid_gen_landscape_scenes. Source visual+motion: A frosted glass bottle of cellular support on a frozen surface that cracks in elegant patterns then seals, with a soft white light pulsing once like a signal. Subtle particle systems (dust, pollen, mist) interact gracefully with the vial. Vibe: Cool. Theme: Longevity & Anti-Aging. Product lock: BPC-157 / TB-500 / GHK-Cu (V-GLO-001). Form: 10mL sterile injectable-style glass vial with rubber stopper and aluminum crimp seal (NOT screw-cap, NOT black twist cap). Camera: 16:9 landscape cinematic framing, deep environmental context. Keep product as part of a full environmental scene — not an isolated void packshot. VIAL SPEC: 10mL sterile injectable-style clear glass vial, rubber stopper + aluminum crimp seal only. FORBIDDEN: black twist caps, screw caps, dropper bottles. SIGNAGE RULE: premium clean research lab only. No safety placards, no industrial alert graphics, no trefoil icons, no striped floor tape, no danger banners. Do not print alert words on walls, floors, labels, or posters. Only neutral room names and product typography.",Captions MUST be only about BPC-157 / TB-500 / GHK-Cu (V-GLO-001) and https://www.palmbeach-vitality.store/products/glow.,Active,123,,123,Cool,Longevity & Anti-Aging
LI-124,vid_gen_landscape_scenes,16:9,pen_3ml_scene,LI-124 — Fat Loss & Metabolism — GHK-Cu,A frosted glass bottle of cellular support in a field of tall grass that parts and sways around it,"16:9 landscape cinematic framing, deep environmental context",Fun mood lighting,"3mL research dosage pen of GHK-Cu as mid-ground hero in the scene (not extreme macro; no injection act, no people)",3mL pre-filled research dosage pen,P-GHK-001,GHK-Cu,https://www.palmbeach-vitality.store/products/ghk-cu-pen,"LANDSCAPE SCENE (16:9) for workflow vid_gen_landscape_scenes. Source visual+motion: A frosted glass bottle of cellular support in a field of tall grass that parts and sways around it, while surrounding water freezes in elegant crystals then melts cleanly. Time-lapse growth and repair happens in the periphery only. Vibe: Fun. Theme: Fat Loss & Metabolism. Product lock: GHK-Cu (P-GHK-001). Form: 3mL pre-filled research dosage pen. Camera: 16:9 landscape cinematic framing, deep environmental context. Keep product as part of a full environmental scene — not an isolated void packshot. PEN SPEC: 3mL pre-filled research dosage pen. No injection act, no people, no needles in use. SIGNAGE RULE: premium clean research lab only. No safety placards, no industrial alert graphics, no trefoil icons, no striped floor tape, no danger banners. Do not print alert words on walls, floors, labels, or posters. Only neutral room names and product typography.",Captions MUST be only about GHK-Cu (P-GHK-001) and https://www.palmbeach-vitality.store/products/ghk-cu-pen.,Active,124,,124,Fun,Fat Loss & Metabolism
LI-125,vid_gen_landscape_scenes,16:9,vial_10ml_scene,LI-125 — Fat Loss & Metabolism — Thymosin Alpha-1,A pure white ceramic-capped vial in complete darkness until a precise light beam illuminates only the label area,"16:9 landscape cinematic framing, deep environmental context",Dramatic mood lighting,"10mL sterile injectable-style glass vial of Thymosin Alpha-1 with rubber stopper + aluminum crimp seal (NEVER black twist/screw cap); mid-ground in scene, not extreme macro","10mL sterile injectable-style glass vial with rubber stopper and aluminum crimp seal (NOT screw-cap, NOT black twist cap)",V-TA1-001,Thymosin Alpha-1,https://www.palmbeach-vitality.store/products/ta-1,"LANDSCAPE SCENE (16:9) for workflow vid_gen_landscape_scenes. Source visual+motion: A pure white ceramic-capped vial in complete darkness until a precise light beam illuminates only the label area, with its label slowly peeling back just enough to hint at a second layer underneath. Extreme slow-motion emphasizes every micro-movement of liquid and light. Vibe: Dramatic. Theme: Fat Loss & Metabolism. Product lock: Thymosin Alpha-1 (V-TA1-001). Form: 10mL sterile injectable-style glass vial with rubber stopper and aluminum crimp seal (NOT screw-cap, NOT black twist cap). Camera: 16:9 landscape cinematic framing, deep environmental context. Keep product as part of a full environmental scene — not an isolated void packshot. VIAL SPEC: 10mL sterile injectable-style clear glass vial, rubber stopper + aluminum crimp seal only. FORBIDDEN: black twist caps, screw caps, dropper bottles. SIGNAGE RULE: premium clean research lab only. No safety placards, no industrial alert graphics, no trefoil icons, no striped floor tape, no danger banners. Do not print alert words on walls, floors, labels, or posters. Only neutral room names and product typography.",Captions MUST be only about Thymosin Alpha-1 (V-TA1-001) and https://www.palmbeach-vitality.store/products/ta-1.,Active,125,,125,Dramatic,Fat Loss & Metabolism
LI-126,vid_gen_landscape_scenes,16:9,vial_10ml_scene,LI-126 — Nature Regeneration — AOD-9604,A sleek glass peptide vial on a tree stump as soft mushrooms appear and grow in time-lapse nearby,"16:9 landscape cinematic framing, deep environmental context",Funny mood lighting,"10mL sterile injectable-style glass vial of AOD-9604 with rubber stopper + aluminum crimp seal (NEVER black twist/screw cap); mid-ground in scene, not extreme macro","10mL sterile injectable-style glass vial with rubber stopper and aluminum crimp seal (NOT screw-cap, NOT black twist cap)",V-AOD-001,AOD-9604,https://www.palmbeach-vitality.store/products/aod-9604,"LANDSCAPE SCENE (16:9) for workflow vid_gen_landscape_scenes. Source visual+motion: A sleek glass peptide vial on a tree stump as soft mushrooms appear and grow in time-lapse nearby, while the background subtly accelerates in time-lapse around the still product. The scene has a quiet, almost sacred stillness interrupted only by intentional motion. Vibe: Funny. Theme: Nature Regeneration. Product lock: AOD-9604 (V-AOD-001). Form: 10mL sterile injectable-style glass vial with rubber stopper and aluminum crimp seal (NOT screw-cap, NOT black twist cap). Camera: 16:9 landscape cinematic framing, deep environmental context. Keep product as part of a full environmental scene — not an isolated void packshot. VIAL SPEC: 10mL sterile injectable-style clear glass vial, rubber stopper + aluminum crimp seal only. FORBIDDEN: black twist caps, screw caps, dropper bottles. SIGNAGE RULE: premium clean research lab only. No safety placards, no industrial alert graphics, no trefoil icons, no striped floor tape, no danger banners. Do not print alert words on walls, floors, labels, or posters. Only neutral room names and product typography.",Captions MUST be only about AOD-9604 (V-AOD-001) and https://www.palmbeach-vitality.store/products/aod-9604.,Active,126,,126,Funny,Nature Regeneration
LI-127,vid_gen_landscape_scenes,16:9,lab_scene,LI-127 — Beach & Ocean — Selank,A minimalist wellness bottle in a soft sandstorm that settles into perfect geometric patterns around it,"16:9 landscape cinematic framing, deep environmental context",Funny mood lighting,scene product lock via typography / subtle mid-ground research material; no extreme close-up packshot,,P-SEL-001,Selank,https://www.palmbeach-vitality.store/products/selank-pen,"LANDSCAPE SCENE (16:9) for workflow vid_gen_landscape_scenes. Source visual+motion: A minimalist wellness bottle in a soft sandstorm that settles into perfect geometric patterns around it, while the background subtly accelerates in time-lapse around the still product. Deep contrast between the sharp product and soft, dreamy background. Vibe: Funny. Theme: Beach & Ocean. Product lock: Selank (P-SEL-001). Form: research catalog material. Camera: 16:9 landscape cinematic framing, deep environmental context. Keep product as part of a full environmental scene — not an isolated void packshot. SIGNAGE RULE: premium clean research lab only. No safety placards, no industrial alert graphics, no trefoil icons, no striped floor tape, no danger banners. Do not print alert words on walls, floors, labels, or posters. Only neutral room names and product typography.",Captions MUST be only about Selank (P-SEL-001) and https://www.palmbeach-vitality.store/products/selank-pen.,Active,127,,127,Funny,Beach & Ocean
LI-128,vid_gen_landscape_scenes,16:9,lab_scene,LI-128 — Abstract Cellular — Sermorelin,A slim silver-capped peptide bottle on a smooth river stone while clear water flows in soft ribbons around it,"16:9 landscape cinematic framing, deep environmental context",Fun mood lighting,scene product lock via typography / subtle mid-ground research material; no extreme close-up packshot,,P-SER-001,Sermorelin,https://www.palmbeach-vitality.store/products/sermorelin-pen,"LANDSCAPE SCENE (16:9) for workflow vid_gen_landscape_scenes. Source visual+motion: A slim silver-capped peptide bottle on a smooth river stone while clear water flows in soft ribbons around it, as the product seems to age backward — surface becomes cleaner and brighter. Golden hour light slides across the surface creating long lens flares. Vibe: Fun. Theme: Abstract Cellular. Product lock: Sermorelin (P-SER-001). Form: research catalog material. Camera: 16:9 landscape cinematic framing, deep environmental context. Keep product as part of a full environmental scene — not an isolated void packshot. SIGNAGE RULE: premium clean research lab only. No safety placards, no industrial alert graphics, no trefoil icons, no striped floor tape, no danger banners. Do not print alert words on walls, floors, labels, or posters. Only neutral room names and product typography.",Captions MUST be only about Sermorelin (P-SER-001) and https://www.palmbeach-vitality.store/products/sermorelin-pen.,Active,128,,128,Fun,Abstract Cellular
LI-129,vid_gen_landscape_scenes,16:9,vial_10ml_scene,LI-129 — Abstract Cellular — Melanotan 2,A sleek glass peptide vial on a smooth river stone while clear water flows in soft ribbons around it,"16:9 landscape cinematic framing, deep environmental context",Cool mood lighting,"10mL sterile injectable-style glass vial of Melanotan 2 with rubber stopper + aluminum crimp seal (NEVER black twist/screw cap); mid-ground in scene, not extreme macro","10mL sterile injectable-style glass vial with rubber stopper and aluminum crimp seal (NOT screw-cap, NOT black twist cap)",V-MT2-001,Melanotan 2,https://www.palmbeach-vitality.store/products/melonotan,"LANDSCAPE SCENE (16:9) for workflow vid_gen_landscape_scenes. Source visual+motion: A sleek glass peptide vial on a smooth river stone while clear water flows in soft ribbons around it, as surrounding particles are drawn inward like gravity. The scene has a quiet, almost sacred stillness interrupted only by intentional motion. Vibe: Cool. Theme: Abstract Cellular. Product lock: Melanotan 2 (V-MT2-001). Form: 10mL sterile injectable-style glass vial with rubber stopper and aluminum crimp seal (NOT screw-cap, NOT black twist cap). Camera: 16:9 landscape cinematic framing, deep environmental context. Keep product as part of a full environmental scene — not an isolated void packshot. VIAL SPEC: 10mL sterile injectable-style clear glass vial, rubber stopper + aluminum crimp seal only. FORBIDDEN: black twist caps, screw caps, dropper bottles. SIGNAGE RULE: premium clean research lab only. No safety placards, no industrial alert graphics, no trefoil icons, no striped floor tape, no danger banners. Do not print alert words on walls, floors, labels, or posters. Only neutral room names and product typography.",Captions MUST be only about Melanotan 2 (V-MT2-001) and https://www.palmbeach-vitality.store/products/melonotan.,Active,129,,129,Cool,Abstract Cellular
LI-130,vid_gen_landscape_scenes,16:9,vial_10ml_scene,LI-130 — Beach & Ocean — Retatrutide,A slim silver-capped peptide bottle in a desert landscape of fine sand with heat shimmer rising,"16:9 landscape cinematic framing, deep environmental context",Dramatic mood lighting,"10mL sterile injectable-style glass vial of Retatrutide with rubber stopper + aluminum crimp seal (NEVER black twist/screw cap); mid-ground in scene, not extreme macro","10mL sterile injectable-style glass vial with rubber stopper and aluminum crimp seal (NOT screw-cap, NOT black twist cap)",V-RET-001,Retatrutide,https://www.palmbeach-vitality.store/products/retatrutide,"LANDSCAPE SCENE (16:9) for workflow vid_gen_landscape_scenes. Source visual+motion: A slim silver-capped peptide bottle in a desert landscape of fine sand with heat shimmer rising, while two vials slowly lean toward each other until labels almost touch. Extreme slow-motion emphasizes every micro-movement of liquid and light. Vibe: Dramatic. Theme: Beach & Ocean. Product lock: Retatrutide (V-RET-001). Form: 10mL sterile injectable-style glass vial with rubber stopper and aluminum crimp seal (NOT screw-cap, NOT black twist cap). Camera: 16:9 landscape cinematic framing, deep environmental context. Keep product as part of a full environmental scene — not an isolated void packshot. VIAL SPEC: 10mL sterile injectable-style clear glass vial, rubber stopper + aluminum crimp seal only. FORBIDDEN: black twist caps, screw caps, dropper bottles. SIGNAGE RULE: premium clean research lab only. No safety placards, no industrial alert graphics, no trefoil icons, no striped floor tape, no danger banners. Do not print alert words on walls, floors, labels, or posters. Only neutral room names and product typography.",Captions MUST be only about Retatrutide (V-RET-001) and https://www.palmbeach-vitality.store/products/retatrutide.,Active,130,,130,Dramatic,Beach & Ocean
LI-131,vid_gen_landscape_scenes,16:9,lab_scene,LI-131 — Abstract Cellular — Thymosin Alpha-1,A slim silver-capped peptide bottle on a smooth river stone while clear water flows in soft ribbons around it,"16:9 landscape cinematic framing, deep environmental context",Fun mood lighting,scene product lock via typography / subtle mid-ground research material; no extreme close-up packshot,,P-TA1-001,Thymosin Alpha-1,https://www.palmbeach-vitality.store/products/ta-2,"LANDSCAPE SCENE (16:9) for workflow vid_gen_landscape_scenes. Source visual+motion: A slim silver-capped peptide bottle on a smooth river stone while clear water flows in soft ribbons around it, with the bottle standing firm as a small wave repeatedly tries and fails to knock it over. The environment feels charged, as if responding to the product's presence. Vibe: Fun. Theme: Abstract Cellular. Product lock: Thymosin Alpha-1 (P-TA1-001). Form: research catalog material. Camera: 16:9 landscape cinematic framing, deep environmental context. Keep product as part of a full environmental scene — not an isolated void packshot. SIGNAGE RULE: premium clean research lab only. No safety placards, no industrial alert graphics, no trefoil icons, no striped floor tape, no danger banners. Do not print alert words on walls, floors, labels, or posters. Only neutral room names and product typography.",Captions MUST be only about Thymosin Alpha-1 (P-TA1-001) and https://www.palmbeach-vitality.store/products/ta-2.,Active,131,,131,Fun,Abstract Cellular
LI-132,vid_gen_landscape_scenes,16:9,vial_10ml_scene,LI-132 — Beach & Ocean — Tirzepatide,A precision-dosed peptide vial resting in a nest of fresh eucalyptus leaves,"16:9 landscape cinematic framing, deep environmental context",Fun mood lighting,"10mL sterile injectable-style glass vial of Tirzepatide with rubber stopper + aluminum crimp seal (NEVER black twist/screw cap); mid-ground in scene, not extreme macro","10mL sterile injectable-style glass vial with rubber stopper and aluminum crimp seal (NOT screw-cap, NOT black twist cap)",V-TIR-001,Tirzepatide,https://www.palmbeach-vitality.store/products/tirzepatide,"LANDSCAPE SCENE (16:9) for workflow vid_gen_landscape_scenes. Source visual+motion: A precision-dosed peptide vial resting in a nest of fresh eucalyptus leaves, with the liquid surface forming perfect concentric circles from an invisible impact. A gentle breeze moves surrounding elements without disturbing the product. Vibe: Fun. Theme: Beach & Ocean. Product lock: Tirzepatide (V-TIR-001). Form: 10mL sterile injectable-style glass vial with rubber stopper and aluminum crimp seal (NOT screw-cap, NOT black twist cap). Camera: 16:9 landscape cinematic framing, deep environmental context. Keep product as part of a full environmental scene — not an isolated void packshot. VIAL SPEC: 10mL sterile injectable-style clear glass vial, rubber stopper + aluminum crimp seal only. FORBIDDEN: black twist caps, screw caps, dropper bottles. SIGNAGE RULE: premium clean research lab only. No safety placards, no industrial alert graphics, no trefoil icons, no striped floor tape, no danger banners. Do not print alert words on walls, floors, labels, or posters. Only neutral room names and product typography.",Captions MUST be only about Tirzepatide (V-TIR-001) and https://www.palmbeach-vitality.store/products/tirzepatide.,Active,132,,132,Fun,Beach & Ocean
LI-133,vid_gen_landscape_scenes,16:9,lab_scene,LI-133 — Stacks & Synergy — Tesamorelin,A frosted glass bottle of cellular support resting in a nest of fresh eucalyptus leaves,"16:9 landscape cinematic framing, deep environmental context",Cool mood lighting,scene product lock via typography / subtle mid-ground research material; no extreme close-up packshot,,P-TES-001,Tesamorelin,https://www.palmbeach-vitality.store/products/tesamorelin-30mg-pen,"LANDSCAPE SCENE (16:9) for workflow vid_gen_landscape_scenes. Source visual+motion: A frosted glass bottle of cellular support resting in a nest of fresh eucalyptus leaves, while soft chalk dust or powder settles into clean lines around it. Reflections and refractions in the glass create secondary visual interest. Vibe: Cool. Theme: Stacks & Synergy. Product lock: Tesamorelin (P-TES-001). Form: research catalog material. Camera: 16:9 landscape cinematic framing, deep environmental context. Keep product as part of a full environmental scene — not an isolated void packshot. SIGNAGE RULE: premium clean research lab only. No safety placards, no industrial alert graphics, no trefoil icons, no striped floor tape, no danger banners. Do not print alert words on walls, floors, labels, or posters. Only neutral room names and product typography.",Captions MUST be only about Tesamorelin (P-TES-001) and https://www.palmbeach-vitality.store/products/tesamorelin-30mg-pen.,Active,133,,133,Cool,Stacks & Synergy
LI-134,vid_gen_landscape_scenes,16:9,lab_scene,LI-134 — Beach & Ocean — Tesamorelin/Ipamorelin,A minimalist wellness bottle beside a deflated balloon that slowly reinflates to full shape,"16:9 landscape cinematic framing, deep environmental context",Funny mood lighting,scene product lock via typography / subtle mid-ground research material; no extreme close-up packshot,,P-TEI-001,Tesamorelin/Ipamorelin,https://www.palmbeach-vitality.store/products/tesamorelin-ipamorelin-pen,"LANDSCAPE SCENE (16:9) for workflow vid_gen_landscape_scenes. Source visual+motion: A minimalist wellness bottle beside a deflated balloon that slowly reinflates to full shape, while fine mist rises from the surface in elegant swirls. The environment feels charged, as if responding to the product's presence. Vibe: Funny. Theme: Beach & Ocean. Product lock: Tesamorelin/Ipamorelin (P-TEI-001). Form: research catalog material. Camera: 16:9 landscape cinematic framing, deep environmental context. Keep product as part of a full environmental scene — not an isolated void packshot. SIGNAGE RULE: premium clean research lab only. No safety placards, no industrial alert graphics, no trefoil icons, no striped floor tape, no danger banners. Do not print alert words on walls, floors, labels, or posters. Only neutral room names and product typography.",Captions MUST be only about Tesamorelin/Ipamorelin (P-TEI-001) and https://www.palmbeach-vitality.store/products/tesamorelin-ipamorelin-pen.,Active,134,,134,Funny,Beach & Ocean
LI-135,vid_gen_landscape_scenes,16:9,vial_10ml_scene,LI-135 — Beach & Ocean — Semaglutide,A pure white ceramic-capped vial in a soft sandstorm that settles into perfect geometric patterns around it,"16:9 landscape cinematic framing, deep environmental context",Cool mood lighting,"10mL sterile injectable-style glass vial of Semaglutide with rubber stopper + aluminum crimp seal (NEVER black twist/screw cap); mid-ground in scene, not extreme macro","10mL sterile injectable-style glass vial with rubber stopper and aluminum crimp seal (NOT screw-cap, NOT black twist cap)",V-SEM-001,Semaglutide,https://www.palmbeach-vitality.store/products/semaglutide,"LANDSCAPE SCENE (16:9) for workflow vid_gen_landscape_scenes. Source visual+motion: A pure white ceramic-capped vial in a soft sandstorm that settles into perfect geometric patterns around it, as a single red drop forms and slowly shapes itself into a heart before falling. Golden hour light slides across the surface creating long lens flares. Vibe: Cool. Theme: Beach & Ocean. Product lock: Semaglutide (V-SEM-001). Form: 10mL sterile injectable-style glass vial with rubber stopper and aluminum crimp seal (NOT screw-cap, NOT black twist cap). Camera: 16:9 landscape cinematic framing, deep environmental context. Keep product as part of a full environmental scene — not an isolated void packshot. VIAL SPEC: 10mL sterile injectable-style clear glass vial, rubber stopper + aluminum crimp seal only. FORBIDDEN: black twist caps, screw caps, dropper bottles. SIGNAGE RULE: premium clean research lab only. No safety placards, no industrial alert graphics, no trefoil icons, no striped floor tape, no danger banners. Do not print alert words on walls, floors, labels, or posters. Only neutral room names and product typography.",Captions MUST be only about Semaglutide (V-SEM-001) and https://www.palmbeach-vitality.store/products/semaglutide.,Active,135,,135,Cool,Beach & Ocean
LI-136,vid_gen_landscape_scenes,16:9,vial_10ml_scene,LI-136 — Nature Regeneration — KPV / BPC-157 / TB-500 / GHK-Cu,A slim silver-capped peptide bottle in a field of tall grass that parts and sways around it,"16:9 landscape cinematic framing, deep environmental context",Dramatic mood lighting,"10mL sterile injectable-style glass vial of KPV / BPC-157 / TB-500 / GHK-Cu with rubber stopper + aluminum crimp seal (NEVER black twist/screw cap); mid-ground in scene, not extreme macro","10mL sterile injectable-style glass vial with rubber stopper and aluminum crimp seal (NOT screw-cap, NOT black twist cap)",V-KLO-001,KPV / BPC-157 / TB-500 / GHK-Cu,https://www.palmbeach-vitality.store/products/klow-kpv-bpc-157-tb-500-ghk,"LANDSCAPE SCENE (16:9) for workflow vid_gen_landscape_scenes. Source visual+motion: A slim silver-capped peptide bottle in a field of tall grass that parts and sways around it, while two vials slowly lean toward each other until labels almost touch. Golden hour light slides across the surface creating long lens flares. Vibe: Dramatic. Theme: Nature Regeneration. Product lock: KPV / BPC-157 / TB-500 / GHK-Cu (V-KLO-001). Form: 10mL sterile injectable-style glass vial with rubber stopper and aluminum crimp seal (NOT screw-cap, NOT black twist cap). Camera: 16:9 landscape cinematic framing, deep environmental context. Keep product as part of a full environmental scene — not an isolated void packshot. VIAL SPEC: 10mL sterile injectable-style clear glass vial, rubber stopper + aluminum crimp seal only. FORBIDDEN: black twist caps, screw caps, dropper bottles. SIGNAGE RULE: premium clean research lab only. No safety placards, no industrial alert graphics, no trefoil icons, no striped floor tape, no danger banners. Do not print alert words on walls, floors, labels, or posters. Only neutral room names and product typography.",Captions MUST be only about KPV / BPC-157 / TB-500 / GHK-Cu (V-KLO-001) and https://www.palmbeach-vitality.store/products/klow-kpv-bpc-157-tb-500-ghk.,Active,136,,136,Dramatic,Nature Regeneration
LI-137,vid_gen_landscape_scenes,16:9,vial_10ml_scene,LI-137 — Nature Regeneration — MOTS-C,A pure white ceramic-capped vial on a cracked dry leaf that unfurls and turns lush green beside it,"16:9 landscape cinematic framing, deep environmental context",Fun mood lighting,"10mL sterile injectable-style glass vial of MOTS-C with rubber stopper + aluminum crimp seal (NEVER black twist/screw cap); mid-ground in scene, not extreme macro","10mL sterile injectable-style glass vial with rubber stopper and aluminum crimp seal (NOT screw-cap, NOT black twist cap)",V-MOT-001,MOTS-C,https://www.palmbeach-vitality.store/products/mots-c-10mg-5ml-vial,"LANDSCAPE SCENE (16:9) for workflow vid_gen_landscape_scenes. Source visual+motion: A pure white ceramic-capped vial on a cracked dry leaf that unfurls and turns lush green beside it, with a soft white light pulsing once like a signal. Subtle particle systems (dust, pollen, mist) interact gracefully with the vial. Vibe: Fun. Theme: Nature Regeneration. Product lock: MOTS-C (V-MOT-001). Form: 10mL sterile injectable-style glass vial with rubber stopper and aluminum crimp seal (NOT screw-cap, NOT black twist cap). Camera: 16:9 landscape cinematic framing, deep environmental context. Keep product as part of a full environmental scene — not an isolated void packshot. VIAL SPEC: 10mL sterile injectable-style clear glass vial, rubber stopper + aluminum crimp seal only. FORBIDDEN: black twist caps, screw caps, dropper bottles. SIGNAGE RULE: premium clean research lab only. No safety placards, no industrial alert graphics, no trefoil icons, no striped floor tape, no danger banners. Do not print alert words on walls, floors, labels, or posters. Only neutral room names and product typography.",Captions MUST be only about MOTS-C (V-MOT-001) and https://www.palmbeach-vitality.store/products/mots-c-10mg-5ml-vial.,Active,137,,137,Fun,Nature Regeneration
LI-138,vid_gen_landscape_scenes,16:9,vial_10ml_scene,LI-138 — Nature Regeneration — NAD+,A sleek glass peptide vial in a field of tall grass that parts and sways around it,"16:9 landscape cinematic framing, deep environmental context",Funny mood lighting,"10mL sterile injectable-style glass vial of NAD+ with rubber stopper + aluminum crimp seal (NEVER black twist/screw cap); mid-ground in scene, not extreme macro","10mL sterile injectable-style glass vial with rubber stopper and aluminum crimp seal (NOT screw-cap, NOT black twist cap)",V-NAD-001,NAD+,https://www.palmbeach-vitality.store/products/nad-1,"LANDSCAPE SCENE (16:9) for workflow vid_gen_landscape_scenes. Source visual+motion: A sleek glass peptide vial in a field of tall grass that parts and sways around it, as the product seems to age backward — surface becomes cleaner and brighter. Time-lapse growth and repair happens in the periphery only. Vibe: Funny. Theme: Nature Regeneration. Product lock: NAD+ (V-NAD-001). Form: 10mL sterile injectable-style glass vial with rubber stopper and aluminum crimp seal (NOT screw-cap, NOT black twist cap). Camera: 16:9 landscape cinematic framing, deep environmental context. Keep product as part of a full environmental scene — not an isolated void packshot. VIAL SPEC: 10mL sterile injectable-style clear glass vial, rubber stopper + aluminum crimp seal only. FORBIDDEN: black twist caps, screw caps, dropper bottles. SIGNAGE RULE: premium clean research lab only. No safety placards, no industrial alert graphics, no trefoil icons, no striped floor tape, no danger banners. Do not print alert words on walls, floors, labels, or posters. Only neutral room names and product typography.",Captions MUST be only about NAD+ (V-NAD-001) and https://www.palmbeach-vitality.store/products/nad-1.,Active,138,,138,Funny,Nature Regeneration
LI-139,vid_gen_landscape_scenes,16:9,vial_10ml_scene,LI-139 — Recovery & Healing — PT-141,A pure white ceramic-capped vial in light rain while every surrounding surface gets wet but the bottle stays dry,"16:9 landscape cinematic framing, deep environmental context",Dramatic mood lighting,"10mL sterile injectable-style glass vial of PT-141 with rubber stopper + aluminum crimp seal (NEVER black twist/screw cap); mid-ground in scene, not extreme macro","10mL sterile injectable-style glass vial with rubber stopper and aluminum crimp seal (NOT screw-cap, NOT black twist cap)",V-PT1-001,PT-141,https://www.palmbeach-vitality.store/products/pt-141,"LANDSCAPE SCENE (16:9) for workflow vid_gen_landscape_scenes. Source visual+motion: A pure white ceramic-capped vial in light rain while every surrounding surface gets wet but the bottle stays dry, appearing to crack open like ice, revealing brighter liquid within. Time-lapse growth and repair happens in the periphery only. Vibe: Dramatic. Theme: Recovery & Healing. Product lock: PT-141 (V-PT1-001). Form: 10mL sterile injectable-style glass vial with rubber stopper and aluminum crimp seal (NOT screw-cap, NOT black twist cap). Camera: 16:9 landscape cinematic framing, deep environmental context. Keep product as part of a full environmental scene — not an isolated void packshot. VIAL SPEC: 10mL sterile injectable-style clear glass vial, rubber stopper + aluminum crimp seal only. FORBIDDEN: black twist caps, screw caps, dropper bottles. SIGNAGE RULE: premium clean research lab only. No safety placards, no industrial alert graphics, no trefoil icons, no striped floor tape, no danger banners. Do not print alert words on walls, floors, labels, or posters. Only neutral room names and product typography.",Captions MUST be only about PT-141 (V-PT1-001) and https://www.palmbeach-vitality.store/products/pt-141.,Active,139,,139,Dramatic,Recovery & Healing
LI-140,vid_gen_landscape_scenes,16:9,vial_10ml_scene,LI-140 — Beach & Ocean — Selank,A crystal-clear recovery vial on polished black spa stones with steam rising gently,"16:9 landscape cinematic framing, deep environmental context",Funny mood lighting,"10mL sterile injectable-style glass vial of Selank with rubber stopper + aluminum crimp seal (NEVER black twist/screw cap); mid-ground in scene, not extreme macro","10mL sterile injectable-style glass vial with rubber stopper and aluminum crimp seal (NOT screw-cap, NOT black twist cap)",V-SEL-001,Selank,https://www.palmbeach-vitality.store/products/selank,"LANDSCAPE SCENE (16:9) for workflow vid_gen_landscape_scenes. Source visual+motion: A crystal-clear recovery vial on polished black spa stones with steam rising gently, with a soft white light pulsing once like a signal. Reflections and refractions in the glass create secondary visual interest. Vibe: Funny. Theme: Beach & Ocean. Product lock: Selank (V-SEL-001). Form: 10mL sterile injectable-style glass vial with rubber stopper and aluminum crimp seal (NOT screw-cap, NOT black twist cap). Camera: 16:9 landscape cinematic framing, deep environmental context. Keep product as part of a full environmental scene — not an isolated void packshot. VIAL SPEC: 10mL sterile injectable-style clear glass vial, rubber stopper + aluminum crimp seal only. FORBIDDEN: black twist caps, screw caps, dropper bottles. SIGNAGE RULE: premium clean research lab only. No safety placards, no industrial alert graphics, no trefoil icons, no striped floor tape, no danger banners. Do not print alert words on walls, floors, labels, or posters. Only neutral room names and product typography.",Captions MUST be only about Selank (V-SEL-001) and https://www.palmbeach-vitality.store/products/selank.,Active,140,,140,Funny,Beach & Ocean
LI-141,vid_gen_landscape_scenes,16:9,vial_10ml_scene,LI-141 — Beach & Ocean — Sermorelin,A slim silver-capped peptide bottle underwater with slow-moving currents and light rays cutting through,"16:9 landscape cinematic framing, deep environmental context",Dramatic mood lighting,"10mL sterile injectable-style glass vial of Sermorelin with rubber stopper + aluminum crimp seal (NEVER black twist/screw cap); mid-ground in scene, not extreme macro","10mL sterile injectable-style glass vial with rubber stopper and aluminum crimp seal (NOT screw-cap, NOT black twist cap)",V-SER-001,Sermorelin,https://www.palmbeach-vitality.store/products/sermorelin,"LANDSCAPE SCENE (16:9) for workflow vid_gen_landscape_scenes. Source visual+motion: A slim silver-capped peptide bottle underwater with slow-moving currents and light rays cutting through, with the entire bottle briefly becoming translucent then solid again. Subtle particle systems (dust, pollen, mist) interact gracefully with the vial. Vibe: Dramatic. Theme: Beach & Ocean. Product lock: Sermorelin (V-SER-001). Form: 10mL sterile injectable-style glass vial with rubber stopper and aluminum crimp seal (NOT screw-cap, NOT black twist cap). Camera: 16:9 landscape cinematic framing, deep environmental context. Keep product as part of a full environmental scene — not an isolated void packshot. VIAL SPEC: 10mL sterile injectable-style clear glass vial, rubber stopper + aluminum crimp seal only. FORBIDDEN: black twist caps, screw caps, dropper bottles. SIGNAGE RULE: premium clean research lab only. No safety placards, no industrial alert graphics, no trefoil icons, no striped floor tape, no danger banners. Do not print alert words on walls, floors, labels, or posters. Only neutral room names and product typography.",Captions MUST be only about Sermorelin (V-SER-001) and https://www.palmbeach-vitality.store/products/sermorelin.,Active,141,,141,Dramatic,Beach & Ocean
LI-142,vid_gen_landscape_scenes,16:9,pen_3ml_scene,LI-142 — Nature Regeneration — 5-Amino-1MQ,A matte-black peptide pen on a scale platform that tips slightly toward the lighter side,"16:9 landscape cinematic framing, deep environmental context",Cool mood lighting,"3mL research dosage pen of 5-Amino-1MQ as mid-ground hero in the scene (not extreme macro; no injection act, no people)",3mL pre-filled research dosage pen,P-5AM-001,5-Amino-1MQ,https://www.palmbeach-vitality.store/products/5-amino-mq-pen,"LANDSCAPE SCENE (16:9) for workflow vid_gen_landscape_scenes. Source visual+motion: A matte-black peptide pen on a scale platform that tips slightly toward the lighter side, as microscopic bubbles form, rise, and vanish in elegant patterns. A gentle breeze moves surrounding elements without disturbing the product. Vibe: Cool. Theme: Nature Regeneration. Product lock: 5-Amino-1MQ (P-5AM-001). Form: 3mL pre-filled research dosage pen. Camera: 16:9 landscape cinematic framing, deep environmental context. Keep product as part of a full environmental scene — not an isolated void packshot. PEN SPEC: 3mL pre-filled research dosage pen. No injection act, no people, no needles in use. SIGNAGE RULE: premium clean research lab only. No safety placards, no industrial alert graphics, no trefoil icons, no striped floor tape, no danger banners. Do not print alert words on walls, floors, labels, or posters. Only neutral room names and product typography.",Captions MUST be only about 5-Amino-1MQ (P-5AM-001) and https://www.palmbeach-vitality.store/products/5-amino-mq-pen.,Active,142,,142,Cool,Nature Regeneration
LI-143,vid_gen_landscape_scenes,16:9,vial_10ml_scene,LI-143 — Nature Regeneration — SS-31,A glowing amber wellness vial on a cracked stone surface that seals and smooths itself,"16:9 landscape cinematic framing, deep environmental context",Cool mood lighting,"10mL sterile injectable-style glass vial of SS-31 with rubber stopper + aluminum crimp seal (NEVER black twist/screw cap); mid-ground in scene, not extreme macro","10mL sterile injectable-style glass vial with rubber stopper and aluminum crimp seal (NOT screw-cap, NOT black twist cap)",V-SS3-001,SS-31,https://www.palmbeach-vitality.store/products/ss-31,"LANDSCAPE SCENE (16:9) for workflow vid_gen_landscape_scenes. Source visual+motion: A glowing amber wellness vial on a cracked stone surface that seals and smooths itself, as microscopic bubbles form, rise, and vanish in elegant patterns. Extreme slow-motion emphasizes every micro-movement of liquid and light. Vibe: Cool. Theme: Nature Regeneration. Product lock: SS-31 (V-SS3-001). Form: 10mL sterile injectable-style glass vial with rubber stopper and aluminum crimp seal (NOT screw-cap, NOT black twist cap). Camera: 16:9 landscape cinematic framing, deep environmental context. Keep product as part of a full environmental scene — not an isolated void packshot. VIAL SPEC: 10mL sterile injectable-style clear glass vial, rubber stopper + aluminum crimp seal only. FORBIDDEN: black twist caps, screw caps, dropper bottles. SIGNAGE RULE: premium clean research lab only. No safety placards, no industrial alert graphics, no trefoil icons, no striped floor tape, no danger banners. Do not print alert words on walls, floors, labels, or posters. Only neutral room names and product typography.",Captions MUST be only about SS-31 (V-SS3-001) and https://www.palmbeach-vitality.store/products/ss-31.,Active,143,,143,Cool,Nature Regeneration
LI-144,vid_gen_landscape_scenes,16:9,vial_10ml_scene,LI-144 — Stacks & Synergy — TB-500,A frosted glass bottle of cellular support beside a single candle whose flame burns taller and cleaner,"16:9 landscape cinematic framing, deep environmental context",Dramatic mood lighting,"10mL sterile injectable-style glass vial of TB-500 with rubber stopper + aluminum crimp seal (NEVER black twist/screw cap); mid-ground in scene, not extreme macro","10mL sterile injectable-style glass vial with rubber stopper and aluminum crimp seal (NOT screw-cap, NOT black twist cap)",V-TB5-001,TB-500,https://www.palmbeach-vitality.store/products/tb-500,"LANDSCAPE SCENE (16:9) for workflow vid_gen_landscape_scenes. Source visual+motion: A frosted glass bottle of cellular support beside a single candle whose flame burns taller and cleaner, while surrounding water freezes in elegant crystals then melts cleanly. Subtle particle systems (dust, pollen, mist) interact gracefully with the vial. Vibe: Dramatic. Theme: Stacks & Synergy. Product lock: TB-500 (V-TB5-001). Form: 10mL sterile injectable-style glass vial with rubber stopper and aluminum crimp seal (NOT screw-cap, NOT black twist cap). Camera: 16:9 landscape cinematic framing, deep environmental context. Keep product as part of a full environmental scene — not an isolated void packshot. VIAL SPEC: 10mL sterile injectable-style clear glass vial, rubber stopper + aluminum crimp seal only. FORBIDDEN: black twist caps, screw caps, dropper bottles. SIGNAGE RULE: premium clean research lab only. No safety placards, no industrial alert graphics, no trefoil icons, no striped floor tape, no danger banners. Do not print alert words on walls, floors, labels, or posters. Only neutral room names and product typography.",Captions MUST be only about TB-500 (V-TB5-001) and https://www.palmbeach-vitality.store/products/tb-500.,Active,144,,144,Dramatic,Stacks & Synergy
LI-145,vid_gen_landscape_scenes,16:9,vial_10ml_scene,LI-145 — Stacks & Synergy — Tesamorelin,A pure white ceramic-capped vial underwater with slow-moving currents and light rays cutting through,"16:9 landscape cinematic framing, deep environmental context",Fun mood lighting,"10mL sterile injectable-style glass vial of Tesamorelin with rubber stopper + aluminum crimp seal (NEVER black twist/screw cap); mid-ground in scene, not extreme macro","10mL sterile injectable-style glass vial with rubber stopper and aluminum crimp seal (NOT screw-cap, NOT black twist cap)",V-TES-001,Tesamorelin,https://www.palmbeach-vitality.store/products/tesamorelin,"LANDSCAPE SCENE (16:9) for workflow vid_gen_landscape_scenes. Source visual+motion: A pure white ceramic-capped vial underwater with slow-moving currents and light rays cutting through, while a much larger empty bottle tips over dramatically and the small one stays still. The environment feels charged, as if responding to the product's presence. Vibe: Fun. Theme: Stacks & Synergy. Product lock: Tesamorelin (V-TES-001). Form: 10mL sterile injectable-style glass vial with rubber stopper and aluminum crimp seal (NOT screw-cap, NOT black twist cap). Camera: 16:9 landscape cinematic framing, deep environmental context. Keep product as part of a full environmental scene — not an isolated void packshot. VIAL SPEC: 10mL sterile injectable-style clear glass vial, rubber stopper + aluminum crimp seal only. FORBIDDEN: black twist caps, screw caps, dropper bottles. SIGNAGE RULE: premium clean research lab only. No safety placards, no industrial alert graphics, no trefoil icons, no striped floor tape, no danger banners. Do not print alert words on walls, floors, labels, or posters. Only neutral room names and product typography.",Captions MUST be only about Tesamorelin (V-TES-001) and https://www.palmbeach-vitality.store/products/tesamorelin.,Active,145,,145,Fun,Stacks & Synergy
LI-146,vid_gen_landscape_scenes,16:9,pen_3ml_scene,LI-146 — Longevity & Anti-Aging — BPC-157 / TB-500 / GHK-Cu,A matte-black peptide pen floating just above a still black lake with perfect reflection,"16:9 landscape cinematic framing, deep environmental context",Fun mood lighting,"3mL research dosage pen of BPC-157 / TB-500 / GHK-Cu as mid-ground hero in the scene (not extreme macro; no injection act, no people)",3mL pre-filled research dosage pen,P-GLO-001,BPC-157 / TB-500 / GHK-Cu,https://www.palmbeach-vitality.store/products/glow-pen,"LANDSCAPE SCENE (16:9) for workflow vid_gen_landscape_scenes. Source visual+motion: A matte-black peptide pen floating just above a still black lake with perfect reflection, with the entire bottle briefly becoming translucent then solid again. The scene has a quiet, almost sacred stillness interrupted only by intentional motion. Vibe: Fun. Theme: Longevity & Anti-Aging. Product lock: BPC-157 / TB-500 / GHK-Cu (P-GLO-001). Form: 3mL pre-filled research dosage pen. Camera: 16:9 landscape cinematic framing, deep environmental context. Keep product as part of a full environmental scene — not an isolated void packshot. PEN SPEC: 3mL pre-filled research dosage pen. No injection act, no people, no needles in use. SIGNAGE RULE: premium clean research lab only. No safety placards, no industrial alert graphics, no trefoil icons, no striped floor tape, no danger banners. Do not print alert words on walls, floors, labels, or posters. Only neutral room names and product typography.",Captions MUST be only about BPC-157 / TB-500 / GHK-Cu (P-GLO-001) and https://www.palmbeach-vitality.store/products/glow-pen.,Active,146,,146,Fun,Longevity & Anti-Aging
LI-147,vid_gen_landscape_scenes,16:9,vial_10ml_scene,LI-147 — Beach & Ocean — BPC-157,A glowing amber wellness vial floating upright in a clear tide pool while tiny fish dart past,"16:9 landscape cinematic framing, deep environmental context",Funny mood lighting,"10mL sterile injectable-style glass vial of BPC-157 with rubber stopper + aluminum crimp seal (NEVER black twist/screw cap); mid-ground in scene, not extreme macro","10mL sterile injectable-style glass vial with rubber stopper and aluminum crimp seal (NOT screw-cap, NOT black twist cap)",V-BPC-001,BPC-157,https://www.palmbeach-vitality.store/products/bpc-157,"LANDSCAPE SCENE (16:9) for workflow vid_gen_landscape_scenes. Source visual+motion: A glowing amber wellness vial floating upright in a clear tide pool while tiny fish dart past, as the bottle appears to 'surf' a wave of foam across a dark surface. Subtle particle systems (dust, pollen, mist) interact gracefully with the vial. Vibe: Funny. Theme: Beach & Ocean. Product lock: BPC-157 (V-BPC-001). Form: 10mL sterile injectable-style glass vial with rubber stopper and aluminum crimp seal (NOT screw-cap, NOT black twist cap). Camera: 16:9 landscape cinematic framing, deep environmental context. Keep product as part of a full environmental scene — not an isolated void packshot. VIAL SPEC: 10mL sterile injectable-style clear glass vial, rubber stopper + aluminum crimp seal only. FORBIDDEN: black twist caps, screw caps, dropper bottles. SIGNAGE RULE: premium clean research lab only. No safety placards, no industrial alert graphics, no trefoil icons, no striped floor tape, no danger banners. Do not print alert words on walls, floors, labels, or posters. Only neutral room names and product typography.",Captions MUST be only about BPC-157 (V-BPC-001) and https://www.palmbeach-vitality.store/products/bpc-157.,Active,147,,147,Funny,Beach & Ocean
LI-148,vid_gen_landscape_scenes,16:9,lab_scene,LI-148 — Beach & Ocean — BPC-157,A slim silver-capped peptide bottle floating upright in a clear tide pool while tiny fish dart past,"16:9 landscape cinematic framing, deep environmental context",Fun mood lighting,scene product lock via typography / subtle mid-ground research material; no extreme close-up packshot,,P-BPC-001,BPC-157,https://www.palmbeach-vitality.store/products/bpc-157-pen,"LANDSCAPE SCENE (16:9) for workflow vid_gen_landscape_scenes. Source visual+motion: A slim silver-capped peptide bottle floating upright in a clear tide pool while tiny fish dart past, leaning almost to the point of tipping then correcting itself. Reflections and refractions in the glass create secondary visual interest. Vibe: Fun. Theme: Beach & Ocean. Product lock: BPC-157 (P-BPC-001). Form: research catalog material. Camera: 16:9 landscape cinematic framing, deep environmental context. Keep product as part of a full environmental scene — not an isolated void packshot. SIGNAGE RULE: premium clean research lab only. No safety placards, no industrial alert graphics, no trefoil icons, no striped floor tape, no danger banners. Do not print alert words on walls, floors, labels, or posters. Only neutral room names and product typography.",Captions MUST be only about BPC-157 (P-BPC-001) and https://www.palmbeach-vitality.store/products/bpc-157-pen.,Active,148,,148,Fun,Beach & Ocean
LI-149,vid_gen_landscape_scenes,16:9,vial_10ml_scene,LI-149 — Beach & Ocean — BPC-157 / TB-500,A minimalist wellness bottle in a desert landscape of fine sand with heat shimmer rising,"16:9 landscape cinematic framing, deep environmental context",Dramatic mood lighting,"10mL sterile injectable-style glass vial of BPC-157 / TB-500 with rubber stopper + aluminum crimp seal (NEVER black twist/screw cap); mid-ground in scene, not extreme macro","10mL sterile injectable-style glass vial with rubber stopper and aluminum crimp seal (NOT screw-cap, NOT black twist cap)",V-WOL-001,BPC-157 / TB-500,https://www.palmbeach-vitality.store/products/wolverine-stack,"LANDSCAPE SCENE (16:9) for workflow vid_gen_landscape_scenes. Source visual+motion: A minimalist wellness bottle in a desert landscape of fine sand with heat shimmer rising, as one central vial remains still while others orbit it in slow motion. Golden hour light slides across the surface creating long lens flares. Vibe: Dramatic. Theme: Beach & Ocean. Product lock: BPC-157 / TB-500 (V-WOL-001). Form: 10mL sterile injectable-style glass vial with rubber stopper and aluminum crimp seal (NOT screw-cap, NOT black twist cap). Camera: 16:9 landscape cinematic framing, deep environmental context. Keep product as part of a full environmental scene — not an isolated void packshot. VIAL SPEC: 10mL sterile injectable-style clear glass vial, rubber stopper + aluminum crimp seal only. FORBIDDEN: black twist caps, screw caps, dropper bottles. SIGNAGE RULE: premium clean research lab only. No safety placards, no industrial alert graphics, no trefoil icons, no striped floor tape, no danger banners. Do not print alert words on walls, floors, labels, or posters. Only neutral room names and product typography.",Captions MUST be only about BPC-157 / TB-500 (V-WOL-001) and https://www.palmbeach-vitality.store/products/wolverine-stack.,Active,149,,149,Dramatic,Beach & Ocean
LI-150,vid_gen_landscape_scenes,16:9,vial_10ml_scene,LI-150 — Beach & Ocean — Cagrilinitide,A crystal-clear recovery vial half-buried in fine sand until a soft breeze fully reveals it,"16:9 landscape cinematic framing, deep environmental context",Funny mood lighting,"10mL sterile injectable-style glass vial of Cagrilinitide with rubber stopper + aluminum crimp seal (NEVER black twist/screw cap); mid-ground in scene, not extreme macro","10mL sterile injectable-style glass vial with rubber stopper and aluminum crimp seal (NOT screw-cap, NOT black twist cap)",V-CAG-001,Cagrilinitide,https://www.palmbeach-vitality.store/products/cargrilinitide,"LANDSCAPE SCENE (16:9) for workflow vid_gen_landscape_scenes. Source visual+motion: A crystal-clear recovery vial half-buried in fine sand until a soft breeze fully reveals it, with the bottle standing firm as a small wave repeatedly tries and fails to knock it over. Extreme slow-motion emphasizes every micro-movement of liquid and light. Vibe: Funny. Theme: Beach & Ocean. Product lock: Cagrilinitide (V-CAG-001). Form: 10mL sterile injectable-style glass vial with rubber stopper and aluminum crimp seal (NOT screw-cap, NOT black twist cap). Camera: 16:9 landscape cinematic framing, deep environmental context. Keep product as part of a full environmental scene — not an isolated void packshot. VIAL SPEC: 10mL sterile injectable-style clear glass vial, rubber stopper + aluminum crimp seal only. FORBIDDEN: black twist caps, screw caps, dropper bottles. SIGNAGE RULE: premium clean research lab only. No safety placards, no industrial alert graphics, no trefoil icons, no striped floor tape, no danger banners. Do not print alert words on walls, floors, labels, or posters. Only neutral room names and product typography.",Captions MUST be only about Cagrilinitide (V-CAG-001) and https://www.palmbeach-vitality.store/products/cargrilinitide.,Active,150,,150,Funny,Beach & Ocean
LI-151,vid_gen_landscape_scenes,16:9,lab_scene,LI-151 — Stacks & Synergy — BPC-157 / TB-500,A minimalist wellness bottle on a cracked stone surface that seals and smooths itself,"16:9 landscape cinematic framing, deep environmental context",Funny mood lighting,scene product lock via typography / subtle mid-ground research material; no extreme close-up packshot,,P-WOL-001,BPC-157 / TB-500,https://www.palmbeach-vitality.store/products/wolverine-pen,"LANDSCAPE SCENE (16:9) for workflow vid_gen_landscape_scenes. Source visual+motion: A minimalist wellness bottle on a cracked stone surface that seals and smooths itself, while the glass surface briefly shows flowing molecular structures then clears. Deep contrast between the sharp product and soft, dreamy background. Vibe: Funny. Theme: Stacks & Synergy. Product lock: BPC-157 / TB-500 (P-WOL-001). Form: research catalog material. Camera: 16:9 landscape cinematic framing, deep environmental context. Keep product as part of a full environmental scene — not an isolated void packshot. SIGNAGE RULE: premium clean research lab only. No safety placards, no industrial alert graphics, no trefoil icons, no striped floor tape, no danger banners. Do not print alert words on walls, floors, labels, or posters. Only neutral room names and product typography.",Captions MUST be only about BPC-157 / TB-500 (P-WOL-001) and https://www.palmbeach-vitality.store/products/wolverine-pen.,Active,151,,151,Funny,Stacks & Synergy
LI-152,vid_gen_landscape_scenes,16:9,vial_10ml_scene,LI-152 — Beach & Ocean — CJC (no DAC),A high-clarity research-grade vial half-buried in fine sand until a soft breeze fully reveals it,"16:9 landscape cinematic framing, deep environmental context",Dramatic mood lighting,"10mL sterile injectable-style glass vial of CJC (no DAC) with rubber stopper + aluminum crimp seal (NEVER black twist/screw cap); mid-ground in scene, not extreme macro","10mL sterile injectable-style glass vial with rubber stopper and aluminum crimp seal (NOT screw-cap, NOT black twist cap)",V-CJC-001,CJC (no DAC),https://www.palmbeach-vitality.store/products/cjc,"LANDSCAPE SCENE (16:9) for workflow vid_gen_landscape_scenes. Source visual+motion: A high-clarity research-grade vial half-buried in fine sand until a soft breeze fully reveals it, with the entire bottle briefly becoming translucent then solid again. Extreme slow-motion emphasizes every micro-movement of liquid and light. Vibe: Dramatic. Theme: Beach & Ocean. Product lock: CJC (no DAC) (V-CJC-001). Form: 10mL sterile injectable-style glass vial with rubber stopper and aluminum crimp seal (NOT screw-cap, NOT black twist cap). Camera: 16:9 landscape cinematic framing, deep environmental context. Keep product as part of a full environmental scene — not an isolated void packshot. VIAL SPEC: 10mL sterile injectable-style clear glass vial, rubber stopper + aluminum crimp seal only. FORBIDDEN: black twist caps, screw caps, dropper bottles. SIGNAGE RULE: premium clean research lab only. No safety placards, no industrial alert graphics, no trefoil icons, no striped floor tape, no danger banners. Do not print alert words on walls, floors, labels, or posters. Only neutral room names and product typography.",Captions MUST be only about CJC (no DAC) (V-CJC-001) and https://www.palmbeach-vitality.store/products/cjc.,Active,152,,152,Dramatic,Beach & Ocean
LI-153,vid_gen_landscape_scenes,16:9,vial_10ml_scene,LI-153 — Nature Regeneration — CJC (no DAC)/Ipamorelin,A minimalist wellness bottle amidst floating dandelion seeds that orbit then settle,"16:9 landscape cinematic framing, deep environmental context",Funny mood lighting,"10mL sterile injectable-style glass vial of CJC (no DAC)/Ipamorelin with rubber stopper + aluminum crimp seal (NEVER black twist/screw cap); mid-ground in scene, not extreme macro","10mL sterile injectable-style glass vial with rubber stopper and aluminum crimp seal (NOT screw-cap, NOT black twist cap)",V-CII-001,CJC (no DAC)/Ipamorelin,https://www.palmbeach-vitality.store/products/cjc-ipamorelin,"LANDSCAPE SCENE (16:9) for workflow vid_gen_landscape_scenes. Source visual+motion: A minimalist wellness bottle amidst floating dandelion seeds that orbit then settle, with the liquid surface forming perfect concentric circles from an invisible impact. Subtle particle systems (dust, pollen, mist) interact gracefully with the vial. Vibe: Funny. Theme: Nature Regeneration. Product lock: CJC (no DAC)/Ipamorelin (V-CII-001). Form: 10mL sterile injectable-style glass vial with rubber stopper and aluminum crimp seal (NOT screw-cap, NOT black twist cap). Camera: 16:9 landscape cinematic framing, deep environmental context. Keep product as part of a full environmental scene — not an isolated void packshot. VIAL SPEC: 10mL sterile injectable-style clear glass vial, rubber stopper + aluminum crimp seal only. FORBIDDEN: black twist caps, screw caps, dropper bottles. SIGNAGE RULE: premium clean research lab only. No safety placards, no industrial alert graphics, no trefoil icons, no striped floor tape, no danger banners. Do not print alert words on walls, floors, labels, or posters. Only neutral room names and product typography.",Captions MUST be only about CJC (no DAC)/Ipamorelin (V-CII-001) and https://www.palmbeach-vitality.store/products/cjc-ipamorelin.,Active,153,,153,Funny,Nature Regeneration
LI-154,vid_gen_landscape_scenes,16:9,vial_10ml_scene,LI-154 — Abstract Cellular — GHK-Cu,A sleek glass peptide vial beside a deflated balloon that slowly reinflates to full shape,"16:9 landscape cinematic framing, deep environmental context",Fun mood lighting,"10mL sterile injectable-style glass vial of GHK-Cu with rubber stopper + aluminum crimp seal (NEVER black twist/screw cap); mid-ground in scene, not extreme macro","10mL sterile injectable-style glass vial with rubber stopper and aluminum crimp seal (NOT screw-cap, NOT black twist cap)",V-GHK-001,GHK-Cu,https://www.palmbeach-vitality.store/products/ghk-cu,"LANDSCAPE SCENE (16:9) for workflow vid_gen_landscape_scenes. Source visual+motion: A sleek glass peptide vial beside a deflated balloon that slowly reinflates to full shape, as hundreds of tiny light points stream into it from all directions. Extreme slow-motion emphasizes every micro-movement of liquid and light. Vibe: Fun. Theme: Abstract Cellular. Product lock: GHK-Cu (V-GHK-001). Form: 10mL sterile injectable-style glass vial with rubber stopper and aluminum crimp seal (NOT screw-cap, NOT black twist cap). Camera: 16:9 landscape cinematic framing, deep environmental context. Keep product as part of a full environmental scene — not an isolated void packshot. VIAL SPEC: 10mL sterile injectable-style clear glass vial, rubber stopper + aluminum crimp seal only. FORBIDDEN: black twist caps, screw caps, dropper bottles. SIGNAGE RULE: premium clean research lab only. No safety placards, no industrial alert graphics, no trefoil icons, no striped floor tape, no danger banners. Do not print alert words on walls, floors, labels, or posters. Only neutral room names and product typography.",Captions MUST be only about GHK-Cu (V-GHK-001) and https://www.palmbeach-vitality.store/products/ghk-cu.,Active,154,,154,Fun,Abstract Cellular
LI-155,vid_gen_landscape_scenes,16:9,vial_10ml_scene,LI-155 — Abstract Cellular — BPC-157 / TB-500 / GHK-Cu,A crystal-clear recovery vial against a background that shifts from deep ocean blue to electric violet,"16:9 landscape cinematic framing, deep environmental context",Cool mood lighting,"10mL sterile injectable-style glass vial of BPC-157 / TB-500 / GHK-Cu with rubber stopper + aluminum crimp seal (NEVER black twist/screw cap); mid-ground in scene, not extreme macro","10mL sterile injectable-style glass vial with rubber stopper and aluminum crimp seal (NOT screw-cap, NOT black twist cap)",V-GLO-001,BPC-157 / TB-500 / GHK-Cu,https://www.palmbeach-vitality.store/products/glow,"LANDSCAPE SCENE (16:9) for workflow vid_gen_landscape_scenes. Source visual+motion: A crystal-clear recovery vial against a background that shifts from deep ocean blue to electric violet, with a soft energy field of particles forming a protective sphere around it. Deep contrast between the sharp product and soft, dreamy background. Vibe: Cool. Theme: Abstract Cellular. Product lock: BPC-157 / TB-500 / GHK-Cu (V-GLO-001). Form: 10mL sterile injectable-style glass vial with rubber stopper and aluminum crimp seal (NOT screw-cap, NOT black twist cap). Camera: 16:9 landscape cinematic framing, deep environmental context. Keep product as part of a full environmental scene — not an isolated void packshot. VIAL SPEC: 10mL sterile injectable-style clear glass vial, rubber stopper + aluminum crimp seal only. FORBIDDEN: black twist caps, screw caps, dropper bottles. SIGNAGE RULE: premium clean research lab only. No safety placards, no industrial alert graphics, no trefoil icons, no striped floor tape, no danger banners. Do not print alert words on walls, floors, labels, or posters. Only neutral room names and product typography.",Captions MUST be only about BPC-157 / TB-500 / GHK-Cu (V-GLO-001) and https://www.palmbeach-vitality.store/products/glow.,Active,155,,155,Cool,Abstract Cellular
LI-156,vid_gen_landscape_scenes,16:9,vial_10ml_scene,LI-156 — Abstract Cellular — Thymosin Alpha-1,A high-clarity research-grade vial next to a fading photograph that regains color and sharpness,"16:9 landscape cinematic framing, deep environmental context",Cool mood lighting,"10mL sterile injectable-style glass vial of Thymosin Alpha-1 with rubber stopper + aluminum crimp seal (NEVER black twist/screw cap); mid-ground in scene, not extreme macro","10mL sterile injectable-style glass vial with rubber stopper and aluminum crimp seal (NOT screw-cap, NOT black twist cap)",V-TA1-001,Thymosin Alpha-1,https://www.palmbeach-vitality.store/products/ta-1,"LANDSCAPE SCENE (16:9) for workflow vid_gen_landscape_scenes. Source visual+motion: A high-clarity research-grade vial next to a fading photograph that regains color and sharpness, with fine gold leaf or particles adhering then releasing in slow motion. Time-lapse growth and repair happens in the periphery only. Vibe: Cool. Theme: Abstract Cellular. Product lock: Thymosin Alpha-1 (V-TA1-001). Form: 10mL sterile injectable-style glass vial with rubber stopper and aluminum crimp seal (NOT screw-cap, NOT black twist cap). Camera: 16:9 landscape cinematic framing, deep environmental context. Keep product as part of a full environmental scene — not an isolated void packshot. VIAL SPEC: 10mL sterile injectable-style clear glass vial, rubber stopper + aluminum crimp seal only. FORBIDDEN: black twist caps, screw caps, dropper bottles. SIGNAGE RULE: premium clean research lab only. No safety placards, no industrial alert graphics, no trefoil icons, no striped floor tape, no danger banners. Do not print alert words on walls, floors, labels, or posters. Only neutral room names and product typography.",Captions MUST be only about Thymosin Alpha-1 (V-TA1-001) and https://www.palmbeach-vitality.store/products/ta-1.,Active,156,,156,Cool,Abstract Cellular
LI-157,vid_gen_landscape_scenes,16:9,vial_10ml_scene,LI-157 — Recovery & Healing — AOD-9604,A slim silver-capped peptide bottle in a field of tall grass that parts and sways around it,"16:9 landscape cinematic framing, deep environmental context",Fun mood lighting,"10mL sterile injectable-style glass vial of AOD-9604 with rubber stopper + aluminum crimp seal (NEVER black twist/screw cap); mid-ground in scene, not extreme macro","10mL sterile injectable-style glass vial with rubber stopper and aluminum crimp seal (NOT screw-cap, NOT black twist cap)",V-AOD-001,AOD-9604,https://www.palmbeach-vitality.store/products/aod-9604,"LANDSCAPE SCENE (16:9) for workflow vid_gen_landscape_scenes. Source visual+motion: A slim silver-capped peptide bottle in a field of tall grass that parts and sways around it, while fine mist rises from the surface in elegant swirls. Subtle particle systems (dust, pollen, mist) interact gracefully with the vial. Vibe: Fun. Theme: Recovery & Healing. Product lock: AOD-9604 (V-AOD-001). Form: 10mL sterile injectable-style glass vial with rubber stopper and aluminum crimp seal (NOT screw-cap, NOT black twist cap). Camera: 16:9 landscape cinematic framing, deep environmental context. Keep product as part of a full environmental scene — not an isolated void packshot. VIAL SPEC: 10mL sterile injectable-style clear glass vial, rubber stopper + aluminum crimp seal only. FORBIDDEN: black twist caps, screw caps, dropper bottles. SIGNAGE RULE: premium clean research lab only. No safety placards, no industrial alert graphics, no trefoil icons, no striped floor tape, no danger banners. Do not print alert words on walls, floors, labels, or posters. Only neutral room names and product typography.",Captions MUST be only about AOD-9604 (V-AOD-001) and https://www.palmbeach-vitality.store/products/aod-9604.,Active,157,,157,Fun,Recovery & Healing
LI-158,vid_gen_landscape_scenes,16:9,lab_scene,LI-158 — Stacks & Synergy — CJC (no DAC)/Ipamorelin,A frosted glass bottle of cellular support on a bed of white salt crystals that slowly rearrange,"16:9 landscape cinematic framing, deep environmental context",Fun mood lighting,scene product lock via typography / subtle mid-ground research material; no extreme close-up packshot,,P-CII-001,CJC (no DAC)/Ipamorelin,https://www.palmbeach-vitality.store/products/cjc-ipamorelin-1,"LANDSCAPE SCENE (16:9) for workflow vid_gen_landscape_scenes. Source visual+motion: A frosted glass bottle of cellular support on a bed of white salt crystals that slowly rearrange, while the glass surface briefly shows flowing molecular structures then clears. A gentle breeze moves surrounding elements without disturbing the product. Vibe: Fun. Theme: Stacks & Synergy. Product lock: CJC (no DAC)/Ipamorelin (P-CII-001). Form: research catalog material. Camera: 16:9 landscape cinematic framing, deep environmental context. Keep product as part of a full environmental scene — not an isolated void packshot. SIGNAGE RULE: premium clean research lab only. No safety placards, no industrial alert graphics, no trefoil icons, no striped floor tape, no danger banners. Do not print alert words on walls, floors, labels, or posters. Only neutral room names and product typography.",Captions MUST be only about CJC (no DAC)/Ipamorelin (P-CII-001) and https://www.palmbeach-vitality.store/products/cjc-ipamorelin-1.,Active,158,,158,Fun,Stacks & Synergy
LI-159,vid_gen_landscape_scenes,16:9,vial_10ml_scene,LI-159 — Nature Regeneration — Melanotan 2,A high-clarity research-grade vial on a kitchen counter as a stick of butter softens and fruit brightens nearby,"16:9 landscape cinematic framing, deep environmental context",Fun mood lighting,"10mL sterile injectable-style glass vial of Melanotan 2 with rubber stopper + aluminum crimp seal (NEVER black twist/screw cap); mid-ground in scene, not extreme macro","10mL sterile injectable-style glass vial with rubber stopper and aluminum crimp seal (NOT screw-cap, NOT black twist cap)",V-MT2-001,Melanotan 2,https://www.palmbeach-vitality.store/products/melonotan,"LANDSCAPE SCENE (16:9) for workflow vid_gen_landscape_scenes. Source visual+motion: A high-clarity research-grade vial on a kitchen counter as a stick of butter softens and fruit brightens nearby, with three vials arranged in a triangle and soft light circulating between them like a circuit. Extreme slow-motion emphasizes every micro-movement of liquid and light. Vibe: Fun. Theme: Nature Regeneration. Product lock: Melanotan 2 (V-MT2-001). Form: 10mL sterile injectable-style glass vial with rubber stopper and aluminum crimp seal (NOT screw-cap, NOT black twist cap). Camera: 16:9 landscape cinematic framing, deep environmental context. Keep product as part of a full environmental scene — not an isolated void packshot. VIAL SPEC: 10mL sterile injectable-style clear glass vial, rubber stopper + aluminum crimp seal only. FORBIDDEN: black twist caps, screw caps, dropper bottles. SIGNAGE RULE: premium clean research lab only. No safety placards, no industrial alert graphics, no trefoil icons, no striped floor tape, no danger banners. Do not print alert words on walls, floors, labels, or posters. Only neutral room names and product typography.",Captions MUST be only about Melanotan 2 (V-MT2-001) and https://www.palmbeach-vitality.store/products/melonotan.,Active,159,,159,Fun,Nature Regeneration
LI-160,vid_gen_landscape_scenes,16:9,pen_3ml_scene,LI-160 — Beach & Ocean — SS-31,A matte-black peptide pen next to a fading photograph that regains color and sharpness,"16:9 landscape cinematic framing, deep environmental context",Dramatic mood lighting,"3mL research dosage pen of SS-31 as mid-ground hero in the scene (not extreme macro; no injection act, no people)",3mL pre-filled research dosage pen,P-SS3-001,SS-31,https://www.palmbeach-vitality.store/products/ss-31-pen,"LANDSCAPE SCENE (16:9) for workflow vid_gen_landscape_scenes. Source visual+motion: A matte-black peptide pen next to a fading photograph that regains color and sharpness, with the bottle standing firm as a small wave repeatedly tries and fails to knock it over. Soft volumetric god-rays cut through the scene. Vibe: Dramatic. Theme: Beach & Ocean. Product lock: SS-31 (P-SS3-001). Form: 3mL pre-filled research dosage pen. Camera: 16:9 landscape cinematic framing, deep environmental context. Keep product as part of a full environmental scene — not an isolated void packshot. PEN SPEC: 3mL pre-filled research dosage pen. No injection act, no people, no needles in use. SIGNAGE RULE: premium clean research lab only. No safety placards, no industrial alert graphics, no trefoil icons, no striped floor tape, no danger banners. Do not print alert words on walls, floors, labels, or posters. Only neutral room names and product typography.",Captions MUST be only about SS-31 (P-SS3-001) and https://www.palmbeach-vitality.store/products/ss-31-pen.,Active,160,,160,Dramatic,Beach & Ocean
LI-161,vid_gen_landscape_scenes,16:9,vial_10ml_scene,LI-161 — Nature Regeneration — Retatrutide,A high-clarity research-grade vial next to a torn leaf that stitches itself back together fiber by fiber,"16:9 landscape cinematic framing, deep environmental context",Funny mood lighting,"10mL sterile injectable-style glass vial of Retatrutide with rubber stopper + aluminum crimp seal (NEVER black twist/screw cap); mid-ground in scene, not extreme macro","10mL sterile injectable-style glass vial with rubber stopper and aluminum crimp seal (NOT screw-cap, NOT black twist cap)",V-RET-001,Retatrutide,https://www.palmbeach-vitality.store/products/retatrutide,"LANDSCAPE SCENE (16:9) for workflow vid_gen_landscape_scenes. Source visual+motion: A high-clarity research-grade vial next to a torn leaf that stitches itself back together fiber by fiber, with the bottle slowly spinning faster then abruptly stopping in perfect frame. Extreme slow-motion emphasizes every micro-movement of liquid and light. Vibe: Funny. Theme: Nature Regeneration. Product lock: Retatrutide (V-RET-001). Form: 10mL sterile injectable-style glass vial with rubber stopper and aluminum crimp seal (NOT screw-cap, NOT black twist cap). Camera: 16:9 landscape cinematic framing, deep environmental context. Keep product as part of a full environmental scene — not an isolated void packshot. VIAL SPEC: 10mL sterile injectable-style clear glass vial, rubber stopper + aluminum crimp seal only. FORBIDDEN: black twist caps, screw caps, dropper bottles. SIGNAGE RULE: premium clean research lab only. No safety placards, no industrial alert graphics, no trefoil icons, no striped floor tape, no danger banners. Do not print alert words on walls, floors, labels, or posters. Only neutral room names and product typography.",Captions MUST be only about Retatrutide (V-RET-001) and https://www.palmbeach-vitality.store/products/retatrutide.,Active,161,,161,Funny,Nature Regeneration
LI-162,vid_gen_landscape_scenes,16:9,vial_10ml_scene,LI-162 — Recovery & Healing — Tirzepatide,A glowing amber wellness vial beside a melting ice cube that reforms into a perfect clear sphere,"16:9 landscape cinematic framing, deep environmental context",Cool mood lighting,"10mL sterile injectable-style glass vial of Tirzepatide with rubber stopper + aluminum crimp seal (NEVER black twist/screw cap); mid-ground in scene, not extreme macro","10mL sterile injectable-style glass vial with rubber stopper and aluminum crimp seal (NOT screw-cap, NOT black twist cap)",V-TIR-001,Tirzepatide,https://www.palmbeach-vitality.store/products/tirzepatide,"LANDSCAPE SCENE (16:9) for workflow vid_gen_landscape_scenes. Source visual+motion: A glowing amber wellness vial beside a melting ice cube that reforms into a perfect clear sphere, slowly rotating on its axis with liquid inside catching light. The scene has a quiet, almost sacred stillness interrupted only by intentional motion. Vibe: Cool. Theme: Recovery & Healing. Product lock: Tirzepatide (V-TIR-001). Form: 10mL sterile injectable-style glass vial with rubber stopper and aluminum crimp seal (NOT screw-cap, NOT black twist cap). Camera: 16:9 landscape cinematic framing, deep environmental context. Keep product as part of a full environmental scene — not an isolated void packshot. VIAL SPEC: 10mL sterile injectable-style clear glass vial, rubber stopper + aluminum crimp seal only. FORBIDDEN: black twist caps, screw caps, dropper bottles. SIGNAGE RULE: premium clean research lab only. No safety placards, no industrial alert graphics, no trefoil icons, no striped floor tape, no danger banners. Do not print alert words on walls, floors, labels, or posters. Only neutral room names and product typography.",Captions MUST be only about Tirzepatide (V-TIR-001) and https://www.palmbeach-vitality.store/products/tirzepatide.,Active,162,,162,Cool,Recovery & Healing
LI-163,vid_gen_landscape_scenes,16:9,lab_scene,LI-163 — Abstract Cellular — DSIP,A frosted glass bottle of cellular support on a circular platform of polished copper that warms with a soft glow,"16:9 landscape cinematic framing, deep environmental context",Dramatic mood lighting,scene product lock via typography / subtle mid-ground research material; no extreme close-up packshot,,P-DSI-001,DSIP,https://www.palmbeach-vitality.store/products/dsip-pen,"LANDSCAPE SCENE (16:9) for workflow vid_gen_landscape_scenes. Source visual+motion: A frosted glass bottle of cellular support on a circular platform of polished copper that warms with a soft glow, as surrounding particles are drawn inward like gravity. The scene has a quiet, almost sacred stillness interrupted only by intentional motion. Vibe: Dramatic. Theme: Abstract Cellular. Product lock: DSIP (P-DSI-001). Form: research catalog material. Camera: 16:9 landscape cinematic framing, deep environmental context. Keep product as part of a full environmental scene — not an isolated void packshot. SIGNAGE RULE: premium clean research lab only. No safety placards, no industrial alert graphics, no trefoil icons, no striped floor tape, no danger banners. Do not print alert words on walls, floors, labels, or posters. Only neutral room names and product typography.",Captions MUST be only about DSIP (P-DSI-001) and https://www.palmbeach-vitality.store/products/dsip-pen.,Active,163,,163,Dramatic,Abstract Cellular
LI-164,vid_gen_landscape_scenes,16:9,vial_10ml_scene,LI-164 — Stacks & Synergy — Semaglutide,A crystal-clear recovery vial in a field of tall grass that parts and sways around it,"16:9 landscape cinematic framing, deep environmental context",Funny mood lighting,"10mL sterile injectable-style glass vial of Semaglutide with rubber stopper + aluminum crimp seal (NEVER black twist/screw cap); mid-ground in scene, not extreme macro","10mL sterile injectable-style glass vial with rubber stopper and aluminum crimp seal (NOT screw-cap, NOT black twist cap)",V-SEM-001,Semaglutide,https://www.palmbeach-vitality.store/products/semaglutide,"LANDSCAPE SCENE (16:9) for workflow vid_gen_landscape_scenes. Source visual+motion: A crystal-clear recovery vial in a field of tall grass that parts and sways around it, with the liquid surface forming perfect concentric circles from an invisible impact. Golden hour light slides across the surface creating long lens flares. Vibe: Funny. Theme: Stacks & Synergy. Product lock: Semaglutide (V-SEM-001). Form: 10mL sterile injectable-style glass vial with rubber stopper and aluminum crimp seal (NOT screw-cap, NOT black twist cap). Camera: 16:9 landscape cinematic framing, deep environmental context. Keep product as part of a full environmental scene — not an isolated void packshot. VIAL SPEC: 10mL sterile injectable-style clear glass vial, rubber stopper + aluminum crimp seal only. FORBIDDEN: black twist caps, screw caps, dropper bottles. SIGNAGE RULE: premium clean research lab only. No safety placards, no industrial alert graphics, no trefoil icons, no striped floor tape, no danger banners. Do not print alert words on walls, floors, labels, or posters. Only neutral room names and product typography.",Captions MUST be only about Semaglutide (V-SEM-001) and https://www.palmbeach-vitality.store/products/semaglutide.,Active,164,,164,Funny,Stacks & Synergy
LI-165,vid_gen_landscape_scenes,16:9,vial_10ml_scene,LI-165 — Beach & Ocean — KPV / BPC-157 / TB-500 / GHK-Cu,A high-clarity research-grade vial beside an hourglass where the sand begins flowing upward,"16:9 landscape cinematic framing, deep environmental context",Funny mood lighting,"10mL sterile injectable-style glass vial of KPV / BPC-157 / TB-500 / GHK-Cu with rubber stopper + aluminum crimp seal (NEVER black twist/screw cap); mid-ground in scene, not extreme macro","10mL sterile injectable-style glass vial with rubber stopper and aluminum crimp seal (NOT screw-cap, NOT black twist cap)",V-KLO-001,KPV / BPC-157 / TB-500 / GHK-Cu,https://www.palmbeach-vitality.store/products/klow-kpv-bpc-157-tb-500-ghk,"LANDSCAPE SCENE (16:9) for workflow vid_gen_landscape_scenes. Source visual+motion: A high-clarity research-grade vial beside an hourglass where the sand begins flowing upward, leaning almost to the point of tipping then correcting itself. Soft volumetric god-rays cut through the scene. Vibe: Funny. Theme: Beach & Ocean. Product lock: KPV / BPC-157 / TB-500 / GHK-Cu (V-KLO-001). Form: 10mL sterile injectable-style glass vial with rubber stopper and aluminum crimp seal (NOT screw-cap, NOT black twist cap). Camera: 16:9 landscape cinematic framing, deep environmental context. Keep product as part of a full environmental scene — not an isolated void packshot. VIAL SPEC: 10mL sterile injectable-style clear glass vial, rubber stopper + aluminum crimp seal only. FORBIDDEN: black twist caps, screw caps, dropper bottles. SIGNAGE RULE: premium clean research lab only. No safety placards, no industrial alert graphics, no trefoil icons, no striped floor tape, no danger banners. Do not print alert words on walls, floors, labels, or posters. Only neutral room names and product typography.",Captions MUST be only about KPV / BPC-157 / TB-500 / GHK-Cu (V-KLO-001) and https://www.palmbeach-vitality.store/products/klow-kpv-bpc-157-tb-500-ghk.,Active,165,,165,Funny,Beach & Ocean
LI-166,vid_gen_landscape_scenes,16:9,pen_3ml_scene,LI-166 — Nature Regeneration — KPV,A matte-black peptide pen on a cracked dry leaf that unfurls and turns lush green beside it,"16:9 landscape cinematic framing, deep environmental context",Fun mood lighting,"3mL research dosage pen of KPV as mid-ground hero in the scene (not extreme macro; no injection act, no people)",3mL pre-filled research dosage pen,P-KPV-001,KPV,https://www.palmbeach-vitality.store/products/kpv,"LANDSCAPE SCENE (16:9) for workflow vid_gen_landscape_scenes. Source visual+motion: A matte-black peptide pen on a cracked dry leaf that unfurls and turns lush green beside it, while the glass surface briefly shows flowing molecular structures then clears. The environment feels charged, as if responding to the product's presence. Vibe: Fun. Theme: Nature Regeneration. Product lock: KPV (P-KPV-001). Form: 3mL pre-filled research dosage pen. Camera: 16:9 landscape cinematic framing, deep environmental context. Keep product as part of a full environmental scene — not an isolated void packshot. PEN SPEC: 3mL pre-filled research dosage pen. No injection act, no people, no needles in use. SIGNAGE RULE: premium clean research lab only. No safety placards, no industrial alert graphics, no trefoil icons, no striped floor tape, no danger banners. Do not print alert words on walls, floors, labels, or posters. Only neutral room names and product typography.",Captions MUST be only about KPV (P-KPV-001) and https://www.palmbeach-vitality.store/products/kpv.,Active,166,,166,Fun,Nature Regeneration
LI-167,vid_gen_landscape_scenes,16:9,vial_10ml_scene,LI-167 — Fat Loss & Metabolism — MOTS-C,A slim silver-capped peptide bottle next to a cloudy glass of water that suddenly becomes crystal clear,"16:9 landscape cinematic framing, deep environmental context",Funny mood lighting,"10mL sterile injectable-style glass vial of MOTS-C with rubber stopper + aluminum crimp seal (NEVER black twist/screw cap); mid-ground in scene, not extreme macro","10mL sterile injectable-style glass vial with rubber stopper and aluminum crimp seal (NOT screw-cap, NOT black twist cap)",V-MOT-001,MOTS-C,https://www.palmbeach-vitality.store/products/mots-c-10mg-5ml-vial,"LANDSCAPE SCENE (16:9) for workflow vid_gen_landscape_scenes. Source visual+motion: A slim silver-capped peptide bottle next to a cloudy glass of water that suddenly becomes crystal clear, with two identical vials in a perfect staring contest, zero movement. Soft volumetric god-rays cut through the scene. Vibe: Funny. Theme: Fat Loss & Metabolism. Product lock: MOTS-C (V-MOT-001). Form: 10mL sterile injectable-style glass vial with rubber stopper and aluminum crimp seal (NOT screw-cap, NOT black twist cap). Camera: 16:9 landscape cinematic framing, deep environmental context. Keep product as part of a full environmental scene — not an isolated void packshot. VIAL SPEC: 10mL sterile injectable-style clear glass vial, rubber stopper + aluminum crimp seal only. FORBIDDEN: black twist caps, screw caps, dropper bottles. SIGNAGE RULE: premium clean research lab only. No safety placards, no industrial alert graphics, no trefoil icons, no striped floor tape, no danger banners. Do not print alert words on walls, floors, labels, or posters. Only neutral room names and product typography.",Captions MUST be only about MOTS-C (V-MOT-001) and https://www.palmbeach-vitality.store/products/mots-c-10mg-5ml-vial.,Active,167,,167,Funny,Fat Loss & Metabolism
LI-168,vid_gen_landscape_scenes,16:9,pen_3ml_scene,LI-168 — Fat Loss & Metabolism — Semaglutide,A matte-black peptide pen on a bed of white salt crystals that slowly rearrange,"16:9 landscape cinematic framing, deep environmental context",Funny mood lighting,"3mL research dosage pen of Semaglutide as mid-ground hero in the scene (not extreme macro; no injection act, no people)",3mL pre-filled research dosage pen,P-SEM-001,Semaglutide,https://www.palmbeach-vitality.store/products/semaglutide-1-5mg-pen,"LANDSCAPE SCENE (16:9) for workflow vid_gen_landscape_scenes. Source visual+motion: A matte-black peptide pen on a bed of white salt crystals that slowly rearrange, while soft chalk dust or powder settles into clean lines around it. Reflections and refractions in the glass create secondary visual interest. Vibe: Funny. Theme: Fat Loss & Metabolism. Product lock: Semaglutide (P-SEM-001). Form: 3mL pre-filled research dosage pen. Camera: 16:9 landscape cinematic framing, deep environmental context. Keep product as part of a full environmental scene — not an isolated void packshot. PEN SPEC: 3mL pre-filled research dosage pen. No injection act, no people, no needles in use. SIGNAGE RULE: premium clean research lab only. No safety placards, no industrial alert graphics, no trefoil icons, no striped floor tape, no danger banners. Do not print alert words on walls, floors, labels, or posters. Only neutral room names and product typography.",Captions MUST be only about Semaglutide (P-SEM-001) and https://www.palmbeach-vitality.store/products/semaglutide-1-5mg-pen.,Active,168,,168,Funny,Fat Loss & Metabolism
LI-169,vid_gen_landscape_scenes,16:9,vial_10ml_scene,LI-169 — Beach & Ocean — NAD+,A glowing amber wellness vial on wet Palm Beach sand as a gentle wave washes over and retreats,"16:9 landscape cinematic framing, deep environmental context",Fun mood lighting,"10mL sterile injectable-style glass vial of NAD+ with rubber stopper + aluminum crimp seal (NEVER black twist/screw cap); mid-ground in scene, not extreme macro","10mL sterile injectable-style glass vial with rubber stopper and aluminum crimp seal (NOT screw-cap, NOT black twist cap)",V-NAD-001,NAD+,https://www.palmbeach-vitality.store/products/nad-1,"LANDSCAPE SCENE (16:9) for workflow vid_gen_landscape_scenes. Source visual+motion: A glowing amber wellness vial on wet Palm Beach sand as a gentle wave washes over and retreats, while fine mist rises from the surface in elegant swirls. Reflections and refractions in the glass create secondary visual interest. Vibe: Fun. Theme: Beach & Ocean. Product lock: NAD+ (V-NAD-001). Form: 10mL sterile injectable-style glass vial with rubber stopper and aluminum crimp seal (NOT screw-cap, NOT black twist cap). Camera: 16:9 landscape cinematic framing, deep environmental context. Keep product as part of a full environmental scene — not an isolated void packshot. VIAL SPEC: 10mL sterile injectable-style clear glass vial, rubber stopper + aluminum crimp seal only. FORBIDDEN: black twist caps, screw caps, dropper bottles. SIGNAGE RULE: premium clean research lab only. No safety placards, no industrial alert graphics, no trefoil icons, no striped floor tape, no danger banners. Do not print alert words on walls, floors, labels, or posters. Only neutral room names and product typography.",Captions MUST be only about NAD+ (V-NAD-001) and https://www.palmbeach-vitality.store/products/nad-1.,Active,169,,169,Fun,Beach & Ocean
LI-170,vid_gen_landscape_scenes,16:9,vial_10ml_scene,LI-170 — Stacks & Synergy — PT-141,A high-clarity research-grade vial next to a fading photograph that regains color and sharpness,"16:9 landscape cinematic framing, deep environmental context",Funny mood lighting,"10mL sterile injectable-style glass vial of PT-141 with rubber stopper + aluminum crimp seal (NEVER black twist/screw cap); mid-ground in scene, not extreme macro","10mL sterile injectable-style glass vial with rubber stopper and aluminum crimp seal (NOT screw-cap, NOT black twist cap)",V-PT1-001,PT-141,https://www.palmbeach-vitality.store/products/pt-141,"LANDSCAPE SCENE (16:9) for workflow vid_gen_landscape_scenes. Source visual+motion: A high-clarity research-grade vial next to a fading photograph that regains color and sharpness, as it 'hides' behind a large leaf that keeps falling away to reveal it again. Soft volumetric god-rays cut through the scene. Vibe: Funny. Theme: Stacks & Synergy. Product lock: PT-141 (V-PT1-001). Form: 10mL sterile injectable-style glass vial with rubber stopper and aluminum crimp seal (NOT screw-cap, NOT black twist cap). Camera: 16:9 landscape cinematic framing, deep environmental context. Keep product as part of a full environmental scene — not an isolated void packshot. VIAL SPEC: 10mL sterile injectable-style clear glass vial, rubber stopper + aluminum crimp seal only. FORBIDDEN: black twist caps, screw caps, dropper bottles. SIGNAGE RULE: premium clean research lab only. No safety placards, no industrial alert graphics, no trefoil icons, no striped floor tape, no danger banners. Do not print alert words on walls, floors, labels, or posters. Only neutral room names and product typography.",Captions MUST be only about PT-141 (V-PT1-001) and https://www.palmbeach-vitality.store/products/pt-141.,Active,170,,170,Funny,Stacks & Synergy
LI-171,vid_gen_landscape_scenes,16:9,vial_10ml_scene,LI-171 — Fat Loss & Metabolism — Selank,A high-clarity research-grade vial inside a large empty glass terrarium with condensation forming,"16:9 landscape cinematic framing, deep environmental context",Fun mood lighting,"10mL sterile injectable-style glass vial of Selank with rubber stopper + aluminum crimp seal (NEVER black twist/screw cap); mid-ground in scene, not extreme macro","10mL sterile injectable-style glass vial with rubber stopper and aluminum crimp seal (NOT screw-cap, NOT black twist cap)",V-SEL-001,Selank,https://www.palmbeach-vitality.store/products/selank,"LANDSCAPE SCENE (16:9) for workflow vid_gen_landscape_scenes. Source visual+motion: A high-clarity research-grade vial inside a large empty glass terrarium with condensation forming, as the bottle appears to 'surf' a wave of foam across a dark surface. The scene has a quiet, almost sacred stillness interrupted only by intentional motion. Vibe: Fun. Theme: Fat Loss & Metabolism. Product lock: Selank (V-SEL-001). Form: 10mL sterile injectable-style glass vial with rubber stopper and aluminum crimp seal (NOT screw-cap, NOT black twist cap). Camera: 16:9 landscape cinematic framing, deep environmental context. Keep product as part of a full environmental scene — not an isolated void packshot. VIAL SPEC: 10mL sterile injectable-style clear glass vial, rubber stopper + aluminum crimp seal only. FORBIDDEN: black twist caps, screw caps, dropper bottles. SIGNAGE RULE: premium clean research lab only. No safety placards, no industrial alert graphics, no trefoil icons, no striped floor tape, no danger banners. Do not print alert words on walls, floors, labels, or posters. Only neutral room names and product typography.",Captions MUST be only about Selank (V-SEL-001) and https://www.palmbeach-vitality.store/products/selank.,Active,171,,171,Fun,Fat Loss & Metabolism
LI-172,vid_gen_landscape_scenes,16:9,lab_scene,LI-172 — Beach & Ocean — GHK-Cu,A frosted glass bottle of cellular support on volcanic black sand with distant soft lava glow (stylized),"16:9 landscape cinematic framing, deep environmental context",Dramatic mood lighting,scene product lock via typography / subtle mid-ground research material; no extreme close-up packshot,,P-GHK-001,GHK-Cu,https://www.palmbeach-vitality.store/products/ghk-cu-pen,"LANDSCAPE SCENE (16:9) for workflow vid_gen_landscape_scenes. Source visual+motion: A frosted glass bottle of cellular support on volcanic black sand with distant soft lava glow (stylized), as a single red drop forms and slowly shapes itself into a heart before falling. Soft volumetric god-rays cut through the scene. Vibe: Dramatic. Theme: Beach & Ocean. Product lock: GHK-Cu (P-GHK-001). Form: research catalog material. Camera: 16:9 landscape cinematic framing, deep environmental context. Keep product as part of a full environmental scene — not an isolated void packshot. SIGNAGE RULE: premium clean research lab only. No safety placards, no industrial alert graphics, no trefoil icons, no striped floor tape, no danger banners. Do not print alert words on walls, floors, labels, or posters. Only neutral room names and product typography.",Captions MUST be only about GHK-Cu (P-GHK-001) and https://www.palmbeach-vitality.store/products/ghk-cu-pen.,Active,172,,172,Dramatic,Beach & Ocean
LI-173,vid_gen_landscape_scenes,16:9,lab_scene,LI-173 — Focus & Clarity — 5-Amino-1MQ,A frosted glass bottle of cellular support on polished black spa stones with steam rising gently,"16:9 landscape cinematic framing, deep environmental context",Dramatic mood lighting,scene product lock via typography / subtle mid-ground research material; no extreme close-up packshot,,P-5AM-001,5-Amino-1MQ,https://www.palmbeach-vitality.store/products/5-amino-mq-pen,"LANDSCAPE SCENE (16:9) for workflow vid_gen_landscape_scenes. Source visual+motion: A frosted glass bottle of cellular support on polished black spa stones with steam rising gently, as a single dramatic water droplet hangs from the bottom, refusing to fall. Soft volumetric god-rays cut through the scene. Vibe: Dramatic. Theme: Focus & Clarity. Product lock: 5-Amino-1MQ (P-5AM-001). Form: research catalog material. Camera: 16:9 landscape cinematic framing, deep environmental context. Keep product as part of a full environmental scene — not an isolated void packshot. SIGNAGE RULE: premium clean research lab only. No safety placards, no industrial alert graphics, no trefoil icons, no striped floor tape, no danger banners. Do not print alert words on walls, floors, labels, or posters. Only neutral room names and product typography.",Captions MUST be only about 5-Amino-1MQ (P-5AM-001) and https://www.palmbeach-vitality.store/products/5-amino-mq-pen.,Active,173,,173,Dramatic,Focus & Clarity
LI-174,vid_gen_landscape_scenes,16:9,vial_10ml_scene,LI-174 — Resilience & Strength — Sermorelin,A crystal-clear recovery vial next to a fading photograph that regains color and sharpness,"16:9 landscape cinematic framing, deep environmental context",Fun mood lighting,"10mL sterile injectable-style glass vial of Sermorelin with rubber stopper + aluminum crimp seal (NEVER black twist/screw cap); mid-ground in scene, not extreme macro","10mL sterile injectable-style glass vial with rubber stopper and aluminum crimp seal (NOT screw-cap, NOT black twist cap)",V-SER-001,Sermorelin,https://www.palmbeach-vitality.store/products/sermorelin,"LANDSCAPE SCENE (16:9) for workflow vid_gen_landscape_scenes. Source visual+motion: A crystal-clear recovery vial next to a fading photograph that regains color and sharpness, as one central vial remains still while others orbit it in slow motion. The environment feels charged, as if responding to the product's presence. Vibe: Fun. Theme: Resilience & Strength. Product lock: Sermorelin (V-SER-001). Form: 10mL sterile injectable-style glass vial with rubber stopper and aluminum crimp seal (NOT screw-cap, NOT black twist cap). Camera: 16:9 landscape cinematic framing, deep environmental context. Keep product as part of a full environmental scene — not an isolated void packshot. VIAL SPEC: 10mL sterile injectable-style clear glass vial, rubber stopper + aluminum crimp seal only. FORBIDDEN: black twist caps, screw caps, dropper bottles. SIGNAGE RULE: premium clean research lab only. No safety placards, no industrial alert graphics, no trefoil icons, no striped floor tape, no danger banners. Do not print alert words on walls, floors, labels, or posters. Only neutral room names and product typography.",Captions MUST be only about Sermorelin (V-SER-001) and https://www.palmbeach-vitality.store/products/sermorelin.,Active,174,,174,Fun,Resilience & Strength
LI-175,vid_gen_landscape_scenes,16:9,vial_10ml_scene,LI-175 — Nature Regeneration — SS-31,A crystal-clear recovery vial in light rain while every surrounding surface gets wet but the bottle stays dry,"16:9 landscape cinematic framing, deep environmental context",Funny mood lighting,"10mL sterile injectable-style glass vial of SS-31 with rubber stopper + aluminum crimp seal (NEVER black twist/screw cap); mid-ground in scene, not extreme macro","10mL sterile injectable-style glass vial with rubber stopper and aluminum crimp seal (NOT screw-cap, NOT black twist cap)",V-SS3-001,SS-31,https://www.palmbeach-vitality.store/products/ss-31,"LANDSCAPE SCENE (16:9) for workflow vid_gen_landscape_scenes. Source visual+motion: A crystal-clear recovery vial in light rain while every surrounding surface gets wet but the bottle stays dry, with the liquid surface forming perfect concentric circles from an invisible impact. Subtle particle systems (dust, pollen, mist) interact gracefully with the vial. Vibe: Funny. Theme: Nature Regeneration. Product lock: SS-31 (V-SS3-001). Form: 10mL sterile injectable-style glass vial with rubber stopper and aluminum crimp seal (NOT screw-cap, NOT black twist cap). Camera: 16:9 landscape cinematic framing, deep environmental context. Keep product as part of a full environmental scene — not an isolated void packshot. VIAL SPEC: 10mL sterile injectable-style clear glass vial, rubber stopper + aluminum crimp seal only. FORBIDDEN: black twist caps, screw caps, dropper bottles. SIGNAGE RULE: premium clean research lab only. No safety placards, no industrial alert graphics, no trefoil icons, no striped floor tape, no danger banners. Do not print alert words on walls, floors, labels, or posters. Only neutral room names and product typography.",Captions MUST be only about SS-31 (V-SS3-001) and https://www.palmbeach-vitality.store/products/ss-31.,Active,175,,175,Funny,Nature Regeneration
LI-176,vid_gen_landscape_scenes,16:9,vial_10ml_scene,LI-176 — Abstract Cellular — TB-500,A precision-dosed peptide vial floating in pure black void while golden particles slowly orbit,"16:9 landscape cinematic framing, deep environmental context",Dramatic mood lighting,"10mL sterile injectable-style glass vial of TB-500 with rubber stopper + aluminum crimp seal (NEVER black twist/screw cap); mid-ground in scene, not extreme macro","10mL sterile injectable-style glass vial with rubber stopper and aluminum crimp seal (NOT screw-cap, NOT black twist cap)",V-TB5-001,TB-500,https://www.palmbeach-vitality.store/products/tb-500,"LANDSCAPE SCENE (16:9) for workflow vid_gen_landscape_scenes. Source visual+motion: A precision-dosed peptide vial floating in pure black void while golden particles slowly orbit, while two vials slowly lean toward each other until labels almost touch. Subtle particle systems (dust, pollen, mist) interact gracefully with the vial. Vibe: Dramatic. Theme: Abstract Cellular. Product lock: TB-500 (V-TB5-001). Form: 10mL sterile injectable-style glass vial with rubber stopper and aluminum crimp seal (NOT screw-cap, NOT black twist cap). Camera: 16:9 landscape cinematic framing, deep environmental context. Keep product as part of a full environmental scene — not an isolated void packshot. VIAL SPEC: 10mL sterile injectable-style clear glass vial, rubber stopper + aluminum crimp seal only. FORBIDDEN: black twist caps, screw caps, dropper bottles. SIGNAGE RULE: premium clean research lab only. No safety placards, no industrial alert graphics, no trefoil icons, no striped floor tape, no danger banners. Do not print alert words on walls, floors, labels, or posters. Only neutral room names and product typography.",Captions MUST be only about TB-500 (V-TB5-001) and https://www.palmbeach-vitality.store/products/tb-500.,Active,176,,176,Dramatic,Abstract Cellular
LI-177,vid_gen_landscape_scenes,16:9,vial_10ml_scene,LI-177 — Beach & Ocean — Tesamorelin,A pure white ceramic-capped vial on volcanic black sand with distant soft lava glow (stylized),"16:9 landscape cinematic framing, deep environmental context",Funny mood lighting,"10mL sterile injectable-style glass vial of Tesamorelin with rubber stopper + aluminum crimp seal (NEVER black twist/screw cap); mid-ground in scene, not extreme macro","10mL sterile injectable-style glass vial with rubber stopper and aluminum crimp seal (NOT screw-cap, NOT black twist cap)",V-TES-001,Tesamorelin,https://www.palmbeach-vitality.store/products/tesamorelin,"LANDSCAPE SCENE (16:9) for workflow vid_gen_landscape_scenes. Source visual+motion: A pure white ceramic-capped vial on volcanic black sand with distant soft lava glow (stylized), while a much larger empty bottle tips over dramatically and the small one stays still. Golden hour light slides across the surface creating long lens flares. Vibe: Funny. Theme: Beach & Ocean. Product lock: Tesamorelin (V-TES-001). Form: 10mL sterile injectable-style glass vial with rubber stopper and aluminum crimp seal (NOT screw-cap, NOT black twist cap). Camera: 16:9 landscape cinematic framing, deep environmental context. Keep product as part of a full environmental scene — not an isolated void packshot. VIAL SPEC: 10mL sterile injectable-style clear glass vial, rubber stopper + aluminum crimp seal only. FORBIDDEN: black twist caps, screw caps, dropper bottles. SIGNAGE RULE: premium clean research lab only. No safety placards, no industrial alert graphics, no trefoil icons, no striped floor tape, no danger banners. Do not print alert words on walls, floors, labels, or posters. Only neutral room names and product typography.",Captions MUST be only about Tesamorelin (V-TES-001) and https://www.palmbeach-vitality.store/products/tesamorelin.,Active,177,,177,Funny,Beach & Ocean
LI-178,vid_gen_landscape_scenes,16:9,lab_scene,LI-178 — Recovery & Healing — BPC-157 / TB-500 / GHK-Cu,A slim silver-capped peptide bottle on a smooth river stone while clear water flows in soft ribbons around it,"16:9 landscape cinematic framing, deep environmental context",Cool mood lighting,scene product lock via typography / subtle mid-ground research material; no extreme close-up packshot,,P-GLO-001,BPC-157 / TB-500 / GHK-Cu,https://www.palmbeach-vitality.store/products/glow-pen,"LANDSCAPE SCENE (16:9) for workflow vid_gen_landscape_scenes. Source visual+motion: A slim silver-capped peptide bottle on a smooth river stone while clear water flows in soft ribbons around it, while a soft pulse of light travels from bottom to top like a heartbeat. The scene has a quiet, almost sacred stillness interrupted only by intentional motion. Vibe: Cool. Theme: Recovery & Healing. Product lock: BPC-157 / TB-500 / GHK-Cu (P-GLO-001). Form: research catalog material. Camera: 16:9 landscape cinematic framing, deep environmental context. Keep product as part of a full environmental scene — not an isolated void packshot. SIGNAGE RULE: premium clean research lab only. No safety placards, no industrial alert graphics, no trefoil icons, no striped floor tape, no danger banners. Do not print alert words on walls, floors, labels, or posters. Only neutral room names and product typography.",Captions MUST be only about BPC-157 / TB-500 / GHK-Cu (P-GLO-001) and https://www.palmbeach-vitality.store/products/glow-pen.,Active,178,,178,Cool,Recovery & Healing
LI-179,vid_gen_landscape_scenes,16:9,vial_10ml_scene,LI-179 — Fat Loss & Metabolism — BPC-157,A precision-dosed peptide vial against a background that shifts from deep ocean blue to electric violet,"16:9 landscape cinematic framing, deep environmental context",Funny mood lighting,"10mL sterile injectable-style glass vial of BPC-157 with rubber stopper + aluminum crimp seal (NEVER black twist/screw cap); mid-ground in scene, not extreme macro","10mL sterile injectable-style glass vial with rubber stopper and aluminum crimp seal (NOT screw-cap, NOT black twist cap)",V-BPC-001,BPC-157,https://www.palmbeach-vitality.store/products/bpc-157,"LANDSCAPE SCENE (16:9) for workflow vid_gen_landscape_scenes. Source visual+motion: A precision-dosed peptide vial against a background that shifts from deep ocean blue to electric violet, leaning almost to the point of tipping then correcting itself. The scene has a quiet, almost sacred stillness interrupted only by intentional motion. Vibe: Funny. Theme: Fat Loss & Metabolism. Product lock: BPC-157 (V-BPC-001). Form: 10mL sterile injectable-style glass vial with rubber stopper and aluminum crimp seal (NOT screw-cap, NOT black twist cap). Camera: 16:9 landscape cinematic framing, deep environmental context. Keep product as part of a full environmental scene — not an isolated void packshot. VIAL SPEC: 10mL sterile injectable-style clear glass vial, rubber stopper + aluminum crimp seal only. FORBIDDEN: black twist caps, screw caps, dropper bottles. SIGNAGE RULE: premium clean research lab only. No safety placards, no industrial alert graphics, no trefoil icons, no striped floor tape, no danger banners. Do not print alert words on walls, floors, labels, or posters. Only neutral room names and product typography.",Captions MUST be only about BPC-157 (V-BPC-001) and https://www.palmbeach-vitality.store/products/bpc-157.,Active,179,,179,Funny,Fat Loss & Metabolism
LI-180,vid_gen_landscape_scenes,16:9,vial_10ml_scene,LI-180 — Abstract Cellular — BPC-157 / TB-500,A high-clarity research-grade vial floating in pure black void while golden particles slowly orbit,"16:9 landscape cinematic framing, deep environmental context",Dramatic mood lighting,"10mL sterile injectable-style glass vial of BPC-157 / TB-500 with rubber stopper + aluminum crimp seal (NEVER black twist/screw cap); mid-ground in scene, not extreme macro","10mL sterile injectable-style glass vial with rubber stopper and aluminum crimp seal (NOT screw-cap, NOT black twist cap)",V-WOL-001,BPC-157 / TB-500,https://www.palmbeach-vitality.store/products/wolverine-stack,"LANDSCAPE SCENE (16:9) for workflow vid_gen_landscape_scenes. Source visual+motion: A high-clarity research-grade vial floating in pure black void while golden particles slowly orbit, as surrounding particles are drawn inward like gravity. The environment feels charged, as if responding to the product's presence. Vibe: Dramatic. Theme: Abstract Cellular. Product lock: BPC-157 / TB-500 (V-WOL-001). Form: 10mL sterile injectable-style glass vial with rubber stopper and aluminum crimp seal (NOT screw-cap, NOT black twist cap). Camera: 16:9 landscape cinematic framing, deep environmental context. Keep product as part of a full environmental scene — not an isolated void packshot. VIAL SPEC: 10mL sterile injectable-style clear glass vial, rubber stopper + aluminum crimp seal only. FORBIDDEN: black twist caps, screw caps, dropper bottles. SIGNAGE RULE: premium clean research lab only. No safety placards, no industrial alert graphics, no trefoil icons, no striped floor tape, no danger banners. Do not print alert words on walls, floors, labels, or posters. Only neutral room names and product typography.",Captions MUST be only about BPC-157 / TB-500 (V-WOL-001) and https://www.palmbeach-vitality.store/products/wolverine-stack.,Active,180,,180,Dramatic,Abstract Cellular
LI-181,vid_gen_landscape_scenes,16:9,vial_10ml_scene,LI-181 — Nature Regeneration — Cagrilinitide,A crystal-clear recovery vial on a cracked dry leaf that unfurls and turns lush green beside it,"16:9 landscape cinematic framing, deep environmental context",Funny mood lighting,"10mL sterile injectable-style glass vial of Cagrilinitide with rubber stopper + aluminum crimp seal (NEVER black twist/screw cap); mid-ground in scene, not extreme macro","10mL sterile injectable-style glass vial with rubber stopper and aluminum crimp seal (NOT screw-cap, NOT black twist cap)",V-CAG-001,Cagrilinitide,https://www.palmbeach-vitality.store/products/cargrilinitide,"LANDSCAPE SCENE (16:9) for workflow vid_gen_landscape_scenes. Source visual+motion: A crystal-clear recovery vial on a cracked dry leaf that unfurls and turns lush green beside it, while the glass surface briefly shows flowing molecular structures then clears. Extreme slow-motion emphasizes every micro-movement of liquid and light. Vibe: Funny. Theme: Nature Regeneration. Product lock: Cagrilinitide (V-CAG-001). Form: 10mL sterile injectable-style glass vial with rubber stopper and aluminum crimp seal (NOT screw-cap, NOT black twist cap). Camera: 16:9 landscape cinematic framing, deep environmental context. Keep product as part of a full environmental scene — not an isolated void packshot. VIAL SPEC: 10mL sterile injectable-style clear glass vial, rubber stopper + aluminum crimp seal only. FORBIDDEN: black twist caps, screw caps, dropper bottles. SIGNAGE RULE: premium clean research lab only. No safety placards, no industrial alert graphics, no trefoil icons, no striped floor tape, no danger banners. Do not print alert words on walls, floors, labels, or posters. Only neutral room names and product typography.",Captions MUST be only about Cagrilinitide (V-CAG-001) and https://www.palmbeach-vitality.store/products/cargrilinitide.,Active,181,,181,Funny,Nature Regeneration
LI-182,vid_gen_landscape_scenes,16:9,vial_10ml_scene,LI-182 — Beach & Ocean — CJC (no DAC),A crystal-clear recovery vial on wet Palm Beach sand as a gentle wave washes over and retreats,"16:9 landscape cinematic framing, deep environmental context",Funny mood lighting,"10mL sterile injectable-style glass vial of CJC (no DAC) with rubber stopper + aluminum crimp seal (NEVER black twist/screw cap); mid-ground in scene, not extreme macro","10mL sterile injectable-style glass vial with rubber stopper and aluminum crimp seal (NOT screw-cap, NOT black twist cap)",V-CJC-001,CJC (no DAC),https://www.palmbeach-vitality.store/products/cjc,"LANDSCAPE SCENE (16:9) for workflow vid_gen_landscape_scenes. Source visual+motion: A crystal-clear recovery vial on wet Palm Beach sand as a gentle wave washes over and retreats, while a much larger empty bottle tips over dramatically and the small one stays still. Time-lapse growth and repair happens in the periphery only. Vibe: Funny. Theme: Beach & Ocean. Product lock: CJC (no DAC) (V-CJC-001). Form: 10mL sterile injectable-style glass vial with rubber stopper and aluminum crimp seal (NOT screw-cap, NOT black twist cap). Camera: 16:9 landscape cinematic framing, deep environmental context. Keep product as part of a full environmental scene — not an isolated void packshot. VIAL SPEC: 10mL sterile injectable-style clear glass vial, rubber stopper + aluminum crimp seal only. FORBIDDEN: black twist caps, screw caps, dropper bottles. SIGNAGE RULE: premium clean research lab only. No safety placards, no industrial alert graphics, no trefoil icons, no striped floor tape, no danger banners. Do not print alert words on walls, floors, labels, or posters. Only neutral room names and product typography.",Captions MUST be only about CJC (no DAC) (V-CJC-001) and https://www.palmbeach-vitality.store/products/cjc.,Active,182,,182,Funny,Beach & Ocean
LI-183,vid_gen_landscape_scenes,16:9,vial_10ml_scene,LI-183 — Fat Loss & Metabolism — CJC (no DAC)/Ipamorelin,A crystal-clear recovery vial on a piece of weathered driftwood with ocean spray misting past,"16:9 landscape cinematic framing, deep environmental context",Cool mood lighting,"10mL sterile injectable-style glass vial of CJC (no DAC)/Ipamorelin with rubber stopper + aluminum crimp seal (NEVER black twist/screw cap); mid-ground in scene, not extreme macro","10mL sterile injectable-style glass vial with rubber stopper and aluminum crimp seal (NOT screw-cap, NOT black twist cap)",V-CII-001,CJC (no DAC)/Ipamorelin,https://www.palmbeach-vitality.store/products/cjc-ipamorelin,"LANDSCAPE SCENE (16:9) for workflow vid_gen_landscape_scenes. Source visual+motion: A crystal-clear recovery vial on a piece of weathered driftwood with ocean spray misting past, as a single red drop forms and slowly shapes itself into a heart before falling. Reflections and refractions in the glass create secondary visual interest. Vibe: Cool. Theme: Fat Loss & Metabolism. Product lock: CJC (no DAC)/Ipamorelin (V-CII-001). Form: 10mL sterile injectable-style glass vial with rubber stopper and aluminum crimp seal (NOT screw-cap, NOT black twist cap). Camera: 16:9 landscape cinematic framing, deep environmental context. Keep product as part of a full environmental scene — not an isolated void packshot. VIAL SPEC: 10mL sterile injectable-style clear glass vial, rubber stopper + aluminum crimp seal only. FORBIDDEN: black twist caps, screw caps, dropper bottles. SIGNAGE RULE: premium clean research lab only. No safety placards, no industrial alert graphics, no trefoil icons, no striped floor tape, no danger banners. Do not print alert words on walls, floors, labels, or posters. Only neutral room names and product typography.",Captions MUST be only about CJC (no DAC)/Ipamorelin (V-CII-001) and https://www.palmbeach-vitality.store/products/cjc-ipamorelin.,Active,183,,183,Cool,Fat Loss & Metabolism
LI-184,vid_gen_landscape_scenes,16:9,lab_scene,LI-184 — Stacks & Synergy — SS-31,A slim silver-capped peptide bottle catching a single snowflake that melts the instant it lands,"16:9 landscape cinematic framing, deep environmental context",Funny mood lighting,scene product lock via typography / subtle mid-ground research material; no extreme close-up packshot,,P-SS3-001,SS-31,https://www.palmbeach-vitality.store/products/ss-31-pen,"LANDSCAPE SCENE (16:9) for workflow vid_gen_landscape_scenes. Source visual+motion: A slim silver-capped peptide bottle catching a single snowflake that melts the instant it lands, as it 'hides' behind a large leaf that keeps falling away to reveal it again. Reflections and refractions in the glass create secondary visual interest. Vibe: Funny. Theme: Stacks & Synergy. Product lock: SS-31 (P-SS3-001). Form: research catalog material. Camera: 16:9 landscape cinematic framing, deep environmental context. Keep product as part of a full environmental scene — not an isolated void packshot. SIGNAGE RULE: premium clean research lab only. No safety placards, no industrial alert graphics, no trefoil icons, no striped floor tape, no danger banners. Do not print alert words on walls, floors, labels, or posters. Only neutral room names and product typography.",Captions MUST be only about SS-31 (P-SS3-001) and https://www.palmbeach-vitality.store/products/ss-31-pen.,Active,184,,184,Funny,Stacks & Synergy
LI-185,vid_gen_landscape_scenes,16:9,vial_10ml_scene,LI-185 — Energy & Cellular Power — GHK-Cu,A high-clarity research-grade vial floating upright in a clear tide pool while tiny fish dart past,"16:9 landscape cinematic framing, deep environmental context",Dramatic mood lighting,"10mL sterile injectable-style glass vial of GHK-Cu with rubber stopper + aluminum crimp seal (NEVER black twist/screw cap); mid-ground in scene, not extreme macro","10mL sterile injectable-style glass vial with rubber stopper and aluminum crimp seal (NOT screw-cap, NOT black twist cap)",V-GHK-001,GHK-Cu,https://www.palmbeach-vitality.store/products/ghk-cu,"LANDSCAPE SCENE (16:9) for workflow vid_gen_landscape_scenes. Source visual+motion: A high-clarity research-grade vial floating upright in a clear tide pool while tiny fish dart past, with a soft energy field of particles forming a protective sphere around it. Extreme slow-motion emphasizes every micro-movement of liquid and light. Vibe: Dramatic. Theme: Energy & Cellular Power. Product lock: GHK-Cu (V-GHK-001). Form: 10mL sterile injectable-style glass vial with rubber stopper and aluminum crimp seal (NOT screw-cap, NOT black twist cap). Camera: 16:9 landscape cinematic framing, deep environmental context. Keep product as part of a full environmental scene — not an isolated void packshot. VIAL SPEC: 10mL sterile injectable-style clear glass vial, rubber stopper + aluminum crimp seal only. FORBIDDEN: black twist caps, screw caps, dropper bottles. SIGNAGE RULE: premium clean research lab only. No safety placards, no industrial alert graphics, no trefoil icons, no striped floor tape, no danger banners. Do not print alert words on walls, floors, labels, or posters. Only neutral room names and product typography.",Captions MUST be only about GHK-Cu (V-GHK-001) and https://www.palmbeach-vitality.store/products/ghk-cu.,Active,185,,185,Dramatic,Energy & Cellular Power
LI-186,vid_gen_landscape_scenes,16:9,vial_10ml_scene,LI-186 — Fat Loss & Metabolism — BPC-157 / TB-500 / GHK-Cu,A glowing amber wellness vial on a bed of white salt crystals that slowly rearrange,"16:9 landscape cinematic framing, deep environmental context",Funny mood lighting,"10mL sterile injectable-style glass vial of BPC-157 / TB-500 / GHK-Cu with rubber stopper + aluminum crimp seal (NEVER black twist/screw cap); mid-ground in scene, not extreme macro","10mL sterile injectable-style glass vial with rubber stopper and aluminum crimp seal (NOT screw-cap, NOT black twist cap)",V-GLO-001,BPC-157 / TB-500 / GHK-Cu,https://www.palmbeach-vitality.store/products/glow,"LANDSCAPE SCENE (16:9) for workflow vid_gen_landscape_scenes. Source visual+motion: A glowing amber wellness vial on a bed of white salt crystals that slowly rearrange, with the liquid surface forming perfect concentric circles from an invisible impact. Subtle particle systems (dust, pollen, mist) interact gracefully with the vial. Vibe: Funny. Theme: Fat Loss & Metabolism. Product lock: BPC-157 / TB-500 / GHK-Cu (V-GLO-001). Form: 10mL sterile injectable-style glass vial with rubber stopper and aluminum crimp seal (NOT screw-cap, NOT black twist cap). Camera: 16:9 landscape cinematic framing, deep environmental context. Keep product as part of a full environmental scene — not an isolated void packshot. VIAL SPEC: 10mL sterile injectable-style clear glass vial, rubber stopper + aluminum crimp seal only. FORBIDDEN: black twist caps, screw caps, dropper bottles. SIGNAGE RULE: premium clean research lab only. No safety placards, no industrial alert graphics, no trefoil icons, no striped floor tape, no danger banners. Do not print alert words on walls, floors, labels, or posters. Only neutral room names and product typography.",Captions MUST be only about BPC-157 / TB-500 / GHK-Cu (V-GLO-001) and https://www.palmbeach-vitality.store/products/glow.,Active,186,,186,Funny,Fat Loss & Metabolism
LI-187,vid_gen_landscape_scenes,16:9,vial_10ml_scene,LI-187 — Nature Regeneration — Thymosin Alpha-1,A precision-dosed peptide vial on a scale platform that tips slightly toward the lighter side,"16:9 landscape cinematic framing, deep environmental context",Dramatic mood lighting,"10mL sterile injectable-style glass vial of Thymosin Alpha-1 with rubber stopper + aluminum crimp seal (NEVER black twist/screw cap); mid-ground in scene, not extreme macro","10mL sterile injectable-style glass vial with rubber stopper and aluminum crimp seal (NOT screw-cap, NOT black twist cap)",V-TA1-001,Thymosin Alpha-1,https://www.palmbeach-vitality.store/products/ta-1,"LANDSCAPE SCENE (16:9) for workflow vid_gen_landscape_scenes. Source visual+motion: A precision-dosed peptide vial on a scale platform that tips slightly toward the lighter side, with its label slowly peeling back just enough to hint at a second layer underneath. Soft volumetric god-rays cut through the scene. Vibe: Dramatic. Theme: Nature Regeneration. Product lock: Thymosin Alpha-1 (V-TA1-001). Form: 10mL sterile injectable-style glass vial with rubber stopper and aluminum crimp seal (NOT screw-cap, NOT black twist cap). Camera: 16:9 landscape cinematic framing, deep environmental context. Keep product as part of a full environmental scene — not an isolated void packshot. VIAL SPEC: 10mL sterile injectable-style clear glass vial, rubber stopper + aluminum crimp seal only. FORBIDDEN: black twist caps, screw caps, dropper bottles. SIGNAGE RULE: premium clean research lab only. No safety placards, no industrial alert graphics, no trefoil icons, no striped floor tape, no danger banners. Do not print alert words on walls, floors, labels, or posters. Only neutral room names and product typography.",Captions MUST be only about Thymosin Alpha-1 (V-TA1-001) and https://www.palmbeach-vitality.store/products/ta-1.,Active,187,,187,Dramatic,Nature Regeneration
LI-188,vid_gen_landscape_scenes,16:9,vial_10ml_scene,LI-188 — Beach & Ocean — AOD-9604,A high-clarity research-grade vial in a field of tall grass that parts and sways around it,"16:9 landscape cinematic framing, deep environmental context",Funny mood lighting,"10mL sterile injectable-style glass vial of AOD-9604 with rubber stopper + aluminum crimp seal (NEVER black twist/screw cap); mid-ground in scene, not extreme macro","10mL sterile injectable-style glass vial with rubber stopper and aluminum crimp seal (NOT screw-cap, NOT black twist cap)",V-AOD-001,AOD-9604,https://www.palmbeach-vitality.store/products/aod-9604,"LANDSCAPE SCENE (16:9) for workflow vid_gen_landscape_scenes. Source visual+motion: A high-clarity research-grade vial in a field of tall grass that parts and sways around it, while surrounding water freezes in elegant crystals then melts cleanly. Reflections and refractions in the glass create secondary visual interest. Vibe: Funny. Theme: Beach & Ocean. Product lock: AOD-9604 (V-AOD-001). Form: 10mL sterile injectable-style glass vial with rubber stopper and aluminum crimp seal (NOT screw-cap, NOT black twist cap). Camera: 16:9 landscape cinematic framing, deep environmental context. Keep product as part of a full environmental scene — not an isolated void packshot. VIAL SPEC: 10mL sterile injectable-style clear glass vial, rubber stopper + aluminum crimp seal only. FORBIDDEN: black twist caps, screw caps, dropper bottles. SIGNAGE RULE: premium clean research lab only. No safety placards, no industrial alert graphics, no trefoil icons, no striped floor tape, no danger banners. Do not print alert words on walls, floors, labels, or posters. Only neutral room names and product typography.",Captions MUST be only about AOD-9604 (V-AOD-001) and https://www.palmbeach-vitality.store/products/aod-9604.,Active,188,,188,Funny,Beach & Ocean
LI-189,vid_gen_landscape_scenes,16:9,vial_10ml_scene,LI-189 — Beach & Ocean — Melanotan 2,A high-clarity research-grade vial in a desert landscape of fine sand with heat shimmer rising,"16:9 landscape cinematic framing, deep environmental context",Fun mood lighting,"10mL sterile injectable-style glass vial of Melanotan 2 with rubber stopper + aluminum crimp seal (NEVER black twist/screw cap); mid-ground in scene, not extreme macro","10mL sterile injectable-style glass vial with rubber stopper and aluminum crimp seal (NOT screw-cap, NOT black twist cap)",V-MT2-001,Melanotan 2,https://www.palmbeach-vitality.store/products/melonotan,"LANDSCAPE SCENE (16:9) for workflow vid_gen_landscape_scenes. Source visual+motion: A high-clarity research-grade vial in a desert landscape of fine sand with heat shimmer rising, with a soft white light pulsing once like a signal. Subtle particle systems (dust, pollen, mist) interact gracefully with the vial. Vibe: Fun. Theme: Beach & Ocean. Product lock: Melanotan 2 (V-MT2-001). Form: 10mL sterile injectable-style glass vial with rubber stopper and aluminum crimp seal (NOT screw-cap, NOT black twist cap). Camera: 16:9 landscape cinematic framing, deep environmental context. Keep product as part of a full environmental scene — not an isolated void packshot. VIAL SPEC: 10mL sterile injectable-style clear glass vial, rubber stopper + aluminum crimp seal only. FORBIDDEN: black twist caps, screw caps, dropper bottles. SIGNAGE RULE: premium clean research lab only. No safety placards, no industrial alert graphics, no trefoil icons, no striped floor tape, no danger banners. Do not print alert words on walls, floors, labels, or posters. Only neutral room names and product typography.",Captions MUST be only about Melanotan 2 (V-MT2-001) and https://www.palmbeach-vitality.store/products/melonotan.,Active,189,,189,Fun,Beach & Ocean
LI-190,vid_gen_landscape_scenes,16:9,pen_3ml_scene,LI-190 — Beach & Ocean — Tirzepatide,A minimalist wellness bottle on volcanic black sand with distant soft lava glow (stylized),"16:9 landscape cinematic framing, deep environmental context",Fun mood lighting,"3mL research dosage pen of Tirzepatide as mid-ground hero in the scene (not extreme macro; no injection act, no people)",3mL pre-filled research dosage pen,P-TIR-001,Tirzepatide,https://www.palmbeach-vitality.store/products/tirzepatide-10mg-pen,"LANDSCAPE SCENE (16:9) for workflow vid_gen_landscape_scenes. Source visual+motion: A minimalist wellness bottle on volcanic black sand with distant soft lava glow (stylized), as the product casts a shadow that moves independently of the light source. Time-lapse growth and repair happens in the periphery only. Vibe: Fun. Theme: Beach & Ocean. Product lock: Tirzepatide (P-TIR-001). Form: 3mL pre-filled research dosage pen. Camera: 16:9 landscape cinematic framing, deep environmental context. Keep product as part of a full environmental scene — not an isolated void packshot. PEN SPEC: 3mL pre-filled research dosage pen. No injection act, no people, no needles in use. SIGNAGE RULE: premium clean research lab only. No safety placards, no industrial alert graphics, no trefoil icons, no striped floor tape, no danger banners. Do not print alert words on walls, floors, labels, or posters. Only neutral room names and product typography.",Captions MUST be only about Tirzepatide (P-TIR-001) and https://www.palmbeach-vitality.store/products/tirzepatide-10mg-pen.,Active,190,,190,Fun,Beach & Ocean
LI-191,vid_gen_landscape_scenes,16:9,vial_10ml_scene,LI-191 — Fat Loss & Metabolism — Retatrutide,A glowing amber wellness vial on a cracked stone surface that seals and smooths itself,"16:9 landscape cinematic framing, deep environmental context",Fun mood lighting,"10mL sterile injectable-style glass vial of Retatrutide with rubber stopper + aluminum crimp seal (NEVER black twist/screw cap); mid-ground in scene, not extreme macro","10mL sterile injectable-style glass vial with rubber stopper and aluminum crimp seal (NOT screw-cap, NOT black twist cap)",V-RET-001,Retatrutide,https://www.palmbeach-vitality.store/products/retatrutide,"LANDSCAPE SCENE (16:9) for workflow vid_gen_landscape_scenes. Source visual+motion: A glowing amber wellness vial on a cracked stone surface that seals and smooths itself, as one central vial remains still while others orbit it in slow motion. Deep contrast between the sharp product and soft, dreamy background. Vibe: Fun. Theme: Fat Loss & Metabolism. Product lock: Retatrutide (V-RET-001). Form: 10mL sterile injectable-style glass vial with rubber stopper and aluminum crimp seal (NOT screw-cap, NOT black twist cap). Camera: 16:9 landscape cinematic framing, deep environmental context. Keep product as part of a full environmental scene — not an isolated void packshot. VIAL SPEC: 10mL sterile injectable-style clear glass vial, rubber stopper + aluminum crimp seal only. FORBIDDEN: black twist caps, screw caps, dropper bottles. SIGNAGE RULE: premium clean research lab only. No safety placards, no industrial alert graphics, no trefoil icons, no striped floor tape, no danger banners. Do not print alert words on walls, floors, labels, or posters. Only neutral room names and product typography.",Captions MUST be only about Retatrutide (V-RET-001) and https://www.palmbeach-vitality.store/products/retatrutide.,Active,191,,191,Fun,Fat Loss & Metabolism
LI-192,vid_gen_landscape_scenes,16:9,vial_10ml_scene,LI-192 — Energy & Cellular Power — Tirzepatide,A precision-dosed peptide vial in heavy fog that slowly parts only in a perfect circle around it,"16:9 landscape cinematic framing, deep environmental context",Fun mood lighting,"10mL sterile injectable-style glass vial of Tirzepatide with rubber stopper + aluminum crimp seal (NEVER black twist/screw cap); mid-ground in scene, not extreme macro","10mL sterile injectable-style glass vial with rubber stopper and aluminum crimp seal (NOT screw-cap, NOT black twist cap)",V-TIR-001,Tirzepatide,https://www.palmbeach-vitality.store/products/tirzepatide,"LANDSCAPE SCENE (16:9) for workflow vid_gen_landscape_scenes. Source visual+motion: A precision-dosed peptide vial in heavy fog that slowly parts only in a perfect circle around it, as the bottle appears to 'surf' a wave of foam across a dark surface. Extreme slow-motion emphasizes every micro-movement of liquid and light. Vibe: Fun. Theme: Energy & Cellular Power. Product lock: Tirzepatide (V-TIR-001). Form: 10mL sterile injectable-style glass vial with rubber stopper and aluminum crimp seal (NOT screw-cap, NOT black twist cap). Camera: 16:9 landscape cinematic framing, deep environmental context. Keep product as part of a full environmental scene — not an isolated void packshot. VIAL SPEC: 10mL sterile injectable-style clear glass vial, rubber stopper + aluminum crimp seal only. FORBIDDEN: black twist caps, screw caps, dropper bottles. SIGNAGE RULE: premium clean research lab only. No safety placards, no industrial alert graphics, no trefoil icons, no striped floor tape, no danger banners. Do not print alert words on walls, floors, labels, or posters. Only neutral room names and product typography.",Captions MUST be only about Tirzepatide (V-TIR-001) and https://www.palmbeach-vitality.store/products/tirzepatide.,Active,192,,192,Fun,Energy & Cellular Power
LI-193,vid_gen_landscape_scenes,16:9,pen_3ml_scene,LI-193 — Recovery & Healing — Retatrutide,A minimalist wellness bottle on a smooth river stone while clear water flows in soft ribbons around it,"16:9 landscape cinematic framing, deep environmental context",Cool mood lighting,"3mL research dosage pen of Retatrutide as mid-ground hero in the scene (not extreme macro; no injection act, no people)",3mL pre-filled research dosage pen,P-RET-001,Retatrutide,https://www.palmbeach-vitality.store/products/retatrutride-8mg-pen,"LANDSCAPE SCENE (16:9) for workflow vid_gen_landscape_scenes. Source visual+motion: A minimalist wellness bottle on a smooth river stone while clear water flows in soft ribbons around it, appearing to crack open like ice, revealing brighter liquid within. Soft volumetric god-rays cut through the scene. Vibe: Cool. Theme: Recovery & Healing. Product lock: Retatrutide (P-RET-001). Form: 3mL pre-filled research dosage pen. Camera: 16:9 landscape cinematic framing, deep environmental context. Keep product as part of a full environmental scene — not an isolated void packshot. PEN SPEC: 3mL pre-filled research dosage pen. No injection act, no people, no needles in use. SIGNAGE RULE: premium clean research lab only. No safety placards, no industrial alert graphics, no trefoil icons, no striped floor tape, no danger banners. Do not print alert words on walls, floors, labels, or posters. Only neutral room names and product typography.",Captions MUST be only about Retatrutide (P-RET-001) and https://www.palmbeach-vitality.store/products/retatrutride-8mg-pen.,Active,193,,193,Cool,Recovery & Healing
LI-194,vid_gen_landscape_scenes,16:9,vial_10ml_scene,LI-194 — Fat Loss & Metabolism — Semaglutide,A crystal-clear recovery vial inside a large empty glass terrarium with condensation forming,"16:9 landscape cinematic framing, deep environmental context",Funny mood lighting,"10mL sterile injectable-style glass vial of Semaglutide with rubber stopper + aluminum crimp seal (NEVER black twist/screw cap); mid-ground in scene, not extreme macro","10mL sterile injectable-style glass vial with rubber stopper and aluminum crimp seal (NOT screw-cap, NOT black twist cap)",V-SEM-001,Semaglutide,https://www.palmbeach-vitality.store/products/semaglutide,"LANDSCAPE SCENE (16:9) for workflow vid_gen_landscape_scenes. Source visual+motion: A crystal-clear recovery vial inside a large empty glass terrarium with condensation forming, as hundreds of tiny light points stream into it from all directions. The scene has a quiet, almost sacred stillness interrupted only by intentional motion. Vibe: Funny. Theme: Fat Loss & Metabolism. Product lock: Semaglutide (V-SEM-001). Form: 10mL sterile injectable-style glass vial with rubber stopper and aluminum crimp seal (NOT screw-cap, NOT black twist cap). Camera: 16:9 landscape cinematic framing, deep environmental context. Keep product as part of a full environmental scene — not an isolated void packshot. VIAL SPEC: 10mL sterile injectable-style clear glass vial, rubber stopper + aluminum crimp seal only. FORBIDDEN: black twist caps, screw caps, dropper bottles. SIGNAGE RULE: premium clean research lab only. No safety placards, no industrial alert graphics, no trefoil icons, no striped floor tape, no danger banners. Do not print alert words on walls, floors, labels, or posters. Only neutral room names and product typography.",Captions MUST be only about Semaglutide (V-SEM-001) and https://www.palmbeach-vitality.store/products/semaglutide.,Active,194,,194,Funny,Fat Loss & Metabolism
LI-195,vid_gen_landscape_scenes,16:9,vial_10ml_scene,LI-195 — Nature Regeneration — KPV / BPC-157 / TB-500 / GHK-Cu,A glowing amber wellness vial next to a torn leaf that stitches itself back together fiber by fiber,"16:9 landscape cinematic framing, deep environmental context",Funny mood lighting,"10mL sterile injectable-style glass vial of KPV / BPC-157 / TB-500 / GHK-Cu with rubber stopper + aluminum crimp seal (NEVER black twist/screw cap); mid-ground in scene, not extreme macro","10mL sterile injectable-style glass vial with rubber stopper and aluminum crimp seal (NOT screw-cap, NOT black twist cap)",V-KLO-001,KPV / BPC-157 / TB-500 / GHK-Cu,https://www.palmbeach-vitality.store/products/klow-kpv-bpc-157-tb-500-ghk,"LANDSCAPE SCENE (16:9) for workflow vid_gen_landscape_scenes. Source visual+motion: A glowing amber wellness vial next to a torn leaf that stitches itself back together fiber by fiber, with three vials arranged in a triangle and soft light circulating between them like a circuit. Golden hour light slides across the surface creating long lens flares. Vibe: Funny. Theme: Nature Regeneration. Product lock: KPV / BPC-157 / TB-500 / GHK-Cu (V-KLO-001). Form: 10mL sterile injectable-style glass vial with rubber stopper and aluminum crimp seal (NOT screw-cap, NOT black twist cap). Camera: 16:9 landscape cinematic framing, deep environmental context. Keep product as part of a full environmental scene — not an isolated void packshot. VIAL SPEC: 10mL sterile injectable-style clear glass vial, rubber stopper + aluminum crimp seal only. FORBIDDEN: black twist caps, screw caps, dropper bottles. SIGNAGE RULE: premium clean research lab only. No safety placards, no industrial alert graphics, no trefoil icons, no striped floor tape, no danger banners. Do not print alert words on walls, floors, labels, or posters. Only neutral room names and product typography.",Captions MUST be only about KPV / BPC-157 / TB-500 / GHK-Cu (V-KLO-001) and https://www.palmbeach-vitality.store/products/klow-kpv-bpc-157-tb-500-ghk.,Active,195,,195,Funny,Nature Regeneration
LI-196,vid_gen_landscape_scenes,16:9,lab_scene,LI-196 — Nature Regeneration — KPV,A frosted glass bottle of cellular support next to a torn leaf that stitches itself back together fiber by fiber,"16:9 landscape cinematic framing, deep environmental context",Fun mood lighting,scene product lock via typography / subtle mid-ground research material; no extreme close-up packshot,,P-KPV-001,KPV,https://www.palmbeach-vitality.store/products/kpv,"LANDSCAPE SCENE (16:9) for workflow vid_gen_landscape_scenes. Source visual+motion: A frosted glass bottle of cellular support next to a torn leaf that stitches itself back together fiber by fiber, with the liquid surface forming perfect concentric circles from an invisible impact. The scene has a quiet, almost sacred stillness interrupted only by intentional motion. Vibe: Fun. Theme: Nature Regeneration. Product lock: KPV (P-KPV-001). Form: research catalog material. Camera: 16:9 landscape cinematic framing, deep environmental context. Keep product as part of a full environmental scene — not an isolated void packshot. SIGNAGE RULE: premium clean research lab only. No safety placards, no industrial alert graphics, no trefoil icons, no striped floor tape, no danger banners. Do not print alert words on walls, floors, labels, or posters. Only neutral room names and product typography.",Captions MUST be only about KPV (P-KPV-001) and https://www.palmbeach-vitality.store/products/kpv.,Active,196,,196,Fun,Nature Regeneration
LI-197,vid_gen_landscape_scenes,16:9,pen_3ml_scene,LI-197 — Nature Regeneration — KPV / BPC-157 / TB-500 / GHK-Cu,A matte-black peptide pen nestled among vibrant green moss that densifies in time-lapse,"16:9 landscape cinematic framing, deep environmental context",Fun mood lighting,"3mL research dosage pen of KPV / BPC-157 / TB-500 / GHK-Cu as mid-ground hero in the scene (not extreme macro; no injection act, no people)",3mL pre-filled research dosage pen,P-KLO-001,KPV / BPC-157 / TB-500 / GHK-Cu,https://www.palmbeach-vitality.store/products/klow-pen,"LANDSCAPE SCENE (16:9) for workflow vid_gen_landscape_scenes. Source visual+motion: A matte-black peptide pen nestled among vibrant green moss that densifies in time-lapse, while a much larger empty bottle tips over dramatically and the small one stays still. Reflections and refractions in the glass create secondary visual interest. Vibe: Fun. Theme: Nature Regeneration. Product lock: KPV / BPC-157 / TB-500 / GHK-Cu (P-KLO-001). Form: 3mL pre-filled research dosage pen. Camera: 16:9 landscape cinematic framing, deep environmental context. Keep product as part of a full environmental scene — not an isolated void packshot. PEN SPEC: 3mL pre-filled research dosage pen. No injection act, no people, no needles in use. SIGNAGE RULE: premium clean research lab only. No safety placards, no industrial alert graphics, no trefoil icons, no striped floor tape, no danger banners. Do not print alert words on walls, floors, labels, or posters. Only neutral room names and product typography.",Captions MUST be only about KPV / BPC-157 / TB-500 / GHK-Cu (P-KLO-001) and https://www.palmbeach-vitality.store/products/klow-pen.,Active,197,,197,Fun,Nature Regeneration
LI-198,vid_gen_landscape_scenes,16:9,vial_10ml_scene,LI-198 — Resilience & Strength — MOTS-C,A high-clarity research-grade vial in complete darkness until a precise light beam illuminates only the label area,"16:9 landscape cinematic framing, deep environmental context",Cool mood lighting,"10mL sterile injectable-style glass vial of MOTS-C with rubber stopper + aluminum crimp seal (NEVER black twist/screw cap); mid-ground in scene, not extreme macro","10mL sterile injectable-style glass vial with rubber stopper and aluminum crimp seal (NOT screw-cap, NOT black twist cap)",V-MOT-001,MOTS-C,https://www.palmbeach-vitality.store/products/mots-c-10mg-5ml-vial,"LANDSCAPE SCENE (16:9) for workflow vid_gen_landscape_scenes. Source visual+motion: A high-clarity research-grade vial in complete darkness until a precise light beam illuminates only the label area, with three vials arranged in a triangle and soft light circulating between them like a circuit. Reflections and refractions in the glass create secondary visual interest. Vibe: Cool. Theme: Resilience & Strength. Product lock: MOTS-C (V-MOT-001). Form: 10mL sterile injectable-style glass vial with rubber stopper and aluminum crimp seal (NOT screw-cap, NOT black twist cap). Camera: 16:9 landscape cinematic framing, deep environmental context. Keep product as part of a full environmental scene — not an isolated void packshot. VIAL SPEC: 10mL sterile injectable-style clear glass vial, rubber stopper + aluminum crimp seal only. FORBIDDEN: black twist caps, screw caps, dropper bottles. SIGNAGE RULE: premium clean research lab only. No safety placards, no industrial alert graphics, no trefoil icons, no striped floor tape, no danger banners. Do not print alert words on walls, floors, labels, or posters. Only neutral room names and product typography.",Captions MUST be only about MOTS-C (V-MOT-001) and https://www.palmbeach-vitality.store/products/mots-c-10mg-5ml-vial.,Active,198,,198,Cool,Resilience & Strength
LI-199,vid_gen_landscape_scenes,16:9,lab_scene,LI-199 — Beach & Ocean — Semaglutide,A frosted glass bottle of cellular support resting on a weathered wooden pier post at blue hour with water reflections,"16:9 landscape cinematic framing, deep environmental context",Cool mood lighting,scene product lock via typography / subtle mid-ground research material; no extreme close-up packshot,,P-SEM-001,Semaglutide,https://www.palmbeach-vitality.store/products/semaglutide-1-5mg-pen,"LANDSCAPE SCENE (16:9) for workflow vid_gen_landscape_scenes. Source visual+motion: A frosted glass bottle of cellular support resting on a weathered wooden pier post at blue hour with water reflections, as condensation forms and rolls down in slow motion. Extreme slow-motion emphasizes every micro-movement of liquid and light. Vibe: Cool. Theme: Beach & Ocean. Product lock: Semaglutide (P-SEM-001). Form: research catalog material. Camera: 16:9 landscape cinematic framing, deep environmental context. Keep product as part of a full environmental scene — not an isolated void packshot. SIGNAGE RULE: premium clean research lab only. No safety placards, no industrial alert graphics, no trefoil icons, no striped floor tape, no danger banners. Do not print alert words on walls, floors, labels, or posters. Only neutral room names and product typography.",Captions MUST be only about Semaglutide (P-SEM-001) and https://www.palmbeach-vitality.store/products/semaglutide-1-5mg-pen.,Active,199,,199,Cool,Beach & Ocean
LI-200,vid_gen_landscape_scenes,16:9,vial_10ml_scene,LI-200 — Nature Regeneration — NAD+,A crystal-clear recovery vial beside a wilting fern that visibly brightens and lifts,"16:9 landscape cinematic framing, deep environmental context",Cool mood lighting,"10mL sterile injectable-style glass vial of NAD+ with rubber stopper + aluminum crimp seal (NEVER black twist/screw cap); mid-ground in scene, not extreme macro","10mL sterile injectable-style glass vial with rubber stopper and aluminum crimp seal (NOT screw-cap, NOT black twist cap)",V-NAD-001,NAD+,https://www.palmbeach-vitality.store/products/nad-1,"LANDSCAPE SCENE (16:9) for workflow vid_gen_landscape_scenes. Source visual+motion: A crystal-clear recovery vial beside a wilting fern that visibly brightens and lifts, with the bottle slowly spinning faster then abruptly stopping in perfect frame. Deep contrast between the sharp product and soft, dreamy background. Vibe: Cool. Theme: Nature Regeneration. Product lock: NAD+ (V-NAD-001). Form: 10mL sterile injectable-style glass vial with rubber stopper and aluminum crimp seal (NOT screw-cap, NOT black twist cap). Camera: 16:9 landscape cinematic framing, deep environmental context. Keep product as part of a full environmental scene — not an isolated void packshot. VIAL SPEC: 10mL sterile injectable-style clear glass vial, rubber stopper + aluminum crimp seal only. FORBIDDEN: black twist caps, screw caps, dropper bottles. SIGNAGE RULE: premium clean research lab only. No safety placards, no industrial alert graphics, no trefoil icons, no striped floor tape, no danger banners. Do not print alert words on walls, floors, labels, or posters. Only neutral room names and product typography.",Captions MUST be only about NAD+ (V-NAD-001) and https://www.palmbeach-vitality.store/products/nad-1.,Active,200,,200,Cool,Nature Regeneration
LI-201,vid_gen_landscape_scenes,16:9,vial_10ml_scene,LI-201 — Energy & Cellular Power — PT-141,A sleek glass peptide vial on a smooth river stone while clear water flows in soft ribbons around it,"16:9 landscape cinematic framing, deep environmental context",Dramatic mood lighting,"10mL sterile injectable-style glass vial of PT-141 with rubber stopper + aluminum crimp seal (NEVER black twist/screw cap); mid-ground in scene, not extreme macro","10mL sterile injectable-style glass vial with rubber stopper and aluminum crimp seal (NOT screw-cap, NOT black twist cap)",V-PT1-001,PT-141,https://www.palmbeach-vitality.store/products/pt-141,"LANDSCAPE SCENE (16:9) for workflow vid_gen_landscape_scenes. Source visual+motion: A sleek glass peptide vial on a smooth river stone while clear water flows in soft ribbons around it, with a soft energy field of particles forming a protective sphere around it. Time-lapse growth and repair happens in the periphery only. Vibe: Dramatic. Theme: Energy & Cellular Power. Product lock: PT-141 (V-PT1-001). Form: 10mL sterile injectable-style glass vial with rubber stopper and aluminum crimp seal (NOT screw-cap, NOT black twist cap). Camera: 16:9 landscape cinematic framing, deep environmental context. Keep product as part of a full environmental scene — not an isolated void packshot. VIAL SPEC: 10mL sterile injectable-style clear glass vial, rubber stopper + aluminum crimp seal only. FORBIDDEN: black twist caps, screw caps, dropper bottles. SIGNAGE RULE: premium clean research lab only. No safety placards, no industrial alert graphics, no trefoil icons, no striped floor tape, no danger banners. Do not print alert words on walls, floors, labels, or posters. Only neutral room names and product typography.",Captions MUST be only about PT-141 (V-PT1-001) and https://www.palmbeach-vitality.store/products/pt-141.,Active,201,,201,Dramatic,Energy & Cellular Power
LI-202,vid_gen_landscape_scenes,16:9,vial_10ml_scene,LI-202 — Beach & Ocean — Selank,A crystal-clear recovery vial beside an hourglass where the sand begins flowing upward,"16:9 landscape cinematic framing, deep environmental context",Cool mood lighting,"10mL sterile injectable-style glass vial of Selank with rubber stopper + aluminum crimp seal (NEVER black twist/screw cap); mid-ground in scene, not extreme macro","10mL sterile injectable-style glass vial with rubber stopper and aluminum crimp seal (NOT screw-cap, NOT black twist cap)",V-SEL-001,Selank,https://www.palmbeach-vitality.store/products/selank,"LANDSCAPE SCENE (16:9) for workflow vid_gen_landscape_scenes. Source visual+motion: A crystal-clear recovery vial beside an hourglass where the sand begins flowing upward, while the background subtly accelerates in time-lapse around the still product. The environment feels charged, as if responding to the product's presence. Vibe: Cool. Theme: Beach & Ocean. Product lock: Selank (V-SEL-001). Form: 10mL sterile injectable-style glass vial with rubber stopper and aluminum crimp seal (NOT screw-cap, NOT black twist cap). Camera: 16:9 landscape cinematic framing, deep environmental context. Keep product as part of a full environmental scene — not an isolated void packshot. VIAL SPEC: 10mL sterile injectable-style clear glass vial, rubber stopper + aluminum crimp seal only. FORBIDDEN: black twist caps, screw caps, dropper bottles. SIGNAGE RULE: premium clean research lab only. No safety placards, no industrial alert graphics, no trefoil icons, no striped floor tape, no danger banners. Do not print alert words on walls, floors, labels, or posters. Only neutral room names and product typography.",Captions MUST be only about Selank (V-SEL-001) and https://www.palmbeach-vitality.store/products/selank.,Active,202,,202,Cool,Beach & Ocean
LI-203,vid_gen_landscape_scenes,16:9,vial_10ml_scene,LI-203 — Recovery & Healing — Sermorelin,A high-clarity research-grade vial standing in soft white sand with moving palm-frond shadows,"16:9 landscape cinematic framing, deep environmental context",Cool mood lighting,"10mL sterile injectable-style glass vial of Sermorelin with rubber stopper + aluminum crimp seal (NEVER black twist/screw cap); mid-ground in scene, not extreme macro","10mL sterile injectable-style glass vial with rubber stopper and aluminum crimp seal (NOT screw-cap, NOT black twist cap)",V-SER-001,Sermorelin,https://www.palmbeach-vitality.store/products/sermorelin,"LANDSCAPE SCENE (16:9) for workflow vid_gen_landscape_scenes. Source visual+motion: A high-clarity research-grade vial standing in soft white sand with moving palm-frond shadows, appearing to crack open like ice, revealing brighter liquid within. Extreme slow-motion emphasizes every micro-movement of liquid and light. Vibe: Cool. Theme: Recovery & Healing. Product lock: Sermorelin (V-SER-001). Form: 10mL sterile injectable-style glass vial with rubber stopper and aluminum crimp seal (NOT screw-cap, NOT black twist cap). Camera: 16:9 landscape cinematic framing, deep environmental context. Keep product as part of a full environmental scene — not an isolated void packshot. VIAL SPEC: 10mL sterile injectable-style clear glass vial, rubber stopper + aluminum crimp seal only. FORBIDDEN: black twist caps, screw caps, dropper bottles. SIGNAGE RULE: premium clean research lab only. No safety placards, no industrial alert graphics, no trefoil icons, no striped floor tape, no danger banners. Do not print alert words on walls, floors, labels, or posters. Only neutral room names and product typography.",Captions MUST be only about Sermorelin (V-SER-001) and https://www.palmbeach-vitality.store/products/sermorelin.,Active,203,,203,Cool,Recovery & Healing
LI-204,vid_gen_landscape_scenes,16:9,vial_10ml_scene,LI-204 — Recovery & Healing — SS-31,A glowing amber wellness vial beside a melting ice cube that reforms into a perfect clear sphere,"16:9 landscape cinematic framing, deep environmental context",Cool mood lighting,"10mL sterile injectable-style glass vial of SS-31 with rubber stopper + aluminum crimp seal (NEVER black twist/screw cap); mid-ground in scene, not extreme macro","10mL sterile injectable-style glass vial with rubber stopper and aluminum crimp seal (NOT screw-cap, NOT black twist cap)",V-SS3-001,SS-31,https://www.palmbeach-vitality.store/products/ss-31,"LANDSCAPE SCENE (16:9) for workflow vid_gen_landscape_scenes. Source visual+motion: A glowing amber wellness vial beside a melting ice cube that reforms into a perfect clear sphere, while a soft pulse of light travels from bottom to top like a heartbeat. Reflections and refractions in the glass create secondary visual interest. Vibe: Cool. Theme: Recovery & Healing. Product lock: SS-31 (V-SS3-001). Form: 10mL sterile injectable-style glass vial with rubber stopper and aluminum crimp seal (NOT screw-cap, NOT black twist cap). Camera: 16:9 landscape cinematic framing, deep environmental context. Keep product as part of a full environmental scene — not an isolated void packshot. VIAL SPEC: 10mL sterile injectable-style clear glass vial, rubber stopper + aluminum crimp seal only. FORBIDDEN: black twist caps, screw caps, dropper bottles. SIGNAGE RULE: premium clean research lab only. No safety placards, no industrial alert graphics, no trefoil icons, no striped floor tape, no danger banners. Do not print alert words on walls, floors, labels, or posters. Only neutral room names and product typography.",Captions MUST be only about SS-31 (V-SS3-001) and https://www.palmbeach-vitality.store/products/ss-31.,Active,204,,204,Cool,Recovery & Healing
LI-205,vid_gen_landscape_scenes,16:9,vial_10ml_scene,LI-205 — Recovery & Healing — TB-500,A minimalist wellness bottle next to a cloudy glass of water that suddenly becomes crystal clear,"16:9 landscape cinematic framing, deep environmental context",Funny mood lighting,"10mL sterile injectable-style glass vial of TB-500 with rubber stopper + aluminum crimp seal (NEVER black twist/screw cap); mid-ground in scene, not extreme macro","10mL sterile injectable-style glass vial with rubber stopper and aluminum crimp seal (NOT screw-cap, NOT black twist cap)",V-TB5-001,TB-500,https://www.palmbeach-vitality.store/products/tb-500,"LANDSCAPE SCENE (16:9) for workflow vid_gen_landscape_scenes. Source visual+motion: A minimalist wellness bottle next to a cloudy glass of water that suddenly becomes crystal clear, while surrounding water freezes in elegant crystals then melts cleanly. Subtle particle systems (dust, pollen, mist) interact gracefully with the vial. Vibe: Funny. Theme: Recovery & Healing. Product lock: TB-500 (V-TB5-001). Form: 10mL sterile injectable-style glass vial with rubber stopper and aluminum crimp seal (NOT screw-cap, NOT black twist cap). Camera: 16:9 landscape cinematic framing, deep environmental context. Keep product as part of a full environmental scene — not an isolated void packshot. VIAL SPEC: 10mL sterile injectable-style clear glass vial, rubber stopper + aluminum crimp seal only. FORBIDDEN: black twist caps, screw caps, dropper bottles. SIGNAGE RULE: premium clean research lab only. No safety placards, no industrial alert graphics, no trefoil icons, no striped floor tape, no danger banners. Do not print alert words on walls, floors, labels, or posters. Only neutral room names and product typography.",Captions MUST be only about TB-500 (V-TB5-001) and https://www.palmbeach-vitality.store/products/tb-500.,Active,205,,205,Funny,Recovery & Healing
LI-206,vid_gen_landscape_scenes,16:9,pen_3ml_scene,LI-206 — Longevity & Anti-Aging — MOTS-C,A matte-black peptide pen on a dark surface while a dim light bulb suddenly reaches full brightness,"16:9 landscape cinematic framing, deep environmental context",Fun mood lighting,"3mL research dosage pen of MOTS-C as mid-ground hero in the scene (not extreme macro; no injection act, no people)",3mL pre-filled research dosage pen,P-MOT-001,MOTS-C,https://www.palmbeach-vitality.store/products/mots-c,"LANDSCAPE SCENE (16:9) for workflow vid_gen_landscape_scenes. Source visual+motion: A matte-black peptide pen on a dark surface while a dim light bulb suddenly reaches full brightness, as the product seems to age backward — surface becomes cleaner and brighter. Golden hour light slides across the surface creating long lens flares. Vibe: Fun. Theme: Longevity & Anti-Aging. Product lock: MOTS-C (P-MOT-001). Form: 3mL pre-filled research dosage pen. Camera: 16:9 landscape cinematic framing, deep environmental context. Keep product as part of a full environmental scene — not an isolated void packshot. PEN SPEC: 3mL pre-filled research dosage pen. No injection act, no people, no needles in use. SIGNAGE RULE: premium clean research lab only. No safety placards, no industrial alert graphics, no trefoil icons, no striped floor tape, no danger banners. Do not print alert words on walls, floors, labels, or posters. Only neutral room names and product typography.",Captions MUST be only about MOTS-C (P-MOT-001) and https://www.palmbeach-vitality.store/products/mots-c.,Active,206,,206,Fun,Longevity & Anti-Aging
LI-207,vid_gen_landscape_scenes,16:9,pen_3ml_scene,LI-207 — Abstract Cellular — NAD+,A matte-black peptide pen on a circular platform of polished copper that warms with a soft glow,"16:9 landscape cinematic framing, deep environmental context",Funny mood lighting,"3mL research dosage pen of NAD+ as mid-ground hero in the scene (not extreme macro; no injection act, no people)",3mL pre-filled research dosage pen,P-NAD-001,NAD+,https://www.palmbeach-vitality.store/products/nad-pen-500mg,"LANDSCAPE SCENE (16:9) for workflow vid_gen_landscape_scenes. Source visual+motion: A matte-black peptide pen on a circular platform of polished copper that warms with a soft glow, leaning almost to the point of tipping then correcting itself. Extreme slow-motion emphasizes every micro-movement of liquid and light. Vibe: Funny. Theme: Abstract Cellular. Product lock: NAD+ (P-NAD-001). Form: 3mL pre-filled research dosage pen. Camera: 16:9 landscape cinematic framing, deep environmental context. Keep product as part of a full environmental scene — not an isolated void packshot. PEN SPEC: 3mL pre-filled research dosage pen. No injection act, no people, no needles in use. SIGNAGE RULE: premium clean research lab only. No safety placards, no industrial alert graphics, no trefoil icons, no striped floor tape, no danger banners. Do not print alert words on walls, floors, labels, or posters. Only neutral room names and product typography.",Captions MUST be only about NAD+ (P-NAD-001) and https://www.palmbeach-vitality.store/products/nad-pen-500mg.,Active,207,,207,Funny,Abstract Cellular
LI-208,vid_gen_landscape_scenes,16:9,vial_10ml_scene,LI-208 — Beach & Ocean — Tesamorelin,A sleek glass peptide vial on polished black spa stones with steam rising gently,"16:9 landscape cinematic framing, deep environmental context",Dramatic mood lighting,"10mL sterile injectable-style glass vial of Tesamorelin with rubber stopper + aluminum crimp seal (NEVER black twist/screw cap); mid-ground in scene, not extreme macro","10mL sterile injectable-style glass vial with rubber stopper and aluminum crimp seal (NOT screw-cap, NOT black twist cap)",V-TES-001,Tesamorelin,https://www.palmbeach-vitality.store/products/tesamorelin,"LANDSCAPE SCENE (16:9) for workflow vid_gen_landscape_scenes. Source visual+motion: A sleek glass peptide vial on polished black spa stones with steam rising gently, with three vials arranged in a triangle and soft light circulating between them like a circuit. A gentle breeze moves surrounding elements without disturbing the product. Vibe: Dramatic. Theme: Beach & Ocean. Product lock: Tesamorelin (V-TES-001). Form: 10mL sterile injectable-style glass vial with rubber stopper and aluminum crimp seal (NOT screw-cap, NOT black twist cap). Camera: 16:9 landscape cinematic framing, deep environmental context. Keep product as part of a full environmental scene — not an isolated void packshot. VIAL SPEC: 10mL sterile injectable-style clear glass vial, rubber stopper + aluminum crimp seal only. FORBIDDEN: black twist caps, screw caps, dropper bottles. SIGNAGE RULE: premium clean research lab only. No safety placards, no industrial alert graphics, no trefoil icons, no striped floor tape, no danger banners. Do not print alert words on walls, floors, labels, or posters. Only neutral room names and product typography.",Captions MUST be only about Tesamorelin (V-TES-001) and https://www.palmbeach-vitality.store/products/tesamorelin.,Active,208,,208,Dramatic,Beach & Ocean
LI-209,vid_gen_landscape_scenes,16:9,vial_10ml_scene,LI-209 — Energy & Cellular Power — BPC-157,A pure white ceramic-capped vial on a frozen surface that cracks in elegant patterns then seals,"16:9 landscape cinematic framing, deep environmental context",Cool mood lighting,"10mL sterile injectable-style glass vial of BPC-157 with rubber stopper + aluminum crimp seal (NEVER black twist/screw cap); mid-ground in scene, not extreme macro","10mL sterile injectable-style glass vial with rubber stopper and aluminum crimp seal (NOT screw-cap, NOT black twist cap)",V-BPC-001,BPC-157,https://www.palmbeach-vitality.store/products/bpc-157,"LANDSCAPE SCENE (16:9) for workflow vid_gen_landscape_scenes. Source visual+motion: A pure white ceramic-capped vial on a frozen surface that cracks in elegant patterns then seals, as surrounding particles are drawn inward like gravity. Reflections and refractions in the glass create secondary visual interest. Vibe: Cool. Theme: Energy & Cellular Power. Product lock: BPC-157 (V-BPC-001). Form: 10mL sterile injectable-style glass vial with rubber stopper and aluminum crimp seal (NOT screw-cap, NOT black twist cap). Camera: 16:9 landscape cinematic framing, deep environmental context. Keep product as part of a full environmental scene — not an isolated void packshot. VIAL SPEC: 10mL sterile injectable-style clear glass vial, rubber stopper + aluminum crimp seal only. FORBIDDEN: black twist caps, screw caps, dropper bottles. SIGNAGE RULE: premium clean research lab only. No safety placards, no industrial alert graphics, no trefoil icons, no striped floor tape, no danger banners. Do not print alert words on walls, floors, labels, or posters. Only neutral room names and product typography.",Captions MUST be only about BPC-157 (V-BPC-001) and https://www.palmbeach-vitality.store/products/bpc-157.,Active,209,,209,Cool,Energy & Cellular Power
LI-210,vid_gen_landscape_scenes,16:9,vial_10ml_scene,LI-210 — Beach & Ocean — BPC-157 / TB-500,A glowing amber wellness vial resting on a weathered wooden pier post at blue hour with water reflections,"16:9 landscape cinematic framing, deep environmental context",Funny mood lighting,"10mL sterile injectable-style glass vial of BPC-157 / TB-500 with rubber stopper + aluminum crimp seal (NEVER black twist/screw cap); mid-ground in scene, not extreme macro","10mL sterile injectable-style glass vial with rubber stopper and aluminum crimp seal (NOT screw-cap, NOT black twist cap)",V-WOL-001,BPC-157 / TB-500,https://www.palmbeach-vitality.store/products/wolverine-stack,"LANDSCAPE SCENE (16:9) for workflow vid_gen_landscape_scenes. Source visual+motion: A glowing amber wellness vial resting on a weathered wooden pier post at blue hour with water reflections, as one central vial remains still while others orbit it in slow motion. Soft volumetric god-rays cut through the scene. Vibe: Funny. Theme: Beach & Ocean. Product lock: BPC-157 / TB-500 (V-WOL-001). Form: 10mL sterile injectable-style glass vial with rubber stopper and aluminum crimp seal (NOT screw-cap, NOT black twist cap). Camera: 16:9 landscape cinematic framing, deep environmental context. Keep product as part of a full environmental scene — not an isolated void packshot. VIAL SPEC: 10mL sterile injectable-style clear glass vial, rubber stopper + aluminum crimp seal only. FORBIDDEN: black twist caps, screw caps, dropper bottles. SIGNAGE RULE: premium clean research lab only. No safety placards, no industrial alert graphics, no trefoil icons, no striped floor tape, no danger banners. Do not print alert words on walls, floors, labels, or posters. Only neutral room names and product typography.",Captions MUST be only about BPC-157 / TB-500 (V-WOL-001) and https://www.palmbeach-vitality.store/products/wolverine-stack.,Active,210,,210,Funny,Beach & Ocean
LI-211,vid_gen_landscape_scenes,16:9,vial_10ml_scene,LI-211 — Beach & Ocean — Cagrilinitide,A glowing amber wellness vial on a frozen surface that cracks in elegant patterns then seals,"16:9 landscape cinematic framing, deep environmental context",Cool mood lighting,"10mL sterile injectable-style glass vial of Cagrilinitide with rubber stopper + aluminum crimp seal (NEVER black twist/screw cap); mid-ground in scene, not extreme macro","10mL sterile injectable-style glass vial with rubber stopper and aluminum crimp seal (NOT screw-cap, NOT black twist cap)",V-CAG-001,Cagrilinitide,https://www.palmbeach-vitality.store/products/cargrilinitide,"LANDSCAPE SCENE (16:9) for workflow vid_gen_landscape_scenes. Source visual+motion: A glowing amber wellness vial on a frozen surface that cracks in elegant patterns then seals, as a single red drop forms and slowly shapes itself into a heart before falling. Extreme slow-motion emphasizes every micro-movement of liquid and light. Vibe: Cool. Theme: Beach & Ocean. Product lock: Cagrilinitide (V-CAG-001). Form: 10mL sterile injectable-style glass vial with rubber stopper and aluminum crimp seal (NOT screw-cap, NOT black twist cap). Camera: 16:9 landscape cinematic framing, deep environmental context. Keep product as part of a full environmental scene — not an isolated void packshot. VIAL SPEC: 10mL sterile injectable-style clear glass vial, rubber stopper + aluminum crimp seal only. FORBIDDEN: black twist caps, screw caps, dropper bottles. SIGNAGE RULE: premium clean research lab only. No safety placards, no industrial alert graphics, no trefoil icons, no striped floor tape, no danger banners. Do not print alert words on walls, floors, labels, or posters. Only neutral room names and product typography.",Captions MUST be only about Cagrilinitide (V-CAG-001) and https://www.palmbeach-vitality.store/products/cargrilinitide.,Active,211,,211,Cool,Beach & Ocean
LI-212,vid_gen_landscape_scenes,16:9,vial_10ml_scene,LI-212 — Abstract Cellular — CJC (no DAC),A sleek glass peptide vial beside a deflated balloon that slowly reinflates to full shape,"16:9 landscape cinematic framing, deep environmental context",Funny mood lighting,"10mL sterile injectable-style glass vial of CJC (no DAC) with rubber stopper + aluminum crimp seal (NEVER black twist/screw cap); mid-ground in scene, not extreme macro","10mL sterile injectable-style glass vial with rubber stopper and aluminum crimp seal (NOT screw-cap, NOT black twist cap)",V-CJC-001,CJC (no DAC),https://www.palmbeach-vitality.store/products/cjc,"LANDSCAPE SCENE (16:9) for workflow vid_gen_landscape_scenes. Source visual+motion: A sleek glass peptide vial beside a deflated balloon that slowly reinflates to full shape, while the liquid inside briefly transforms into a swirling miniature galaxy. The scene has a quiet, almost sacred stillness interrupted only by intentional motion. Vibe: Funny. Theme: Abstract Cellular. Product lock: CJC (no DAC) (V-CJC-001). Form: 10mL sterile injectable-style glass vial with rubber stopper and aluminum crimp seal (NOT screw-cap, NOT black twist cap). Camera: 16:9 landscape cinematic framing, deep environmental context. Keep product as part of a full environmental scene — not an isolated void packshot. VIAL SPEC: 10mL sterile injectable-style clear glass vial, rubber stopper + aluminum crimp seal only. FORBIDDEN: black twist caps, screw caps, dropper bottles. SIGNAGE RULE: premium clean research lab only. No safety placards, no industrial alert graphics, no trefoil icons, no striped floor tape, no danger banners. Do not print alert words on walls, floors, labels, or posters. Only neutral room names and product typography.",Captions MUST be only about CJC (no DAC) (V-CJC-001) and https://www.palmbeach-vitality.store/products/cjc.,Active,212,,212,Funny,Abstract Cellular
LI-213,vid_gen_landscape_scenes,16:9,pen_3ml_scene,LI-213 — Beach & Ocean — PT-141,A matte-black peptide pen in heavy fog that slowly parts only in a perfect circle around it,"16:9 landscape cinematic framing, deep environmental context",Cool mood lighting,"3mL research dosage pen of PT-141 as mid-ground hero in the scene (not extreme macro; no injection act, no people)",3mL pre-filled research dosage pen,P-PT1-001,PT-141,https://www.palmbeach-vitality.store/products/pt-141-pen,"LANDSCAPE SCENE (16:9) for workflow vid_gen_landscape_scenes. Source visual+motion: A matte-black peptide pen in heavy fog that slowly parts only in a perfect circle around it, while surrounding water freezes in elegant crystals then melts cleanly. Deep contrast between the sharp product and soft, dreamy background. Vibe: Cool. Theme: Beach & Ocean. Product lock: PT-141 (P-PT1-001). Form: 3mL pre-filled research dosage pen. Camera: 16:9 landscape cinematic framing, deep environmental context. Keep product as part of a full environmental scene — not an isolated void packshot. PEN SPEC: 3mL pre-filled research dosage pen. No injection act, no people, no needles in use. SIGNAGE RULE: premium clean research lab only. No safety placards, no industrial alert graphics, no trefoil icons, no striped floor tape, no danger banners. Do not print alert words on walls, floors, labels, or posters. Only neutral room names and product typography.",Captions MUST be only about PT-141 (P-PT1-001) and https://www.palmbeach-vitality.store/products/pt-141-pen.,Active,213,,213,Cool,Beach & Ocean
LI-214,vid_gen_landscape_scenes,16:9,vial_10ml_scene,LI-214 — Energy & Cellular Power — CJC (no DAC)/Ipamorelin,A frosted glass bottle of cellular support on a piece of weathered driftwood with ocean spray misting past,"16:9 landscape cinematic framing, deep environmental context",Funny mood lighting,"10mL sterile injectable-style glass vial of CJC (no DAC)/Ipamorelin with rubber stopper + aluminum crimp seal (NEVER black twist/screw cap); mid-ground in scene, not extreme macro","10mL sterile injectable-style glass vial with rubber stopper and aluminum crimp seal (NOT screw-cap, NOT black twist cap)",V-CII-001,CJC (no DAC)/Ipamorelin,https://www.palmbeach-vitality.store/products/cjc-ipamorelin,"LANDSCAPE SCENE (16:9) for workflow vid_gen_landscape_scenes. Source visual+motion: A frosted glass bottle of cellular support on a piece of weathered driftwood with ocean spray misting past, with two identical vials in a perfect staring contest, zero movement. Time-lapse growth and repair happens in the periphery only. Vibe: Funny. Theme: Energy & Cellular Power. Product lock: CJC (no DAC)/Ipamorelin (V-CII-001). Form: 10mL sterile injectable-style glass vial with rubber stopper and aluminum crimp seal (NOT screw-cap, NOT black twist cap). Camera: 16:9 landscape cinematic framing, deep environmental context. Keep product as part of a full environmental scene — not an isolated void packshot. VIAL SPEC: 10mL sterile injectable-style clear glass vial, rubber stopper + aluminum crimp seal only. FORBIDDEN: black twist caps, screw caps, dropper bottles. SIGNAGE RULE: premium clean research lab only. No safety placards, no industrial alert graphics, no trefoil icons, no striped floor tape, no danger banners. Do not print alert words on walls, floors, labels, or posters. Only neutral room names and product typography.",Captions MUST be only about CJC (no DAC)/Ipamorelin (V-CII-001) and https://www.palmbeach-vitality.store/products/cjc-ipamorelin.,Active,214,,214,Funny,Energy & Cellular Power
LI-215,vid_gen_landscape_scenes,16:9,vial_10ml_scene,LI-215 — Abstract Cellular — GHK-Cu,A pure white ceramic-capped vial in a field of tall grass that parts and sways around it,"16:9 landscape cinematic framing, deep environmental context",Dramatic mood lighting,"10mL sterile injectable-style glass vial of GHK-Cu with rubber stopper + aluminum crimp seal (NEVER black twist/screw cap); mid-ground in scene, not extreme macro","10mL sterile injectable-style glass vial with rubber stopper and aluminum crimp seal (NOT screw-cap, NOT black twist cap)",V-GHK-001,GHK-Cu,https://www.palmbeach-vitality.store/products/ghk-cu,"LANDSCAPE SCENE (16:9) for workflow vid_gen_landscape_scenes. Source visual+motion: A pure white ceramic-capped vial in a field of tall grass that parts and sways around it, as a single dramatic water droplet hangs from the bottom, refusing to fall. Reflections and refractions in the glass create secondary visual interest. Vibe: Dramatic. Theme: Abstract Cellular. Product lock: GHK-Cu (V-GHK-001). Form: 10mL sterile injectable-style glass vial with rubber stopper and aluminum crimp seal (NOT screw-cap, NOT black twist cap). Camera: 16:9 landscape cinematic framing, deep environmental context. Keep product as part of a full environmental scene — not an isolated void packshot. VIAL SPEC: 10mL sterile injectable-style clear glass vial, rubber stopper + aluminum crimp seal only. FORBIDDEN: black twist caps, screw caps, dropper bottles. SIGNAGE RULE: premium clean research lab only. No safety placards, no industrial alert graphics, no trefoil icons, no striped floor tape, no danger banners. Do not print alert words on walls, floors, labels, or posters. Only neutral room names and product typography.",Captions MUST be only about GHK-Cu (V-GHK-001) and https://www.palmbeach-vitality.store/products/ghk-cu.,Active,215,,215,Dramatic,Abstract Cellular
LI-216,vid_gen_landscape_scenes,16:9,vial_10ml_scene,LI-216 — Recovery & Healing — BPC-157 / TB-500 / GHK-Cu,A precision-dosed peptide vial inside a large clear ice block that slowly melts away,"16:9 landscape cinematic framing, deep environmental context",Cool mood lighting,"10mL sterile injectable-style glass vial of BPC-157 / TB-500 / GHK-Cu with rubber stopper + aluminum crimp seal (NEVER black twist/screw cap); mid-ground in scene, not extreme macro","10mL sterile injectable-style glass vial with rubber stopper and aluminum crimp seal (NOT screw-cap, NOT black twist cap)",V-GLO-001,BPC-157 / TB-500 / GHK-Cu,https://www.palmbeach-vitality.store/products/glow,"LANDSCAPE SCENE (16:9) for workflow vid_gen_landscape_scenes. Source visual+motion: A precision-dosed peptide vial inside a large clear ice block that slowly melts away, with its label slowly peeling back just enough to hint at a second layer underneath. Time-lapse growth and repair happens in the periphery only. Vibe: Cool. Theme: Recovery & Healing. Product lock: BPC-157 / TB-500 / GHK-Cu (V-GLO-001). Form: 10mL sterile injectable-style glass vial with rubber stopper and aluminum crimp seal (NOT screw-cap, NOT black twist cap). Camera: 16:9 landscape cinematic framing, deep environmental context. Keep product as part of a full environmental scene — not an isolated void packshot. VIAL SPEC: 10mL sterile injectable-style clear glass vial, rubber stopper + aluminum crimp seal only. FORBIDDEN: black twist caps, screw caps, dropper bottles. SIGNAGE RULE: premium clean research lab only. No safety placards, no industrial alert graphics, no trefoil icons, no striped floor tape, no danger banners. Do not print alert words on walls, floors, labels, or posters. Only neutral room names and product typography.",Captions MUST be only about BPC-157 / TB-500 / GHK-Cu (V-GLO-001) and https://www.palmbeach-vitality.store/products/glow.,Active,216,,216,Cool,Recovery & Healing
LI-217,vid_gen_landscape_scenes,16:9,pen_3ml_scene,LI-217 — Energy & Cellular Power — Semax,A matte-black peptide pen in a miniature Zen garden where rake lines slowly rearrange themselves around it,"16:9 landscape cinematic framing, deep environmental context",Fun mood lighting,"3mL research dosage pen of Semax as mid-ground hero in the scene (not extreme macro; no injection act, no people)",3mL pre-filled research dosage pen,P-SMX-001,Semax,https://www.palmbeach-vitality.store/products/semax-pen,"LANDSCAPE SCENE (16:9) for workflow vid_gen_landscape_scenes. Source visual+motion: A matte-black peptide pen in a miniature Zen garden where rake lines slowly rearrange themselves around it, as the product seems to age backward — surface becomes cleaner and brighter. A gentle breeze moves surrounding elements without disturbing the product. Vibe: Fun. Theme: Energy & Cellular Power. Product lock: Semax (P-SMX-001). Form: 3mL pre-filled research dosage pen. Camera: 16:9 landscape cinematic framing, deep environmental context. Keep product as part of a full environmental scene — not an isolated void packshot. PEN SPEC: 3mL pre-filled research dosage pen. No injection act, no people, no needles in use. SIGNAGE RULE: premium clean research lab only. No safety placards, no industrial alert graphics, no trefoil icons, no striped floor tape, no danger banners. Do not print alert words on walls, floors, labels, or posters. Only neutral room names and product typography.",Captions MUST be only about Semax (P-SMX-001) and https://www.palmbeach-vitality.store/products/semax-pen.,Active,217,,217,Fun,Energy & Cellular Power
LI-218,vid_gen_landscape_scenes,16:9,lab_scene,LI-218 — Resilience & Strength — Tirzepatide,A slim silver-capped peptide bottle amidst floating dandelion seeds that orbit then settle,"16:9 landscape cinematic framing, deep environmental context",Fun mood lighting,scene product lock via typography / subtle mid-ground research material; no extreme close-up packshot,,P-TIR-001,Tirzepatide,https://www.palmbeach-vitality.store/products/tirzepatide-10mg-pen,"LANDSCAPE SCENE (16:9) for workflow vid_gen_landscape_scenes. Source visual+motion: A slim silver-capped peptide bottle amidst floating dandelion seeds that orbit then settle, with the bottle slowly spinning faster then abruptly stopping in perfect frame. The scene has a quiet, almost sacred stillness interrupted only by intentional motion. Vibe: Fun. Theme: Resilience & Strength. Product lock: Tirzepatide (P-TIR-001). Form: research catalog material. Camera: 16:9 landscape cinematic framing, deep environmental context. Keep product as part of a full environmental scene — not an isolated void packshot. SIGNAGE RULE: premium clean research lab only. No safety placards, no industrial alert graphics, no trefoil icons, no striped floor tape, no danger banners. Do not print alert words on walls, floors, labels, or posters. Only neutral room names and product typography.",Captions MUST be only about Tirzepatide (P-TIR-001) and https://www.palmbeach-vitality.store/products/tirzepatide-10mg-pen.,Active,218,,218,Fun,Resilience & Strength
LI-219,vid_gen_landscape_scenes,16:9,vial_10ml_scene,LI-219 — Fat Loss & Metabolism — Thymosin Alpha-1,A high-clarity research-grade vial beside a deflated balloon that slowly reinflates to full shape,"16:9 landscape cinematic framing, deep environmental context",Fun mood lighting,"10mL sterile injectable-style glass vial of Thymosin Alpha-1 with rubber stopper + aluminum crimp seal (NEVER black twist/screw cap); mid-ground in scene, not extreme macro","10mL sterile injectable-style glass vial with rubber stopper and aluminum crimp seal (NOT screw-cap, NOT black twist cap)",V-TA1-001,Thymosin Alpha-1,https://www.palmbeach-vitality.store/products/ta-1,"LANDSCAPE SCENE (16:9) for workflow vid_gen_landscape_scenes. Source visual+motion: A high-clarity research-grade vial beside a deflated balloon that slowly reinflates to full shape, as the bottle appears to 'surf' a wave of foam across a dark surface. A gentle breeze moves surrounding elements without disturbing the product. Vibe: Fun. Theme: Fat Loss & Metabolism. Product lock: Thymosin Alpha-1 (V-TA1-001). Form: 10mL sterile injectable-style glass vial with rubber stopper and aluminum crimp seal (NOT screw-cap, NOT black twist cap). Camera: 16:9 landscape cinematic framing, deep environmental context. Keep product as part of a full environmental scene — not an isolated void packshot. VIAL SPEC: 10mL sterile injectable-style clear glass vial, rubber stopper + aluminum crimp seal only. FORBIDDEN: black twist caps, screw caps, dropper bottles. SIGNAGE RULE: premium clean research lab only. No safety placards, no industrial alert graphics, no trefoil icons, no striped floor tape, no danger banners. Do not print alert words on walls, floors, labels, or posters. Only neutral room names and product typography.",Captions MUST be only about Thymosin Alpha-1 (V-TA1-001) and https://www.palmbeach-vitality.store/products/ta-1.,Active,219,,219,Fun,Fat Loss & Metabolism
LI-220,vid_gen_landscape_scenes,16:9,lab_scene,LI-220 — Abstract Cellular — Retatrutide,A slim silver-capped peptide bottle in a field of tall grass that parts and sways around it,"16:9 landscape cinematic framing, deep environmental context",Cool mood lighting,scene product lock via typography / subtle mid-ground research material; no extreme close-up packshot,,P-RET-001,Retatrutide,https://www.palmbeach-vitality.store/products/retatrutride-8mg-pen,"LANDSCAPE SCENE (16:9) for workflow vid_gen_landscape_scenes. Source visual+motion: A slim silver-capped peptide bottle in a field of tall grass that parts and sways around it, while the background subtly accelerates in time-lapse around the still product. Extreme slow-motion emphasizes every micro-movement of liquid and light. Vibe: Cool. Theme: Abstract Cellular. Product lock: Retatrutide (P-RET-001). Form: research catalog material. Camera: 16:9 landscape cinematic framing, deep environmental context. Keep product as part of a full environmental scene — not an isolated void packshot. SIGNAGE RULE: premium clean research lab only. No safety placards, no industrial alert graphics, no trefoil icons, no striped floor tape, no danger banners. Do not print alert words on walls, floors, labels, or posters. Only neutral room names and product typography.",Captions MUST be only about Retatrutide (P-RET-001) and https://www.palmbeach-vitality.store/products/retatrutride-8mg-pen.,Active,220,,220,Cool,Abstract Cellular
LI-221,vid_gen_landscape_scenes,16:9,vial_10ml_scene,LI-221 — Beach & Ocean — AOD-9604,A pure white ceramic-capped vial half-buried in fine sand until a soft breeze fully reveals it,"16:9 landscape cinematic framing, deep environmental context",Cool mood lighting,"10mL sterile injectable-style glass vial of AOD-9604 with rubber stopper + aluminum crimp seal (NEVER black twist/screw cap); mid-ground in scene, not extreme macro","10mL sterile injectable-style glass vial with rubber stopper and aluminum crimp seal (NOT screw-cap, NOT black twist cap)",V-AOD-001,AOD-9604,https://www.palmbeach-vitality.store/products/aod-9604,"LANDSCAPE SCENE (16:9) for workflow vid_gen_landscape_scenes. Source visual+motion: A pure white ceramic-capped vial half-buried in fine sand until a soft breeze fully reveals it, while the background subtly accelerates in time-lapse around the still product. Subtle particle systems (dust, pollen, mist) interact gracefully with the vial. Vibe: Cool. Theme: Beach & Ocean. Product lock: AOD-9604 (V-AOD-001). Form: 10mL sterile injectable-style glass vial with rubber stopper and aluminum crimp seal (NOT screw-cap, NOT black twist cap). Camera: 16:9 landscape cinematic framing, deep environmental context. Keep product as part of a full environmental scene — not an isolated void packshot. VIAL SPEC: 10mL sterile injectable-style clear glass vial, rubber stopper + aluminum crimp seal only. FORBIDDEN: black twist caps, screw caps, dropper bottles. SIGNAGE RULE: premium clean research lab only. No safety placards, no industrial alert graphics, no trefoil icons, no striped floor tape, no danger banners. Do not print alert words on walls, floors, labels, or posters. Only neutral room names and product typography.",Captions MUST be only about AOD-9604 (V-AOD-001) and https://www.palmbeach-vitality.store/products/aod-9604.,Active,221,,221,Cool,Beach & Ocean
LI-222,vid_gen_landscape_scenes,16:9,pen_3ml_scene,LI-222 — Recovery & Healing — Selank,A frosted glass bottle of cellular support half-buried in fine sand until a soft breeze fully reveals it,"16:9 landscape cinematic framing, deep environmental context",Dramatic mood lighting,"3mL research dosage pen of Selank as mid-ground hero in the scene (not extreme macro; no injection act, no people)",3mL pre-filled research dosage pen,P-SEL-001,Selank,https://www.palmbeach-vitality.store/products/selank-pen,"LANDSCAPE SCENE (16:9) for workflow vid_gen_landscape_scenes. Source visual+motion: A frosted glass bottle of cellular support half-buried in fine sand until a soft breeze fully reveals it, appearing to crack open like ice, revealing brighter liquid within. The scene has a quiet, almost sacred stillness interrupted only by intentional motion. Vibe: Dramatic. Theme: Recovery & Healing. Product lock: Selank (P-SEL-001). Form: 3mL pre-filled research dosage pen. Camera: 16:9 landscape cinematic framing, deep environmental context. Keep product as part of a full environmental scene — not an isolated void packshot. PEN SPEC: 3mL pre-filled research dosage pen. No injection act, no people, no needles in use. SIGNAGE RULE: premium clean research lab only. No safety placards, no industrial alert graphics, no trefoil icons, no striped floor tape, no danger banners. Do not print alert words on walls, floors, labels, or posters. Only neutral room names and product typography.",Captions MUST be only about Selank (P-SEL-001) and https://www.palmbeach-vitality.store/products/selank-pen.,Active,222,,222,Dramatic,Recovery & Healing
LI-223,vid_gen_landscape_scenes,16:9,lab_scene,LI-223 — Focus & Clarity — KPV / BPC-157 / TB-500 / GHK-Cu,A slim silver-capped peptide bottle on a mirror surface that reflects infinite versions of itself,"16:9 landscape cinematic framing, deep environmental context",Fun mood lighting,scene product lock via typography / subtle mid-ground research material; no extreme close-up packshot,,V-KLO-001,KPV / BPC-157 / TB-500 / GHK-Cu,https://www.palmbeach-vitality.store/products/klow-kpv-bpc-157-tb-500-ghk,"LANDSCAPE SCENE (16:9) for workflow vid_gen_landscape_scenes. Source visual+motion: A slim silver-capped peptide bottle on a mirror surface that reflects infinite versions of itself, with dew drops assembling themselves into geometric patterns on the glass. The environment feels charged, as if responding to the product's presence. Vibe: Fun. Theme: Focus & Clarity. Product lock: KPV / BPC-157 / TB-500 / GHK-Cu (V-KLO-001). Form: research catalog material. Camera: 16:9 landscape cinematic framing, deep environmental context. Keep product as part of a full environmental scene — not an isolated void packshot. SIGNAGE RULE: premium clean research lab only. No safety placards, no industrial alert graphics, no trefoil icons, no striped floor tape, no danger banners. Do not print alert words on walls, floors, labels, or posters. Only neutral room names and product typography.",Captions MUST be only about KPV / BPC-157 / TB-500 / GHK-Cu (V-KLO-001) and https://www.palmbeach-vitality.store/products/klow-kpv-bpc-157-tb-500-ghk.,Active,223,,223,Fun,Focus & Clarity
LI-224,vid_gen_landscape_scenes,16:9,vial_10ml_scene,LI-224 — Beach & Ocean — Melanotan 2,A crystal-clear recovery vial standing in soft white sand with moving palm-frond shadows,"16:9 landscape cinematic framing, deep environmental context",Funny mood lighting,"10mL sterile injectable-style glass vial of Melanotan 2 with rubber stopper + aluminum crimp seal (NEVER black twist/screw cap); mid-ground in scene, not extreme macro","10mL sterile injectable-style glass vial with rubber stopper and aluminum crimp seal (NOT screw-cap, NOT black twist cap)",V-MT2-001,Melanotan 2,https://www.palmbeach-vitality.store/products/melonotan,"LANDSCAPE SCENE (16:9) for workflow vid_gen_landscape_scenes. Source visual+motion: A crystal-clear recovery vial standing in soft white sand with moving palm-frond shadows, while two vials slowly lean toward each other until labels almost touch. Soft volumetric god-rays cut through the scene. Vibe: Funny. Theme: Beach & Ocean. Product lock: Melanotan 2 (V-MT2-001). Form: 10mL sterile injectable-style glass vial with rubber stopper and aluminum crimp seal (NOT screw-cap, NOT black twist cap). Camera: 16:9 landscape cinematic framing, deep environmental context. Keep product as part of a full environmental scene — not an isolated void packshot. VIAL SPEC: 10mL sterile injectable-style clear glass vial, rubber stopper + aluminum crimp seal only. FORBIDDEN: black twist caps, screw caps, dropper bottles. SIGNAGE RULE: premium clean research lab only. No safety placards, no industrial alert graphics, no trefoil icons, no striped floor tape, no danger banners. Do not print alert words on walls, floors, labels, or posters. Only neutral room names and product typography.",Captions MUST be only about Melanotan 2 (V-MT2-001) and https://www.palmbeach-vitality.store/products/melonotan.,Active,224,,224,Funny,Beach & Ocean
LI-225,vid_gen_landscape_scenes,16:9,vial_10ml_scene,LI-225 — Beach & Ocean — Retatrutide,A crystal-clear recovery vial floating upright in a clear tide pool while tiny fish dart past,"16:9 landscape cinematic framing, deep environmental context",Fun mood lighting,"10mL sterile injectable-style glass vial of Retatrutide with rubber stopper + aluminum crimp seal (NEVER black twist/screw cap); mid-ground in scene, not extreme macro","10mL sterile injectable-style glass vial with rubber stopper and aluminum crimp seal (NOT screw-cap, NOT black twist cap)",V-RET-001,Retatrutide,https://www.palmbeach-vitality.store/products/retatrutide,"LANDSCAPE SCENE (16:9) for workflow vid_gen_landscape_scenes. Source visual+motion: A crystal-clear recovery vial floating upright in a clear tide pool while tiny fish dart past, with the entire bottle briefly becoming translucent then solid again. Subtle particle systems (dust, pollen, mist) interact gracefully with the vial. Vibe: Fun. Theme: Beach & Ocean. Product lock: Retatrutide (V-RET-001). Form: 10mL sterile injectable-style glass vial with rubber stopper and aluminum crimp seal (NOT screw-cap, NOT black twist cap). Camera: 16:9 landscape cinematic framing, deep environmental context. Keep product as part of a full environmental scene — not an isolated void packshot. VIAL SPEC: 10mL sterile injectable-style clear glass vial, rubber stopper + aluminum crimp seal only. FORBIDDEN: black twist caps, screw caps, dropper bottles. SIGNAGE RULE: premium clean research lab only. No safety placards, no industrial alert graphics, no trefoil icons, no striped floor tape, no danger banners. Do not print alert words on walls, floors, labels, or posters. Only neutral room names and product typography.",Captions MUST be only about Retatrutide (V-RET-001) and https://www.palmbeach-vitality.store/products/retatrutide.,Active,225,,225,Fun,Beach & Ocean
LI-226,vid_gen_landscape_scenes,16:9,vial_10ml_scene,LI-226 — Beach & Ocean — Tirzepatide,A crystal-clear recovery vial beside an hourglass where the sand begins flowing upward,"16:9 landscape cinematic framing, deep environmental context",Funny mood lighting,"10mL sterile injectable-style glass vial of Tirzepatide with rubber stopper + aluminum crimp seal (NEVER black twist/screw cap); mid-ground in scene, not extreme macro","10mL sterile injectable-style glass vial with rubber stopper and aluminum crimp seal (NOT screw-cap, NOT black twist cap)",V-TIR-001,Tirzepatide,https://www.palmbeach-vitality.store/products/tirzepatide,"LANDSCAPE SCENE (16:9) for workflow vid_gen_landscape_scenes. Source visual+motion: A crystal-clear recovery vial beside an hourglass where the sand begins flowing upward, as it 'hides' behind a large leaf that keeps falling away to reveal it again. Extreme slow-motion emphasizes every micro-movement of liquid and light. Vibe: Funny. Theme: Beach & Ocean. Product lock: Tirzepatide (V-TIR-001). Form: 10mL sterile injectable-style glass vial with rubber stopper and aluminum crimp seal (NOT screw-cap, NOT black twist cap). Camera: 16:9 landscape cinematic framing, deep environmental context. Keep product as part of a full environmental scene — not an isolated void packshot. VIAL SPEC: 10mL sterile injectable-style clear glass vial, rubber stopper + aluminum crimp seal only. FORBIDDEN: black twist caps, screw caps, dropper bottles. SIGNAGE RULE: premium clean research lab only. No safety placards, no industrial alert graphics, no trefoil icons, no striped floor tape, no danger banners. Do not print alert words on walls, floors, labels, or posters. Only neutral room names and product typography.",Captions MUST be only about Tirzepatide (V-TIR-001) and https://www.palmbeach-vitality.store/products/tirzepatide.,Active,226,,226,Funny,Beach & Ocean
LI-227,vid_gen_landscape_scenes,16:9,vial_10ml_scene,LI-227 — Beach & Ocean — Semaglutide,A precision-dosed peptide vial half-buried in fine sand until a soft breeze fully reveals it,"16:9 landscape cinematic framing, deep environmental context",Funny mood lighting,"10mL sterile injectable-style glass vial of Semaglutide with rubber stopper + aluminum crimp seal (NEVER black twist/screw cap); mid-ground in scene, not extreme macro","10mL sterile injectable-style glass vial with rubber stopper and aluminum crimp seal (NOT screw-cap, NOT black twist cap)",V-SEM-001,Semaglutide,https://www.palmbeach-vitality.store/products/semaglutide,"LANDSCAPE SCENE (16:9) for workflow vid_gen_landscape_scenes. Source visual+motion: A precision-dosed peptide vial half-buried in fine sand until a soft breeze fully reveals it, with two identical vials in a perfect staring contest, zero movement. Soft volumetric god-rays cut through the scene. Vibe: Funny. Theme: Beach & Ocean. Product lock: Semaglutide (V-SEM-001). Form: 10mL sterile injectable-style glass vial with rubber stopper and aluminum crimp seal (NOT screw-cap, NOT black twist cap). Camera: 16:9 landscape cinematic framing, deep environmental context. Keep product as part of a full environmental scene — not an isolated void packshot. VIAL SPEC: 10mL sterile injectable-style clear glass vial, rubber stopper + aluminum crimp seal only. FORBIDDEN: black twist caps, screw caps, dropper bottles. SIGNAGE RULE: premium clean research lab only. No safety placards, no industrial alert graphics, no trefoil icons, no striped floor tape, no danger banners. Do not print alert words on walls, floors, labels, or posters. Only neutral room names and product typography.",Captions MUST be only about Semaglutide (V-SEM-001) and https://www.palmbeach-vitality.store/products/semaglutide.,Active,227,,227,Funny,Beach & Ocean
LI-228,vid_gen_landscape_scenes,16:9,vial_10ml_scene,LI-228 — Nature Regeneration — KPV / BPC-157 / TB-500 / GHK-Cu,A precision-dosed peptide vial on a smooth river stone while clear water flows in soft ribbons around it,"16:9 landscape cinematic framing, deep environmental context",Funny mood lighting,"10mL sterile injectable-style glass vial of KPV / BPC-157 / TB-500 / GHK-Cu with rubber stopper + aluminum crimp seal (NEVER black twist/screw cap); mid-ground in scene, not extreme macro","10mL sterile injectable-style glass vial with rubber stopper and aluminum crimp seal (NOT screw-cap, NOT black twist cap)",V-KLO-001,KPV / BPC-157 / TB-500 / GHK-Cu,https://www.palmbeach-vitality.store/products/klow-kpv-bpc-157-tb-500-ghk,"LANDSCAPE SCENE (16:9) for workflow vid_gen_landscape_scenes. Source visual+motion: A precision-dosed peptide vial on a smooth river stone while clear water flows in soft ribbons around it, while surrounding water freezes in elegant crystals then melts cleanly. A gentle breeze moves surrounding elements without disturbing the product. Vibe: Funny. Theme: Nature Regeneration. Product lock: KPV / BPC-157 / TB-500 / GHK-Cu (V-KLO-001). Form: 10mL sterile injectable-style glass vial with rubber stopper and aluminum crimp seal (NOT screw-cap, NOT black twist cap). Camera: 16:9 landscape cinematic framing, deep environmental context. Keep product as part of a full environmental scene — not an isolated void packshot. VIAL SPEC: 10mL sterile injectable-style clear glass vial, rubber stopper + aluminum crimp seal only. FORBIDDEN: black twist caps, screw caps, dropper bottles. SIGNAGE RULE: premium clean research lab only. No safety placards, no industrial alert graphics, no trefoil icons, no striped floor tape, no danger banners. Do not print alert words on walls, floors, labels, or posters. Only neutral room names and product typography.",Captions MUST be only about KPV / BPC-157 / TB-500 / GHK-Cu (V-KLO-001) and https://www.palmbeach-vitality.store/products/klow-kpv-bpc-157-tb-500-ghk.,Active,228,,228,Funny,Nature Regeneration
LI-229,vid_gen_landscape_scenes,16:9,vial_10ml_scene,LI-229 — Nature Regeneration — MOTS-C,A glowing amber wellness vial on a cracked dry leaf that unfurls and turns lush green beside it,"16:9 landscape cinematic framing, deep environmental context",Fun mood lighting,"10mL sterile injectable-style glass vial of MOTS-C with rubber stopper + aluminum crimp seal (NEVER black twist/screw cap); mid-ground in scene, not extreme macro","10mL sterile injectable-style glass vial with rubber stopper and aluminum crimp seal (NOT screw-cap, NOT black twist cap)",V-MOT-001,MOTS-C,https://www.palmbeach-vitality.store/products/mots-c-10mg-5ml-vial,"LANDSCAPE SCENE (16:9) for workflow vid_gen_landscape_scenes. Source visual+motion: A glowing amber wellness vial on a cracked dry leaf that unfurls and turns lush green beside it, as the product seems to age backward — surface becomes cleaner and brighter. Soft volumetric god-rays cut through the scene. Vibe: Fun. Theme: Nature Regeneration. Product lock: MOTS-C (V-MOT-001). Form: 10mL sterile injectable-style glass vial with rubber stopper and aluminum crimp seal (NOT screw-cap, NOT black twist cap). Camera: 16:9 landscape cinematic framing, deep environmental context. Keep product as part of a full environmental scene — not an isolated void packshot. VIAL SPEC: 10mL sterile injectable-style clear glass vial, rubber stopper + aluminum crimp seal only. FORBIDDEN: black twist caps, screw caps, dropper bottles. SIGNAGE RULE: premium clean research lab only. No safety placards, no industrial alert graphics, no trefoil icons, no striped floor tape, no danger banners. Do not print alert words on walls, floors, labels, or posters. Only neutral room names and product typography.",Captions MUST be only about MOTS-C (V-MOT-001) and https://www.palmbeach-vitality.store/products/mots-c-10mg-5ml-vial.,Active,229,,229,Fun,Nature Regeneration
LI-230,vid_gen_landscape_scenes,16:9,vial_10ml_scene,LI-230 — Energy & Cellular Power — NAD+,A precision-dosed peptide vial on a cracked dry leaf that unfurls and turns lush green beside it,"16:9 landscape cinematic framing, deep environmental context",Cool mood lighting,"10mL sterile injectable-style glass vial of NAD+ with rubber stopper + aluminum crimp seal (NEVER black twist/screw cap); mid-ground in scene, not extreme macro","10mL sterile injectable-style glass vial with rubber stopper and aluminum crimp seal (NOT screw-cap, NOT black twist cap)",V-NAD-001,NAD+,https://www.palmbeach-vitality.store/products/nad-1,"LANDSCAPE SCENE (16:9) for workflow vid_gen_landscape_scenes. Source visual+motion: A precision-dosed peptide vial on a cracked dry leaf that unfurls and turns lush green beside it, with a soft energy field of particles forming a protective sphere around it. Soft volumetric god-rays cut through the scene. Vibe: Cool. Theme: Energy & Cellular Power. Product lock: NAD+ (V-NAD-001). Form: 10mL sterile injectable-style glass vial with rubber stopper and aluminum crimp seal (NOT screw-cap, NOT black twist cap). Camera: 16:9 landscape cinematic framing, deep environmental context. Keep product as part of a full environmental scene — not an isolated void packshot. VIAL SPEC: 10mL sterile injectable-style clear glass vial, rubber stopper + aluminum crimp seal only. FORBIDDEN: black twist caps, screw caps, dropper bottles. SIGNAGE RULE: premium clean research lab only. No safety placards, no industrial alert graphics, no trefoil icons, no striped floor tape, no danger banners. Do not print alert words on walls, floors, labels, or posters. Only neutral room names and product typography.",Captions MUST be only about NAD+ (V-NAD-001) and https://www.palmbeach-vitality.store/products/nad-1.,Active,230,,230,Cool,Energy & Cellular Power
LI-231,vid_gen_landscape_scenes,16:9,vial_10ml_scene,LI-231 — Stacks & Synergy — PT-141,A precision-dosed peptide vial on a kitchen counter as a stick of butter softens and fruit brightens nearby,"16:9 landscape cinematic framing, deep environmental context",Funny mood lighting,"10mL sterile injectable-style glass vial of PT-141 with rubber stopper + aluminum crimp seal (NEVER black twist/screw cap); mid-ground in scene, not extreme macro","10mL sterile injectable-style glass vial with rubber stopper and aluminum crimp seal (NOT screw-cap, NOT black twist cap)",V-PT1-001,PT-141,https://www.palmbeach-vitality.store/products/pt-141,"LANDSCAPE SCENE (16:9) for workflow vid_gen_landscape_scenes. Source visual+motion: A precision-dosed peptide vial on a kitchen counter as a stick of butter softens and fruit brightens nearby, as condensation forms and rolls down in slow motion. Time-lapse growth and repair happens in the periphery only. Vibe: Funny. Theme: Stacks & Synergy. Product lock: PT-141 (V-PT1-001). Form: 10mL sterile injectable-style glass vial with rubber stopper and aluminum crimp seal (NOT screw-cap, NOT black twist cap). Camera: 16:9 landscape cinematic framing, deep environmental context. Keep product as part of a full environmental scene — not an isolated void packshot. VIAL SPEC: 10mL sterile injectable-style clear glass vial, rubber stopper + aluminum crimp seal only. FORBIDDEN: black twist caps, screw caps, dropper bottles. SIGNAGE RULE: premium clean research lab only. No safety placards, no industrial alert graphics, no trefoil icons, no striped floor tape, no danger banners. Do not print alert words on walls, floors, labels, or posters. Only neutral room names and product typography.",Captions MUST be only about PT-141 (V-PT1-001) and https://www.palmbeach-vitality.store/products/pt-141.,Active,231,,231,Funny,Stacks & Synergy
LI-232,vid_gen_landscape_scenes,16:9,pen_3ml_scene,LI-232 — Nature Regeneration — Sermorelin,A matte-black peptide pen in complete darkness until a precise light beam illuminates only the label area,"16:9 landscape cinematic framing, deep environmental context",Funny mood lighting,"3mL research dosage pen of Sermorelin as mid-ground hero in the scene (not extreme macro; no injection act, no people)",3mL pre-filled research dosage pen,P-SER-001,Sermorelin,https://www.palmbeach-vitality.store/products/sermorelin-pen,"LANDSCAPE SCENE (16:9) for workflow vid_gen_landscape_scenes. Source visual+motion: A matte-black peptide pen in complete darkness until a precise light beam illuminates only the label area, leaning almost to the point of tipping then correcting itself. A gentle breeze moves surrounding elements without disturbing the product. Vibe: Funny. Theme: Nature Regeneration. Product lock: Sermorelin (P-SER-001). Form: 3mL pre-filled research dosage pen. Camera: 16:9 landscape cinematic framing, deep environmental context. Keep product as part of a full environmental scene — not an isolated void packshot. PEN SPEC: 3mL pre-filled research dosage pen. No injection act, no people, no needles in use. SIGNAGE RULE: premium clean research lab only. No safety placards, no industrial alert graphics, no trefoil icons, no striped floor tape, no danger banners. Do not print alert words on walls, floors, labels, or posters. Only neutral room names and product typography.",Captions MUST be only about Sermorelin (P-SER-001) and https://www.palmbeach-vitality.store/products/sermorelin-pen.,Active,232,,232,Funny,Nature Regeneration
LI-233,vid_gen_landscape_scenes,16:9,vial_10ml_scene,LI-233 — Abstract Cellular — Selank,A pure white ceramic-capped vial on a circular platform of polished copper that warms with a soft glow,"16:9 landscape cinematic framing, deep environmental context",Funny mood lighting,"10mL sterile injectable-style glass vial of Selank with rubber stopper + aluminum crimp seal (NEVER black twist/screw cap); mid-ground in scene, not extreme macro","10mL sterile injectable-style glass vial with rubber stopper and aluminum crimp seal (NOT screw-cap, NOT black twist cap)",V-SEL-001,Selank,https://www.palmbeach-vitality.store/products/selank,"LANDSCAPE SCENE (16:9) for workflow vid_gen_landscape_scenes. Source visual+motion: A pure white ceramic-capped vial on a circular platform of polished copper that warms with a soft glow, while the glass surface briefly shows flowing molecular structures then clears. Reflections and refractions in the glass create secondary visual interest. Vibe: Funny. Theme: Abstract Cellular. Product lock: Selank (V-SEL-001). Form: 10mL sterile injectable-style glass vial with rubber stopper and aluminum crimp seal (NOT screw-cap, NOT black twist cap). Camera: 16:9 landscape cinematic framing, deep environmental context. Keep product as part of a full environmental scene — not an isolated void packshot. VIAL SPEC: 10mL sterile injectable-style clear glass vial, rubber stopper + aluminum crimp seal only. FORBIDDEN: black twist caps, screw caps, dropper bottles. SIGNAGE RULE: premium clean research lab only. No safety placards, no industrial alert graphics, no trefoil icons, no striped floor tape, no danger banners. Do not print alert words on walls, floors, labels, or posters. Only neutral room names and product typography.",Captions MUST be only about Selank (V-SEL-001) and https://www.palmbeach-vitality.store/products/selank.,Active,233,,233,Funny,Abstract Cellular
LI-234,vid_gen_landscape_scenes,16:9,vial_10ml_scene,LI-234 — Resilience & Strength — Sermorelin,A high-clarity research-grade vial next to a fading photograph that regains color and sharpness,"16:9 landscape cinematic framing, deep environmental context",Dramatic mood lighting,"10mL sterile injectable-style glass vial of Sermorelin with rubber stopper + aluminum crimp seal (NEVER black twist/screw cap); mid-ground in scene, not extreme macro","10mL sterile injectable-style glass vial with rubber stopper and aluminum crimp seal (NOT screw-cap, NOT black twist cap)",V-SER-001,Sermorelin,https://www.palmbeach-vitality.store/products/sermorelin,"LANDSCAPE SCENE (16:9) for workflow vid_gen_landscape_scenes. Source visual+motion: A high-clarity research-grade vial next to a fading photograph that regains color and sharpness, with its label slowly peeling back just enough to hint at a second layer underneath. A gentle breeze moves surrounding elements without disturbing the product. Vibe: Dramatic. Theme: Resilience & Strength. Product lock: Sermorelin (V-SER-001). Form: 10mL sterile injectable-style glass vial with rubber stopper and aluminum crimp seal (NOT screw-cap, NOT black twist cap). Camera: 16:9 landscape cinematic framing, deep environmental context. Keep product as part of a full environmental scene — not an isolated void packshot. VIAL SPEC: 10mL sterile injectable-style clear glass vial, rubber stopper + aluminum crimp seal only. FORBIDDEN: black twist caps, screw caps, dropper bottles. SIGNAGE RULE: premium clean research lab only. No safety placards, no industrial alert graphics, no trefoil icons, no striped floor tape, no danger banners. Do not print alert words on walls, floors, labels, or posters. Only neutral room names and product typography.",Captions MUST be only about Sermorelin (V-SER-001) and https://www.palmbeach-vitality.store/products/sermorelin.,Active,234,,234,Dramatic,Resilience & Strength
LI-235,vid_gen_landscape_scenes,16:9,vial_10ml_scene,LI-235 — Recovery & Healing — SS-31,A crystal-clear recovery vial inside a large clear ice block that slowly melts away,"16:9 landscape cinematic framing, deep environmental context",Dramatic mood lighting,"10mL sterile injectable-style glass vial of SS-31 with rubber stopper + aluminum crimp seal (NEVER black twist/screw cap); mid-ground in scene, not extreme macro","10mL sterile injectable-style glass vial with rubber stopper and aluminum crimp seal (NOT screw-cap, NOT black twist cap)",V-SS3-001,SS-31,https://www.palmbeach-vitality.store/products/ss-31,"LANDSCAPE SCENE (16:9) for workflow vid_gen_landscape_scenes. Source visual+motion: A crystal-clear recovery vial inside a large clear ice block that slowly melts away, while two vials slowly lean toward each other until labels almost touch. Golden hour light slides across the surface creating long lens flares. Vibe: Dramatic. Theme: Recovery & Healing. Product lock: SS-31 (V-SS3-001). Form: 10mL sterile injectable-style glass vial with rubber stopper and aluminum crimp seal (NOT screw-cap, NOT black twist cap). Camera: 16:9 landscape cinematic framing, deep environmental context. Keep product as part of a full environmental scene — not an isolated void packshot. VIAL SPEC: 10mL sterile injectable-style clear glass vial, rubber stopper + aluminum crimp seal only. FORBIDDEN: black twist caps, screw caps, dropper bottles. SIGNAGE RULE: premium clean research lab only. No safety placards, no industrial alert graphics, no trefoil icons, no striped floor tape, no danger banners. Do not print alert words on walls, floors, labels, or posters. Only neutral room names and product typography.",Captions MUST be only about SS-31 (V-SS3-001) and https://www.palmbeach-vitality.store/products/ss-31.,Active,235,,235,Dramatic,Recovery & Healing
LI-236,vid_gen_landscape_scenes,16:9,vial_10ml_scene,LI-236 — Focus & Clarity — TB-500,A slim silver-capped peptide bottle next to a foggy mirror surface that clears from the center outward,"16:9 landscape cinematic framing, deep environmental context",Dramatic mood lighting,"10mL sterile injectable-style glass vial of TB-500 with rubber stopper + aluminum crimp seal (NEVER black twist/screw cap); mid-ground in scene, not extreme macro","10mL sterile injectable-style glass vial with rubber stopper and aluminum crimp seal (NOT screw-cap, NOT black twist cap)",V-TB5-001,TB-500,https://www.palmbeach-vitality.store/products/tb-500,"LANDSCAPE SCENE (16:9) for workflow vid_gen_landscape_scenes. Source visual+motion: A slim silver-capped peptide bottle next to a foggy mirror surface that clears from the center outward, with a soft white light pulsing once like a signal. Subtle particle systems (dust, pollen, mist) interact gracefully with the vial. Vibe: Dramatic. Theme: Focus & Clarity. Product lock: TB-500 (V-TB5-001). Form: 10mL sterile injectable-style glass vial with rubber stopper and aluminum crimp seal (NOT screw-cap, NOT black twist cap). Camera: 16:9 landscape cinematic framing, deep environmental context. Keep product as part of a full environmental scene — not an isolated void packshot. VIAL SPEC: 10mL sterile injectable-style clear glass vial, rubber stopper + aluminum crimp seal only. FORBIDDEN: black twist caps, screw caps, dropper bottles. SIGNAGE RULE: premium clean research lab only. No safety placards, no industrial alert graphics, no trefoil icons, no striped floor tape, no danger banners. Do not print alert words on walls, floors, labels, or posters. Only neutral room names and product typography.",Captions MUST be only about TB-500 (V-TB5-001) and https://www.palmbeach-vitality.store/products/tb-500.,Active,236,,236,Dramatic,Focus & Clarity
LI-237,vid_gen_landscape_scenes,16:9,pen_3ml_scene,LI-237 — Resilience & Strength — Thymosin Alpha-1,A matte-black peptide pen on a kitchen counter as a stick of butter softens and fruit brightens nearby,"16:9 landscape cinematic framing, deep environmental context",Funny mood lighting,"3mL research dosage pen of Thymosin Alpha-1 as mid-ground hero in the scene (not extreme macro; no injection act, no people)",3mL pre-filled research dosage pen,P-TA1-001,Thymosin Alpha-1,https://www.palmbeach-vitality.store/products/ta-2,"LANDSCAPE SCENE (16:9) for workflow vid_gen_landscape_scenes. Source visual+motion: A matte-black peptide pen on a kitchen counter as a stick of butter softens and fruit brightens nearby, with the bottle standing firm as a small wave repeatedly tries and fails to knock it over. Time-lapse growth and repair happens in the periphery only. Vibe: Funny. Theme: Resilience & Strength. Product lock: Thymosin Alpha-1 (P-TA1-001). Form: 3mL pre-filled research dosage pen. Camera: 16:9 landscape cinematic framing, deep environmental context. Keep product as part of a full environmental scene — not an isolated void packshot. PEN SPEC: 3mL pre-filled research dosage pen. No injection act, no people, no needles in use. SIGNAGE RULE: premium clean research lab only. No safety placards, no industrial alert graphics, no trefoil icons, no striped floor tape, no danger banners. Do not print alert words on walls, floors, labels, or posters. Only neutral room names and product typography.",Captions MUST be only about Thymosin Alpha-1 (P-TA1-001) and https://www.palmbeach-vitality.store/products/ta-2.,Active,237,,237,Funny,Resilience & Strength
LI-238,vid_gen_landscape_scenes,16:9,lab_scene,LI-238 — Beach & Ocean — MOTS-C,A slim silver-capped peptide bottle in a soft sandstorm that settles into perfect geometric patterns around it,"16:9 landscape cinematic framing, deep environmental context",Fun mood lighting,scene product lock via typography / subtle mid-ground research material; no extreme close-up packshot,,V-MOT-001,MOTS-C,https://www.palmbeach-vitality.store/products/mots-c-10mg-5ml-vial,"LANDSCAPE SCENE (16:9) for workflow vid_gen_landscape_scenes. Source visual+motion: A slim silver-capped peptide bottle in a soft sandstorm that settles into perfect geometric patterns around it, with a soft white light pulsing once like a signal. Deep contrast between the sharp product and soft, dreamy background. Vibe: Fun. Theme: Beach & Ocean. Product lock: MOTS-C (V-MOT-001). Form: research catalog material. Camera: 16:9 landscape cinematic framing, deep environmental context. Keep product as part of a full environmental scene — not an isolated void packshot. SIGNAGE RULE: premium clean research lab only. No safety placards, no industrial alert graphics, no trefoil icons, no striped floor tape, no danger banners. Do not print alert words on walls, floors, labels, or posters. Only neutral room names and product typography.",Captions MUST be only about MOTS-C (V-MOT-001) and https://www.palmbeach-vitality.store/products/mots-c-10mg-5ml-vial.,Active,238,,238,Fun,Beach & Ocean
LI-239,vid_gen_landscape_scenes,16:9,vial_10ml_scene,LI-239 — Nature Regeneration — Tesamorelin,A high-clarity research-grade vial on a cracked dry leaf that unfurls and turns lush green beside it,"16:9 landscape cinematic framing, deep environmental context",Funny mood lighting,"10mL sterile injectable-style glass vial of Tesamorelin with rubber stopper + aluminum crimp seal (NEVER black twist/screw cap); mid-ground in scene, not extreme macro","10mL sterile injectable-style glass vial with rubber stopper and aluminum crimp seal (NOT screw-cap, NOT black twist cap)",V-TES-001,Tesamorelin,https://www.palmbeach-vitality.store/products/tesamorelin,"LANDSCAPE SCENE (16:9) for workflow vid_gen_landscape_scenes. Source visual+motion: A high-clarity research-grade vial on a cracked dry leaf that unfurls and turns lush green beside it, while fine mist rises from the surface in elegant swirls. Golden hour light slides across the surface creating long lens flares. Vibe: Funny. Theme: Nature Regeneration. Product lock: Tesamorelin (V-TES-001). Form: 10mL sterile injectable-style glass vial with rubber stopper and aluminum crimp seal (NOT screw-cap, NOT black twist cap). Camera: 16:9 landscape cinematic framing, deep environmental context. Keep product as part of a full environmental scene — not an isolated void packshot. VIAL SPEC: 10mL sterile injectable-style clear glass vial, rubber stopper + aluminum crimp seal only. FORBIDDEN: black twist caps, screw caps, dropper bottles. SIGNAGE RULE: premium clean research lab only. No safety placards, no industrial alert graphics, no trefoil icons, no striped floor tape, no danger banners. Do not print alert words on walls, floors, labels, or posters. Only neutral room names and product typography.",Captions MUST be only about Tesamorelin (V-TES-001) and https://www.palmbeach-vitality.store/products/tesamorelin.,Active,239,,239,Funny,Nature Regeneration
LI-240,vid_gen_landscape_scenes,16:9,vial_10ml_scene,LI-240 — Nature Regeneration — BPC-157,A pure white ceramic-capped vial framed by two large tropical leaves that slowly close then reopen like curtains,"16:9 landscape cinematic framing, deep environmental context",Dramatic mood lighting,"10mL sterile injectable-style glass vial of BPC-157 with rubber stopper + aluminum crimp seal (NEVER black twist/screw cap); mid-ground in scene, not extreme macro","10mL sterile injectable-style glass vial with rubber stopper and aluminum crimp seal (NOT screw-cap, NOT black twist cap)",V-BPC-001,BPC-157,https://www.palmbeach-vitality.store/products/bpc-157,"LANDSCAPE SCENE (16:9) for workflow vid_gen_landscape_scenes. Source visual+motion: A pure white ceramic-capped vial framed by two large tropical leaves that slowly close then reopen like curtains, with a soft white light pulsing once like a signal. Soft volumetric god-rays cut through the scene. Vibe: Dramatic. Theme: Nature Regeneration. Product lock: BPC-157 (V-BPC-001). Form: 10mL sterile injectable-style glass vial with rubber stopper and aluminum crimp seal (NOT screw-cap, NOT black twist cap). Camera: 16:9 landscape cinematic framing, deep environmental context. Keep product as part of a full environmental scene — not an isolated void packshot. VIAL SPEC: 10mL sterile injectable-style clear glass vial, rubber stopper + aluminum crimp seal only. FORBIDDEN: black twist caps, screw caps, dropper bottles. SIGNAGE RULE: premium clean research lab only. No safety placards, no industrial alert graphics, no trefoil icons, no striped floor tape, no danger banners. Do not print alert words on walls, floors, labels, or posters. Only neutral room names and product typography.",Captions MUST be only about BPC-157 (V-BPC-001) and https://www.palmbeach-vitality.store/products/bpc-157.,Active,240,,240,Dramatic,Nature Regeneration
LI-241,vid_gen_landscape_scenes,16:9,lab_scene,LI-241 — Longevity & Anti-Aging — NAD+,A slim silver-capped peptide bottle resting on a stack of smooth river rocks in shallow moving water,"16:9 landscape cinematic framing, deep environmental context",Cool mood lighting,scene product lock via typography / subtle mid-ground research material; no extreme close-up packshot,,V-NAD-001,NAD+,https://www.palmbeach-vitality.store/products/nad-1,"LANDSCAPE SCENE (16:9) for workflow vid_gen_landscape_scenes. Source visual+motion: A slim silver-capped peptide bottle resting on a stack of smooth river rocks in shallow moving water, with its label slowly peeling back just enough to hint at a second layer underneath. Deep contrast between the sharp product and soft, dreamy background. Vibe: Cool. Theme: Longevity & Anti-Aging. Product lock: NAD+ (V-NAD-001). Form: research catalog material. Camera: 16:9 landscape cinematic framing, deep environmental context. Keep product as part of a full environmental scene — not an isolated void packshot. SIGNAGE RULE: premium clean research lab only. No safety placards, no industrial alert graphics, no trefoil icons, no striped floor tape, no danger banners. Do not print alert words on walls, floors, labels, or posters. Only neutral room names and product typography.",Captions MUST be only about NAD+ (V-NAD-001) and https://www.palmbeach-vitality.store/products/nad-1.,Active,241,,241,Cool,Longevity & Anti-Aging
LI-242,vid_gen_landscape_scenes,16:9,lab_scene,LI-242 — Nature Regeneration — PT-141,A slim silver-capped peptide bottle next to a torn leaf that stitches itself back together fiber by fiber,"16:9 landscape cinematic framing, deep environmental context",Cool mood lighting,scene product lock via typography / subtle mid-ground research material; no extreme close-up packshot,,V-PT1-001,PT-141,https://www.palmbeach-vitality.store/products/pt-141,"LANDSCAPE SCENE (16:9) for workflow vid_gen_landscape_scenes. Source visual+motion: A slim silver-capped peptide bottle next to a torn leaf that stitches itself back together fiber by fiber, gently floating upward a few centimeters then settling back down. Deep contrast between the sharp product and soft, dreamy background. Vibe: Cool. Theme: Nature Regeneration. Product lock: PT-141 (V-PT1-001). Form: research catalog material. Camera: 16:9 landscape cinematic framing, deep environmental context. Keep product as part of a full environmental scene — not an isolated void packshot. SIGNAGE RULE: premium clean research lab only. No safety placards, no industrial alert graphics, no trefoil icons, no striped floor tape, no danger banners. Do not print alert words on walls, floors, labels, or posters. Only neutral room names and product typography.",Captions MUST be only about PT-141 (V-PT1-001) and https://www.palmbeach-vitality.store/products/pt-141.,Active,242,,242,Cool,Nature Regeneration
LI-243,vid_gen_landscape_scenes,16:9,vial_10ml_scene,LI-243 — Beach & Ocean — BPC-157 / TB-500,A pure white ceramic-capped vial beside an hourglass where the sand begins flowing upward,"16:9 landscape cinematic framing, deep environmental context",Cool mood lighting,"10mL sterile injectable-style glass vial of BPC-157 / TB-500 with rubber stopper + aluminum crimp seal (NEVER black twist/screw cap); mid-ground in scene, not extreme macro","10mL sterile injectable-style glass vial with rubber stopper and aluminum crimp seal (NOT screw-cap, NOT black twist cap)",V-WOL-001,BPC-157 / TB-500,https://www.palmbeach-vitality.store/products/wolverine-stack,"LANDSCAPE SCENE (16:9) for workflow vid_gen_landscape_scenes. Source visual+motion: A pure white ceramic-capped vial beside an hourglass where the sand begins flowing upward, with the entire bottle briefly becoming translucent then solid again. Deep contrast between the sharp product and soft, dreamy background. Vibe: Cool. Theme: Beach & Ocean. Product lock: BPC-157 / TB-500 (V-WOL-001). Form: 10mL sterile injectable-style glass vial with rubber stopper and aluminum crimp seal (NOT screw-cap, NOT black twist cap). Camera: 16:9 landscape cinematic framing, deep environmental context. Keep product as part of a full environmental scene — not an isolated void packshot. VIAL SPEC: 10mL sterile injectable-style clear glass vial, rubber stopper + aluminum crimp seal only. FORBIDDEN: black twist caps, screw caps, dropper bottles. SIGNAGE RULE: premium clean research lab only. No safety placards, no industrial alert graphics, no trefoil icons, no striped floor tape, no danger banners. Do not print alert words on walls, floors, labels, or posters. Only neutral room names and product typography.",Captions MUST be only about BPC-157 / TB-500 (V-WOL-001) and https://www.palmbeach-vitality.store/products/wolverine-stack.,Active,243,,243,Cool,Beach & Ocean
LI-244,vid_gen_landscape_scenes,16:9,vial_10ml_scene,LI-244 — Nature Regeneration — Cagrilinitide,A precision-dosed peptide vial nestled among vibrant green moss that densifies in time-lapse,"16:9 landscape cinematic framing, deep environmental context",Fun mood lighting,"10mL sterile injectable-style glass vial of Cagrilinitide with rubber stopper + aluminum crimp seal (NEVER black twist/screw cap); mid-ground in scene, not extreme macro","10mL sterile injectable-style glass vial with rubber stopper and aluminum crimp seal (NOT screw-cap, NOT black twist cap)",V-CAG-001,Cagrilinitide,https://www.palmbeach-vitality.store/products/cargrilinitide,"LANDSCAPE SCENE (16:9) for workflow vid_gen_landscape_scenes. Source visual+motion: A precision-dosed peptide vial nestled among vibrant green moss that densifies in time-lapse, with two identical vials in a perfect staring contest, zero movement. A gentle breeze moves surrounding elements without disturbing the product. Vibe: Fun. Theme: Nature Regeneration. Product lock: Cagrilinitide (V-CAG-001). Form: 10mL sterile injectable-style glass vial with rubber stopper and aluminum crimp seal (NOT screw-cap, NOT black twist cap). Camera: 16:9 landscape cinematic framing, deep environmental context. Keep product as part of a full environmental scene — not an isolated void packshot. VIAL SPEC: 10mL sterile injectable-style clear glass vial, rubber stopper + aluminum crimp seal only. FORBIDDEN: black twist caps, screw caps, dropper bottles. SIGNAGE RULE: premium clean research lab only. No safety placards, no industrial alert graphics, no trefoil icons, no striped floor tape, no danger banners. Do not print alert words on walls, floors, labels, or posters. Only neutral room names and product typography.",Captions MUST be only about Cagrilinitide (V-CAG-001) and https://www.palmbeach-vitality.store/products/cargrilinitide.,Active,244,,244,Fun,Nature Regeneration
LI-245,vid_gen_landscape_scenes,16:9,vial_10ml_scene,LI-245 — Resilience & Strength — CJC (no DAC),A slim silver-capped peptide bottle floating just above a still black lake with perfect reflection,"16:9 landscape cinematic framing, deep environmental context",Funny mood lighting,"10mL sterile injectable-style glass vial of CJC (no DAC) with rubber stopper + aluminum crimp seal (NEVER black twist/screw cap); mid-ground in scene, not extreme macro","10mL sterile injectable-style glass vial with rubber stopper and aluminum crimp seal (NOT screw-cap, NOT black twist cap)",V-CJC-001,CJC (no DAC),https://www.palmbeach-vitality.store/products/cjc,"LANDSCAPE SCENE (16:9) for workflow vid_gen_landscape_scenes. Source visual+motion: A slim silver-capped peptide bottle floating just above a still black lake with perfect reflection, leaning almost to the point of tipping then correcting itself. Subtle particle systems (dust, pollen, mist) interact gracefully with the vial. Vibe: Funny. Theme: Resilience & Strength. Product lock: CJC (no DAC) (V-CJC-001). Form: 10mL sterile injectable-style glass vial with rubber stopper and aluminum crimp seal (NOT screw-cap, NOT black twist cap). Camera: 16:9 landscape cinematic framing, deep environmental context. Keep product as part of a full environmental scene — not an isolated void packshot. VIAL SPEC: 10mL sterile injectable-style clear glass vial, rubber stopper + aluminum crimp seal only. FORBIDDEN: black twist caps, screw caps, dropper bottles. SIGNAGE RULE: premium clean research lab only. No safety placards, no industrial alert graphics, no trefoil icons, no striped floor tape, no danger banners. Do not print alert words on walls, floors, labels, or posters. Only neutral room names and product typography.",Captions MUST be only about CJC (no DAC) (V-CJC-001) and https://www.palmbeach-vitality.store/products/cjc.,Active,245,,245,Funny,Resilience & Strength
LI-246,vid_gen_landscape_scenes,16:9,pen_3ml_scene,LI-246 — Beach & Ocean — Tesamorelin,A minimalist wellness bottle resting on a weathered wooden pier post at blue hour with water reflections,"16:9 landscape cinematic framing, deep environmental context",Fun mood lighting,"3mL research dosage pen of Tesamorelin as mid-ground hero in the scene (not extreme macro; no injection act, no people)",3mL pre-filled research dosage pen,P-TES-001,Tesamorelin,https://www.palmbeach-vitality.store/products/tesamorelin-30mg-pen,"LANDSCAPE SCENE (16:9) for workflow vid_gen_landscape_scenes. Source visual+motion: A minimalist wellness bottle resting on a weathered wooden pier post at blue hour with water reflections, while fine mist rises from the surface in elegant swirls. Time-lapse growth and repair happens in the periphery only. Vibe: Fun. Theme: Beach & Ocean. Product lock: Tesamorelin (P-TES-001). Form: 3mL pre-filled research dosage pen. Camera: 16:9 landscape cinematic framing, deep environmental context. Keep product as part of a full environmental scene — not an isolated void packshot. PEN SPEC: 3mL pre-filled research dosage pen. No injection act, no people, no needles in use. SIGNAGE RULE: premium clean research lab only. No safety placards, no industrial alert graphics, no trefoil icons, no striped floor tape, no danger banners. Do not print alert words on walls, floors, labels, or posters. Only neutral room names and product typography.",Captions MUST be only about Tesamorelin (P-TES-001) and https://www.palmbeach-vitality.store/products/tesamorelin-30mg-pen.,Active,246,,246,Fun,Beach & Ocean
LI-247,vid_gen_landscape_scenes,16:9,pen_3ml_scene,LI-247 — Fat Loss & Metabolism — Tesamorelin/Ipamorelin,A minimalist wellness bottle on a circular platform of polished copper that warms with a soft glow,"16:9 landscape cinematic framing, deep environmental context",Funny mood lighting,"3mL research dosage pen of Tesamorelin/Ipamorelin as mid-ground hero in the scene (not extreme macro; no injection act, no people)",3mL pre-filled research dosage pen,P-TEI-001,Tesamorelin/Ipamorelin,https://www.palmbeach-vitality.store/products/tesamorelin-ipamorelin-pen,"LANDSCAPE SCENE (16:9) for workflow vid_gen_landscape_scenes. Source visual+motion: A minimalist wellness bottle on a circular platform of polished copper that warms with a soft glow, with a soft white light pulsing once like a signal. Time-lapse growth and repair happens in the periphery only. Vibe: Funny. Theme: Fat Loss & Metabolism. Product lock: Tesamorelin/Ipamorelin (P-TEI-001). Form: 3mL pre-filled research dosage pen. Camera: 16:9 landscape cinematic framing, deep environmental context. Keep product as part of a full environmental scene — not an isolated void packshot. PEN SPEC: 3mL pre-filled research dosage pen. No injection act, no people, no needles in use. SIGNAGE RULE: premium clean research lab only. No safety placards, no industrial alert graphics, no trefoil icons, no striped floor tape, no danger banners. Do not print alert words on walls, floors, labels, or posters. Only neutral room names and product typography.",Captions MUST be only about Tesamorelin/Ipamorelin (P-TEI-001) and https://www.palmbeach-vitality.store/products/tesamorelin-ipamorelin-pen.,Active,247,,247,Funny,Fat Loss & Metabolism
LI-248,vid_gen_landscape_scenes,16:9,vial_10ml_scene,LI-248 — Fat Loss & Metabolism — CJC (no DAC)/Ipamorelin,A sleek glass peptide vial against a background that shifts from deep ocean blue to electric violet,"16:9 landscape cinematic framing, deep environmental context",Fun mood lighting,"10mL sterile injectable-style glass vial of CJC (no DAC)/Ipamorelin with rubber stopper + aluminum crimp seal (NEVER black twist/screw cap); mid-ground in scene, not extreme macro","10mL sterile injectable-style glass vial with rubber stopper and aluminum crimp seal (NOT screw-cap, NOT black twist cap)",V-CII-001,CJC (no DAC)/Ipamorelin,https://www.palmbeach-vitality.store/products/cjc-ipamorelin,"LANDSCAPE SCENE (16:9) for workflow vid_gen_landscape_scenes. Source visual+motion: A sleek glass peptide vial against a background that shifts from deep ocean blue to electric violet, as a single red drop forms and slowly shapes itself into a heart before falling. The scene has a quiet, almost sacred stillness interrupted only by intentional motion. Vibe: Fun. Theme: Fat Loss & Metabolism. Product lock: CJC (no DAC)/Ipamorelin (V-CII-001). Form: 10mL sterile injectable-style glass vial with rubber stopper and aluminum crimp seal (NOT screw-cap, NOT black twist cap). Camera: 16:9 landscape cinematic framing, deep environmental context. Keep product as part of a full environmental scene — not an isolated void packshot. VIAL SPEC: 10mL sterile injectable-style clear glass vial, rubber stopper + aluminum crimp seal only. FORBIDDEN: black twist caps, screw caps, dropper bottles. SIGNAGE RULE: premium clean research lab only. No safety placards, no industrial alert graphics, no trefoil icons, no striped floor tape, no danger banners. Do not print alert words on walls, floors, labels, or posters. Only neutral room names and product typography.",Captions MUST be only about CJC (no DAC)/Ipamorelin (V-CII-001) and https://www.palmbeach-vitality.store/products/cjc-ipamorelin.,Active,248,,248,Fun,Fat Loss & Metabolism
LI-249,vid_gen_landscape_scenes,16:9,lab_scene,LI-249 — Focus & Clarity — Selank,A minimalist wellness bottle on polished black spa stones with steam rising gently,"16:9 landscape cinematic framing, deep environmental context",Funny mood lighting,scene product lock via typography / subtle mid-ground research material; no extreme close-up packshot,,V-SEL-001,Selank,https://www.palmbeach-vitality.store/products/selank,"LANDSCAPE SCENE (16:9) for workflow vid_gen_landscape_scenes. Source visual+motion: A minimalist wellness bottle on polished black spa stones with steam rising gently, as the product seems to age backward — surface becomes cleaner and brighter. Reflections and refractions in the glass create secondary visual interest. Vibe: Funny. Theme: Focus & Clarity. Product lock: Selank (V-SEL-001). Form: research catalog material. Camera: 16:9 landscape cinematic framing, deep environmental context. Keep product as part of a full environmental scene — not an isolated void packshot. SIGNAGE RULE: premium clean research lab only. No safety placards, no industrial alert graphics, no trefoil icons, no striped floor tape, no danger banners. Do not print alert words on walls, floors, labels, or posters. Only neutral room names and product typography.",Captions MUST be only about Selank (V-SEL-001) and https://www.palmbeach-vitality.store/products/selank.,Active,249,,249,Funny,Focus & Clarity
LI-250,vid_gen_landscape_scenes,16:9,vial_10ml_scene,LI-250 — Longevity & Anti-Aging — GHK-Cu,A crystal-clear recovery vial next to a cloudy glass of water that suddenly becomes crystal clear,"16:9 landscape cinematic framing, deep environmental context",Funny mood lighting,"10mL sterile injectable-style glass vial of GHK-Cu with rubber stopper + aluminum crimp seal (NEVER black twist/screw cap); mid-ground in scene, not extreme macro","10mL sterile injectable-style glass vial with rubber stopper and aluminum crimp seal (NOT screw-cap, NOT black twist cap)",V-GHK-001,GHK-Cu,https://www.palmbeach-vitality.store/products/ghk-cu,"LANDSCAPE SCENE (16:9) for workflow vid_gen_landscape_scenes. Source visual+motion: A crystal-clear recovery vial next to a cloudy glass of water that suddenly becomes crystal clear, with three vials arranged in a triangle and soft light circulating between them like a circuit. Golden hour light slides across the surface creating long lens flares. Vibe: Funny. Theme: Longevity & Anti-Aging. Product lock: GHK-Cu (V-GHK-001). Form: 10mL sterile injectable-style glass vial with rubber stopper and aluminum crimp seal (NOT screw-cap, NOT black twist cap). Camera: 16:9 landscape cinematic framing, deep environmental context. Keep product as part of a full environmental scene — not an isolated void packshot. VIAL SPEC: 10mL sterile injectable-style clear glass vial, rubber stopper + aluminum crimp seal only. FORBIDDEN: black twist caps, screw caps, dropper bottles. SIGNAGE RULE: premium clean research lab only. No safety placards, no industrial alert graphics, no trefoil icons, no striped floor tape, no danger banners. Do not print alert words on walls, floors, labels, or posters. Only neutral room names and product typography.",Captions MUST be only about GHK-Cu (V-GHK-001) and https://www.palmbeach-vitality.store/products/ghk-cu.,Active,250,,250,Funny,Longevity & Anti-Aging
LI-251,vid_gen_landscape_scenes,16:9,vial_10ml_scene,LI-251 — Fat Loss & Metabolism — BPC-157 / TB-500 / GHK-Cu,A high-clarity research-grade vial in light rain while every surrounding surface gets wet but the bottle stays dry,"16:9 landscape cinematic framing, deep environmental context",Funny mood lighting,"10mL sterile injectable-style glass vial of BPC-157 / TB-500 / GHK-Cu with rubber stopper + aluminum crimp seal (NEVER black twist/screw cap); mid-ground in scene, not extreme macro","10mL sterile injectable-style glass vial with rubber stopper and aluminum crimp seal (NOT screw-cap, NOT black twist cap)",V-GLO-001,BPC-157 / TB-500 / GHK-Cu,https://www.palmbeach-vitality.store/products/glow,"LANDSCAPE SCENE (16:9) for workflow vid_gen_landscape_scenes. Source visual+motion: A high-clarity research-grade vial in light rain while every surrounding surface gets wet but the bottle stays dry, as condensation forms and rolls down in slow motion. Soft volumetric god-rays cut through the scene. Vibe: Funny. Theme: Fat Loss & Metabolism. Product lock: BPC-157 / TB-500 / GHK-Cu (V-GLO-001). Form: 10mL sterile injectable-style glass vial with rubber stopper and aluminum crimp seal (NOT screw-cap, NOT black twist cap). Camera: 16:9 landscape cinematic framing, deep environmental context. Keep product as part of a full environmental scene — not an isolated void packshot. VIAL SPEC: 10mL sterile injectable-style clear glass vial, rubber stopper + aluminum crimp seal only. FORBIDDEN: black twist caps, screw caps, dropper bottles. SIGNAGE RULE: premium clean research lab only. No safety placards, no industrial alert graphics, no trefoil icons, no striped floor tape, no danger banners. Do not print alert words on walls, floors, labels, or posters. Only neutral room names and product typography.",Captions MUST be only about BPC-157 / TB-500 / GHK-Cu (V-GLO-001) and https://www.palmbeach-vitality.store/products/glow.,Active,251,,251,Funny,Fat Loss & Metabolism
LI-252,vid_gen_landscape_scenes,16:9,vial_10ml_scene,LI-252 — Beach & Ocean — Thymosin Alpha-1,A pure white ceramic-capped vial on a mountaintop rock with distant clouds drifting past,"16:9 landscape cinematic framing, deep environmental context",Cool mood lighting,"10mL sterile injectable-style glass vial of Thymosin Alpha-1 with rubber stopper + aluminum crimp seal (NEVER black twist/screw cap); mid-ground in scene, not extreme macro","10mL sterile injectable-style glass vial with rubber stopper and aluminum crimp seal (NOT screw-cap, NOT black twist cap)",V-TA1-001,Thymosin Alpha-1,https://www.palmbeach-vitality.store/products/ta-1,"LANDSCAPE SCENE (16:9) for workflow vid_gen_landscape_scenes. Source visual+motion: A pure white ceramic-capped vial on a mountaintop rock with distant clouds drifting past, as microscopic bubbles form, rise, and vanish in elegant patterns. Reflections and refractions in the glass create secondary visual interest. Vibe: Cool. Theme: Beach & Ocean. Product lock: Thymosin Alpha-1 (V-TA1-001). Form: 10mL sterile injectable-style glass vial with rubber stopper and aluminum crimp seal (NOT screw-cap, NOT black twist cap). Camera: 16:9 landscape cinematic framing, deep environmental context. Keep product as part of a full environmental scene — not an isolated void packshot. VIAL SPEC: 10mL sterile injectable-style clear glass vial, rubber stopper + aluminum crimp seal only. FORBIDDEN: black twist caps, screw caps, dropper bottles. SIGNAGE RULE: premium clean research lab only. No safety placards, no industrial alert graphics, no trefoil icons, no striped floor tape, no danger banners. Do not print alert words on walls, floors, labels, or posters. Only neutral room names and product typography.",Captions MUST be only about Thymosin Alpha-1 (V-TA1-001) and https://www.palmbeach-vitality.store/products/ta-1.,Active,252,,252,Cool,Beach & Ocean
LI-253,vid_gen_landscape_scenes,16:9,lab_scene,LI-253 — Beach & Ocean — Sermorelin,A slim silver-capped peptide bottle floating upright in a clear tide pool while tiny fish dart past,"16:9 landscape cinematic framing, deep environmental context",Funny mood lighting,scene product lock via typography / subtle mid-ground research material; no extreme close-up packshot,,V-SER-001,Sermorelin,https://www.palmbeach-vitality.store/products/sermorelin,"LANDSCAPE SCENE (16:9) for workflow vid_gen_landscape_scenes. Source visual+motion: A slim silver-capped peptide bottle floating upright in a clear tide pool while tiny fish dart past, with the product perfectly balanced on the edge of a surface that looks unstable. The environment feels charged, as if responding to the product's presence. Vibe: Funny. Theme: Beach & Ocean. Product lock: Sermorelin (V-SER-001). Form: research catalog material. Camera: 16:9 landscape cinematic framing, deep environmental context. Keep product as part of a full environmental scene — not an isolated void packshot. SIGNAGE RULE: premium clean research lab only. No safety placards, no industrial alert graphics, no trefoil icons, no striped floor tape, no danger banners. Do not print alert words on walls, floors, labels, or posters. Only neutral room names and product typography.",Captions MUST be only about Sermorelin (V-SER-001) and https://www.palmbeach-vitality.store/products/sermorelin.,Active,253,,253,Funny,Beach & Ocean
LI-254,vid_gen_landscape_scenes,16:9,vial_10ml_scene,LI-254 — Energy & Cellular Power — AOD-9604,A precision-dosed peptide vial against a background that shifts from deep ocean blue to electric violet,"16:9 landscape cinematic framing, deep environmental context",Funny mood lighting,"10mL sterile injectable-style glass vial of AOD-9604 with rubber stopper + aluminum crimp seal (NEVER black twist/screw cap); mid-ground in scene, not extreme macro","10mL sterile injectable-style glass vial with rubber stopper and aluminum crimp seal (NOT screw-cap, NOT black twist cap)",V-AOD-001,AOD-9604,https://www.palmbeach-vitality.store/products/aod-9604,"LANDSCAPE SCENE (16:9) for workflow vid_gen_landscape_scenes. Source visual+motion: A precision-dosed peptide vial against a background that shifts from deep ocean blue to electric violet, with the liquid surface forming perfect concentric circles from an invisible impact. The scene has a quiet, almost sacred stillness interrupted only by intentional motion. Vibe: Funny. Theme: Energy & Cellular Power. Product lock: AOD-9604 (V-AOD-001). Form: 10mL sterile injectable-style glass vial with rubber stopper and aluminum crimp seal (NOT screw-cap, NOT black twist cap). Camera: 16:9 landscape cinematic framing, deep environmental context. Keep product as part of a full environmental scene — not an isolated void packshot. VIAL SPEC: 10mL sterile injectable-style clear glass vial, rubber stopper + aluminum crimp seal only. FORBIDDEN: black twist caps, screw caps, dropper bottles. SIGNAGE RULE: premium clean research lab only. No safety placards, no industrial alert graphics, no trefoil icons, no striped floor tape, no danger banners. Do not print alert words on walls, floors, labels, or posters. Only neutral room names and product typography.",Captions MUST be only about AOD-9604 (V-AOD-001) and https://www.palmbeach-vitality.store/products/aod-9604.,Active,254,,254,Funny,Energy & Cellular Power
LI-255,vid_gen_landscape_scenes,16:9,vial_10ml_scene,LI-255 — Stacks & Synergy — Melanotan 2,A precision-dosed peptide vial on a mountaintop rock with distant clouds drifting past,"16:9 landscape cinematic framing, deep environmental context",Funny mood lighting,"10mL sterile injectable-style glass vial of Melanotan 2 with rubber stopper + aluminum crimp seal (NEVER black twist/screw cap); mid-ground in scene, not extreme macro","10mL sterile injectable-style glass vial with rubber stopper and aluminum crimp seal (NOT screw-cap, NOT black twist cap)",V-MT2-001,Melanotan 2,https://www.palmbeach-vitality.store/products/melonotan,"LANDSCAPE SCENE (16:9) for workflow vid_gen_landscape_scenes. Source visual+motion: A precision-dosed peptide vial on a mountaintop rock with distant clouds drifting past, with two identical vials in a perfect staring contest, zero movement. A gentle breeze moves surrounding elements without disturbing the product. Vibe: Funny. Theme: Stacks & Synergy. Product lock: Melanotan 2 (V-MT2-001). Form: 10mL sterile injectable-style glass vial with rubber stopper and aluminum crimp seal (NOT screw-cap, NOT black twist cap). Camera: 16:9 landscape cinematic framing, deep environmental context. Keep product as part of a full environmental scene — not an isolated void packshot. VIAL SPEC: 10mL sterile injectable-style clear glass vial, rubber stopper + aluminum crimp seal only. FORBIDDEN: black twist caps, screw caps, dropper bottles. SIGNAGE RULE: premium clean research lab only. No safety placards, no industrial alert graphics, no trefoil icons, no striped floor tape, no danger banners. Do not print alert words on walls, floors, labels, or posters. Only neutral room names and product typography.",Captions MUST be only about Melanotan 2 (V-MT2-001) and https://www.palmbeach-vitality.store/products/melonotan.,Active,255,,255,Funny,Stacks & Synergy
LI-256,vid_gen_landscape_scenes,16:9,vial_10ml_scene,LI-256 — Beach & Ocean — Retatrutide,A crystal-clear recovery vial half-buried in fine sand until a soft breeze fully reveals it,"16:9 landscape cinematic framing, deep environmental context",Cool mood lighting,"10mL sterile injectable-style glass vial of Retatrutide with rubber stopper + aluminum crimp seal (NEVER black twist/screw cap); mid-ground in scene, not extreme macro","10mL sterile injectable-style glass vial with rubber stopper and aluminum crimp seal (NOT screw-cap, NOT black twist cap)",V-RET-001,Retatrutide,https://www.palmbeach-vitality.store/products/retatrutide,"LANDSCAPE SCENE (16:9) for workflow vid_gen_landscape_scenes. Source visual+motion: A crystal-clear recovery vial half-buried in fine sand until a soft breeze fully reveals it, as one central vial remains still while others orbit it in slow motion. Golden hour light slides across the surface creating long lens flares. Vibe: Cool. Theme: Beach & Ocean. Product lock: Retatrutide (V-RET-001). Form: 10mL sterile injectable-style glass vial with rubber stopper and aluminum crimp seal (NOT screw-cap, NOT black twist cap). Camera: 16:9 landscape cinematic framing, deep environmental context. Keep product as part of a full environmental scene — not an isolated void packshot. VIAL SPEC: 10mL sterile injectable-style clear glass vial, rubber stopper + aluminum crimp seal only. FORBIDDEN: black twist caps, screw caps, dropper bottles. SIGNAGE RULE: premium clean research lab only. No safety placards, no industrial alert graphics, no trefoil icons, no striped floor tape, no danger banners. Do not print alert words on walls, floors, labels, or posters. Only neutral room names and product typography.",Captions MUST be only about Retatrutide (V-RET-001) and https://www.palmbeach-vitality.store/products/retatrutide.,Active,256,,256,Cool,Beach & Ocean
LI-257,vid_gen_landscape_scenes,16:9,pen_3ml_scene,LI-257 — Beach & Ocean — BPC-157,A matte-black peptide pen floating upright in a clear tide pool while tiny fish dart past,"16:9 landscape cinematic framing, deep environmental context",Funny mood lighting,"3mL research dosage pen of BPC-157 as mid-ground hero in the scene (not extreme macro; no injection act, no people)",3mL pre-filled research dosage pen,P-BPC-001,BPC-157,https://www.palmbeach-vitality.store/products/bpc-157-pen,"LANDSCAPE SCENE (16:9) for workflow vid_gen_landscape_scenes. Source visual+motion: A matte-black peptide pen floating upright in a clear tide pool while tiny fish dart past, as the bottle appears to 'surf' a wave of foam across a dark surface. Extreme slow-motion emphasizes every micro-movement of liquid and light. Vibe: Funny. Theme: Beach & Ocean. Product lock: BPC-157 (P-BPC-001). Form: 3mL pre-filled research dosage pen. Camera: 16:9 landscape cinematic framing, deep environmental context. Keep product as part of a full environmental scene — not an isolated void packshot. PEN SPEC: 3mL pre-filled research dosage pen. No injection act, no people, no needles in use. SIGNAGE RULE: premium clean research lab only. No safety placards, no industrial alert graphics, no trefoil icons, no striped floor tape, no danger banners. Do not print alert words on walls, floors, labels, or posters. Only neutral room names and product typography.",Captions MUST be only about BPC-157 (P-BPC-001) and https://www.palmbeach-vitality.store/products/bpc-157-pen.,Active,257,,257,Funny,Beach & Ocean
LI-258,vid_gen_landscape_scenes,16:9,pen_3ml_scene,LI-258 — Nature Regeneration — BPC-157 / TB-500,A matte-black peptide pen next to a cloudy glass of water that suddenly becomes crystal clear,"16:9 landscape cinematic framing, deep environmental context",Funny mood lighting,"3mL research dosage pen of BPC-157 / TB-500 as mid-ground hero in the scene (not extreme macro; no injection act, no people)",3mL pre-filled research dosage pen,P-WOL-001,BPC-157 / TB-500,https://www.palmbeach-vitality.store/products/wolverine-pen,"LANDSCAPE SCENE (16:9) for workflow vid_gen_landscape_scenes. Source visual+motion: A matte-black peptide pen next to a cloudy glass of water that suddenly becomes crystal clear, while a much larger empty bottle tips over dramatically and the small one stays still. Golden hour light slides across the surface creating long lens flares. Vibe: Funny. Theme: Nature Regeneration. Product lock: BPC-157 / TB-500 (P-WOL-001). Form: 3mL pre-filled research dosage pen. Camera: 16:9 landscape cinematic framing, deep environmental context. Keep product as part of a full environmental scene — not an isolated void packshot. PEN SPEC: 3mL pre-filled research dosage pen. No injection act, no people, no needles in use. SIGNAGE RULE: premium clean research lab only. No safety placards, no industrial alert graphics, no trefoil icons, no striped floor tape, no danger banners. Do not print alert words on walls, floors, labels, or posters. Only neutral room names and product typography.",Captions MUST be only about BPC-157 / TB-500 (P-WOL-001) and https://www.palmbeach-vitality.store/products/wolverine-pen.,Active,258,,258,Funny,Nature Regeneration
LI-259,vid_gen_landscape_scenes,16:9,vial_10ml_scene,LI-259 — Abstract Cellular — Tirzepatide,A precision-dosed peptide vial in heavy fog that slowly parts only in a perfect circle around it,"16:9 landscape cinematic framing, deep environmental context",Fun mood lighting,"10mL sterile injectable-style glass vial of Tirzepatide with rubber stopper + aluminum crimp seal (NEVER black twist/screw cap); mid-ground in scene, not extreme macro","10mL sterile injectable-style glass vial with rubber stopper and aluminum crimp seal (NOT screw-cap, NOT black twist cap)",V-TIR-001,Tirzepatide,https://www.palmbeach-vitality.store/products/tirzepatide,"LANDSCAPE SCENE (16:9) for workflow vid_gen_landscape_scenes. Source visual+motion: A precision-dosed peptide vial in heavy fog that slowly parts only in a perfect circle around it, while soft chalk dust or powder settles into clean lines around it. Subtle particle systems (dust, pollen, mist) interact gracefully with the vial. Vibe: Fun. Theme: Abstract Cellular. Product lock: Tirzepatide (V-TIR-001). Form: 10mL sterile injectable-style glass vial with rubber stopper and aluminum crimp seal (NOT screw-cap, NOT black twist cap). Camera: 16:9 landscape cinematic framing, deep environmental context. Keep product as part of a full environmental scene — not an isolated void packshot. VIAL SPEC: 10mL sterile injectable-style clear glass vial, rubber stopper + aluminum crimp seal only. FORBIDDEN: black twist caps, screw caps, dropper bottles. SIGNAGE RULE: premium clean research lab only. No safety placards, no industrial alert graphics, no trefoil icons, no striped floor tape, no danger banners. Do not print alert words on walls, floors, labels, or posters. Only neutral room names and product typography.",Captions MUST be only about Tirzepatide (V-TIR-001) and https://www.palmbeach-vitality.store/products/tirzepatide.,Active,259,,259,Fun,Abstract Cellular
LI-260,vid_gen_landscape_scenes,16:9,vial_10ml_scene,LI-260 — Fat Loss & Metabolism — Semaglutide,A crystal-clear recovery vial on polished black spa stones with steam rising gently,"16:9 landscape cinematic framing, deep environmental context",Funny mood lighting,"10mL sterile injectable-style glass vial of Semaglutide with rubber stopper + aluminum crimp seal (NEVER black twist/screw cap); mid-ground in scene, not extreme macro","10mL sterile injectable-style glass vial with rubber stopper and aluminum crimp seal (NOT screw-cap, NOT black twist cap)",V-SEM-001,Semaglutide,https://www.palmbeach-vitality.store/products/semaglutide,"LANDSCAPE SCENE (16:9) for workflow vid_gen_landscape_scenes. Source visual+motion: A crystal-clear recovery vial on polished black spa stones with steam rising gently, while the liquid level inside appears to rise slightly on its own. The environment feels charged, as if responding to the product's presence. Vibe: Funny. Theme: Fat Loss & Metabolism. Product lock: Semaglutide (V-SEM-001). Form: 10mL sterile injectable-style glass vial with rubber stopper and aluminum crimp seal (NOT screw-cap, NOT black twist cap). Camera: 16:9 landscape cinematic framing, deep environmental context. Keep product as part of a full environmental scene — not an isolated void packshot. VIAL SPEC: 10mL sterile injectable-style clear glass vial, rubber stopper + aluminum crimp seal only. FORBIDDEN: black twist caps, screw caps, dropper bottles. SIGNAGE RULE: premium clean research lab only. No safety placards, no industrial alert graphics, no trefoil icons, no striped floor tape, no danger banners. Do not print alert words on walls, floors, labels, or posters. Only neutral room names and product typography.",Captions MUST be only about Semaglutide (V-SEM-001) and https://www.palmbeach-vitality.store/products/semaglutide.,Active,260,,260,Funny,Fat Loss & Metabolism
LI-261,vid_gen_landscape_scenes,16:9,vial_10ml_scene,LI-261 — Focus & Clarity — KPV / BPC-157 / TB-500 / GHK-Cu,A glowing amber wellness vial on a smooth river stone while clear water flows in soft ribbons around it,"16:9 landscape cinematic framing, deep environmental context",Dramatic mood lighting,"10mL sterile injectable-style glass vial of KPV / BPC-157 / TB-500 / GHK-Cu with rubber stopper + aluminum crimp seal (NEVER black twist/screw cap); mid-ground in scene, not extreme macro","10mL sterile injectable-style glass vial with rubber stopper and aluminum crimp seal (NOT screw-cap, NOT black twist cap)",V-KLO-001,KPV / BPC-157 / TB-500 / GHK-Cu,https://www.palmbeach-vitality.store/products/klow-kpv-bpc-157-tb-500-ghk,"LANDSCAPE SCENE (16:9) for workflow vid_gen_landscape_scenes. Source visual+motion: A glowing amber wellness vial on a smooth river stone while clear water flows in soft ribbons around it, with three vials arranged in a triangle and soft light circulating between them like a circuit. The scene has a quiet, almost sacred stillness interrupted only by intentional motion. Vibe: Dramatic. Theme: Focus & Clarity. Product lock: KPV / BPC-157 / TB-500 / GHK-Cu (V-KLO-001). Form: 10mL sterile injectable-style glass vial with rubber stopper and aluminum crimp seal (NOT screw-cap, NOT black twist cap). Camera: 16:9 landscape cinematic framing, deep environmental context. Keep product as part of a full environmental scene — not an isolated void packshot. VIAL SPEC: 10mL sterile injectable-style clear glass vial, rubber stopper + aluminum crimp seal only. FORBIDDEN: black twist caps, screw caps, dropper bottles. SIGNAGE RULE: premium clean research lab only. No safety placards, no industrial alert graphics, no trefoil icons, no striped floor tape, no danger banners. Do not print alert words on walls, floors, labels, or posters. Only neutral room names and product typography.",Captions MUST be only about KPV / BPC-157 / TB-500 / GHK-Cu (V-KLO-001) and https://www.palmbeach-vitality.store/products/klow-kpv-bpc-157-tb-500-ghk.,Active,261,,261,Dramatic,Focus & Clarity
LI-262,vid_gen_landscape_scenes,16:9,lab_scene,LI-262 — Nature Regeneration — SS-31,A frosted glass bottle of cellular support beside a deflated balloon that slowly reinflates to full shape,"16:9 landscape cinematic framing, deep environmental context",Fun mood lighting,scene product lock via typography / subtle mid-ground research material; no extreme close-up packshot,,V-SS3-001,SS-31,https://www.palmbeach-vitality.store/products/ss-31,"LANDSCAPE SCENE (16:9) for workflow vid_gen_landscape_scenes. Source visual+motion: A frosted glass bottle of cellular support beside a deflated balloon that slowly reinflates to full shape, with the liquid surface forming perfect concentric circles from an invisible impact. Soft volumetric god-rays cut through the scene. Vibe: Fun. Theme: Nature Regeneration. Product lock: SS-31 (V-SS3-001). Form: research catalog material. Camera: 16:9 landscape cinematic framing, deep environmental context. Keep product as part of a full environmental scene — not an isolated void packshot. SIGNAGE RULE: premium clean research lab only. No safety placards, no industrial alert graphics, no trefoil icons, no striped floor tape, no danger banners. Do not print alert words on walls, floors, labels, or posters. Only neutral room names and product typography.",Captions MUST be only about SS-31 (V-SS3-001) and https://www.palmbeach-vitality.store/products/ss-31.,Active,262,,262,Fun,Nature Regeneration
LI-263,vid_gen_landscape_scenes,16:9,vial_10ml_scene,LI-263 — Abstract Cellular — MOTS-C,A slim silver-capped peptide bottle on a scale platform that tips slightly toward the lighter side,"16:9 landscape cinematic framing, deep environmental context",Fun mood lighting,"10mL sterile injectable-style glass vial of MOTS-C with rubber stopper + aluminum crimp seal (NEVER black twist/screw cap); mid-ground in scene, not extreme macro","10mL sterile injectable-style glass vial with rubber stopper and aluminum crimp seal (NOT screw-cap, NOT black twist cap)",V-MOT-001,MOTS-C,https://www.palmbeach-vitality.store/products/mots-c-10mg-5ml-vial,"LANDSCAPE SCENE (16:9) for workflow vid_gen_landscape_scenes. Source visual+motion: A slim silver-capped peptide bottle on a scale platform that tips slightly toward the lighter side, with three vials arranged in a triangle and soft light circulating between them like a circuit. A gentle breeze moves surrounding elements without disturbing the product. Vibe: Fun. Theme: Abstract Cellular. Product lock: MOTS-C (V-MOT-001). Form: 10mL sterile injectable-style glass vial with rubber stopper and aluminum crimp seal (NOT screw-cap, NOT black twist cap). Camera: 16:9 landscape cinematic framing, deep environmental context. Keep product as part of a full environmental scene — not an isolated void packshot. VIAL SPEC: 10mL sterile injectable-style clear glass vial, rubber stopper + aluminum crimp seal only. FORBIDDEN: black twist caps, screw caps, dropper bottles. SIGNAGE RULE: premium clean research lab only. No safety placards, no industrial alert graphics, no trefoil icons, no striped floor tape, no danger banners. Do not print alert words on walls, floors, labels, or posters. Only neutral room names and product typography.",Captions MUST be only about MOTS-C (V-MOT-001) and https://www.palmbeach-vitality.store/products/mots-c-10mg-5ml-vial.,Active,263,,263,Fun,Abstract Cellular
LI-264,vid_gen_landscape_scenes,16:9,lab_scene,LI-264 — Beach & Ocean — TB-500,A slim silver-capped peptide bottle floating upright in a clear tide pool while tiny fish dart past,"16:9 landscape cinematic framing, deep environmental context",Funny mood lighting,scene product lock via typography / subtle mid-ground research material; no extreme close-up packshot,,V-TB5-001,TB-500,https://www.palmbeach-vitality.store/products/tb-500,"LANDSCAPE SCENE (16:9) for workflow vid_gen_landscape_scenes. Source visual+motion: A slim silver-capped peptide bottle floating upright in a clear tide pool while tiny fish dart past, while a much larger empty bottle tips over dramatically and the small one stays still. The scene has a quiet, almost sacred stillness interrupted only by intentional motion. Vibe: Funny. Theme: Beach & Ocean. Product lock: TB-500 (V-TB5-001). Form: research catalog material. Camera: 16:9 landscape cinematic framing, deep environmental context. Keep product as part of a full environmental scene — not an isolated void packshot. SIGNAGE RULE: premium clean research lab only. No safety placards, no industrial alert graphics, no trefoil icons, no striped floor tape, no danger banners. Do not print alert words on walls, floors, labels, or posters. Only neutral room names and product typography.",Captions MUST be only about TB-500 (V-TB5-001) and https://www.palmbeach-vitality.store/products/tb-500.,Active,264,,264,Funny,Beach & Ocean
LI-265,vid_gen_landscape_scenes,16:9,lab_scene,LI-265 — Recovery & Healing — Tesamorelin,A minimalist wellness bottle resting in a nest of fresh eucalyptus leaves,"16:9 landscape cinematic framing, deep environmental context",Dramatic mood lighting,scene product lock via typography / subtle mid-ground research material; no extreme close-up packshot,,V-TES-001,Tesamorelin,https://www.palmbeach-vitality.store/products/tesamorelin,"LANDSCAPE SCENE (16:9) for workflow vid_gen_landscape_scenes. Source visual+motion: A minimalist wellness bottle resting in a nest of fresh eucalyptus leaves, while soft chalk dust or powder settles into clean lines around it. The environment feels charged, as if responding to the product's presence. Vibe: Dramatic. Theme: Recovery & Healing. Product lock: Tesamorelin (V-TES-001). Form: research catalog material. Camera: 16:9 landscape cinematic framing, deep environmental context. Keep product as part of a full environmental scene — not an isolated void packshot. SIGNAGE RULE: premium clean research lab only. No safety placards, no industrial alert graphics, no trefoil icons, no striped floor tape, no danger banners. Do not print alert words on walls, floors, labels, or posters. Only neutral room names and product typography.",Captions MUST be only about Tesamorelin (V-TES-001) and https://www.palmbeach-vitality.store/products/tesamorelin.,Active,265,,265,Dramatic,Recovery & Healing
LI-266,vid_gen_landscape_scenes,16:9,vial_10ml_scene,LI-266 — Fat Loss & Metabolism — NAD+,A crystal-clear recovery vial on a scale platform that tips slightly toward the lighter side,"16:9 landscape cinematic framing, deep environmental context",Dramatic mood lighting,"10mL sterile injectable-style glass vial of NAD+ with rubber stopper + aluminum crimp seal (NEVER black twist/screw cap); mid-ground in scene, not extreme macro","10mL sterile injectable-style glass vial with rubber stopper and aluminum crimp seal (NOT screw-cap, NOT black twist cap)",V-NAD-001,NAD+,https://www.palmbeach-vitality.store/products/nad-1,"LANDSCAPE SCENE (16:9) for workflow vid_gen_landscape_scenes. Source visual+motion: A crystal-clear recovery vial on a scale platform that tips slightly toward the lighter side, while two vials slowly lean toward each other until labels almost touch. Golden hour light slides across the surface creating long lens flares. Vibe: Dramatic. Theme: Fat Loss & Metabolism. Product lock: NAD+ (V-NAD-001). Form: 10mL sterile injectable-style glass vial with rubber stopper and aluminum crimp seal (NOT screw-cap, NOT black twist cap). Camera: 16:9 landscape cinematic framing, deep environmental context. Keep product as part of a full environmental scene — not an isolated void packshot. VIAL SPEC: 10mL sterile injectable-style clear glass vial, rubber stopper + aluminum crimp seal only. FORBIDDEN: black twist caps, screw caps, dropper bottles. SIGNAGE RULE: premium clean research lab only. No safety placards, no industrial alert graphics, no trefoil icons, no striped floor tape, no danger banners. Do not print alert words on walls, floors, labels, or posters. Only neutral room names and product typography.",Captions MUST be only about NAD+ (V-NAD-001) and https://www.palmbeach-vitality.store/products/nad-1.,Active,266,,266,Dramatic,Fat Loss & Metabolism
LI-267,vid_gen_landscape_scenes,16:9,pen_3ml_scene,LI-267 — Resilience & Strength — CJC (no DAC)/Ipamorelin,A matte-black peptide pen on a circular platform of polished copper that warms with a soft glow,"16:9 landscape cinematic framing, deep environmental context",Funny mood lighting,"3mL research dosage pen of CJC (no DAC)/Ipamorelin as mid-ground hero in the scene (not extreme macro; no injection act, no people)",3mL pre-filled research dosage pen,P-CII-001,CJC (no DAC)/Ipamorelin,https://www.palmbeach-vitality.store/products/cjc-ipamorelin-1,"LANDSCAPE SCENE (16:9) for workflow vid_gen_landscape_scenes. Source visual+motion: A matte-black peptide pen on a circular platform of polished copper that warms with a soft glow, as it 'hides' behind a large leaf that keeps falling away to reveal it again. The environment feels charged, as if responding to the product's presence. Vibe: Funny. Theme: Resilience & Strength. Product lock: CJC (no DAC)/Ipamorelin (P-CII-001). Form: 3mL pre-filled research dosage pen. Camera: 16:9 landscape cinematic framing, deep environmental context. Keep product as part of a full environmental scene — not an isolated void packshot. PEN SPEC: 3mL pre-filled research dosage pen. No injection act, no people, no needles in use. SIGNAGE RULE: premium clean research lab only. No safety placards, no industrial alert graphics, no trefoil icons, no striped floor tape, no danger banners. Do not print alert words on walls, floors, labels, or posters. Only neutral room names and product typography.",Captions MUST be only about CJC (no DAC)/Ipamorelin (P-CII-001) and https://www.palmbeach-vitality.store/products/cjc-ipamorelin-1.,Active,267,,267,Funny,Resilience & Strength
LI-268,vid_gen_landscape_scenes,16:9,vial_10ml_scene,LI-268 — Nature Regeneration — PT-141,A high-clarity research-grade vial beside a wilting fern that visibly brightens and lifts,"16:9 landscape cinematic framing, deep environmental context",Funny mood lighting,"10mL sterile injectable-style glass vial of PT-141 with rubber stopper + aluminum crimp seal (NEVER black twist/screw cap); mid-ground in scene, not extreme macro","10mL sterile injectable-style glass vial with rubber stopper and aluminum crimp seal (NOT screw-cap, NOT black twist cap)",V-PT1-001,PT-141,https://www.palmbeach-vitality.store/products/pt-141,"LANDSCAPE SCENE (16:9) for workflow vid_gen_landscape_scenes. Source visual+motion: A high-clarity research-grade vial beside a wilting fern that visibly brightens and lifts, while two vials slowly lean toward each other until labels almost touch. The environment feels charged, as if responding to the product's presence. Vibe: Funny. Theme: Nature Regeneration. Product lock: PT-141 (V-PT1-001). Form: 10mL sterile injectable-style glass vial with rubber stopper and aluminum crimp seal (NOT screw-cap, NOT black twist cap). Camera: 16:9 landscape cinematic framing, deep environmental context. Keep product as part of a full environmental scene — not an isolated void packshot. VIAL SPEC: 10mL sterile injectable-style clear glass vial, rubber stopper + aluminum crimp seal only. FORBIDDEN: black twist caps, screw caps, dropper bottles. SIGNAGE RULE: premium clean research lab only. No safety placards, no industrial alert graphics, no trefoil icons, no striped floor tape, no danger banners. Do not print alert words on walls, floors, labels, or posters. Only neutral room names and product typography.",Captions MUST be only about PT-141 (V-PT1-001) and https://www.palmbeach-vitality.store/products/pt-141.,Active,268,,268,Funny,Nature Regeneration
LI-269,vid_gen_landscape_scenes,16:9,lab_scene,LI-269 — Beach & Ocean — BPC-157,A minimalist wellness bottle on a mirror surface that reflects infinite versions of itself,"16:9 landscape cinematic framing, deep environmental context",Fun mood lighting,scene product lock via typography / subtle mid-ground research material; no extreme close-up packshot,,V-BPC-001,BPC-157,https://www.palmbeach-vitality.store/products/bpc-157,"LANDSCAPE SCENE (16:9) for workflow vid_gen_landscape_scenes. Source visual+motion: A minimalist wellness bottle on a mirror surface that reflects infinite versions of itself, leaning almost to the point of tipping then correcting itself. Reflections and refractions in the glass create secondary visual interest. Vibe: Fun. Theme: Beach & Ocean. Product lock: BPC-157 (V-BPC-001). Form: research catalog material. Camera: 16:9 landscape cinematic framing, deep environmental context. Keep product as part of a full environmental scene — not an isolated void packshot. SIGNAGE RULE: premium clean research lab only. No safety placards, no industrial alert graphics, no trefoil icons, no striped floor tape, no danger banners. Do not print alert words on walls, floors, labels, or posters. Only neutral room names and product typography.",Captions MUST be only about BPC-157 (V-BPC-001) and https://www.palmbeach-vitality.store/products/bpc-157.,Active,269,,269,Fun,Beach & Ocean
LI-270,vid_gen_landscape_scenes,16:9,vial_10ml_scene,LI-270 — Nature Regeneration — Selank,A pure white ceramic-capped vial next to a fading photograph that regains color and sharpness,"16:9 landscape cinematic framing, deep environmental context",Funny mood lighting,"10mL sterile injectable-style glass vial of Selank with rubber stopper + aluminum crimp seal (NEVER black twist/screw cap); mid-ground in scene, not extreme macro","10mL sterile injectable-style glass vial with rubber stopper and aluminum crimp seal (NOT screw-cap, NOT black twist cap)",V-SEL-001,Selank,https://www.palmbeach-vitality.store/products/selank,"LANDSCAPE SCENE (16:9) for workflow vid_gen_landscape_scenes. Source visual+motion: A pure white ceramic-capped vial next to a fading photograph that regains color and sharpness, as the product casts a shadow that moves independently of the light source. Soft volumetric god-rays cut through the scene. Vibe: Funny. Theme: Nature Regeneration. Product lock: Selank (V-SEL-001). Form: 10mL sterile injectable-style glass vial with rubber stopper and aluminum crimp seal (NOT screw-cap, NOT black twist cap). Camera: 16:9 landscape cinematic framing, deep environmental context. Keep product as part of a full environmental scene — not an isolated void packshot. VIAL SPEC: 10mL sterile injectable-style clear glass vial, rubber stopper + aluminum crimp seal only. FORBIDDEN: black twist caps, screw caps, dropper bottles. SIGNAGE RULE: premium clean research lab only. No safety placards, no industrial alert graphics, no trefoil icons, no striped floor tape, no danger banners. Do not print alert words on walls, floors, labels, or posters. Only neutral room names and product typography.",Captions MUST be only about Selank (V-SEL-001) and https://www.palmbeach-vitality.store/products/selank.,Active,270,,270,Funny,Nature Regeneration
LI-271,vid_gen_landscape_scenes,16:9,lab_scene,LI-271 — Abstract Cellular — BPC-157 / TB-500,A slim silver-capped peptide bottle floating in pure black void while golden particles slowly orbit,"16:9 landscape cinematic framing, deep environmental context",Cool mood lighting,scene product lock via typography / subtle mid-ground research material; no extreme close-up packshot,,V-WOL-001,BPC-157 / TB-500,https://www.palmbeach-vitality.store/products/wolverine-stack,"LANDSCAPE SCENE (16:9) for workflow vid_gen_landscape_scenes. Source visual+motion: A slim silver-capped peptide bottle floating in pure black void while golden particles slowly orbit, with fine gold leaf or particles adhering then releasing in slow motion. Extreme slow-motion emphasizes every micro-movement of liquid and light. Vibe: Cool. Theme: Abstract Cellular. Product lock: BPC-157 / TB-500 (V-WOL-001). Form: research catalog material. Camera: 16:9 landscape cinematic framing, deep environmental context. Keep product as part of a full environmental scene — not an isolated void packshot. SIGNAGE RULE: premium clean research lab only. No safety placards, no industrial alert graphics, no trefoil icons, no striped floor tape, no danger banners. Do not print alert words on walls, floors, labels, or posters. Only neutral room names and product typography.",Captions MUST be only about BPC-157 / TB-500 (V-WOL-001) and https://www.palmbeach-vitality.store/products/wolverine-stack.,Active,271,,271,Cool,Abstract Cellular
LI-272,vid_gen_landscape_scenes,16:9,vial_10ml_scene,LI-272 — Abstract Cellular — Sermorelin,A minimalist wellness bottle catching a single snowflake that melts the instant it lands,"16:9 landscape cinematic framing, deep environmental context",Cool mood lighting,"10mL sterile injectable-style glass vial of Sermorelin with rubber stopper + aluminum crimp seal (NEVER black twist/screw cap); mid-ground in scene, not extreme macro","10mL sterile injectable-style glass vial with rubber stopper and aluminum crimp seal (NOT screw-cap, NOT black twist cap)",V-SER-001,Sermorelin,https://www.palmbeach-vitality.store/products/sermorelin,"LANDSCAPE SCENE (16:9) for workflow vid_gen_landscape_scenes. Source visual+motion: A minimalist wellness bottle catching a single snowflake that melts the instant it lands, as condensation forms and rolls down in slow motion. Subtle particle systems (dust, pollen, mist) interact gracefully with the vial. Vibe: Cool. Theme: Abstract Cellular. Product lock: Sermorelin (V-SER-001). Form: 10mL sterile injectable-style glass vial with rubber stopper and aluminum crimp seal (NOT screw-cap, NOT black twist cap). Camera: 16:9 landscape cinematic framing, deep environmental context. Keep product as part of a full environmental scene — not an isolated void packshot. VIAL SPEC: 10mL sterile injectable-style clear glass vial, rubber stopper + aluminum crimp seal only. FORBIDDEN: black twist caps, screw caps, dropper bottles. SIGNAGE RULE: premium clean research lab only. No safety placards, no industrial alert graphics, no trefoil icons, no striped floor tape, no danger banners. Do not print alert words on walls, floors, labels, or posters. Only neutral room names and product typography.",Captions MUST be only about Sermorelin (V-SER-001) and https://www.palmbeach-vitality.store/products/sermorelin.,Active,272,,272,Cool,Abstract Cellular
LI-273,vid_gen_landscape_scenes,16:9,vial_10ml_scene,LI-273 — Nature Regeneration — SS-31,A precision-dosed peptide vial on a frozen surface that cracks in elegant patterns then seals,"16:9 landscape cinematic framing, deep environmental context",Funny mood lighting,"10mL sterile injectable-style glass vial of SS-31 with rubber stopper + aluminum crimp seal (NEVER black twist/screw cap); mid-ground in scene, not extreme macro","10mL sterile injectable-style glass vial with rubber stopper and aluminum crimp seal (NOT screw-cap, NOT black twist cap)",V-SS3-001,SS-31,https://www.palmbeach-vitality.store/products/ss-31,"LANDSCAPE SCENE (16:9) for workflow vid_gen_landscape_scenes. Source visual+motion: A precision-dosed peptide vial on a frozen surface that cracks in elegant patterns then seals, while soft white powder explodes outward then reforms into the bottle shape. Reflections and refractions in the glass create secondary visual interest. Vibe: Funny. Theme: Nature Regeneration. Product lock: SS-31 (V-SS3-001). Form: 10mL sterile injectable-style glass vial with rubber stopper and aluminum crimp seal (NOT screw-cap, NOT black twist cap). Camera: 16:9 landscape cinematic framing, deep environmental context. Keep product as part of a full environmental scene — not an isolated void packshot. VIAL SPEC: 10mL sterile injectable-style clear glass vial, rubber stopper + aluminum crimp seal only. FORBIDDEN: black twist caps, screw caps, dropper bottles. SIGNAGE RULE: premium clean research lab only. No safety placards, no industrial alert graphics, no trefoil icons, no striped floor tape, no danger banners. Do not print alert words on walls, floors, labels, or posters. Only neutral room names and product typography.",Captions MUST be only about SS-31 (V-SS3-001) and https://www.palmbeach-vitality.store/products/ss-31.,Active,273,,273,Funny,Nature Regeneration
LI-274,vid_gen_landscape_scenes,16:9,vial_10ml_scene,LI-274 — Fat Loss & Metabolism — TB-500,A crystal-clear recovery vial on a frozen surface that cracks in elegant patterns then seals,"16:9 landscape cinematic framing, deep environmental context",Dramatic mood lighting,"10mL sterile injectable-style glass vial of TB-500 with rubber stopper + aluminum crimp seal (NEVER black twist/screw cap); mid-ground in scene, not extreme macro","10mL sterile injectable-style glass vial with rubber stopper and aluminum crimp seal (NOT screw-cap, NOT black twist cap)",V-TB5-001,TB-500,https://www.palmbeach-vitality.store/products/tb-500,"LANDSCAPE SCENE (16:9) for workflow vid_gen_landscape_scenes. Source visual+motion: A crystal-clear recovery vial on a frozen surface that cracks in elegant patterns then seals, as condensation forms and rolls down in slow motion. The environment feels charged, as if responding to the product's presence. Vibe: Dramatic. Theme: Fat Loss & Metabolism. Product lock: TB-500 (V-TB5-001). Form: 10mL sterile injectable-style glass vial with rubber stopper and aluminum crimp seal (NOT screw-cap, NOT black twist cap). Camera: 16:9 landscape cinematic framing, deep environmental context. Keep product as part of a full environmental scene — not an isolated void packshot. VIAL SPEC: 10mL sterile injectable-style clear glass vial, rubber stopper + aluminum crimp seal only. FORBIDDEN: black twist caps, screw caps, dropper bottles. SIGNAGE RULE: premium clean research lab only. No safety placards, no industrial alert graphics, no trefoil icons, no striped floor tape, no danger banners. Do not print alert words on walls, floors, labels, or posters. Only neutral room names and product typography.",Captions MUST be only about TB-500 (V-TB5-001) and https://www.palmbeach-vitality.store/products/tb-500.,Active,274,,274,Dramatic,Fat Loss & Metabolism
LI-275,vid_gen_landscape_scenes,16:9,vial_10ml_scene,LI-275 — Nature Regeneration — Tesamorelin,A matte-black peptide pen on a cracked dry leaf that unfurls and turns lush green beside it,"16:9 landscape cinematic framing, deep environmental context",Cool mood lighting,"10mL sterile injectable-style glass vial of Tesamorelin with rubber stopper + aluminum crimp seal (NEVER black twist/screw cap); mid-ground in scene, not extreme macro","10mL sterile injectable-style glass vial with rubber stopper and aluminum crimp seal (NOT screw-cap, NOT black twist cap)",V-TES-001,Tesamorelin,https://www.palmbeach-vitality.store/products/tesamorelin,"LANDSCAPE SCENE (16:9) for workflow vid_gen_landscape_scenes. Source visual+motion: A matte-black peptide pen on a cracked dry leaf that unfurls and turns lush green beside it, with the entire bottle briefly becoming translucent then solid again. Subtle particle systems (dust, pollen, mist) interact gracefully with the vial. Vibe: Cool. Theme: Nature Regeneration. Product lock: Tesamorelin (V-TES-001). Form: 10mL sterile injectable-style glass vial with rubber stopper and aluminum crimp seal (NOT screw-cap, NOT black twist cap). Camera: 16:9 landscape cinematic framing, deep environmental context. Keep product as part of a full environmental scene — not an isolated void packshot. VIAL SPEC: 10mL sterile injectable-style clear glass vial, rubber stopper + aluminum crimp seal only. FORBIDDEN: black twist caps, screw caps, dropper bottles. SIGNAGE RULE: premium clean research lab only. No safety placards, no industrial alert graphics, no trefoil icons, no striped floor tape, no danger banners. Do not print alert words on walls, floors, labels, or posters. Only neutral room names and product typography.",Captions MUST be only about Tesamorelin (V-TES-001) and https://www.palmbeach-vitality.store/products/tesamorelin.,Active,275,,275,Cool,Nature Regeneration
LI-276,vid_gen_landscape_scenes,16:9,vial_10ml_scene,LI-276 — Resilience & Strength — BPC-157,A pure white ceramic-capped vial on a mirror surface that reflects infinite versions of itself,"16:9 landscape cinematic framing, deep environmental context",Funny mood lighting,"10mL sterile injectable-style glass vial of BPC-157 with rubber stopper + aluminum crimp seal (NEVER black twist/screw cap); mid-ground in scene, not extreme macro","10mL sterile injectable-style glass vial with rubber stopper and aluminum crimp seal (NOT screw-cap, NOT black twist cap)",V-BPC-001,BPC-157,https://www.palmbeach-vitality.store/products/bpc-157,"LANDSCAPE SCENE (16:9) for workflow vid_gen_landscape_scenes. Source visual+motion: A pure white ceramic-capped vial on a mirror surface that reflects infinite versions of itself, as it 'hides' behind a large leaf that keeps falling away to reveal it again. Subtle particle systems (dust, pollen, mist) interact gracefully with the vial. Vibe: Funny. Theme: Resilience & Strength. Product lock: BPC-157 (V-BPC-001). Form: 10mL sterile injectable-style glass vial with rubber stopper and aluminum crimp seal (NOT screw-cap, NOT black twist cap). Camera: 16:9 landscape cinematic framing, deep environmental context. Keep product as part of a full environmental scene — not an isolated void packshot. VIAL SPEC: 10mL sterile injectable-style clear glass vial, rubber stopper + aluminum crimp seal only. FORBIDDEN: black twist caps, screw caps, dropper bottles. SIGNAGE RULE: premium clean research lab only. No safety placards, no industrial alert graphics, no trefoil icons, no striped floor tape, no danger banners. Do not print alert words on walls, floors, labels, or posters. Only neutral room names and product typography.",Captions MUST be only about BPC-157 (V-BPC-001) and https://www.palmbeach-vitality.store/products/bpc-157.,Active,276,,276,Funny,Resilience & Strength
LI-277,vid_gen_landscape_scenes,16:9,vial_10ml_scene,LI-277 — Beach & Ocean — BPC-157 / TB-500,A minimalist wellness bottle on a kitchen counter as a stick of butter softens and fruit brightens nearby,"16:9 landscape cinematic framing, deep environmental context",Fun mood lighting,"10mL sterile injectable-style glass vial of BPC-157 / TB-500 with rubber stopper + aluminum crimp seal (NEVER black twist/screw cap); mid-ground in scene, not extreme macro","10mL sterile injectable-style glass vial with rubber stopper and aluminum crimp seal (NOT screw-cap, NOT black twist cap)",V-WOL-001,BPC-157 / TB-500,https://www.palmbeach-vitality.store/products/wolverine-stack,"LANDSCAPE SCENE (16:9) for workflow vid_gen_landscape_scenes. Source visual+motion: A minimalist wellness bottle on a kitchen counter as a stick of butter softens and fruit brightens nearby, while soft chalk dust or powder settles into clean lines around it. Subtle particle systems (dust, pollen, mist) interact gracefully with the vial. Vibe: Fun. Theme: Beach & Ocean. Product lock: BPC-157 / TB-500 (V-WOL-001). Form: 10mL sterile injectable-style glass vial with rubber stopper and aluminum crimp seal (NOT screw-cap, NOT black twist cap). Camera: 16:9 landscape cinematic framing, deep environmental context. Keep product as part of a full environmental scene — not an isolated void packshot. VIAL SPEC: 10mL sterile injectable-style clear glass vial, rubber stopper + aluminum crimp seal only. FORBIDDEN: black twist caps, screw caps, dropper bottles. SIGNAGE RULE: premium clean research lab only. No safety placards, no industrial alert graphics, no trefoil icons, no striped floor tape, no danger banners. Do not print alert words on walls, floors, labels, or posters. Only neutral room names and product typography.",Captions MUST be only about BPC-157 / TB-500 (V-WOL-001) and https://www.palmbeach-vitality.store/products/wolverine-stack.,Active,277,,277,Fun,Beach & Ocean
LI-278,vid_gen_landscape_scenes,16:9,vial_10ml_scene,LI-278 — Beach & Ocean — Cagrilinitide,A high-clarity research-grade vial half-buried in fine sand until a soft breeze fully reveals it,"16:9 landscape cinematic framing, deep environmental context",Fun mood lighting,"10mL sterile injectable-style glass vial of Cagrilinitide with rubber stopper + aluminum crimp seal (NEVER black twist/screw cap); mid-ground in scene, not extreme macro","10mL sterile injectable-style glass vial with rubber stopper and aluminum crimp seal (NOT screw-cap, NOT black twist cap)",V-CAG-001,Cagrilinitide,https://www.palmbeach-vitality.store/products/cargrilinitide,"LANDSCAPE SCENE (16:9) for workflow vid_gen_landscape_scenes. Source visual+motion: A high-clarity research-grade vial half-buried in fine sand until a soft breeze fully reveals it, leaning almost to the point of tipping then correcting itself. The environment feels charged, as if responding to the product's presence. Vibe: Fun. Theme: Beach & Ocean. Product lock: Cagrilinitide (V-CAG-001). Form: 10mL sterile injectable-style glass vial with rubber stopper and aluminum crimp seal (NOT screw-cap, NOT black twist cap). Camera: 16:9 landscape cinematic framing, deep environmental context. Keep product as part of a full environmental scene — not an isolated void packshot. VIAL SPEC: 10mL sterile injectable-style clear glass vial, rubber stopper + aluminum crimp seal only. FORBIDDEN: black twist caps, screw caps, dropper bottles. SIGNAGE RULE: premium clean research lab only. No safety placards, no industrial alert graphics, no trefoil icons, no striped floor tape, no danger banners. Do not print alert words on walls, floors, labels, or posters. Only neutral room names and product typography.",Captions MUST be only about Cagrilinitide (V-CAG-001) and https://www.palmbeach-vitality.store/products/cargrilinitide.,Active,278,,278,Fun,Beach & Ocean
LI-279,vid_gen_landscape_scenes,16:9,vial_10ml_scene,LI-279 — Energy & Cellular Power — CJC (no DAC),A crystal-clear recovery vial on a circular platform of polished copper that warms with a soft glow,"16:9 landscape cinematic framing, deep environmental context",Dramatic mood lighting,"10mL sterile injectable-style glass vial of CJC (no DAC) with rubber stopper + aluminum crimp seal (NEVER black twist/screw cap); mid-ground in scene, not extreme macro","10mL sterile injectable-style glass vial with rubber stopper and aluminum crimp seal (NOT screw-cap, NOT black twist cap)",V-CJC-001,CJC (no DAC),https://www.palmbeach-vitality.store/products/cjc,"LANDSCAPE SCENE (16:9) for workflow vid_gen_landscape_scenes. Source visual+motion: A crystal-clear recovery vial on a circular platform of polished copper that warms with a soft glow, as the product casts a shadow that moves independently of the light source. The scene has a quiet, almost sacred stillness interrupted only by intentional motion. Vibe: Dramatic. Theme: Energy & Cellular Power. Product lock: CJC (no DAC) (V-CJC-001). Form: 10mL sterile injectable-style glass vial with rubber stopper and aluminum crimp seal (NOT screw-cap, NOT black twist cap). Camera: 16:9 landscape cinematic framing, deep environmental context. Keep product as part of a full environmental scene — not an isolated void packshot. VIAL SPEC: 10mL sterile injectable-style clear glass vial, rubber stopper + aluminum crimp seal only. FORBIDDEN: black twist caps, screw caps, dropper bottles. SIGNAGE RULE: premium clean research lab only. No safety placards, no industrial alert graphics, no trefoil icons, no striped floor tape, no danger banners. Do not print alert words on walls, floors, labels, or posters. Only neutral room names and product typography.",Captions MUST be only about CJC (no DAC) (V-CJC-001) and https://www.palmbeach-vitality.store/products/cjc.,Active,279,,279,Dramatic,Energy & Cellular Power
LI-280,vid_gen_landscape_scenes,16:9,vial_10ml_scene,LI-280 — Nature Regeneration — CJC (no DAC)/Ipamorelin,A glowing amber wellness vial resting on a stack of smooth river rocks in shallow moving water,"16:9 landscape cinematic framing, deep environmental context",Dramatic mood lighting,"10mL sterile injectable-style glass vial of CJC (no DAC)/Ipamorelin with rubber stopper + aluminum crimp seal (NEVER black twist/screw cap); mid-ground in scene, not extreme macro","10mL sterile injectable-style glass vial with rubber stopper and aluminum crimp seal (NOT screw-cap, NOT black twist cap)",V-CII-001,CJC (no DAC)/Ipamorelin,https://www.palmbeach-vitality.store/products/cjc-ipamorelin,"LANDSCAPE SCENE (16:9) for workflow vid_gen_landscape_scenes. Source visual+motion: A glowing amber wellness vial resting on a stack of smooth river rocks in shallow moving water, as hundreds of tiny light points stream into it from all directions. Soft volumetric god-rays cut through the scene. Vibe: Dramatic. Theme: Nature Regeneration. Product lock: CJC (no DAC)/Ipamorelin (V-CII-001). Form: 10mL sterile injectable-style glass vial with rubber stopper and aluminum crimp seal (NOT screw-cap, NOT black twist cap). Camera: 16:9 landscape cinematic framing, deep environmental context. Keep product as part of a full environmental scene — not an isolated void packshot. VIAL SPEC: 10mL sterile injectable-style clear glass vial, rubber stopper + aluminum crimp seal only. FORBIDDEN: black twist caps, screw caps, dropper bottles. SIGNAGE RULE: premium clean research lab only. No safety placards, no industrial alert graphics, no trefoil icons, no striped floor tape, no danger banners. Do not print alert words on walls, floors, labels, or posters. Only neutral room names and product typography.",Captions MUST be only about CJC (no DAC)/Ipamorelin (V-CII-001) and https://www.palmbeach-vitality.store/products/cjc-ipamorelin.,Active,280,,280,Dramatic,Nature Regeneration
LI-281,vid_gen_landscape_scenes,16:9,vial_10ml_scene,LI-281 — Nature Regeneration — GHK-Cu,A crystal-clear recovery vial on a tree stump as soft mushrooms appear and grow in time-lapse nearby,"16:9 landscape cinematic framing, deep environmental context",Fun mood lighting,"10mL sterile injectable-style glass vial of GHK-Cu with rubber stopper + aluminum crimp seal (NEVER black twist/screw cap); mid-ground in scene, not extreme macro","10mL sterile injectable-style glass vial with rubber stopper and aluminum crimp seal (NOT screw-cap, NOT black twist cap)",V-GHK-001,GHK-Cu,https://www.palmbeach-vitality.store/products/ghk-cu,"LANDSCAPE SCENE (16:9) for workflow vid_gen_landscape_scenes. Source visual+motion: A crystal-clear recovery vial on a tree stump as soft mushrooms appear and grow in time-lapse nearby, as the bottle appears to 'surf' a wave of foam across a dark surface. Time-lapse growth and repair happens in the periphery only. Vibe: Fun. Theme: Nature Regeneration. Product lock: GHK-Cu (V-GHK-001). Form: 10mL sterile injectable-style glass vial with rubber stopper and aluminum crimp seal (NOT screw-cap, NOT black twist cap). Camera: 16:9 landscape cinematic framing, deep environmental context. Keep product as part of a full environmental scene — not an isolated void packshot. VIAL SPEC: 10mL sterile injectable-style clear glass vial, rubber stopper + aluminum crimp seal only. FORBIDDEN: black twist caps, screw caps, dropper bottles. SIGNAGE RULE: premium clean research lab only. No safety placards, no industrial alert graphics, no trefoil icons, no striped floor tape, no danger banners. Do not print alert words on walls, floors, labels, or posters. Only neutral room names and product typography.",Captions MUST be only about GHK-Cu (V-GHK-001) and https://www.palmbeach-vitality.store/products/ghk-cu.,Active,281,,281,Fun,Nature Regeneration
LI-282,vid_gen_landscape_scenes,16:9,lab_scene,LI-282 — Energy & Cellular Power — Cagrilinitide,A minimalist wellness bottle on an empty gym floor mat with a single chalk mark that slowly fades,"16:9 landscape cinematic framing, deep environmental context",Funny mood lighting,scene product lock via typography / subtle mid-ground research material; no extreme close-up packshot,,V-CAG-001,Cagrilinitide,https://www.palmbeach-vitality.store/products/cargrilinitide,"LANDSCAPE SCENE (16:9) for workflow vid_gen_landscape_scenes. Source visual+motion: A minimalist wellness bottle on an empty gym floor mat with a single chalk mark that slowly fades, with dew drops assembling themselves into geometric patterns on the glass. Reflections and refractions in the glass create secondary visual interest. Vibe: Funny. Theme: Energy & Cellular Power. Product lock: Cagrilinitide (V-CAG-001). Form: research catalog material. Camera: 16:9 landscape cinematic framing, deep environmental context. Keep product as part of a full environmental scene — not an isolated void packshot. SIGNAGE RULE: premium clean research lab only. No safety placards, no industrial alert graphics, no trefoil icons, no striped floor tape, no danger banners. Do not print alert words on walls, floors, labels, or posters. Only neutral room names and product typography.",Captions MUST be only about Cagrilinitide (V-CAG-001) and https://www.palmbeach-vitality.store/products/cargrilinitide.,Active,282,,282,Funny,Energy & Cellular Power
LI-283,vid_gen_landscape_scenes,16:9,lab_scene,LI-283 — Resilience & Strength — CJC (no DAC),A frosted glass bottle of cellular support next to a foggy mirror surface that clears from the center outward,"16:9 landscape cinematic framing, deep environmental context",Funny mood lighting,scene product lock via typography / subtle mid-ground research material; no extreme close-up packshot,,V-CJC-001,CJC (no DAC),https://www.palmbeach-vitality.store/products/cjc,"LANDSCAPE SCENE (16:9) for workflow vid_gen_landscape_scenes. Source visual+motion: A frosted glass bottle of cellular support next to a foggy mirror surface that clears from the center outward, while the glass surface briefly shows flowing molecular structures then clears. Soft volumetric god-rays cut through the scene. Vibe: Funny. Theme: Resilience & Strength. Product lock: CJC (no DAC) (V-CJC-001). Form: research catalog material. Camera: 16:9 landscape cinematic framing, deep environmental context. Keep product as part of a full environmental scene — not an isolated void packshot. SIGNAGE RULE: premium clean research lab only. No safety placards, no industrial alert graphics, no trefoil icons, no striped floor tape, no danger banners. Do not print alert words on walls, floors, labels, or posters. Only neutral room names and product typography.",Captions MUST be only about CJC (no DAC) (V-CJC-001) and https://www.palmbeach-vitality.store/products/cjc.,Active,283,,283,Funny,Resilience & Strength
LI-284,vid_gen_landscape_scenes,16:9,vial_10ml_scene,LI-284 — Abstract Cellular — BPC-157 / TB-500 / GHK-Cu,A crystal-clear recovery vial resting in a nest of fresh eucalyptus leaves,"16:9 landscape cinematic framing, deep environmental context",Cool mood lighting,"10mL sterile injectable-style glass vial of BPC-157 / TB-500 / GHK-Cu with rubber stopper + aluminum crimp seal (NEVER black twist/screw cap); mid-ground in scene, not extreme macro","10mL sterile injectable-style glass vial with rubber stopper and aluminum crimp seal (NOT screw-cap, NOT black twist cap)",V-GLO-001,BPC-157 / TB-500 / GHK-Cu,https://www.palmbeach-vitality.store/products/glow,"LANDSCAPE SCENE (16:9) for workflow vid_gen_landscape_scenes. Source visual+motion: A crystal-clear recovery vial resting in a nest of fresh eucalyptus leaves, with fine gold leaf or particles adhering then releasing in slow motion. The scene has a quiet, almost sacred stillness interrupted only by intentional motion. Vibe: Cool. Theme: Abstract Cellular. Product lock: BPC-157 / TB-500 / GHK-Cu (V-GLO-001). Form: 10mL sterile injectable-style glass vial with rubber stopper and aluminum crimp seal (NOT screw-cap, NOT black twist cap). Camera: 16:9 landscape cinematic framing, deep environmental context. Keep product as part of a full environmental scene — not an isolated void packshot. VIAL SPEC: 10mL sterile injectable-style clear glass vial, rubber stopper + aluminum crimp seal only. FORBIDDEN: black twist caps, screw caps, dropper bottles. SIGNAGE RULE: premium clean research lab only. No safety placards, no industrial alert graphics, no trefoil icons, no striped floor tape, no danger banners. Do not print alert words on walls, floors, labels, or posters. Only neutral room names and product typography.",Captions MUST be only about BPC-157 / TB-500 / GHK-Cu (V-GLO-001) and https://www.palmbeach-vitality.store/products/glow.,Active,284,,284,Cool,Abstract Cellular
LI-285,vid_gen_landscape_scenes,16:9,lab_scene,LI-285 — Beach & Ocean — CJC (no DAC)/Ipamorelin,A minimalist wellness bottle floating upright in a clear tide pool while tiny fish dart past,"16:9 landscape cinematic framing, deep environmental context",Dramatic mood lighting,scene product lock via typography / subtle mid-ground research material; no extreme close-up packshot,,V-CII-001,CJC (no DAC)/Ipamorelin,https://www.palmbeach-vitality.store/products/cjc-ipamorelin,"LANDSCAPE SCENE (16:9) for workflow vid_gen_landscape_scenes. Source visual+motion: A minimalist wellness bottle floating upright in a clear tide pool while tiny fish dart past, with the bottle slowly spinning faster then abruptly stopping in perfect frame. Extreme slow-motion emphasizes every micro-movement of liquid and light. Vibe: Dramatic. Theme: Beach & Ocean. Product lock: CJC (no DAC)/Ipamorelin (V-CII-001). Form: research catalog material. Camera: 16:9 landscape cinematic framing, deep environmental context. Keep product as part of a full environmental scene — not an isolated void packshot. SIGNAGE RULE: premium clean research lab only. No safety placards, no industrial alert graphics, no trefoil icons, no striped floor tape, no danger banners. Do not print alert words on walls, floors, labels, or posters. Only neutral room names and product typography.",Captions MUST be only about CJC (no DAC)/Ipamorelin (V-CII-001) and https://www.palmbeach-vitality.store/products/cjc-ipamorelin.,Active,285,,285,Dramatic,Beach & Ocean
LI-286,vid_gen_landscape_scenes,16:9,vial_10ml_scene,LI-286 — Stacks & Synergy — Thymosin Alpha-1,A sleek glass peptide vial on polished black spa stones with steam rising gently,"16:9 landscape cinematic framing, deep environmental context",Funny mood lighting,"10mL sterile injectable-style glass vial of Thymosin Alpha-1 with rubber stopper + aluminum crimp seal (NEVER black twist/screw cap); mid-ground in scene, not extreme macro","10mL sterile injectable-style glass vial with rubber stopper and aluminum crimp seal (NOT screw-cap, NOT black twist cap)",V-TA1-001,Thymosin Alpha-1,https://www.palmbeach-vitality.store/products/ta-1,"LANDSCAPE SCENE (16:9) for workflow vid_gen_landscape_scenes. Source visual+motion: A sleek glass peptide vial on polished black spa stones with steam rising gently, while the glass surface briefly shows flowing molecular structures then clears. Extreme slow-motion emphasizes every micro-movement of liquid and light. Vibe: Funny. Theme: Stacks & Synergy. Product lock: Thymosin Alpha-1 (V-TA1-001). Form: 10mL sterile injectable-style glass vial with rubber stopper and aluminum crimp seal (NOT screw-cap, NOT black twist cap). Camera: 16:9 landscape cinematic framing, deep environmental context. Keep product as part of a full environmental scene — not an isolated void packshot. VIAL SPEC: 10mL sterile injectable-style clear glass vial, rubber stopper + aluminum crimp seal only. FORBIDDEN: black twist caps, screw caps, dropper bottles. SIGNAGE RULE: premium clean research lab only. No safety placards, no industrial alert graphics, no trefoil icons, no striped floor tape, no danger banners. Do not print alert words on walls, floors, labels, or posters. Only neutral room names and product typography.",Captions MUST be only about Thymosin Alpha-1 (V-TA1-001) and https://www.palmbeach-vitality.store/products/ta-1.,Active,286,,286,Funny,Stacks & Synergy
LI-287,vid_gen_landscape_scenes,16:9,vial_10ml_scene,LI-287 — Energy & Cellular Power — AOD-9604,A glowing amber wellness vial on a kitchen counter as a stick of butter softens and fruit brightens nearby,"16:9 landscape cinematic framing, deep environmental context",Cool mood lighting,"10mL sterile injectable-style glass vial of AOD-9604 with rubber stopper + aluminum crimp seal (NEVER black twist/screw cap); mid-ground in scene, not extreme macro","10mL sterile injectable-style glass vial with rubber stopper and aluminum crimp seal (NOT screw-cap, NOT black twist cap)",V-AOD-001,AOD-9604,https://www.palmbeach-vitality.store/products/aod-9604,"LANDSCAPE SCENE (16:9) for workflow vid_gen_landscape_scenes. Source visual+motion: A glowing amber wellness vial on a kitchen counter as a stick of butter softens and fruit brightens nearby, as one central vial remains still while others orbit it in slow motion. Soft volumetric god-rays cut through the scene. Vibe: Cool. Theme: Energy & Cellular Power. Product lock: AOD-9604 (V-AOD-001). Form: 10mL sterile injectable-style glass vial with rubber stopper and aluminum crimp seal (NOT screw-cap, NOT black twist cap). Camera: 16:9 landscape cinematic framing, deep environmental context. Keep product as part of a full environmental scene — not an isolated void packshot. VIAL SPEC: 10mL sterile injectable-style clear glass vial, rubber stopper + aluminum crimp seal only. FORBIDDEN: black twist caps, screw caps, dropper bottles. SIGNAGE RULE: premium clean research lab only. No safety placards, no industrial alert graphics, no trefoil icons, no striped floor tape, no danger banners. Do not print alert words on walls, floors, labels, or posters. Only neutral room names and product typography.",Captions MUST be only about AOD-9604 (V-AOD-001) and https://www.palmbeach-vitality.store/products/aod-9604.,Active,287,,287,Cool,Energy & Cellular Power
LI-288,vid_gen_landscape_scenes,16:9,vial_10ml_scene,LI-288 — Abstract Cellular — Melanotan 2,A slim silver-capped peptide bottle in light rain while every surrounding surface gets wet but the bottle stays dry,"16:9 landscape cinematic framing, deep environmental context",Dramatic mood lighting,"10mL sterile injectable-style glass vial of Melanotan 2 with rubber stopper + aluminum crimp seal (NEVER black twist/screw cap); mid-ground in scene, not extreme macro","10mL sterile injectable-style glass vial with rubber stopper and aluminum crimp seal (NOT screw-cap, NOT black twist cap)",V-MT2-001,Melanotan 2,https://www.palmbeach-vitality.store/products/melonotan,"LANDSCAPE SCENE (16:9) for workflow vid_gen_landscape_scenes. Source visual+motion: A slim silver-capped peptide bottle in light rain while every surrounding surface gets wet but the bottle stays dry, with the bottle standing firm as a small wave repeatedly tries and fails to knock it over. Subtle particle systems (dust, pollen, mist) interact gracefully with the vial. Vibe: Dramatic. Theme: Abstract Cellular. Product lock: Melanotan 2 (V-MT2-001). Form: 10mL sterile injectable-style glass vial with rubber stopper and aluminum crimp seal (NOT screw-cap, NOT black twist cap). Camera: 16:9 landscape cinematic framing, deep environmental context. Keep product as part of a full environmental scene — not an isolated void packshot. VIAL SPEC: 10mL sterile injectable-style clear glass vial, rubber stopper + aluminum crimp seal only. FORBIDDEN: black twist caps, screw caps, dropper bottles. SIGNAGE RULE: premium clean research lab only. No safety placards, no industrial alert graphics, no trefoil icons, no striped floor tape, no danger banners. Do not print alert words on walls, floors, labels, or posters. Only neutral room names and product typography.",Captions MUST be only about Melanotan 2 (V-MT2-001) and https://www.palmbeach-vitality.store/products/melonotan.,Active,288,,288,Dramatic,Abstract Cellular
LI-289,vid_gen_landscape_scenes,16:9,vial_10ml_scene,LI-289 — Nature Regeneration — Retatrutide,A high-clarity research-grade vial beside a wilting fern that visibly brightens and lifts,"16:9 landscape cinematic framing, deep environmental context",Funny mood lighting,"10mL sterile injectable-style glass vial of Retatrutide with rubber stopper + aluminum crimp seal (NEVER black twist/screw cap); mid-ground in scene, not extreme macro","10mL sterile injectable-style glass vial with rubber stopper and aluminum crimp seal (NOT screw-cap, NOT black twist cap)",V-RET-001,Retatrutide,https://www.palmbeach-vitality.store/products/retatrutide,"LANDSCAPE SCENE (16:9) for workflow vid_gen_landscape_scenes. Source visual+motion: A high-clarity research-grade vial beside a wilting fern that visibly brightens and lifts, as the bottle appears to 'surf' a wave of foam across a dark surface. The environment feels charged, as if responding to the product's presence. Vibe: Funny. Theme: Nature Regeneration. Product lock: Retatrutide (V-RET-001). Form: 10mL sterile injectable-style glass vial with rubber stopper and aluminum crimp seal (NOT screw-cap, NOT black twist cap). Camera: 16:9 landscape cinematic framing, deep environmental context. Keep product as part of a full environmental scene — not an isolated void packshot. VIAL SPEC: 10mL sterile injectable-style clear glass vial, rubber stopper + aluminum crimp seal only. FORBIDDEN: black twist caps, screw caps, dropper bottles. SIGNAGE RULE: premium clean research lab only. No safety placards, no industrial alert graphics, no trefoil icons, no striped floor tape, no danger banners. Do not print alert words on walls, floors, labels, or posters. Only neutral room names and product typography.",Captions MUST be only about Retatrutide (V-RET-001) and https://www.palmbeach-vitality.store/products/retatrutide.,Active,289,,289,Funny,Nature Regeneration
LI-290,vid_gen_landscape_scenes,16:9,vial_10ml_scene,LI-290 — Longevity & Anti-Aging — Tirzepatide,A precision-dosed peptide vial resting on a stack of smooth river rocks in shallow moving water,"16:9 landscape cinematic framing, deep environmental context",Funny mood lighting,"10mL sterile injectable-style glass vial of Tirzepatide with rubber stopper + aluminum crimp seal (NEVER black twist/screw cap); mid-ground in scene, not extreme macro","10mL sterile injectable-style glass vial with rubber stopper and aluminum crimp seal (NOT screw-cap, NOT black twist cap)",V-TIR-001,Tirzepatide,https://www.palmbeach-vitality.store/products/tirzepatide,"LANDSCAPE SCENE (16:9) for workflow vid_gen_landscape_scenes. Source visual+motion: A precision-dosed peptide vial resting on a stack of smooth river rocks in shallow moving water, as the product casts a shadow that moves independently of the light source. Soft volumetric god-rays cut through the scene. Vibe: Funny. Theme: Longevity & Anti-Aging. Product lock: Tirzepatide (V-TIR-001). Form: 10mL sterile injectable-style glass vial with rubber stopper and aluminum crimp seal (NOT screw-cap, NOT black twist cap). Camera: 16:9 landscape cinematic framing, deep environmental context. Keep product as part of a full environmental scene — not an isolated void packshot. VIAL SPEC: 10mL sterile injectable-style clear glass vial, rubber stopper + aluminum crimp seal only. FORBIDDEN: black twist caps, screw caps, dropper bottles. SIGNAGE RULE: premium clean research lab only. No safety placards, no industrial alert graphics, no trefoil icons, no striped floor tape, no danger banners. Do not print alert words on walls, floors, labels, or posters. Only neutral room names and product typography.",Captions MUST be only about Tirzepatide (V-TIR-001) and https://www.palmbeach-vitality.store/products/tirzepatide.,Active,290,,290,Funny,Longevity & Anti-Aging
LI-291,vid_gen_landscape_scenes,16:9,vial_10ml_scene,LI-291 — Energy & Cellular Power — Semaglutide,A slim silver-capped peptide bottle framed by two large tropical leaves that slowly close then reopen like curtains,"16:9 landscape cinematic framing, deep environmental context",Dramatic mood lighting,"10mL sterile injectable-style glass vial of Semaglutide with rubber stopper + aluminum crimp seal (NEVER black twist/screw cap); mid-ground in scene, not extreme macro","10mL sterile injectable-style glass vial with rubber stopper and aluminum crimp seal (NOT screw-cap, NOT black twist cap)",V-SEM-001,Semaglutide,https://www.palmbeach-vitality.store/products/semaglutide,"LANDSCAPE SCENE (16:9) for workflow vid_gen_landscape_scenes. Source visual+motion: A slim silver-capped peptide bottle framed by two large tropical leaves that slowly close then reopen like curtains, as the liquid inside becomes visibly thinner and more fluid in motion. Subtle particle systems (dust, pollen, mist) interact gracefully with the vial. Vibe: Dramatic. Theme: Energy & Cellular Power. Product lock: Semaglutide (V-SEM-001). Form: 10mL sterile injectable-style glass vial with rubber stopper and aluminum crimp seal (NOT screw-cap, NOT black twist cap). Camera: 16:9 landscape cinematic framing, deep environmental context. Keep product as part of a full environmental scene — not an isolated void packshot. VIAL SPEC: 10mL sterile injectable-style clear glass vial, rubber stopper + aluminum crimp seal only. FORBIDDEN: black twist caps, screw caps, dropper bottles. SIGNAGE RULE: premium clean research lab only. No safety placards, no industrial alert graphics, no trefoil icons, no striped floor tape, no danger banners. Do not print alert words on walls, floors, labels, or posters. Only neutral room names and product typography.",Captions MUST be only about Semaglutide (V-SEM-001) and https://www.palmbeach-vitality.store/products/semaglutide.,Active,291,,291,Dramatic,Energy & Cellular Power
LI-292,vid_gen_landscape_scenes,16:9,lab_scene,LI-292 — Beach & Ocean — GHK-Cu,A minimalist wellness bottle standing in soft white sand with moving palm-frond shadows,"16:9 landscape cinematic framing, deep environmental context",Fun mood lighting,scene product lock via typography / subtle mid-ground research material; no extreme close-up packshot,,V-GHK-001,GHK-Cu,https://www.palmbeach-vitality.store/products/ghk-cu,"LANDSCAPE SCENE (16:9) for workflow vid_gen_landscape_scenes. Source visual+motion: A minimalist wellness bottle standing in soft white sand with moving palm-frond shadows, with a soft white light pulsing once like a signal. Deep contrast between the sharp product and soft, dreamy background. Vibe: Fun. Theme: Beach & Ocean. Product lock: GHK-Cu (V-GHK-001). Form: research catalog material. Camera: 16:9 landscape cinematic framing, deep environmental context. Keep product as part of a full environmental scene — not an isolated void packshot. SIGNAGE RULE: premium clean research lab only. No safety placards, no industrial alert graphics, no trefoil icons, no striped floor tape, no danger banners. Do not print alert words on walls, floors, labels, or posters. Only neutral room names and product typography.",Captions MUST be only about GHK-Cu (V-GHK-001) and https://www.palmbeach-vitality.store/products/ghk-cu.,Active,292,,292,Fun,Beach & Ocean
LI-293,vid_gen_landscape_scenes,16:9,vial_10ml_scene,LI-293 — Energy & Cellular Power — KPV / BPC-157 / TB-500 / GHK-Cu,A crystal-clear recovery vial beside a deflated balloon that slowly reinflates to full shape,"16:9 landscape cinematic framing, deep environmental context",Fun mood lighting,"10mL sterile injectable-style glass vial of KPV / BPC-157 / TB-500 / GHK-Cu with rubber stopper + aluminum crimp seal (NEVER black twist/screw cap); mid-ground in scene, not extreme macro","10mL sterile injectable-style glass vial with rubber stopper and aluminum crimp seal (NOT screw-cap, NOT black twist cap)",V-KLO-001,KPV / BPC-157 / TB-500 / GHK-Cu,https://www.palmbeach-vitality.store/products/klow-kpv-bpc-157-tb-500-ghk,"LANDSCAPE SCENE (16:9) for workflow vid_gen_landscape_scenes. Source visual+motion: A crystal-clear recovery vial beside a deflated balloon that slowly reinflates to full shape, with the bottle slowly spinning faster then abruptly stopping in perfect frame. The environment feels charged, as if responding to the product's presence. Vibe: Fun. Theme: Energy & Cellular Power. Product lock: KPV / BPC-157 / TB-500 / GHK-Cu (V-KLO-001). Form: 10mL sterile injectable-style glass vial with rubber stopper and aluminum crimp seal (NOT screw-cap, NOT black twist cap). Camera: 16:9 landscape cinematic framing, deep environmental context. Keep product as part of a full environmental scene — not an isolated void packshot. VIAL SPEC: 10mL sterile injectable-style clear glass vial, rubber stopper + aluminum crimp seal only. FORBIDDEN: black twist caps, screw caps, dropper bottles. SIGNAGE RULE: premium clean research lab only. No safety placards, no industrial alert graphics, no trefoil icons, no striped floor tape, no danger banners. Do not print alert words on walls, floors, labels, or posters. Only neutral room names and product typography.",Captions MUST be only about KPV / BPC-157 / TB-500 / GHK-Cu (V-KLO-001) and https://www.palmbeach-vitality.store/products/klow-kpv-bpc-157-tb-500-ghk.,Active,293,,293,Fun,Energy & Cellular Power
LI-294,vid_gen_landscape_scenes,16:9,vial_10ml_scene,LI-294 — Beach & Ocean — MOTS-C,A pure white ceramic-capped vial in a soft sandstorm that settles into perfect geometric patterns around it,"16:9 landscape cinematic framing, deep environmental context",Cool mood lighting,"10mL sterile injectable-style glass vial of MOTS-C with rubber stopper + aluminum crimp seal (NEVER black twist/screw cap); mid-ground in scene, not extreme macro","10mL sterile injectable-style glass vial with rubber stopper and aluminum crimp seal (NOT screw-cap, NOT black twist cap)",V-MOT-001,MOTS-C,https://www.palmbeach-vitality.store/products/mots-c-10mg-5ml-vial,"LANDSCAPE SCENE (16:9) for workflow vid_gen_landscape_scenes. Source visual+motion: A pure white ceramic-capped vial in a soft sandstorm that settles into perfect geometric patterns around it, while the liquid level inside appears to rise slightly on its own. Extreme slow-motion emphasizes every micro-movement of liquid and light. Vibe: Cool. Theme: Beach & Ocean. Product lock: MOTS-C (V-MOT-001). Form: 10mL sterile injectable-style glass vial with rubber stopper and aluminum crimp seal (NOT screw-cap, NOT black twist cap). Camera: 16:9 landscape cinematic framing, deep environmental context. Keep product as part of a full environmental scene — not an isolated void packshot. VIAL SPEC: 10mL sterile injectable-style clear glass vial, rubber stopper + aluminum crimp seal only. FORBIDDEN: black twist caps, screw caps, dropper bottles. SIGNAGE RULE: premium clean research lab only. No safety placards, no industrial alert graphics, no trefoil icons, no striped floor tape, no danger banners. Do not print alert words on walls, floors, labels, or posters. Only neutral room names and product typography.",Captions MUST be only about MOTS-C (V-MOT-001) and https://www.palmbeach-vitality.store/products/mots-c-10mg-5ml-vial.,Active,294,,294,Cool,Beach & Ocean
LI-295,vid_gen_landscape_scenes,16:9,vial_10ml_scene,LI-295 — Resilience & Strength — NAD+,A glowing amber wellness vial resting on a stack of smooth river rocks in shallow moving water,"16:9 landscape cinematic framing, deep environmental context",Dramatic mood lighting,"10mL sterile injectable-style glass vial of NAD+ with rubber stopper + aluminum crimp seal (NEVER black twist/screw cap); mid-ground in scene, not extreme macro","10mL sterile injectable-style glass vial with rubber stopper and aluminum crimp seal (NOT screw-cap, NOT black twist cap)",V-NAD-001,NAD+,https://www.palmbeach-vitality.store/products/nad-1,"LANDSCAPE SCENE (16:9) for workflow vid_gen_landscape_scenes. Source visual+motion: A glowing amber wellness vial resting on a stack of smooth river rocks in shallow moving water, as one central vial remains still while others orbit it in slow motion. Time-lapse growth and repair happens in the periphery only. Vibe: Dramatic. Theme: Resilience & Strength. Product lock: NAD+ (V-NAD-001). Form: 10mL sterile injectable-style glass vial with rubber stopper and aluminum crimp seal (NOT screw-cap, NOT black twist cap). Camera: 16:9 landscape cinematic framing, deep environmental context. Keep product as part of a full environmental scene — not an isolated void packshot. VIAL SPEC: 10mL sterile injectable-style clear glass vial, rubber stopper + aluminum crimp seal only. FORBIDDEN: black twist caps, screw caps, dropper bottles. SIGNAGE RULE: premium clean research lab only. No safety placards, no industrial alert graphics, no trefoil icons, no striped floor tape, no danger banners. Do not print alert words on walls, floors, labels, or posters. Only neutral room names and product typography.",Captions MUST be only about NAD+ (V-NAD-001) and https://www.palmbeach-vitality.store/products/nad-1.,Active,295,,295,Dramatic,Resilience & Strength
LI-296,vid_gen_landscape_scenes,16:9,vial_10ml_scene,LI-296 — Beach & Ocean — PT-141,A precision-dosed peptide vial standing in soft white sand with moving palm-frond shadows,"16:9 landscape cinematic framing, deep environmental context",Fun mood lighting,"10mL sterile injectable-style glass vial of PT-141 with rubber stopper + aluminum crimp seal (NEVER black twist/screw cap); mid-ground in scene, not extreme macro","10mL sterile injectable-style glass vial with rubber stopper and aluminum crimp seal (NOT screw-cap, NOT black twist cap)",V-PT1-001,PT-141,https://www.palmbeach-vitality.store/products/pt-141,"LANDSCAPE SCENE (16:9) for workflow vid_gen_landscape_scenes. Source visual+motion: A precision-dosed peptide vial standing in soft white sand with moving palm-frond shadows, as hundreds of tiny light points stream into it from all directions. Extreme slow-motion emphasizes every micro-movement of liquid and light. Vibe: Fun. Theme: Beach & Ocean. Product lock: PT-141 (V-PT1-001). Form: 10mL sterile injectable-style glass vial with rubber stopper and aluminum crimp seal (NOT screw-cap, NOT black twist cap). Camera: 16:9 landscape cinematic framing, deep environmental context. Keep product as part of a full environmental scene — not an isolated void packshot. VIAL SPEC: 10mL sterile injectable-style clear glass vial, rubber stopper + aluminum crimp seal only. FORBIDDEN: black twist caps, screw caps, dropper bottles. SIGNAGE RULE: premium clean research lab only. No safety placards, no industrial alert graphics, no trefoil icons, no striped floor tape, no danger banners. Do not print alert words on walls, floors, labels, or posters. Only neutral room names and product typography.",Captions MUST be only about PT-141 (V-PT1-001) and https://www.palmbeach-vitality.store/products/pt-141.,Active,296,,296,Fun,Beach & Ocean
LI-297,vid_gen_landscape_scenes,16:9,lab_scene,LI-297 — Beach & Ocean — BPC-157 / TB-500 / GHK-Cu,A slim silver-capped peptide bottle next to a cloudy glass of water that suddenly becomes crystal clear,"16:9 landscape cinematic framing, deep environmental context",Funny mood lighting,scene product lock via typography / subtle mid-ground research material; no extreme close-up packshot,,V-GLO-001,BPC-157 / TB-500 / GHK-Cu,https://www.palmbeach-vitality.store/products/glow,"LANDSCAPE SCENE (16:9) for workflow vid_gen_landscape_scenes. Source visual+motion: A slim silver-capped peptide bottle next to a cloudy glass of water that suddenly becomes crystal clear, while the glass surface briefly shows flowing molecular structures then clears. Golden hour light slides across the surface creating long lens flares. Vibe: Funny. Theme: Beach & Ocean. Product lock: BPC-157 / TB-500 / GHK-Cu (V-GLO-001). Form: research catalog material. Camera: 16:9 landscape cinematic framing, deep environmental context. Keep product as part of a full environmental scene — not an isolated void packshot. SIGNAGE RULE: premium clean research lab only. No safety placards, no industrial alert graphics, no trefoil icons, no striped floor tape, no danger banners. Do not print alert words on walls, floors, labels, or posters. Only neutral room names and product typography.",Captions MUST be only about BPC-157 / TB-500 / GHK-Cu (V-GLO-001) and https://www.palmbeach-vitality.store/products/glow.,Active,297,,297,Funny,Beach & Ocean
LI-298,vid_gen_landscape_scenes,16:9,lab_scene,LI-298 — Recovery & Healing — Thymosin Alpha-1,A frosted glass bottle of cellular support inside a large clear ice block that slowly melts away,"16:9 landscape cinematic framing, deep environmental context",Funny mood lighting,scene product lock via typography / subtle mid-ground research material; no extreme close-up packshot,,V-TA1-001,Thymosin Alpha-1,https://www.palmbeach-vitality.store/products/ta-1,"LANDSCAPE SCENE (16:9) for workflow vid_gen_landscape_scenes. Source visual+motion: A frosted glass bottle of cellular support inside a large clear ice block that slowly melts away, as it 'hides' behind a large leaf that keeps falling away to reveal it again. Deep contrast between the sharp product and soft, dreamy background. Vibe: Funny. Theme: Recovery & Healing. Product lock: Thymosin Alpha-1 (V-TA1-001). Form: research catalog material. Camera: 16:9 landscape cinematic framing, deep environmental context. Keep product as part of a full environmental scene — not an isolated void packshot. SIGNAGE RULE: premium clean research lab only. No safety placards, no industrial alert graphics, no trefoil icons, no striped floor tape, no danger banners. Do not print alert words on walls, floors, labels, or posters. Only neutral room names and product typography.",Captions MUST be only about Thymosin Alpha-1 (V-TA1-001) and https://www.palmbeach-vitality.store/products/ta-1.,Active,298,,298,Funny,Recovery & Healing
LI-299,vid_gen_landscape_scenes,16:9,vial_10ml_scene,LI-299 — Fat Loss & Metabolism — Selank,A high-clarity research-grade vial inside a large empty glass terrarium with condensation forming,"16:9 landscape cinematic framing, deep environmental context",Funny mood lighting,"10mL sterile injectable-style glass vial of Selank with rubber stopper + aluminum crimp seal (NEVER black twist/screw cap); mid-ground in scene, not extreme macro","10mL sterile injectable-style glass vial with rubber stopper and aluminum crimp seal (NOT screw-cap, NOT black twist cap)",V-SEL-001,Selank,https://www.palmbeach-vitality.store/products/selank,"LANDSCAPE SCENE (16:9) for workflow vid_gen_landscape_scenes. Source visual+motion: A high-clarity research-grade vial inside a large empty glass terrarium with condensation forming, with dew drops assembling themselves into geometric patterns on the glass. The environment feels charged, as if responding to the product's presence. Vibe: Funny. Theme: Fat Loss & Metabolism. Product lock: Selank (V-SEL-001). Form: 10mL sterile injectable-style glass vial with rubber stopper and aluminum crimp seal (NOT screw-cap, NOT black twist cap). Camera: 16:9 landscape cinematic framing, deep environmental context. Keep product as part of a full environmental scene — not an isolated void packshot. VIAL SPEC: 10mL sterile injectable-style clear glass vial, rubber stopper + aluminum crimp seal only. FORBIDDEN: black twist caps, screw caps, dropper bottles. SIGNAGE RULE: premium clean research lab only. No safety placards, no industrial alert graphics, no trefoil icons, no striped floor tape, no danger banners. Do not print alert words on walls, floors, labels, or posters. Only neutral room names and product typography.",Captions MUST be only about Selank (V-SEL-001) and https://www.palmbeach-vitality.store/products/selank.,Active,299,,299,Funny,Fat Loss & Metabolism
LI-300,vid_gen_landscape_scenes,16:9,vial_10ml_scene,LI-300 — Resilience & Strength — Sermorelin,A glowing amber wellness vial resting on a stack of smooth river rocks in shallow moving water,"16:9 landscape cinematic framing, deep environmental context",Funny mood lighting,"10mL sterile injectable-style glass vial of Sermorelin with rubber stopper + aluminum crimp seal (NEVER black twist/screw cap); mid-ground in scene, not extreme macro","10mL sterile injectable-style glass vial with rubber stopper and aluminum crimp seal (NOT screw-cap, NOT black twist cap)",V-SER-001,Sermorelin,https://www.palmbeach-vitality.store/products/sermorelin,"LANDSCAPE SCENE (16:9) for workflow vid_gen_landscape_scenes. Source visual+motion: A glowing amber wellness vial resting on a stack of smooth river rocks in shallow moving water, while two vials slowly lean toward each other until labels almost touch. Reflections and refractions in the glass create secondary visual interest. Vibe: Funny. Theme: Resilience & Strength. Product lock: Sermorelin (V-SER-001). Form: 10mL sterile injectable-style glass vial with rubber stopper and aluminum crimp seal (NOT screw-cap, NOT black twist cap). Camera: 16:9 landscape cinematic framing, deep environmental context. Keep product as part of a full environmental scene — not an isolated void packshot. VIAL SPEC: 10mL sterile injectable-style clear glass vial, rubber stopper + aluminum crimp seal only. FORBIDDEN: black twist caps, screw caps, dropper bottles. SIGNAGE RULE: premium clean research lab only. No safety placards, no industrial alert graphics, no trefoil icons, no striped floor tape, no danger banners. Do not print alert words on walls, floors, labels, or posters. Only neutral room names and product typography.",Captions MUST be only about Sermorelin (V-SER-001) and https://www.palmbeach-vitality.store/products/sermorelin.,Active,300,,300,Funny,Resilience & Strength
LI-301,vid_gen_landscape_scenes,16:9,vial_10ml_scene,LI-301 — Abstract Cellular — SS-31,A high-clarity research-grade vial framed by two large tropical leaves that slowly close then reopen like curtains,"16:9 landscape cinematic framing, deep environmental context",Fun mood lighting,"10mL sterile injectable-style glass vial of SS-31 with rubber stopper + aluminum crimp seal (NEVER black twist/screw cap); mid-ground in scene, not extreme macro","10mL sterile injectable-style glass vial with rubber stopper and aluminum crimp seal (NOT screw-cap, NOT black twist cap)",V-SS3-001,SS-31,https://www.palmbeach-vitality.store/products/ss-31,"LANDSCAPE SCENE (16:9) for workflow vid_gen_landscape_scenes. Source visual+motion: A high-clarity research-grade vial framed by two large tropical leaves that slowly close then reopen like curtains, leaning almost to the point of tipping then correcting itself. Soft volumetric god-rays cut through the scene. Vibe: Fun. Theme: Abstract Cellular. Product lock: SS-31 (V-SS3-001). Form: 10mL sterile injectable-style glass vial with rubber stopper and aluminum crimp seal (NOT screw-cap, NOT black twist cap). Camera: 16:9 landscape cinematic framing, deep environmental context. Keep product as part of a full environmental scene — not an isolated void packshot. VIAL SPEC: 10mL sterile injectable-style clear glass vial, rubber stopper + aluminum crimp seal only. FORBIDDEN: black twist caps, screw caps, dropper bottles. SIGNAGE RULE: premium clean research lab only. No safety placards, no industrial alert graphics, no trefoil icons, no striped floor tape, no danger banners. Do not print alert words on walls, floors, labels, or posters. Only neutral room names and product typography.",Captions MUST be only about SS-31 (V-SS3-001) and https://www.palmbeach-vitality.store/products/ss-31.,Active,301,,301,Fun,Abstract Cellular
LI-302,vid_gen_landscape_scenes,16:9,vial_10ml_scene,LI-302 — Beach & Ocean — TB-500,A pure white ceramic-capped vial beside an hourglass where the sand begins flowing upward,"16:9 landscape cinematic framing, deep environmental context",Cool mood lighting,"10mL sterile injectable-style glass vial of TB-500 with rubber stopper + aluminum crimp seal (NEVER black twist/screw cap); mid-ground in scene, not extreme macro","10mL sterile injectable-style glass vial with rubber stopper and aluminum crimp seal (NOT screw-cap, NOT black twist cap)",V-TB5-001,TB-500,https://www.palmbeach-vitality.store/products/tb-500,"LANDSCAPE SCENE (16:9) for workflow vid_gen_landscape_scenes. Source visual+motion: A pure white ceramic-capped vial beside an hourglass where the sand begins flowing upward, with its label slowly peeling back just enough to hint at a second layer underneath. Time-lapse growth and repair happens in the periphery only. Vibe: Cool. Theme: Beach & Ocean. Product lock: TB-500 (V-TB5-001). Form: 10mL sterile injectable-style glass vial with rubber stopper and aluminum crimp seal (NOT screw-cap, NOT black twist cap). Camera: 16:9 landscape cinematic framing, deep environmental context. Keep product as part of a full environmental scene — not an isolated void packshot. VIAL SPEC: 10mL sterile injectable-style clear glass vial, rubber stopper + aluminum crimp seal only. FORBIDDEN: black twist caps, screw caps, dropper bottles. SIGNAGE RULE: premium clean research lab only. No safety placards, no industrial alert graphics, no trefoil icons, no striped floor tape, no danger banners. Do not print alert words on walls, floors, labels, or posters. Only neutral room names and product typography.",Captions MUST be only about TB-500 (V-TB5-001) and https://www.palmbeach-vitality.store/products/tb-500.,Active,302,,302,Cool,Beach & Ocean
LI-303,vid_gen_landscape_scenes,16:9,vial_10ml_scene,LI-303 — Nature Regeneration — Tesamorelin,A sleek glass peptide vial on a cracked dry leaf that unfurls and turns lush green beside it,"16:9 landscape cinematic framing, deep environmental context",Funny mood lighting,"10mL sterile injectable-style glass vial of Tesamorelin with rubber stopper + aluminum crimp seal (NEVER black twist/screw cap); mid-ground in scene, not extreme macro","10mL sterile injectable-style glass vial with rubber stopper and aluminum crimp seal (NOT screw-cap, NOT black twist cap)",V-TES-001,Tesamorelin,https://www.palmbeach-vitality.store/products/tesamorelin,"LANDSCAPE SCENE (16:9) for workflow vid_gen_landscape_scenes. Source visual+motion: A sleek glass peptide vial on a cracked dry leaf that unfurls and turns lush green beside it, with two identical vials in a perfect staring contest, zero movement. Subtle particle systems (dust, pollen, mist) interact gracefully with the vial. Vibe: Funny. Theme: Nature Regeneration. Product lock: Tesamorelin (V-TES-001). Form: 10mL sterile injectable-style glass vial with rubber stopper and aluminum crimp seal (NOT screw-cap, NOT black twist cap). Camera: 16:9 landscape cinematic framing, deep environmental context. Keep product as part of a full environmental scene — not an isolated void packshot. VIAL SPEC: 10mL sterile injectable-style clear glass vial, rubber stopper + aluminum crimp seal only. FORBIDDEN: black twist caps, screw caps, dropper bottles. SIGNAGE RULE: premium clean research lab only. No safety placards, no industrial alert graphics, no trefoil icons, no striped floor tape, no danger banners. Do not print alert words on walls, floors, labels, or posters. Only neutral room names and product typography.",Captions MUST be only about Tesamorelin (V-TES-001) and https://www.palmbeach-vitality.store/products/tesamorelin.,Active,303,,303,Funny,Nature Regeneration
LI-304,vid_gen_landscape_scenes,16:9,vial_10ml_scene,LI-304 — Resilience & Strength — BPC-157,A precision-dosed peptide vial next to a foggy mirror surface that clears from the center outward,"16:9 landscape cinematic framing, deep environmental context",Fun mood lighting,"10mL sterile injectable-style glass vial of BPC-157 with rubber stopper + aluminum crimp seal (NEVER black twist/screw cap); mid-ground in scene, not extreme macro","10mL sterile injectable-style glass vial with rubber stopper and aluminum crimp seal (NOT screw-cap, NOT black twist cap)",V-BPC-001,BPC-157,https://www.palmbeach-vitality.store/products/bpc-157,"LANDSCAPE SCENE (16:9) for workflow vid_gen_landscape_scenes. Source visual+motion: A precision-dosed peptide vial next to a foggy mirror surface that clears from the center outward, as the bottle appears to 'surf' a wave of foam across a dark surface. A gentle breeze moves surrounding elements without disturbing the product. Vibe: Fun. Theme: Resilience & Strength. Product lock: BPC-157 (V-BPC-001). Form: 10mL sterile injectable-style glass vial with rubber stopper and aluminum crimp seal (NOT screw-cap, NOT black twist cap). Camera: 16:9 landscape cinematic framing, deep environmental context. Keep product as part of a full environmental scene — not an isolated void packshot. VIAL SPEC: 10mL sterile injectable-style clear glass vial, rubber stopper + aluminum crimp seal only. FORBIDDEN: black twist caps, screw caps, dropper bottles. SIGNAGE RULE: premium clean research lab only. No safety placards, no industrial alert graphics, no trefoil icons, no striped floor tape, no danger banners. Do not print alert words on walls, floors, labels, or posters. Only neutral room names and product typography.",Captions MUST be only about BPC-157 (V-BPC-001) and https://www.palmbeach-vitality.store/products/bpc-157.,Active,304,,304,Fun,Resilience & Strength
LI-305,vid_gen_landscape_scenes,16:9,vial_10ml_scene,LI-305 — Resilience & Strength — BPC-157 / TB-500,A high-clarity research-grade vial on a cracked stone surface that seals and smooths itself,"16:9 landscape cinematic framing, deep environmental context",Fun mood lighting,"10mL sterile injectable-style glass vial of BPC-157 / TB-500 with rubber stopper + aluminum crimp seal (NEVER black twist/screw cap); mid-ground in scene, not extreme macro","10mL sterile injectable-style glass vial with rubber stopper and aluminum crimp seal (NOT screw-cap, NOT black twist cap)",V-WOL-001,BPC-157 / TB-500,https://www.palmbeach-vitality.store/products/wolverine-stack,"LANDSCAPE SCENE (16:9) for workflow vid_gen_landscape_scenes. Source visual+motion: A high-clarity research-grade vial on a cracked stone surface that seals and smooths itself, as microscopic bubbles form, rise, and vanish in elegant patterns. Reflections and refractions in the glass create secondary visual interest. Vibe: Fun. Theme: Resilience & Strength. Product lock: BPC-157 / TB-500 (V-WOL-001). Form: 10mL sterile injectable-style glass vial with rubber stopper and aluminum crimp seal (NOT screw-cap, NOT black twist cap). Camera: 16:9 landscape cinematic framing, deep environmental context. Keep product as part of a full environmental scene — not an isolated void packshot. VIAL SPEC: 10mL sterile injectable-style clear glass vial, rubber stopper + aluminum crimp seal only. FORBIDDEN: black twist caps, screw caps, dropper bottles. SIGNAGE RULE: premium clean research lab only. No safety placards, no industrial alert graphics, no trefoil icons, no striped floor tape, no danger banners. Do not print alert words on walls, floors, labels, or posters. Only neutral room names and product typography.",Captions MUST be only about BPC-157 / TB-500 (V-WOL-001) and https://www.palmbeach-vitality.store/products/wolverine-stack.,Active,305,,305,Fun,Resilience & Strength
LI-306,vid_gen_landscape_scenes,16:9,lab_scene,LI-306 — Fat Loss & Metabolism — AOD-9604,A frosted glass bottle of cellular support underwater with slow-moving currents and light rays cutting through,"16:9 landscape cinematic framing, deep environmental context",Funny mood lighting,scene product lock via typography / subtle mid-ground research material; no extreme close-up packshot,,V-AOD-001,AOD-9604,https://www.palmbeach-vitality.store/products/aod-9604,"LANDSCAPE SCENE (16:9) for workflow vid_gen_landscape_scenes. Source visual+motion: A frosted glass bottle of cellular support underwater with slow-moving currents and light rays cutting through, gently floating upward a few centimeters then settling back down. The environment feels charged, as if responding to the product's presence. Vibe: Funny. Theme: Fat Loss & Metabolism. Product lock: AOD-9604 (V-AOD-001). Form: research catalog material. Camera: 16:9 landscape cinematic framing, deep environmental context. Keep product as part of a full environmental scene — not an isolated void packshot. SIGNAGE RULE: premium clean research lab only. No safety placards, no industrial alert graphics, no trefoil icons, no striped floor tape, no danger banners. Do not print alert words on walls, floors, labels, or posters. Only neutral room names and product typography.",Captions MUST be only about AOD-9604 (V-AOD-001) and https://www.palmbeach-vitality.store/products/aod-9604.,Active,306,,306,Funny,Fat Loss & Metabolism
LI-307,vid_gen_landscape_scenes,16:9,vial_10ml_scene,LI-307 — Nature Regeneration — Cagrilinitide,A glowing amber wellness vial beside a single candle whose flame burns taller and cleaner,"16:9 landscape cinematic framing, deep environmental context",Fun mood lighting,"10mL sterile injectable-style glass vial of Cagrilinitide with rubber stopper + aluminum crimp seal (NEVER black twist/screw cap); mid-ground in scene, not extreme macro","10mL sterile injectable-style glass vial with rubber stopper and aluminum crimp seal (NOT screw-cap, NOT black twist cap)",V-CAG-001,Cagrilinitide,https://www.palmbeach-vitality.store/products/cargrilinitide,"LANDSCAPE SCENE (16:9) for workflow vid_gen_landscape_scenes. Source visual+motion: A glowing amber wellness vial beside a single candle whose flame burns taller and cleaner, while the background subtly accelerates in time-lapse around the still product. Golden hour light slides across the surface creating long lens flares. Vibe: Fun. Theme: Nature Regeneration. Product lock: Cagrilinitide (V-CAG-001). Form: 10mL sterile injectable-style glass vial with rubber stopper and aluminum crimp seal (NOT screw-cap, NOT black twist cap). Camera: 16:9 landscape cinematic framing, deep environmental context. Keep product as part of a full environmental scene — not an isolated void packshot. VIAL SPEC: 10mL sterile injectable-style clear glass vial, rubber stopper + aluminum crimp seal only. FORBIDDEN: black twist caps, screw caps, dropper bottles. SIGNAGE RULE: premium clean research lab only. No safety placards, no industrial alert graphics, no trefoil icons, no striped floor tape, no danger banners. Do not print alert words on walls, floors, labels, or posters. Only neutral room names and product typography.",Captions MUST be only about Cagrilinitide (V-CAG-001) and https://www.palmbeach-vitality.store/products/cargrilinitide.,Active,307,,307,Fun,Nature Regeneration
LI-308,vid_gen_landscape_scenes,16:9,vial_10ml_scene,LI-308 — Energy & Cellular Power — CJC (no DAC),A high-clarity research-grade vial on a mirror surface that reflects infinite versions of itself,"16:9 landscape cinematic framing, deep environmental context",Cool mood lighting,"10mL sterile injectable-style glass vial of CJC (no DAC) with rubber stopper + aluminum crimp seal (NEVER black twist/screw cap); mid-ground in scene, not extreme macro","10mL sterile injectable-style glass vial with rubber stopper and aluminum crimp seal (NOT screw-cap, NOT black twist cap)",V-CJC-001,CJC (no DAC),https://www.palmbeach-vitality.store/products/cjc,"LANDSCAPE SCENE (16:9) for workflow vid_gen_landscape_scenes. Source visual+motion: A high-clarity research-grade vial on a mirror surface that reflects infinite versions of itself, as surrounding particles are drawn inward like gravity. Golden hour light slides across the surface creating long lens flares. Vibe: Cool. Theme: Energy & Cellular Power. Product lock: CJC (no DAC) (V-CJC-001). Form: 10mL sterile injectable-style glass vial with rubber stopper and aluminum crimp seal (NOT screw-cap, NOT black twist cap). Camera: 16:9 landscape cinematic framing, deep environmental context. Keep product as part of a full environmental scene — not an isolated void packshot. VIAL SPEC: 10mL sterile injectable-style clear glass vial, rubber stopper + aluminum crimp seal only. FORBIDDEN: black twist caps, screw caps, dropper bottles. SIGNAGE RULE: premium clean research lab only. No safety placards, no industrial alert graphics, no trefoil icons, no striped floor tape, no danger banners. Do not print alert words on walls, floors, labels, or posters. Only neutral room names and product typography.",Captions MUST be only about CJC (no DAC) (V-CJC-001) and https://www.palmbeach-vitality.store/products/cjc.,Active,308,,308,Cool,Energy & Cellular Power
LI-309,vid_gen_landscape_scenes,16:9,pen_3ml_scene,LI-309 — Beach & Ocean — DSIP,A matte-black peptide pen floating upright in a clear tide pool while tiny fish dart past,"16:9 landscape cinematic framing, deep environmental context",Dramatic mood lighting,"3mL research dosage pen of DSIP as mid-ground hero in the scene (not extreme macro; no injection act, no people)",3mL pre-filled research dosage pen,P-DSI-001,DSIP,https://www.palmbeach-vitality.store/products/dsip-pen,"LANDSCAPE SCENE (16:9) for workflow vid_gen_landscape_scenes. Source visual+motion: A matte-black peptide pen floating upright in a clear tide pool while tiny fish dart past, with the bottle slowly spinning faster then abruptly stopping in perfect frame. Soft volumetric god-rays cut through the scene. Vibe: Dramatic. Theme: Beach & Ocean. Product lock: DSIP (P-DSI-001). Form: 3mL pre-filled research dosage pen. Camera: 16:9 landscape cinematic framing, deep environmental context. Keep product as part of a full environmental scene — not an isolated void packshot. PEN SPEC: 3mL pre-filled research dosage pen. No injection act, no people, no needles in use. SIGNAGE RULE: premium clean research lab only. No safety placards, no industrial alert graphics, no trefoil icons, no striped floor tape, no danger banners. Do not print alert words on walls, floors, labels, or posters. Only neutral room names and product typography.",Captions MUST be only about DSIP (P-DSI-001) and https://www.palmbeach-vitality.store/products/dsip-pen.,Active,309,,309,Dramatic,Beach & Ocean
LI-310,vid_gen_landscape_scenes,16:9,vial_10ml_scene,LI-310 — Nature Regeneration — CJC (no DAC)/Ipamorelin,A glowing amber wellness vial beside a wilting fern that visibly brightens and lifts,"16:9 landscape cinematic framing, deep environmental context",Fun mood lighting,"10mL sterile injectable-style glass vial of CJC (no DAC)/Ipamorelin with rubber stopper + aluminum crimp seal (NEVER black twist/screw cap); mid-ground in scene, not extreme macro","10mL sterile injectable-style glass vial with rubber stopper and aluminum crimp seal (NOT screw-cap, NOT black twist cap)",V-CII-001,CJC (no DAC)/Ipamorelin,https://www.palmbeach-vitality.store/products/cjc-ipamorelin,"LANDSCAPE SCENE (16:9) for workflow vid_gen_landscape_scenes. Source visual+motion: A glowing amber wellness vial beside a wilting fern that visibly brightens and lifts, as a single red drop forms and slowly shapes itself into a heart before falling. Time-lapse growth and repair happens in the periphery only. Vibe: Fun. Theme: Nature Regeneration. Product lock: CJC (no DAC)/Ipamorelin (V-CII-001). Form: 10mL sterile injectable-style glass vial with rubber stopper and aluminum crimp seal (NOT screw-cap, NOT black twist cap). Camera: 16:9 landscape cinematic framing, deep environmental context. Keep product as part of a full environmental scene — not an isolated void packshot. VIAL SPEC: 10mL sterile injectable-style clear glass vial, rubber stopper + aluminum crimp seal only. FORBIDDEN: black twist caps, screw caps, dropper bottles. SIGNAGE RULE: premium clean research lab only. No safety placards, no industrial alert graphics, no trefoil icons, no striped floor tape, no danger banners. Do not print alert words on walls, floors, labels, or posters. Only neutral room names and product typography.",Captions MUST be only about CJC (no DAC)/Ipamorelin (V-CII-001) and https://www.palmbeach-vitality.store/products/cjc-ipamorelin.,Active,310,,310,Fun,Nature Regeneration
LI-311,vid_gen_landscape_scenes,16:9,vial_10ml_scene,LI-311 — Focus & Clarity — GHK-Cu,A high-clarity research-grade vial underwater with slow-moving currents and light rays cutting through,"16:9 landscape cinematic framing, deep environmental context",Dramatic mood lighting,"10mL sterile injectable-style glass vial of GHK-Cu with rubber stopper + aluminum crimp seal (NEVER black twist/screw cap); mid-ground in scene, not extreme macro","10mL sterile injectable-style glass vial with rubber stopper and aluminum crimp seal (NOT screw-cap, NOT black twist cap)",V-GHK-001,GHK-Cu,https://www.palmbeach-vitality.store/products/ghk-cu,"LANDSCAPE SCENE (16:9) for workflow vid_gen_landscape_scenes. Source visual+motion: A high-clarity research-grade vial underwater with slow-moving currents and light rays cutting through, as hundreds of tiny light points stream into it from all directions. A gentle breeze moves surrounding elements without disturbing the product. Vibe: Dramatic. Theme: Focus & Clarity. Product lock: GHK-Cu (V-GHK-001). Form: 10mL sterile injectable-style glass vial with rubber stopper and aluminum crimp seal (NOT screw-cap, NOT black twist cap). Camera: 16:9 landscape cinematic framing, deep environmental context. Keep product as part of a full environmental scene — not an isolated void packshot. VIAL SPEC: 10mL sterile injectable-style clear glass vial, rubber stopper + aluminum crimp seal only. FORBIDDEN: black twist caps, screw caps, dropper bottles. SIGNAGE RULE: premium clean research lab only. No safety placards, no industrial alert graphics, no trefoil icons, no striped floor tape, no danger banners. Do not print alert words on walls, floors, labels, or posters. Only neutral room names and product typography.",Captions MUST be only about GHK-Cu (V-GHK-001) and https://www.palmbeach-vitality.store/products/ghk-cu.,Active,311,,311,Dramatic,Focus & Clarity
LI-312,vid_gen_landscape_scenes,16:9,vial_10ml_scene,LI-312 — Abstract Cellular — BPC-157 / TB-500 / GHK-Cu,A precision-dosed peptide vial resting in a nest of fresh eucalyptus leaves,"16:9 landscape cinematic framing, deep environmental context",Fun mood lighting,"10mL sterile injectable-style glass vial of BPC-157 / TB-500 / GHK-Cu with rubber stopper + aluminum crimp seal (NEVER black twist/screw cap); mid-ground in scene, not extreme macro","10mL sterile injectable-style glass vial with rubber stopper and aluminum crimp seal (NOT screw-cap, NOT black twist cap)",V-GLO-001,BPC-157 / TB-500 / GHK-Cu,https://www.palmbeach-vitality.store/products/glow,"LANDSCAPE SCENE (16:9) for workflow vid_gen_landscape_scenes. Source visual+motion: A precision-dosed peptide vial resting in a nest of fresh eucalyptus leaves, with the bottle standing firm as a small wave repeatedly tries and fails to knock it over. Reflections and refractions in the glass create secondary visual interest. Vibe: Fun. Theme: Abstract Cellular. Product lock: BPC-157 / TB-500 / GHK-Cu (V-GLO-001). Form: 10mL sterile injectable-style glass vial with rubber stopper and aluminum crimp seal (NOT screw-cap, NOT black twist cap). Camera: 16:9 landscape cinematic framing, deep environmental context. Keep product as part of a full environmental scene — not an isolated void packshot. VIAL SPEC: 10mL sterile injectable-style clear glass vial, rubber stopper + aluminum crimp seal only. FORBIDDEN: black twist caps, screw caps, dropper bottles. SIGNAGE RULE: premium clean research lab only. No safety placards, no industrial alert graphics, no trefoil icons, no striped floor tape, no danger banners. Do not print alert words on walls, floors, labels, or posters. Only neutral room names and product typography.",Captions MUST be only about BPC-157 / TB-500 / GHK-Cu (V-GLO-001) and https://www.palmbeach-vitality.store/products/glow.,Active,312,,312,Fun,Abstract Cellular
LI-313,vid_gen_landscape_scenes,16:9,vial_10ml_scene,LI-313 — Beach & Ocean — Thymosin Alpha-1,A crystal-clear recovery vial in a soft sandstorm that settles into perfect geometric patterns around it,"16:9 landscape cinematic framing, deep environmental context",Funny mood lighting,"10mL sterile injectable-style glass vial of Thymosin Alpha-1 with rubber stopper + aluminum crimp seal (NEVER black twist/screw cap); mid-ground in scene, not extreme macro","10mL sterile injectable-style glass vial with rubber stopper and aluminum crimp seal (NOT screw-cap, NOT black twist cap)",V-TA1-001,Thymosin Alpha-1,https://www.palmbeach-vitality.store/products/ta-1,"LANDSCAPE SCENE (16:9) for workflow vid_gen_landscape_scenes. Source visual+motion: A crystal-clear recovery vial in a soft sandstorm that settles into perfect geometric patterns around it, while the glass surface briefly shows flowing molecular structures then clears. The environment feels charged, as if responding to the product's presence. Vibe: Funny. Theme: Beach & Ocean. Product lock: Thymosin Alpha-1 (V-TA1-001). Form: 10mL sterile injectable-style glass vial with rubber stopper and aluminum crimp seal (NOT screw-cap, NOT black twist cap). Camera: 16:9 landscape cinematic framing, deep environmental context. Keep product as part of a full environmental scene — not an isolated void packshot. VIAL SPEC: 10mL sterile injectable-style clear glass vial, rubber stopper + aluminum crimp seal only. FORBIDDEN: black twist caps, screw caps, dropper bottles. SIGNAGE RULE: premium clean research lab only. No safety placards, no industrial alert graphics, no trefoil icons, no striped floor tape, no danger banners. Do not print alert words on walls, floors, labels, or posters. Only neutral room names and product typography.",Captions MUST be only about Thymosin Alpha-1 (V-TA1-001) and https://www.palmbeach-vitality.store/products/ta-1.,Active,313,,313,Funny,Beach & Ocean
LI-314,vid_gen_landscape_scenes,16:9,pen_3ml_scene,LI-314 — Recovery & Healing — GHK-Cu,A matte-black peptide pen beside a melting ice cube that reforms into a perfect clear sphere,"16:9 landscape cinematic framing, deep environmental context",Cool mood lighting,"3mL research dosage pen of GHK-Cu as mid-ground hero in the scene (not extreme macro; no injection act, no people)",3mL pre-filled research dosage pen,P-GHK-001,GHK-Cu,https://www.palmbeach-vitality.store/products/ghk-cu-pen,"LANDSCAPE SCENE (16:9) for workflow vid_gen_landscape_scenes. Source visual+motion: A matte-black peptide pen beside a melting ice cube that reforms into a perfect clear sphere, as the product casts a shadow that moves independently of the light source. Extreme slow-motion emphasizes every micro-movement of liquid and light. Vibe: Cool. Theme: Recovery & Healing. Product lock: GHK-Cu (P-GHK-001). Form: 3mL pre-filled research dosage pen. Camera: 16:9 landscape cinematic framing, deep environmental context. Keep product as part of a full environmental scene — not an isolated void packshot. PEN SPEC: 3mL pre-filled research dosage pen. No injection act, no people, no needles in use. SIGNAGE RULE: premium clean research lab only. No safety placards, no industrial alert graphics, no trefoil icons, no striped floor tape, no danger banners. Do not print alert words on walls, floors, labels, or posters. Only neutral room names and product typography.",Captions MUST be only about GHK-Cu (P-GHK-001) and https://www.palmbeach-vitality.store/products/ghk-cu-pen.,Active,314,,314,Cool,Recovery & Healing
LI-315,vid_gen_landscape_scenes,16:9,pen_3ml_scene,LI-315 — Abstract Cellular — 5-Amino-1MQ,A matte-black peptide pen floating just above a still black lake with perfect reflection,"16:9 landscape cinematic framing, deep environmental context",Fun mood lighting,"3mL research dosage pen of 5-Amino-1MQ as mid-ground hero in the scene (not extreme macro; no injection act, no people)",3mL pre-filled research dosage pen,P-5AM-001,5-Amino-1MQ,https://www.palmbeach-vitality.store/products/5-amino-mq-pen,"LANDSCAPE SCENE (16:9) for workflow vid_gen_landscape_scenes. Source visual+motion: A matte-black peptide pen floating just above a still black lake with perfect reflection, while the liquid level inside appears to rise slightly on its own. The environment feels charged, as if responding to the product's presence. Vibe: Fun. Theme: Abstract Cellular. Product lock: 5-Amino-1MQ (P-5AM-001). Form: 3mL pre-filled research dosage pen. Camera: 16:9 landscape cinematic framing, deep environmental context. Keep product as part of a full environmental scene — not an isolated void packshot. PEN SPEC: 3mL pre-filled research dosage pen. No injection act, no people, no needles in use. SIGNAGE RULE: premium clean research lab only. No safety placards, no industrial alert graphics, no trefoil icons, no striped floor tape, no danger banners. Do not print alert words on walls, floors, labels, or posters. Only neutral room names and product typography.",Captions MUST be only about 5-Amino-1MQ (P-5AM-001) and https://www.palmbeach-vitality.store/products/5-amino-mq-pen.,Active,315,,315,Fun,Abstract Cellular
LI-316,vid_gen_landscape_scenes,16:9,vial_10ml_scene,LI-316 — Recovery & Healing — AOD-9604,A pure white ceramic-capped vial inside a large clear ice block that slowly melts away,"16:9 landscape cinematic framing, deep environmental context",Cool mood lighting,"10mL sterile injectable-style glass vial of AOD-9604 with rubber stopper + aluminum crimp seal (NEVER black twist/screw cap); mid-ground in scene, not extreme macro","10mL sterile injectable-style glass vial with rubber stopper and aluminum crimp seal (NOT screw-cap, NOT black twist cap)",V-AOD-001,AOD-9604,https://www.palmbeach-vitality.store/products/aod-9604,"LANDSCAPE SCENE (16:9) for workflow vid_gen_landscape_scenes. Source visual+motion: A pure white ceramic-capped vial inside a large clear ice block that slowly melts away, as the liquid inside becomes visibly thinner and more fluid in motion. Extreme slow-motion emphasizes every micro-movement of liquid and light. Vibe: Cool. Theme: Recovery & Healing. Product lock: AOD-9604 (V-AOD-001). Form: 10mL sterile injectable-style glass vial with rubber stopper and aluminum crimp seal (NOT screw-cap, NOT black twist cap). Camera: 16:9 landscape cinematic framing, deep environmental context. Keep product as part of a full environmental scene — not an isolated void packshot. VIAL SPEC: 10mL sterile injectable-style clear glass vial, rubber stopper + aluminum crimp seal only. FORBIDDEN: black twist caps, screw caps, dropper bottles. SIGNAGE RULE: premium clean research lab only. No safety placards, no industrial alert graphics, no trefoil icons, no striped floor tape, no danger banners. Do not print alert words on walls, floors, labels, or posters. Only neutral room names and product typography.",Captions MUST be only about AOD-9604 (V-AOD-001) and https://www.palmbeach-vitality.store/products/aod-9604.,Active,316,,316,Cool,Recovery & Healing
LI-317,vid_gen_landscape_scenes,16:9,vial_10ml_scene,LI-317 — Nature Regeneration — Melanotan 2,A glowing amber wellness vial next to a torn leaf that stitches itself back together fiber by fiber,"16:9 landscape cinematic framing, deep environmental context",Cool mood lighting,"10mL sterile injectable-style glass vial of Melanotan 2 with rubber stopper + aluminum crimp seal (NEVER black twist/screw cap); mid-ground in scene, not extreme macro","10mL sterile injectable-style glass vial with rubber stopper and aluminum crimp seal (NOT screw-cap, NOT black twist cap)",V-MT2-001,Melanotan 2,https://www.palmbeach-vitality.store/products/melonotan,"LANDSCAPE SCENE (16:9) for workflow vid_gen_landscape_scenes. Source visual+motion: A glowing amber wellness vial next to a torn leaf that stitches itself back together fiber by fiber, with its label slowly peeling back just enough to hint at a second layer underneath. Extreme slow-motion emphasizes every micro-movement of liquid and light. Vibe: Cool. Theme: Nature Regeneration. Product lock: Melanotan 2 (V-MT2-001). Form: 10mL sterile injectable-style glass vial with rubber stopper and aluminum crimp seal (NOT screw-cap, NOT black twist cap). Camera: 16:9 landscape cinematic framing, deep environmental context. Keep product as part of a full environmental scene — not an isolated void packshot. VIAL SPEC: 10mL sterile injectable-style clear glass vial, rubber stopper + aluminum crimp seal only. FORBIDDEN: black twist caps, screw caps, dropper bottles. SIGNAGE RULE: premium clean research lab only. No safety placards, no industrial alert graphics, no trefoil icons, no striped floor tape, no danger banners. Do not print alert words on walls, floors, labels, or posters. Only neutral room names and product typography.",Captions MUST be only about Melanotan 2 (V-MT2-001) and https://www.palmbeach-vitality.store/products/melonotan.,Active,317,,317,Cool,Nature Regeneration
LI-318,vid_gen_landscape_scenes,16:9,vial_10ml_scene,LI-318 — Nature Regeneration — Retatrutide,A minimalist wellness bottle next to a torn leaf that stitches itself back together fiber by fiber,"16:9 landscape cinematic framing, deep environmental context",Fun mood lighting,"10mL sterile injectable-style glass vial of Retatrutide with rubber stopper + aluminum crimp seal (NEVER black twist/screw cap); mid-ground in scene, not extreme macro","10mL sterile injectable-style glass vial with rubber stopper and aluminum crimp seal (NOT screw-cap, NOT black twist cap)",V-RET-001,Retatrutide,https://www.palmbeach-vitality.store/products/retatrutide,"LANDSCAPE SCENE (16:9) for workflow vid_gen_landscape_scenes. Source visual+motion: A minimalist wellness bottle next to a torn leaf that stitches itself back together fiber by fiber, while two vials slowly lean toward each other until labels almost touch. Extreme slow-motion emphasizes every micro-movement of liquid and light. Vibe: Fun. Theme: Nature Regeneration. Product lock: Retatrutide (V-RET-001). Form: 10mL sterile injectable-style glass vial with rubber stopper and aluminum crimp seal (NOT screw-cap, NOT black twist cap). Camera: 16:9 landscape cinematic framing, deep environmental context. Keep product as part of a full environmental scene — not an isolated void packshot. VIAL SPEC: 10mL sterile injectable-style clear glass vial, rubber stopper + aluminum crimp seal only. FORBIDDEN: black twist caps, screw caps, dropper bottles. SIGNAGE RULE: premium clean research lab only. No safety placards, no industrial alert graphics, no trefoil icons, no striped floor tape, no danger banners. Do not print alert words on walls, floors, labels, or posters. Only neutral room names and product typography.",Captions MUST be only about Retatrutide (V-RET-001) and https://www.palmbeach-vitality.store/products/retatrutide.,Active,318,,318,Fun,Nature Regeneration
LI-319,vid_gen_landscape_scenes,16:9,pen_3ml_scene,LI-319 — Energy & Cellular Power — BPC-157 / TB-500 / GHK-Cu,A matte-black peptide pen on a mountaintop rock with distant clouds drifting past,"16:9 landscape cinematic framing, deep environmental context",Funny mood lighting,"3mL research dosage pen of BPC-157 / TB-500 / GHK-Cu as mid-ground hero in the scene (not extreme macro; no injection act, no people)",3mL pre-filled research dosage pen,P-GLO-001,BPC-157 / TB-500 / GHK-Cu,https://www.palmbeach-vitality.store/products/glow-pen,"LANDSCAPE SCENE (16:9) for workflow vid_gen_landscape_scenes. Source visual+motion: A matte-black peptide pen on a mountaintop rock with distant clouds drifting past, as the liquid inside becomes visibly thinner and more fluid in motion. Reflections and refractions in the glass create secondary visual interest. Vibe: Funny. Theme: Energy & Cellular Power. Product lock: BPC-157 / TB-500 / GHK-Cu (P-GLO-001). Form: 3mL pre-filled research dosage pen. Camera: 16:9 landscape cinematic framing, deep environmental context. Keep product as part of a full environmental scene — not an isolated void packshot. PEN SPEC: 3mL pre-filled research dosage pen. No injection act, no people, no needles in use. SIGNAGE RULE: premium clean research lab only. No safety placards, no industrial alert graphics, no trefoil icons, no striped floor tape, no danger banners. Do not print alert words on walls, floors, labels, or posters. Only neutral room names and product typography.",Captions MUST be only about BPC-157 / TB-500 / GHK-Cu (P-GLO-001) and https://www.palmbeach-vitality.store/products/glow-pen.,Active,319,,319,Funny,Energy & Cellular Power
LI-320,vid_gen_landscape_scenes,16:9,pen_3ml_scene,LI-320 — Recovery & Healing — SS-31,A minimalist wellness bottle next to a foggy mirror surface that clears from the center outward,"16:9 landscape cinematic framing, deep environmental context",Dramatic mood lighting,"3mL research dosage pen of SS-31 as mid-ground hero in the scene (not extreme macro; no injection act, no people)",3mL pre-filled research dosage pen,P-SS3-001,SS-31,https://www.palmbeach-vitality.store/products/ss-31-pen,"LANDSCAPE SCENE (16:9) for workflow vid_gen_landscape_scenes. Source visual+motion: A minimalist wellness bottle next to a foggy mirror surface that clears from the center outward, while surrounding water freezes in elegant crystals then melts cleanly. Time-lapse growth and repair happens in the periphery only. Vibe: Dramatic. Theme: Recovery & Healing. Product lock: SS-31 (P-SS3-001). Form: 3mL pre-filled research dosage pen. Camera: 16:9 landscape cinematic framing, deep environmental context. Keep product as part of a full environmental scene — not an isolated void packshot. PEN SPEC: 3mL pre-filled research dosage pen. No injection act, no people, no needles in use. SIGNAGE RULE: premium clean research lab only. No safety placards, no industrial alert graphics, no trefoil icons, no striped floor tape, no danger banners. Do not print alert words on walls, floors, labels, or posters. Only neutral room names and product typography.",Captions MUST be only about SS-31 (P-SS3-001) and https://www.palmbeach-vitality.store/products/ss-31-pen.,Active,320,,320,Dramatic,Recovery & Healing
LI-321,vid_gen_landscape_scenes,16:9,vial_10ml_scene,LI-321 — Energy & Cellular Power — Tirzepatide,A pure white ceramic-capped vial in complete darkness until a precise light beam illuminates only the label area,"16:9 landscape cinematic framing, deep environmental context",Dramatic mood lighting,"10mL sterile injectable-style glass vial of Tirzepatide with rubber stopper + aluminum crimp seal (NEVER black twist/screw cap); mid-ground in scene, not extreme macro","10mL sterile injectable-style glass vial with rubber stopper and aluminum crimp seal (NOT screw-cap, NOT black twist cap)",V-TIR-001,Tirzepatide,https://www.palmbeach-vitality.store/products/tirzepatide,"LANDSCAPE SCENE (16:9) for workflow vid_gen_landscape_scenes. Source visual+motion: A pure white ceramic-capped vial in complete darkness until a precise light beam illuminates only the label area, as surrounding particles are drawn inward like gravity. Golden hour light slides across the surface creating long lens flares. Vibe: Dramatic. Theme: Energy & Cellular Power. Product lock: Tirzepatide (V-TIR-001). Form: 10mL sterile injectable-style glass vial with rubber stopper and aluminum crimp seal (NOT screw-cap, NOT black twist cap). Camera: 16:9 landscape cinematic framing, deep environmental context. Keep product as part of a full environmental scene — not an isolated void packshot. VIAL SPEC: 10mL sterile injectable-style clear glass vial, rubber stopper + aluminum crimp seal only. FORBIDDEN: black twist caps, screw caps, dropper bottles. SIGNAGE RULE: premium clean research lab only. No safety placards, no industrial alert graphics, no trefoil icons, no striped floor tape, no danger banners. Do not print alert words on walls, floors, labels, or posters. Only neutral room names and product typography.",Captions MUST be only about Tirzepatide (V-TIR-001) and https://www.palmbeach-vitality.store/products/tirzepatide.,Active,321,,321,Dramatic,Energy & Cellular Power
LI-322,vid_gen_landscape_scenes,16:9,lab_scene,LI-322 — Beach & Ocean — Melanotan 2,A minimalist wellness bottle on a bed of white salt crystals that slowly rearrange,"16:9 landscape cinematic framing, deep environmental context",Fun mood lighting,scene product lock via typography / subtle mid-ground research material; no extreme close-up packshot,,V-MT2-001,Melanotan 2,https://www.palmbeach-vitality.store/products/melonotan,"LANDSCAPE SCENE (16:9) for workflow vid_gen_landscape_scenes. Source visual+motion: A minimalist wellness bottle on a bed of white salt crystals that slowly rearrange, leaning almost to the point of tipping then correcting itself. Golden hour light slides across the surface creating long lens flares. Vibe: Fun. Theme: Beach & Ocean. Product lock: Melanotan 2 (V-MT2-001). Form: research catalog material. Camera: 16:9 landscape cinematic framing, deep environmental context. Keep product as part of a full environmental scene — not an isolated void packshot. SIGNAGE RULE: premium clean research lab only. No safety placards, no industrial alert graphics, no trefoil icons, no striped floor tape, no danger banners. Do not print alert words on walls, floors, labels, or posters. Only neutral room names and product typography.",Captions MUST be only about Melanotan 2 (V-MT2-001) and https://www.palmbeach-vitality.store/products/melonotan.,Active,322,,322,Fun,Beach & Ocean
LI-323,vid_gen_landscape_scenes,16:9,lab_scene,LI-323 — Beach & Ocean — Retatrutide,A slim silver-capped peptide bottle on volcanic black sand with distant soft lava glow (stylized),"16:9 landscape cinematic framing, deep environmental context",Funny mood lighting,scene product lock via typography / subtle mid-ground research material; no extreme close-up packshot,,V-RET-001,Retatrutide,https://www.palmbeach-vitality.store/products/retatrutide,"LANDSCAPE SCENE (16:9) for workflow vid_gen_landscape_scenes. Source visual+motion: A slim silver-capped peptide bottle on volcanic black sand with distant soft lava glow (stylized), with dew drops assembling themselves into geometric patterns on the glass. Extreme slow-motion emphasizes every micro-movement of liquid and light. Vibe: Funny. Theme: Beach & Ocean. Product lock: Retatrutide (V-RET-001). Form: research catalog material. Camera: 16:9 landscape cinematic framing, deep environmental context. Keep product as part of a full environmental scene — not an isolated void packshot. SIGNAGE RULE: premium clean research lab only. No safety placards, no industrial alert graphics, no trefoil icons, no striped floor tape, no danger banners. Do not print alert words on walls, floors, labels, or posters. Only neutral room names and product typography.",Captions MUST be only about Retatrutide (V-RET-001) and https://www.palmbeach-vitality.store/products/retatrutide.,Active,323,,323,Funny,Beach & Ocean
LI-324,vid_gen_landscape_scenes,16:9,pen_3ml_scene,LI-324 — Beach & Ocean — KPV,A minimalist wellness bottle on volcanic black sand with distant soft lava glow (stylized),"16:9 landscape cinematic framing, deep environmental context",Cool mood lighting,"3mL research dosage pen of KPV as mid-ground hero in the scene (not extreme macro; no injection act, no people)",3mL pre-filled research dosage pen,P-KPV-001,KPV,https://www.palmbeach-vitality.store/products/kpv,"LANDSCAPE SCENE (16:9) for workflow vid_gen_landscape_scenes. Source visual+motion: A minimalist wellness bottle on volcanic black sand with distant soft lava glow (stylized), with the bottle slowly spinning faster then abruptly stopping in perfect frame. Time-lapse growth and repair happens in the periphery only. Vibe: Cool. Theme: Beach & Ocean. Product lock: KPV (P-KPV-001). Form: 3mL pre-filled research dosage pen. Camera: 16:9 landscape cinematic framing, deep environmental context. Keep product as part of a full environmental scene — not an isolated void packshot. PEN SPEC: 3mL pre-filled research dosage pen. No injection act, no people, no needles in use. SIGNAGE RULE: premium clean research lab only. No safety placards, no industrial alert graphics, no trefoil icons, no striped floor tape, no danger banners. Do not print alert words on walls, floors, labels, or posters. Only neutral room names and product typography.",Captions MUST be only about KPV (P-KPV-001) and https://www.palmbeach-vitality.store/products/kpv.,Active,324,,324,Cool,Beach & Ocean
LI-325,vid_gen_landscape_scenes,16:9,vial_10ml_scene,LI-325 — Beach & Ocean — Semaglutide,A crystal-clear recovery vial floating upright in a clear tide pool while tiny fish dart past,"16:9 landscape cinematic framing, deep environmental context",Dramatic mood lighting,"10mL sterile injectable-style glass vial of Semaglutide with rubber stopper + aluminum crimp seal (NEVER black twist/screw cap); mid-ground in scene, not extreme macro","10mL sterile injectable-style glass vial with rubber stopper and aluminum crimp seal (NOT screw-cap, NOT black twist cap)",V-SEM-001,Semaglutide,https://www.palmbeach-vitality.store/products/semaglutide,"LANDSCAPE SCENE (16:9) for workflow vid_gen_landscape_scenes. Source visual+motion: A crystal-clear recovery vial floating upright in a clear tide pool while tiny fish dart past, while soft chalk dust or powder settles into clean lines around it. Subtle particle systems (dust, pollen, mist) interact gracefully with the vial. Vibe: Dramatic. Theme: Beach & Ocean. Product lock: Semaglutide (V-SEM-001). Form: 10mL sterile injectable-style glass vial with rubber stopper and aluminum crimp seal (NOT screw-cap, NOT black twist cap). Camera: 16:9 landscape cinematic framing, deep environmental context. Keep product as part of a full environmental scene — not an isolated void packshot. VIAL SPEC: 10mL sterile injectable-style clear glass vial, rubber stopper + aluminum crimp seal only. FORBIDDEN: black twist caps, screw caps, dropper bottles. SIGNAGE RULE: premium clean research lab only. No safety placards, no industrial alert graphics, no trefoil icons, no striped floor tape, no danger banners. Do not print alert words on walls, floors, labels, or posters. Only neutral room names and product typography.",Captions MUST be only about Semaglutide (V-SEM-001) and https://www.palmbeach-vitality.store/products/semaglutide.,Active,325,,325,Dramatic,Beach & Ocean
LI-326,vid_gen_landscape_scenes,16:9,vial_10ml_scene,LI-326 — Abstract Cellular — KPV / BPC-157 / TB-500 / GHK-Cu,A sleek glass peptide vial on a kitchen counter as a stick of butter softens and fruit brightens nearby,"16:9 landscape cinematic framing, deep environmental context",Cool mood lighting,"10mL sterile injectable-style glass vial of KPV / BPC-157 / TB-500 / GHK-Cu with rubber stopper + aluminum crimp seal (NEVER black twist/screw cap); mid-ground in scene, not extreme macro","10mL sterile injectable-style glass vial with rubber stopper and aluminum crimp seal (NOT screw-cap, NOT black twist cap)",V-KLO-001,KPV / BPC-157 / TB-500 / GHK-Cu,https://www.palmbeach-vitality.store/products/klow-kpv-bpc-157-tb-500-ghk,"LANDSCAPE SCENE (16:9) for workflow vid_gen_landscape_scenes. Source visual+motion: A sleek glass peptide vial on a kitchen counter as a stick of butter softens and fruit brightens nearby, with the bottle slowly spinning faster then abruptly stopping in perfect frame. The scene has a quiet, almost sacred stillness interrupted only by intentional motion. Vibe: Cool. Theme: Abstract Cellular. Product lock: KPV / BPC-157 / TB-500 / GHK-Cu (V-KLO-001). Form: 10mL sterile injectable-style glass vial with rubber stopper and aluminum crimp seal (NOT screw-cap, NOT black twist cap). Camera: 16:9 landscape cinematic framing, deep environmental context. Keep product as part of a full environmental scene — not an isolated void packshot. VIAL SPEC: 10mL sterile injectable-style clear glass vial, rubber stopper + aluminum crimp seal only. FORBIDDEN: black twist caps, screw caps, dropper bottles. SIGNAGE RULE: premium clean research lab only. No safety placards, no industrial alert graphics, no trefoil icons, no striped floor tape, no danger banners. Do not print alert words on walls, floors, labels, or posters. Only neutral room names and product typography.",Captions MUST be only about KPV / BPC-157 / TB-500 / GHK-Cu (V-KLO-001) and https://www.palmbeach-vitality.store/products/klow-kpv-bpc-157-tb-500-ghk.,Active,326,,326,Cool,Abstract Cellular
LI-327,vid_gen_landscape_scenes,16:9,lab_scene,LI-327 — Beach & Ocean — Tirzepatide,A frosted glass bottle of cellular support in a soft sandstorm that settles into perfect geometric patterns around it,"16:9 landscape cinematic framing, deep environmental context",Fun mood lighting,scene product lock via typography / subtle mid-ground research material; no extreme close-up packshot,,V-TIR-001,Tirzepatide,https://www.palmbeach-vitality.store/products/tirzepatide,"LANDSCAPE SCENE (16:9) for workflow vid_gen_landscape_scenes. Source visual+motion: A frosted glass bottle of cellular support in a soft sandstorm that settles into perfect geometric patterns around it, while the glass surface briefly shows flowing molecular structures then clears. Reflections and refractions in the glass create secondary visual interest. Vibe: Fun. Theme: Beach & Ocean. Product lock: Tirzepatide (V-TIR-001). Form: research catalog material. Camera: 16:9 landscape cinematic framing, deep environmental context. Keep product as part of a full environmental scene — not an isolated void packshot. SIGNAGE RULE: premium clean research lab only. No safety placards, no industrial alert graphics, no trefoil icons, no striped floor tape, no danger banners. Do not print alert words on walls, floors, labels, or posters. Only neutral room names and product typography.",Captions MUST be only about Tirzepatide (V-TIR-001) and https://www.palmbeach-vitality.store/products/tirzepatide.,Active,327,,327,Fun,Beach & Ocean
LI-328,vid_gen_landscape_scenes,16:9,lab_scene,LI-328 — Stacks & Synergy — Semaglutide,A frosted glass bottle of cellular support on a dark reflective surface under a single sharp beam of light,"16:9 landscape cinematic framing, deep environmental context",Dramatic mood lighting,scene product lock via typography / subtle mid-ground research material; no extreme close-up packshot,,V-SEM-001,Semaglutide,https://www.palmbeach-vitality.store/products/semaglutide,"LANDSCAPE SCENE (16:9) for workflow vid_gen_landscape_scenes. Source visual+motion: A frosted glass bottle of cellular support on a dark reflective surface under a single sharp beam of light, as a single dramatic water droplet hangs from the bottom, refusing to fall. The environment feels charged, as if responding to the product's presence. Vibe: Dramatic. Theme: Stacks & Synergy. Product lock: Semaglutide (V-SEM-001). Form: research catalog material. Camera: 16:9 landscape cinematic framing, deep environmental context. Keep product as part of a full environmental scene — not an isolated void packshot. SIGNAGE RULE: premium clean research lab only. No safety placards, no industrial alert graphics, no trefoil icons, no striped floor tape, no danger banners. Do not print alert words on walls, floors, labels, or posters. Only neutral room names and product typography.",Captions MUST be only about Semaglutide (V-SEM-001) and https://www.palmbeach-vitality.store/products/semaglutide.,Active,328,,328,Dramatic,Stacks & Synergy
LI-329,vid_gen_landscape_scenes,16:9,lab_scene,LI-329 — Nature Regeneration — KPV / BPC-157 / TB-500 / GHK-Cu,A frosted glass bottle of cellular support on a frozen surface that cracks in elegant patterns then seals,"16:9 landscape cinematic framing, deep environmental context",Funny mood lighting,scene product lock via typography / subtle mid-ground research material; no extreme close-up packshot,,P-KLO-001,KPV / BPC-157 / TB-500 / GHK-Cu,https://www.palmbeach-vitality.store/products/klow-pen,"LANDSCAPE SCENE (16:9) for workflow vid_gen_landscape_scenes. Source visual+motion: A frosted glass bottle of cellular support on a frozen surface that cracks in elegant patterns then seals, as condensation forms and rolls down in slow motion. Golden hour light slides across the surface creating long lens flares. Vibe: Funny. Theme: Nature Regeneration. Product lock: KPV / BPC-157 / TB-500 / GHK-Cu (P-KLO-001). Form: research catalog material. Camera: 16:9 landscape cinematic framing, deep environmental context. Keep product as part of a full environmental scene — not an isolated void packshot. SIGNAGE RULE: premium clean research lab only. No safety placards, no industrial alert graphics, no trefoil icons, no striped floor tape, no danger banners. Do not print alert words on walls, floors, labels, or posters. Only neutral room names and product typography.",Captions MUST be only about KPV / BPC-157 / TB-500 / GHK-Cu (P-KLO-001) and https://www.palmbeach-vitality.store/products/klow-pen.,Active,329,,329,Funny,Nature Regeneration
LI-330,vid_gen_landscape_scenes,16:9,vial_10ml_scene,LI-330 — Beach & Ocean — MOTS-C,A high-clarity research-grade vial on a bed of white salt crystals that slowly rearrange,"16:9 landscape cinematic framing, deep environmental context",Fun mood lighting,"10mL sterile injectable-style glass vial of MOTS-C with rubber stopper + aluminum crimp seal (NEVER black twist/screw cap); mid-ground in scene, not extreme macro","10mL sterile injectable-style glass vial with rubber stopper and aluminum crimp seal (NOT screw-cap, NOT black twist cap)",V-MOT-001,MOTS-C,https://www.palmbeach-vitality.store/products/mots-c-10mg-5ml-vial,"LANDSCAPE SCENE (16:9) for workflow vid_gen_landscape_scenes. Source visual+motion: A high-clarity research-grade vial on a bed of white salt crystals that slowly rearrange, with dew drops assembling themselves into geometric patterns on the glass. A gentle breeze moves surrounding elements without disturbing the product. Vibe: Fun. Theme: Beach & Ocean. Product lock: MOTS-C (V-MOT-001). Form: 10mL sterile injectable-style glass vial with rubber stopper and aluminum crimp seal (NOT screw-cap, NOT black twist cap). Camera: 16:9 landscape cinematic framing, deep environmental context. Keep product as part of a full environmental scene — not an isolated void packshot. VIAL SPEC: 10mL sterile injectable-style clear glass vial, rubber stopper + aluminum crimp seal only. FORBIDDEN: black twist caps, screw caps, dropper bottles. SIGNAGE RULE: premium clean research lab only. No safety placards, no industrial alert graphics, no trefoil icons, no striped floor tape, no danger banners. Do not print alert words on walls, floors, labels, or posters. Only neutral room names and product typography.",Captions MUST be only about MOTS-C (V-MOT-001) and https://www.palmbeach-vitality.store/products/mots-c-10mg-5ml-vial.,Active,330,,330,Fun,Beach & Ocean
LI-331,vid_gen_landscape_scenes,16:9,vial_10ml_scene,LI-331 — Recovery & Healing — NAD+,A pure white ceramic-capped vial beside a deflated balloon that slowly reinflates to full shape,"16:9 landscape cinematic framing, deep environmental context",Fun mood lighting,"10mL sterile injectable-style glass vial of NAD+ with rubber stopper + aluminum crimp seal (NEVER black twist/screw cap); mid-ground in scene, not extreme macro","10mL sterile injectable-style glass vial with rubber stopper and aluminum crimp seal (NOT screw-cap, NOT black twist cap)",V-NAD-001,NAD+,https://www.palmbeach-vitality.store/products/nad-1,"LANDSCAPE SCENE (16:9) for workflow vid_gen_landscape_scenes. Source visual+motion: A pure white ceramic-capped vial beside a deflated balloon that slowly reinflates to full shape, appearing to crack open like ice, revealing brighter liquid within. Deep contrast between the sharp product and soft, dreamy background. Vibe: Fun. Theme: Recovery & Healing. Product lock: NAD+ (V-NAD-001). Form: 10mL sterile injectable-style glass vial with rubber stopper and aluminum crimp seal (NOT screw-cap, NOT black twist cap). Camera: 16:9 landscape cinematic framing, deep environmental context. Keep product as part of a full environmental scene — not an isolated void packshot. VIAL SPEC: 10mL sterile injectable-style clear glass vial, rubber stopper + aluminum crimp seal only. FORBIDDEN: black twist caps, screw caps, dropper bottles. SIGNAGE RULE: premium clean research lab only. No safety placards, no industrial alert graphics, no trefoil icons, no striped floor tape, no danger banners. Do not print alert words on walls, floors, labels, or posters. Only neutral room names and product typography.",Captions MUST be only about NAD+ (V-NAD-001) and https://www.palmbeach-vitality.store/products/nad-1.,Active,331,,331,Fun,Recovery & Healing
LI-332,vid_gen_landscape_scenes,16:9,vial_10ml_scene,LI-332 — Longevity & Anti-Aging — PT-141,A precision-dosed peptide vial against a background that shifts from deep ocean blue to electric violet,"16:9 landscape cinematic framing, deep environmental context",Fun mood lighting,"10mL sterile injectable-style glass vial of PT-141 with rubber stopper + aluminum crimp seal (NEVER black twist/screw cap); mid-ground in scene, not extreme macro","10mL sterile injectable-style glass vial with rubber stopper and aluminum crimp seal (NOT screw-cap, NOT black twist cap)",V-PT1-001,PT-141,https://www.palmbeach-vitality.store/products/pt-141,"LANDSCAPE SCENE (16:9) for workflow vid_gen_landscape_scenes. Source visual+motion: A precision-dosed peptide vial against a background that shifts from deep ocean blue to electric violet, slowly rotating on its axis with liquid inside catching light. Extreme slow-motion emphasizes every micro-movement of liquid and light. Vibe: Fun. Theme: Longevity & Anti-Aging. Product lock: PT-141 (V-PT1-001). Form: 10mL sterile injectable-style glass vial with rubber stopper and aluminum crimp seal (NOT screw-cap, NOT black twist cap). Camera: 16:9 landscape cinematic framing, deep environmental context. Keep product as part of a full environmental scene — not an isolated void packshot. VIAL SPEC: 10mL sterile injectable-style clear glass vial, rubber stopper + aluminum crimp seal only. FORBIDDEN: black twist caps, screw caps, dropper bottles. SIGNAGE RULE: premium clean research lab only. No safety placards, no industrial alert graphics, no trefoil icons, no striped floor tape, no danger banners. Do not print alert words on walls, floors, labels, or posters. Only neutral room names and product typography.",Captions MUST be only about PT-141 (V-PT1-001) and https://www.palmbeach-vitality.store/products/pt-141.,Active,332,,332,Fun,Longevity & Anti-Aging
LI-333,vid_gen_landscape_scenes,16:9,lab_scene,LI-333 — Resilience & Strength — MOTS-C,A slim silver-capped peptide bottle amidst floating dandelion seeds that orbit then settle,"16:9 landscape cinematic framing, deep environmental context",Funny mood lighting,scene product lock via typography / subtle mid-ground research material; no extreme close-up packshot,,P-MOT-001,MOTS-C,https://www.palmbeach-vitality.store/products/mots-c,"LANDSCAPE SCENE (16:9) for workflow vid_gen_landscape_scenes. Source visual+motion: A slim silver-capped peptide bottle amidst floating dandelion seeds that orbit then settle, as the liquid inside becomes visibly thinner and more fluid in motion. The environment feels charged, as if responding to the product's presence. Vibe: Funny. Theme: Resilience & Strength. Product lock: MOTS-C (P-MOT-001). Form: research catalog material. Camera: 16:9 landscape cinematic framing, deep environmental context. Keep product as part of a full environmental scene — not an isolated void packshot. SIGNAGE RULE: premium clean research lab only. No safety placards, no industrial alert graphics, no trefoil icons, no striped floor tape, no danger banners. Do not print alert words on walls, floors, labels, or posters. Only neutral room names and product typography.",Captions MUST be only about MOTS-C (P-MOT-001) and https://www.palmbeach-vitality.store/products/mots-c.,Active,333,,333,Funny,Resilience & Strength
LI-334,vid_gen_landscape_scenes,16:9,vial_10ml_scene,LI-334 — Beach & Ocean — Selank,A high-clarity research-grade vial on wet Palm Beach sand as a gentle wave washes over and retreats,"16:9 landscape cinematic framing, deep environmental context",Fun mood lighting,"10mL sterile injectable-style glass vial of Selank with rubber stopper + aluminum crimp seal (NEVER black twist/screw cap); mid-ground in scene, not extreme macro","10mL sterile injectable-style glass vial with rubber stopper and aluminum crimp seal (NOT screw-cap, NOT black twist cap)",V-SEL-001,Selank,https://www.palmbeach-vitality.store/products/selank,"LANDSCAPE SCENE (16:9) for workflow vid_gen_landscape_scenes. Source visual+motion: A high-clarity research-grade vial on wet Palm Beach sand as a gentle wave washes over and retreats, while fine mist rises from the surface in elegant swirls. The environment feels charged, as if responding to the product's presence. Vibe: Fun. Theme: Beach & Ocean. Product lock: Selank (V-SEL-001). Form: 10mL sterile injectable-style glass vial with rubber stopper and aluminum crimp seal (NOT screw-cap, NOT black twist cap). Camera: 16:9 landscape cinematic framing, deep environmental context. Keep product as part of a full environmental scene — not an isolated void packshot. VIAL SPEC: 10mL sterile injectable-style clear glass vial, rubber stopper + aluminum crimp seal only. FORBIDDEN: black twist caps, screw caps, dropper bottles. SIGNAGE RULE: premium clean research lab only. No safety placards, no industrial alert graphics, no trefoil icons, no striped floor tape, no danger banners. Do not print alert words on walls, floors, labels, or posters. Only neutral room names and product typography.",Captions MUST be only about Selank (V-SEL-001) and https://www.palmbeach-vitality.store/products/selank.,Active,334,,334,Fun,Beach & Ocean
LI-335,vid_gen_landscape_scenes,16:9,lab_scene,LI-335 — Nature Regeneration — NAD+,A frosted glass bottle of cellular support on a tree stump as soft mushrooms appear and grow in time-lapse nearby,"16:9 landscape cinematic framing, deep environmental context",Funny mood lighting,scene product lock via typography / subtle mid-ground research material; no extreme close-up packshot,,P-NAD-001,NAD+,https://www.palmbeach-vitality.store/products/nad-pen-500mg,"LANDSCAPE SCENE (16:9) for workflow vid_gen_landscape_scenes. Source visual+motion: A frosted glass bottle of cellular support on a tree stump as soft mushrooms appear and grow in time-lapse nearby, while soft chalk dust or powder settles into clean lines around it. Reflections and refractions in the glass create secondary visual interest. Vibe: Funny. Theme: Nature Regeneration. Product lock: NAD+ (P-NAD-001). Form: research catalog material. Camera: 16:9 landscape cinematic framing, deep environmental context. Keep product as part of a full environmental scene — not an isolated void packshot. SIGNAGE RULE: premium clean research lab only. No safety placards, no industrial alert graphics, no trefoil icons, no striped floor tape, no danger banners. Do not print alert words on walls, floors, labels, or posters. Only neutral room names and product typography.",Captions MUST be only about NAD+ (P-NAD-001) and https://www.palmbeach-vitality.store/products/nad-pen-500mg.,Active,335,,335,Funny,Nature Regeneration
LI-336,vid_gen_landscape_scenes,16:9,pen_3ml_scene,LI-336 — Energy & Cellular Power — Semaglutide,A frosted glass bottle of cellular support beside an hourglass where the sand begins flowing upward,"16:9 landscape cinematic framing, deep environmental context",Dramatic mood lighting,"3mL research dosage pen of Semaglutide as mid-ground hero in the scene (not extreme macro; no injection act, no people)",3mL pre-filled research dosage pen,P-SEM-001,Semaglutide,https://www.palmbeach-vitality.store/products/semaglutide-1-5mg-pen,"LANDSCAPE SCENE (16:9) for workflow vid_gen_landscape_scenes. Source visual+motion: A frosted glass bottle of cellular support beside an hourglass where the sand begins flowing upward, with fine gold leaf or particles adhering then releasing in slow motion. Time-lapse growth and repair happens in the periphery only. Vibe: Dramatic. Theme: Energy & Cellular Power. Product lock: Semaglutide (P-SEM-001). Form: 3mL pre-filled research dosage pen. Camera: 16:9 landscape cinematic framing, deep environmental context. Keep product as part of a full environmental scene — not an isolated void packshot. PEN SPEC: 3mL pre-filled research dosage pen. No injection act, no people, no needles in use. SIGNAGE RULE: premium clean research lab only. No safety placards, no industrial alert graphics, no trefoil icons, no striped floor tape, no danger banners. Do not print alert words on walls, floors, labels, or posters. Only neutral room names and product typography.",Captions MUST be only about Semaglutide (P-SEM-001) and https://www.palmbeach-vitality.store/products/semaglutide-1-5mg-pen.,Active,336,,336,Dramatic,Energy & Cellular Power
LI-337,vid_gen_landscape_scenes,16:9,vial_10ml_scene,LI-337 — Longevity & Anti-Aging — Sermorelin,A glowing amber wellness vial floating just above a still black lake with perfect reflection,"16:9 landscape cinematic framing, deep environmental context",Dramatic mood lighting,"10mL sterile injectable-style glass vial of Sermorelin with rubber stopper + aluminum crimp seal (NEVER black twist/screw cap); mid-ground in scene, not extreme macro","10mL sterile injectable-style glass vial with rubber stopper and aluminum crimp seal (NOT screw-cap, NOT black twist cap)",V-SER-001,Sermorelin,https://www.palmbeach-vitality.store/products/sermorelin,"LANDSCAPE SCENE (16:9) for workflow vid_gen_landscape_scenes. Source visual+motion: A glowing amber wellness vial floating just above a still black lake with perfect reflection, as the product casts a shadow that moves independently of the light source. Subtle particle systems (dust, pollen, mist) interact gracefully with the vial. Vibe: Dramatic. Theme: Longevity & Anti-Aging. Product lock: Sermorelin (V-SER-001). Form: 10mL sterile injectable-style glass vial with rubber stopper and aluminum crimp seal (NOT screw-cap, NOT black twist cap). Camera: 16:9 landscape cinematic framing, deep environmental context. Keep product as part of a full environmental scene — not an isolated void packshot. VIAL SPEC: 10mL sterile injectable-style clear glass vial, rubber stopper + aluminum crimp seal only. FORBIDDEN: black twist caps, screw caps, dropper bottles. SIGNAGE RULE: premium clean research lab only. No safety placards, no industrial alert graphics, no trefoil icons, no striped floor tape, no danger banners. Do not print alert words on walls, floors, labels, or posters. Only neutral room names and product typography.",Captions MUST be only about Sermorelin (V-SER-001) and https://www.palmbeach-vitality.store/products/sermorelin.,Active,337,,337,Dramatic,Longevity & Anti-Aging
LI-338,vid_gen_landscape_scenes,16:9,vial_10ml_scene,LI-338 — Abstract Cellular — SS-31,A high-clarity research-grade vial on a smooth river stone while clear water flows in soft ribbons around it,"16:9 landscape cinematic framing, deep environmental context",Cool mood lighting,"10mL sterile injectable-style glass vial of SS-31 with rubber stopper + aluminum crimp seal (NEVER black twist/screw cap); mid-ground in scene, not extreme macro","10mL sterile injectable-style glass vial with rubber stopper and aluminum crimp seal (NOT screw-cap, NOT black twist cap)",V-SS3-001,SS-31,https://www.palmbeach-vitality.store/products/ss-31,"LANDSCAPE SCENE (16:9) for workflow vid_gen_landscape_scenes. Source visual+motion: A high-clarity research-grade vial on a smooth river stone while clear water flows in soft ribbons around it, with a soft energy field of particles forming a protective sphere around it. Subtle particle systems (dust, pollen, mist) interact gracefully with the vial. Vibe: Cool. Theme: Abstract Cellular. Product lock: SS-31 (V-SS3-001). Form: 10mL sterile injectable-style glass vial with rubber stopper and aluminum crimp seal (NOT screw-cap, NOT black twist cap). Camera: 16:9 landscape cinematic framing, deep environmental context. Keep product as part of a full environmental scene — not an isolated void packshot. VIAL SPEC: 10mL sterile injectable-style clear glass vial, rubber stopper + aluminum crimp seal only. FORBIDDEN: black twist caps, screw caps, dropper bottles. SIGNAGE RULE: premium clean research lab only. No safety placards, no industrial alert graphics, no trefoil icons, no striped floor tape, no danger banners. Do not print alert words on walls, floors, labels, or posters. Only neutral room names and product typography.",Captions MUST be only about SS-31 (V-SS3-001) and https://www.palmbeach-vitality.store/products/ss-31.,Active,338,,338,Cool,Abstract Cellular
LI-339,vid_gen_landscape_scenes,16:9,vial_10ml_scene,LI-339 — Energy & Cellular Power — TB-500,A pure white ceramic-capped vial resting on a stack of smooth river rocks in shallow moving water,"16:9 landscape cinematic framing, deep environmental context",Dramatic mood lighting,"10mL sterile injectable-style glass vial of TB-500 with rubber stopper + aluminum crimp seal (NEVER black twist/screw cap); mid-ground in scene, not extreme macro","10mL sterile injectable-style glass vial with rubber stopper and aluminum crimp seal (NOT screw-cap, NOT black twist cap)",V-TB5-001,TB-500,https://www.palmbeach-vitality.store/products/tb-500,"LANDSCAPE SCENE (16:9) for workflow vid_gen_landscape_scenes. Source visual+motion: A pure white ceramic-capped vial resting on a stack of smooth river rocks in shallow moving water, with dew drops assembling themselves into geometric patterns on the glass. The scene has a quiet, almost sacred stillness interrupted only by intentional motion. Vibe: Dramatic. Theme: Energy & Cellular Power. Product lock: TB-500 (V-TB5-001). Form: 10mL sterile injectable-style glass vial with rubber stopper and aluminum crimp seal (NOT screw-cap, NOT black twist cap). Camera: 16:9 landscape cinematic framing, deep environmental context. Keep product as part of a full environmental scene — not an isolated void packshot. VIAL SPEC: 10mL sterile injectable-style clear glass vial, rubber stopper + aluminum crimp seal only. FORBIDDEN: black twist caps, screw caps, dropper bottles. SIGNAGE RULE: premium clean research lab only. No safety placards, no industrial alert graphics, no trefoil icons, no striped floor tape, no danger banners. Do not print alert words on walls, floors, labels, or posters. Only neutral room names and product typography.",Captions MUST be only about TB-500 (V-TB5-001) and https://www.palmbeach-vitality.store/products/tb-500.,Active,339,,339,Dramatic,Energy & Cellular Power
LI-340,vid_gen_landscape_scenes,16:9,vial_10ml_scene,LI-340 — Beach & Ocean — Tesamorelin,A precision-dosed peptide vial in a desert landscape of fine sand with heat shimmer rising,"16:9 landscape cinematic framing, deep environmental context",Dramatic mood lighting,"10mL sterile injectable-style glass vial of Tesamorelin with rubber stopper + aluminum crimp seal (NEVER black twist/screw cap); mid-ground in scene, not extreme macro","10mL sterile injectable-style glass vial with rubber stopper and aluminum crimp seal (NOT screw-cap, NOT black twist cap)",V-TES-001,Tesamorelin,https://www.palmbeach-vitality.store/products/tesamorelin,"LANDSCAPE SCENE (16:9) for workflow vid_gen_landscape_scenes. Source visual+motion: A precision-dosed peptide vial in a desert landscape of fine sand with heat shimmer rising, while two vials slowly lean toward each other until labels almost touch. Soft volumetric god-rays cut through the scene. Vibe: Dramatic. Theme: Beach & Ocean. Product lock: Tesamorelin (V-TES-001). Form: 10mL sterile injectable-style glass vial with rubber stopper and aluminum crimp seal (NOT screw-cap, NOT black twist cap). Camera: 16:9 landscape cinematic framing, deep environmental context. Keep product as part of a full environmental scene — not an isolated void packshot. VIAL SPEC: 10mL sterile injectable-style clear glass vial, rubber stopper + aluminum crimp seal only. FORBIDDEN: black twist caps, screw caps, dropper bottles. SIGNAGE RULE: premium clean research lab only. No safety placards, no industrial alert graphics, no trefoil icons, no striped floor tape, no danger banners. Do not print alert words on walls, floors, labels, or posters. Only neutral room names and product typography.",Captions MUST be only about Tesamorelin (V-TES-001) and https://www.palmbeach-vitality.store/products/tesamorelin.,Active,340,,340,Dramatic,Beach & Ocean
LI-341,vid_gen_landscape_scenes,16:9,vial_10ml_scene,LI-341 — Focus & Clarity — BPC-157,A pure white ceramic-capped vial catching a single snowflake that melts the instant it lands,"16:9 landscape cinematic framing, deep environmental context",Dramatic mood lighting,"10mL sterile injectable-style glass vial of BPC-157 with rubber stopper + aluminum crimp seal (NEVER black twist/screw cap); mid-ground in scene, not extreme macro","10mL sterile injectable-style glass vial with rubber stopper and aluminum crimp seal (NOT screw-cap, NOT black twist cap)",V-BPC-001,BPC-157,https://www.palmbeach-vitality.store/products/bpc-157,"LANDSCAPE SCENE (16:9) for workflow vid_gen_landscape_scenes. Source visual+motion: A pure white ceramic-capped vial catching a single snowflake that melts the instant it lands, as hundreds of tiny light points stream into it from all directions. Subtle particle systems (dust, pollen, mist) interact gracefully with the vial. Vibe: Dramatic. Theme: Focus & Clarity. Product lock: BPC-157 (V-BPC-001). Form: 10mL sterile injectable-style glass vial with rubber stopper and aluminum crimp seal (NOT screw-cap, NOT black twist cap). Camera: 16:9 landscape cinematic framing, deep environmental context. Keep product as part of a full environmental scene — not an isolated void packshot. VIAL SPEC: 10mL sterile injectable-style clear glass vial, rubber stopper + aluminum crimp seal only. FORBIDDEN: black twist caps, screw caps, dropper bottles. SIGNAGE RULE: premium clean research lab only. No safety placards, no industrial alert graphics, no trefoil icons, no striped floor tape, no danger banners. Do not print alert words on walls, floors, labels, or posters. Only neutral room names and product typography.",Captions MUST be only about BPC-157 (V-BPC-001) and https://www.palmbeach-vitality.store/products/bpc-157.,Active,341,,341,Dramatic,Focus & Clarity
LI-342,vid_gen_landscape_scenes,16:9,vial_10ml_scene,LI-342 — Beach & Ocean — BPC-157 / TB-500,A glowing amber wellness vial in a soft sandstorm that settles into perfect geometric patterns around it,"16:9 landscape cinematic framing, deep environmental context",Fun mood lighting,"10mL sterile injectable-style glass vial of BPC-157 / TB-500 with rubber stopper + aluminum crimp seal (NEVER black twist/screw cap); mid-ground in scene, not extreme macro","10mL sterile injectable-style glass vial with rubber stopper and aluminum crimp seal (NOT screw-cap, NOT black twist cap)",V-WOL-001,BPC-157 / TB-500,https://www.palmbeach-vitality.store/products/wolverine-stack,"LANDSCAPE SCENE (16:9) for workflow vid_gen_landscape_scenes. Source visual+motion: A glowing amber wellness vial in a soft sandstorm that settles into perfect geometric patterns around it, with the bottle slowly spinning faster then abruptly stopping in perfect frame. Golden hour light slides across the surface creating long lens flares. Vibe: Fun. Theme: Beach & Ocean. Product lock: BPC-157 / TB-500 (V-WOL-001). Form: 10mL sterile injectable-style glass vial with rubber stopper and aluminum crimp seal (NOT screw-cap, NOT black twist cap). Camera: 16:9 landscape cinematic framing, deep environmental context. Keep product as part of a full environmental scene — not an isolated void packshot. VIAL SPEC: 10mL sterile injectable-style clear glass vial, rubber stopper + aluminum crimp seal only. FORBIDDEN: black twist caps, screw caps, dropper bottles. SIGNAGE RULE: premium clean research lab only. No safety placards, no industrial alert graphics, no trefoil icons, no striped floor tape, no danger banners. Do not print alert words on walls, floors, labels, or posters. Only neutral room names and product typography.",Captions MUST be only about BPC-157 / TB-500 (V-WOL-001) and https://www.palmbeach-vitality.store/products/wolverine-stack.,Active,342,,342,Fun,Beach & Ocean
LI-343,vid_gen_landscape_scenes,16:9,vial_10ml_scene,LI-343 — Recovery & Healing — Cagrilinitide,A glowing amber wellness vial on an empty gym floor mat with a single chalk mark that slowly fades,"16:9 landscape cinematic framing, deep environmental context",Cool mood lighting,"10mL sterile injectable-style glass vial of Cagrilinitide with rubber stopper + aluminum crimp seal (NEVER black twist/screw cap); mid-ground in scene, not extreme macro","10mL sterile injectable-style glass vial with rubber stopper and aluminum crimp seal (NOT screw-cap, NOT black twist cap)",V-CAG-001,Cagrilinitide,https://www.palmbeach-vitality.store/products/cargrilinitide,"LANDSCAPE SCENE (16:9) for workflow vid_gen_landscape_scenes. Source visual+motion: A glowing amber wellness vial on an empty gym floor mat with a single chalk mark that slowly fades, slowly rotating on its axis with liquid inside catching light. Time-lapse growth and repair happens in the periphery only. Vibe: Cool. Theme: Recovery & Healing. Product lock: Cagrilinitide (V-CAG-001). Form: 10mL sterile injectable-style glass vial with rubber stopper and aluminum crimp seal (NOT screw-cap, NOT black twist cap). Camera: 16:9 landscape cinematic framing, deep environmental context. Keep product as part of a full environmental scene — not an isolated void packshot. VIAL SPEC: 10mL sterile injectable-style clear glass vial, rubber stopper + aluminum crimp seal only. FORBIDDEN: black twist caps, screw caps, dropper bottles. SIGNAGE RULE: premium clean research lab only. No safety placards, no industrial alert graphics, no trefoil icons, no striped floor tape, no danger banners. Do not print alert words on walls, floors, labels, or posters. Only neutral room names and product typography.",Captions MUST be only about Cagrilinitide (V-CAG-001) and https://www.palmbeach-vitality.store/products/cargrilinitide.,Active,343,,343,Cool,Recovery & Healing
LI-344,vid_gen_landscape_scenes,16:9,vial_10ml_scene,LI-344 — Nature Regeneration — CJC (no DAC),A glowing amber wellness vial next to a torn leaf that stitches itself back together fiber by fiber,"16:9 landscape cinematic framing, deep environmental context",Cool mood lighting,"10mL sterile injectable-style glass vial of CJC (no DAC) with rubber stopper + aluminum crimp seal (NEVER black twist/screw cap); mid-ground in scene, not extreme macro","10mL sterile injectable-style glass vial with rubber stopper and aluminum crimp seal (NOT screw-cap, NOT black twist cap)",V-CJC-001,CJC (no DAC),https://www.palmbeach-vitality.store/products/cjc,"LANDSCAPE SCENE (16:9) for workflow vid_gen_landscape_scenes. Source visual+motion: A glowing amber wellness vial next to a torn leaf that stitches itself back together fiber by fiber, while soft white powder explodes outward then reforms into the bottle shape. Reflections and refractions in the glass create secondary visual interest. Vibe: Cool. Theme: Nature Regeneration. Product lock: CJC (no DAC) (V-CJC-001). Form: 10mL sterile injectable-style glass vial with rubber stopper and aluminum crimp seal (NOT screw-cap, NOT black twist cap). Camera: 16:9 landscape cinematic framing, deep environmental context. Keep product as part of a full environmental scene — not an isolated void packshot. VIAL SPEC: 10mL sterile injectable-style clear glass vial, rubber stopper + aluminum crimp seal only. FORBIDDEN: black twist caps, screw caps, dropper bottles. SIGNAGE RULE: premium clean research lab only. No safety placards, no industrial alert graphics, no trefoil icons, no striped floor tape, no danger banners. Do not print alert words on walls, floors, labels, or posters. Only neutral room names and product typography.",Captions MUST be only about CJC (no DAC) (V-CJC-001) and https://www.palmbeach-vitality.store/products/cjc.,Active,344,,344,Cool,Nature Regeneration
LI-345,vid_gen_landscape_scenes,16:9,lab_scene,LI-345 — Beach & Ocean — PT-141,A slim silver-capped peptide bottle floating upright in a clear tide pool while tiny fish dart past,"16:9 landscape cinematic framing, deep environmental context",Dramatic mood lighting,scene product lock via typography / subtle mid-ground research material; no extreme close-up packshot,,P-PT1-001,PT-141,https://www.palmbeach-vitality.store/products/pt-141-pen,"LANDSCAPE SCENE (16:9) for workflow vid_gen_landscape_scenes. Source visual+motion: A slim silver-capped peptide bottle floating upright in a clear tide pool while tiny fish dart past, with a soft white light pulsing once like a signal. Deep contrast between the sharp product and soft, dreamy background. Vibe: Dramatic. Theme: Beach & Ocean. Product lock: PT-141 (P-PT1-001). Form: research catalog material. Camera: 16:9 landscape cinematic framing, deep environmental context. Keep product as part of a full environmental scene — not an isolated void packshot. SIGNAGE RULE: premium clean research lab only. No safety placards, no industrial alert graphics, no trefoil icons, no striped floor tape, no danger banners. Do not print alert words on walls, floors, labels, or posters. Only neutral room names and product typography.",Captions MUST be only about PT-141 (P-PT1-001) and https://www.palmbeach-vitality.store/products/pt-141-pen.,Active,345,,345,Dramatic,Beach & Ocean
LI-346,vid_gen_landscape_scenes,16:9,vial_10ml_scene,LI-346 — Beach & Ocean — CJC (no DAC)/Ipamorelin,A glowing amber wellness vial beside an hourglass where the sand begins flowing upward,"16:9 landscape cinematic framing, deep environmental context",Funny mood lighting,"10mL sterile injectable-style glass vial of CJC (no DAC)/Ipamorelin with rubber stopper + aluminum crimp seal (NEVER black twist/screw cap); mid-ground in scene, not extreme macro","10mL sterile injectable-style glass vial with rubber stopper and aluminum crimp seal (NOT screw-cap, NOT black twist cap)",V-CII-001,CJC (no DAC)/Ipamorelin,https://www.palmbeach-vitality.store/products/cjc-ipamorelin,"LANDSCAPE SCENE (16:9) for workflow vid_gen_landscape_scenes. Source visual+motion: A glowing amber wellness vial beside an hourglass where the sand begins flowing upward, with the product perfectly balanced on the edge of a surface that looks unstable. Subtle particle systems (dust, pollen, mist) interact gracefully with the vial. Vibe: Funny. Theme: Beach & Ocean. Product lock: CJC (no DAC)/Ipamorelin (V-CII-001). Form: 10mL sterile injectable-style glass vial with rubber stopper and aluminum crimp seal (NOT screw-cap, NOT black twist cap). Camera: 16:9 landscape cinematic framing, deep environmental context. Keep product as part of a full environmental scene — not an isolated void packshot. VIAL SPEC: 10mL sterile injectable-style clear glass vial, rubber stopper + aluminum crimp seal only. FORBIDDEN: black twist caps, screw caps, dropper bottles. SIGNAGE RULE: premium clean research lab only. No safety placards, no industrial alert graphics, no trefoil icons, no striped floor tape, no danger banners. Do not print alert words on walls, floors, labels, or posters. Only neutral room names and product typography.",Captions MUST be only about CJC (no DAC)/Ipamorelin (V-CII-001) and https://www.palmbeach-vitality.store/products/cjc-ipamorelin.,Active,346,,346,Funny,Beach & Ocean
LI-347,vid_gen_landscape_scenes,16:9,vial_10ml_scene,LI-347 — Focus & Clarity — GHK-Cu,A precision-dosed peptide vial framed by two large tropical leaves that slowly close then reopen like curtains,"16:9 landscape cinematic framing, deep environmental context",Fun mood lighting,"10mL sterile injectable-style glass vial of GHK-Cu with rubber stopper + aluminum crimp seal (NEVER black twist/screw cap); mid-ground in scene, not extreme macro","10mL sterile injectable-style glass vial with rubber stopper and aluminum crimp seal (NOT screw-cap, NOT black twist cap)",V-GHK-001,GHK-Cu,https://www.palmbeach-vitality.store/products/ghk-cu,"LANDSCAPE SCENE (16:9) for workflow vid_gen_landscape_scenes. Source visual+motion: A precision-dosed peptide vial framed by two large tropical leaves that slowly close then reopen like curtains, as condensation forms and rolls down in slow motion. Reflections and refractions in the glass create secondary visual interest. Vibe: Fun. Theme: Focus & Clarity. Product lock: GHK-Cu (V-GHK-001). Form: 10mL sterile injectable-style glass vial with rubber stopper and aluminum crimp seal (NOT screw-cap, NOT black twist cap). Camera: 16:9 landscape cinematic framing, deep environmental context. Keep product as part of a full environmental scene — not an isolated void packshot. VIAL SPEC: 10mL sterile injectable-style clear glass vial, rubber stopper + aluminum crimp seal only. FORBIDDEN: black twist caps, screw caps, dropper bottles. SIGNAGE RULE: premium clean research lab only. No safety placards, no industrial alert graphics, no trefoil icons, no striped floor tape, no danger banners. Do not print alert words on walls, floors, labels, or posters. Only neutral room names and product typography.",Captions MUST be only about GHK-Cu (V-GHK-001) and https://www.palmbeach-vitality.store/products/ghk-cu.,Active,347,,347,Fun,Focus & Clarity
LI-348,vid_gen_landscape_scenes,16:9,vial_10ml_scene,LI-348 — Recovery & Healing — BPC-157 / TB-500 / GHK-Cu,A crystal-clear recovery vial inside a large clear ice block that slowly melts away,"16:9 landscape cinematic framing, deep environmental context",Cool mood lighting,"10mL sterile injectable-style glass vial of BPC-157 / TB-500 / GHK-Cu with rubber stopper + aluminum crimp seal (NEVER black twist/screw cap); mid-ground in scene, not extreme macro","10mL sterile injectable-style glass vial with rubber stopper and aluminum crimp seal (NOT screw-cap, NOT black twist cap)",V-GLO-001,BPC-157 / TB-500 / GHK-Cu,https://www.palmbeach-vitality.store/products/glow,"LANDSCAPE SCENE (16:9) for workflow vid_gen_landscape_scenes. Source visual+motion: A crystal-clear recovery vial inside a large clear ice block that slowly melts away, as surrounding particles are drawn inward like gravity. Golden hour light slides across the surface creating long lens flares. Vibe: Cool. Theme: Recovery & Healing. Product lock: BPC-157 / TB-500 / GHK-Cu (V-GLO-001). Form: 10mL sterile injectable-style glass vial with rubber stopper and aluminum crimp seal (NOT screw-cap, NOT black twist cap). Camera: 16:9 landscape cinematic framing, deep environmental context. Keep product as part of a full environmental scene — not an isolated void packshot. VIAL SPEC: 10mL sterile injectable-style clear glass vial, rubber stopper + aluminum crimp seal only. FORBIDDEN: black twist caps, screw caps, dropper bottles. SIGNAGE RULE: premium clean research lab only. No safety placards, no industrial alert graphics, no trefoil icons, no striped floor tape, no danger banners. Do not print alert words on walls, floors, labels, or posters. Only neutral room names and product typography.",Captions MUST be only about BPC-157 / TB-500 / GHK-Cu (V-GLO-001) and https://www.palmbeach-vitality.store/products/glow.,Active,348,,348,Cool,Recovery & Healing
LI-349,vid_gen_landscape_scenes,16:9,vial_10ml_scene,LI-349 — Nature Regeneration — Thymosin Alpha-1,A matte-black peptide pen against a background that shifts from deep ocean blue to electric violet,"16:9 landscape cinematic framing, deep environmental context",Dramatic mood lighting,"10mL sterile injectable-style glass vial of Thymosin Alpha-1 with rubber stopper + aluminum crimp seal (NEVER black twist/screw cap); mid-ground in scene, not extreme macro","10mL sterile injectable-style glass vial with rubber stopper and aluminum crimp seal (NOT screw-cap, NOT black twist cap)",V-TA1-001,Thymosin Alpha-1,https://www.palmbeach-vitality.store/products/ta-1,"LANDSCAPE SCENE (16:9) for workflow vid_gen_landscape_scenes. Source visual+motion: A matte-black peptide pen against a background that shifts from deep ocean blue to electric violet, as one central vial remains still while others orbit it in slow motion. The environment feels charged, as if responding to the product's presence. Vibe: Dramatic. Theme: Nature Regeneration. Product lock: Thymosin Alpha-1 (V-TA1-001). Form: 10mL sterile injectable-style glass vial with rubber stopper and aluminum crimp seal (NOT screw-cap, NOT black twist cap). Camera: 16:9 landscape cinematic framing, deep environmental context. Keep product as part of a full environmental scene — not an isolated void packshot. VIAL SPEC: 10mL sterile injectable-style clear glass vial, rubber stopper + aluminum crimp seal only. FORBIDDEN: black twist caps, screw caps, dropper bottles. SIGNAGE RULE: premium clean research lab only. No safety placards, no industrial alert graphics, no trefoil icons, no striped floor tape, no danger banners. Do not print alert words on walls, floors, labels, or posters. Only neutral room names and product typography.",Captions MUST be only about Thymosin Alpha-1 (V-TA1-001) and https://www.palmbeach-vitality.store/products/ta-1.,Active,349,,349,Dramatic,Nature Regeneration
LI-350,vid_gen_landscape_scenes,16:9,pen_3ml_scene,LI-350 — Recovery & Healing — Tirzepatide,A matte-black peptide pen inside a large clear ice block that slowly melts away,"16:9 landscape cinematic framing, deep environmental context",Dramatic mood lighting,"3mL research dosage pen of Tirzepatide as mid-ground hero in the scene (not extreme macro; no injection act, no people)",3mL pre-filled research dosage pen,P-TIR-001,Tirzepatide,https://www.palmbeach-vitality.store/products/tirzepatide-10mg-pen,"LANDSCAPE SCENE (16:9) for workflow vid_gen_landscape_scenes. Source visual+motion: A matte-black peptide pen inside a large clear ice block that slowly melts away, as a single dramatic water droplet hangs from the bottom, refusing to fall. Golden hour light slides across the surface creating long lens flares. Vibe: Dramatic. Theme: Recovery & Healing. Product lock: Tirzepatide (P-TIR-001). Form: 3mL pre-filled research dosage pen. Camera: 16:9 landscape cinematic framing, deep environmental context. Keep product as part of a full environmental scene — not an isolated void packshot. PEN SPEC: 3mL pre-filled research dosage pen. No injection act, no people, no needles in use. SIGNAGE RULE: premium clean research lab only. No safety placards, no industrial alert graphics, no trefoil icons, no striped floor tape, no danger banners. Do not print alert words on walls, floors, labels, or posters. Only neutral room names and product typography.",Captions MUST be only about Tirzepatide (P-TIR-001) and https://www.palmbeach-vitality.store/products/tirzepatide-10mg-pen.,Active,350,,350,Dramatic,Recovery & Healing
LI-351,vid_gen_landscape_scenes,16:9,pen_3ml_scene,LI-351 — Abstract Cellular — Retatrutide,A matte-black peptide pen floating in pure black void while golden particles slowly orbit,"16:9 landscape cinematic framing, deep environmental context",Cool mood lighting,"3mL research dosage pen of Retatrutide as mid-ground hero in the scene (not extreme macro; no injection act, no people)",3mL pre-filled research dosage pen,P-RET-001,Retatrutide,https://www.palmbeach-vitality.store/products/retatrutride-8mg-pen,"LANDSCAPE SCENE (16:9) for workflow vid_gen_landscape_scenes. Source visual+motion: A matte-black peptide pen floating in pure black void while golden particles slowly orbit, while soft white powder explodes outward then reforms into the bottle shape. Soft volumetric god-rays cut through the scene. Vibe: Cool. Theme: Abstract Cellular. Product lock: Retatrutide (P-RET-001). Form: 3mL pre-filled research dosage pen. Camera: 16:9 landscape cinematic framing, deep environmental context. Keep product as part of a full environmental scene — not an isolated void packshot. PEN SPEC: 3mL pre-filled research dosage pen. No injection act, no people, no needles in use. SIGNAGE RULE: premium clean research lab only. No safety placards, no industrial alert graphics, no trefoil icons, no striped floor tape, no danger banners. Do not print alert words on walls, floors, labels, or posters. Only neutral room names and product typography.",Captions MUST be only about Retatrutide (P-RET-001) and https://www.palmbeach-vitality.store/products/retatrutride-8mg-pen.,Active,351,,351,Cool,Abstract Cellular
LI-352,vid_gen_landscape_scenes,16:9,vial_10ml_scene,LI-352 — Recovery & Healing — AOD-9604,A sleek glass peptide vial on a dark surface while a dim light bulb suddenly reaches full brightness,"16:9 landscape cinematic framing, deep environmental context",Dramatic mood lighting,"10mL sterile injectable-style glass vial of AOD-9604 with rubber stopper + aluminum crimp seal (NEVER black twist/screw cap); mid-ground in scene, not extreme macro","10mL sterile injectable-style glass vial with rubber stopper and aluminum crimp seal (NOT screw-cap, NOT black twist cap)",V-AOD-001,AOD-9604,https://www.palmbeach-vitality.store/products/aod-9604,"LANDSCAPE SCENE (16:9) for workflow vid_gen_landscape_scenes. Source visual+motion: A sleek glass peptide vial on a dark surface while a dim light bulb suddenly reaches full brightness, while two vials slowly lean toward each other until labels almost touch. Time-lapse growth and repair happens in the periphery only. Vibe: Dramatic. Theme: Recovery & Healing. Product lock: AOD-9604 (V-AOD-001). Form: 10mL sterile injectable-style glass vial with rubber stopper and aluminum crimp seal (NOT screw-cap, NOT black twist cap). Camera: 16:9 landscape cinematic framing, deep environmental context. Keep product as part of a full environmental scene — not an isolated void packshot. VIAL SPEC: 10mL sterile injectable-style clear glass vial, rubber stopper + aluminum crimp seal only. FORBIDDEN: black twist caps, screw caps, dropper bottles. SIGNAGE RULE: premium clean research lab only. No safety placards, no industrial alert graphics, no trefoil icons, no striped floor tape, no danger banners. Do not print alert words on walls, floors, labels, or posters. Only neutral room names and product typography.",Captions MUST be only about AOD-9604 (V-AOD-001) and https://www.palmbeach-vitality.store/products/aod-9604.,Active,352,,352,Dramatic,Recovery & Healing
LI-353,vid_gen_landscape_scenes,16:9,vial_10ml_scene,LI-353 — Resilience & Strength — Melanotan 2,A crystal-clear recovery vial resting on a stack of smooth river rocks in shallow moving water,"16:9 landscape cinematic framing, deep environmental context",Funny mood lighting,"10mL sterile injectable-style glass vial of Melanotan 2 with rubber stopper + aluminum crimp seal (NEVER black twist/screw cap); mid-ground in scene, not extreme macro","10mL sterile injectable-style glass vial with rubber stopper and aluminum crimp seal (NOT screw-cap, NOT black twist cap)",V-MT2-001,Melanotan 2,https://www.palmbeach-vitality.store/products/melonotan,"LANDSCAPE SCENE (16:9) for workflow vid_gen_landscape_scenes. Source visual+motion: A crystal-clear recovery vial resting on a stack of smooth river rocks in shallow moving water, with a soft white light pulsing once like a signal. Time-lapse growth and repair happens in the periphery only. Vibe: Funny. Theme: Resilience & Strength. Product lock: Melanotan 2 (V-MT2-001). Form: 10mL sterile injectable-style glass vial with rubber stopper and aluminum crimp seal (NOT screw-cap, NOT black twist cap). Camera: 16:9 landscape cinematic framing, deep environmental context. Keep product as part of a full environmental scene — not an isolated void packshot. VIAL SPEC: 10mL sterile injectable-style clear glass vial, rubber stopper + aluminum crimp seal only. FORBIDDEN: black twist caps, screw caps, dropper bottles. SIGNAGE RULE: premium clean research lab only. No safety placards, no industrial alert graphics, no trefoil icons, no striped floor tape, no danger banners. Do not print alert words on walls, floors, labels, or posters. Only neutral room names and product typography.",Captions MUST be only about Melanotan 2 (V-MT2-001) and https://www.palmbeach-vitality.store/products/melonotan.,Active,353,,353,Funny,Resilience & Strength
LI-354,vid_gen_landscape_scenes,16:9,vial_10ml_scene,LI-354 — Energy & Cellular Power — Retatrutide,A high-clarity research-grade vial on a circular platform of polished copper that warms with a soft glow,"16:9 landscape cinematic framing, deep environmental context",Funny mood lighting,"10mL sterile injectable-style glass vial of Retatrutide with rubber stopper + aluminum crimp seal (NEVER black twist/screw cap); mid-ground in scene, not extreme macro","10mL sterile injectable-style glass vial with rubber stopper and aluminum crimp seal (NOT screw-cap, NOT black twist cap)",V-RET-001,Retatrutide,https://www.palmbeach-vitality.store/products/retatrutide,"LANDSCAPE SCENE (16:9) for workflow vid_gen_landscape_scenes. Source visual+motion: A high-clarity research-grade vial on a circular platform of polished copper that warms with a soft glow, as the bottle appears to 'surf' a wave of foam across a dark surface. Time-lapse growth and repair happens in the periphery only. Vibe: Funny. Theme: Energy & Cellular Power. Product lock: Retatrutide (V-RET-001). Form: 10mL sterile injectable-style glass vial with rubber stopper and aluminum crimp seal (NOT screw-cap, NOT black twist cap). Camera: 16:9 landscape cinematic framing, deep environmental context. Keep product as part of a full environmental scene — not an isolated void packshot. VIAL SPEC: 10mL sterile injectable-style clear glass vial, rubber stopper + aluminum crimp seal only. FORBIDDEN: black twist caps, screw caps, dropper bottles. SIGNAGE RULE: premium clean research lab only. No safety placards, no industrial alert graphics, no trefoil icons, no striped floor tape, no danger banners. Do not print alert words on walls, floors, labels, or posters. Only neutral room names and product typography.",Captions MUST be only about Retatrutide (V-RET-001) and https://www.palmbeach-vitality.store/products/retatrutide.,Active,354,,354,Funny,Energy & Cellular Power
LI-355,vid_gen_landscape_scenes,16:9,vial_10ml_scene,LI-355 — Beach & Ocean — Tirzepatide,A glowing amber wellness vial on a kitchen counter as a stick of butter softens and fruit brightens nearby,"16:9 landscape cinematic framing, deep environmental context",Dramatic mood lighting,"10mL sterile injectable-style glass vial of Tirzepatide with rubber stopper + aluminum crimp seal (NEVER black twist/screw cap); mid-ground in scene, not extreme macro","10mL sterile injectable-style glass vial with rubber stopper and aluminum crimp seal (NOT screw-cap, NOT black twist cap)",V-TIR-001,Tirzepatide,https://www.palmbeach-vitality.store/products/tirzepatide,"LANDSCAPE SCENE (16:9) for workflow vid_gen_landscape_scenes. Source visual+motion: A glowing amber wellness vial on a kitchen counter as a stick of butter softens and fruit brightens nearby, as the liquid inside becomes visibly thinner and more fluid in motion. Golden hour light slides across the surface creating long lens flares. Vibe: Dramatic. Theme: Beach & Ocean. Product lock: Tirzepatide (V-TIR-001). Form: 10mL sterile injectable-style glass vial with rubber stopper and aluminum crimp seal (NOT screw-cap, NOT black twist cap). Camera: 16:9 landscape cinematic framing, deep environmental context. Keep product as part of a full environmental scene — not an isolated void packshot. VIAL SPEC: 10mL sterile injectable-style clear glass vial, rubber stopper + aluminum crimp seal only. FORBIDDEN: black twist caps, screw caps, dropper bottles. SIGNAGE RULE: premium clean research lab only. No safety placards, no industrial alert graphics, no trefoil icons, no striped floor tape, no danger banners. Do not print alert words on walls, floors, labels, or posters. Only neutral room names and product typography.",Captions MUST be only about Tirzepatide (V-TIR-001) and https://www.palmbeach-vitality.store/products/tirzepatide.,Active,355,,355,Dramatic,Beach & Ocean
LI-356,vid_gen_landscape_scenes,16:9,vial_10ml_scene,LI-356 — Focus & Clarity — Semaglutide,A pure white ceramic-capped vial on polished black spa stones with steam rising gently,"16:9 landscape cinematic framing, deep environmental context",Fun mood lighting,"10mL sterile injectable-style glass vial of Semaglutide with rubber stopper + aluminum crimp seal (NEVER black twist/screw cap); mid-ground in scene, not extreme macro","10mL sterile injectable-style glass vial with rubber stopper and aluminum crimp seal (NOT screw-cap, NOT black twist cap)",V-SEM-001,Semaglutide,https://www.palmbeach-vitality.store/products/semaglutide,"LANDSCAPE SCENE (16:9) for workflow vid_gen_landscape_scenes. Source visual+motion: A pure white ceramic-capped vial on polished black spa stones with steam rising gently, as hundreds of tiny light points stream into it from all directions. The environment feels charged, as if responding to the product's presence. Vibe: Fun. Theme: Focus & Clarity. Product lock: Semaglutide (V-SEM-001). Form: 10mL sterile injectable-style glass vial with rubber stopper and aluminum crimp seal (NOT screw-cap, NOT black twist cap). Camera: 16:9 landscape cinematic framing, deep environmental context. Keep product as part of a full environmental scene — not an isolated void packshot. VIAL SPEC: 10mL sterile injectable-style clear glass vial, rubber stopper + aluminum crimp seal only. FORBIDDEN: black twist caps, screw caps, dropper bottles. SIGNAGE RULE: premium clean research lab only. No safety placards, no industrial alert graphics, no trefoil icons, no striped floor tape, no danger banners. Do not print alert words on walls, floors, labels, or posters. Only neutral room names and product typography.",Captions MUST be only about Semaglutide (V-SEM-001) and https://www.palmbeach-vitality.store/products/semaglutide.,Active,356,,356,Fun,Focus & Clarity
LI-357,vid_gen_landscape_scenes,16:9,vial_10ml_scene,LI-357 — Nature Regeneration — KPV / BPC-157 / TB-500 / GHK-Cu,A precision-dosed peptide vial floating just above a still black lake with perfect reflection,"16:9 landscape cinematic framing, deep environmental context",Dramatic mood lighting,"10mL sterile injectable-style glass vial of KPV / BPC-157 / TB-500 / GHK-Cu with rubber stopper + aluminum crimp seal (NEVER black twist/screw cap); mid-ground in scene, not extreme macro","10mL sterile injectable-style glass vial with rubber stopper and aluminum crimp seal (NOT screw-cap, NOT black twist cap)",V-KLO-001,KPV / BPC-157 / TB-500 / GHK-Cu,https://www.palmbeach-vitality.store/products/klow-kpv-bpc-157-tb-500-ghk,"LANDSCAPE SCENE (16:9) for workflow vid_gen_landscape_scenes. Source visual+motion: A precision-dosed peptide vial floating just above a still black lake with perfect reflection, as a single red drop forms and slowly shapes itself into a heart before falling. Deep contrast between the sharp product and soft, dreamy background. Vibe: Dramatic. Theme: Nature Regeneration. Product lock: KPV / BPC-157 / TB-500 / GHK-Cu (V-KLO-001). Form: 10mL sterile injectable-style glass vial with rubber stopper and aluminum crimp seal (NOT screw-cap, NOT black twist cap). Camera: 16:9 landscape cinematic framing, deep environmental context. Keep product as part of a full environmental scene — not an isolated void packshot. VIAL SPEC: 10mL sterile injectable-style clear glass vial, rubber stopper + aluminum crimp seal only. FORBIDDEN: black twist caps, screw caps, dropper bottles. SIGNAGE RULE: premium clean research lab only. No safety placards, no industrial alert graphics, no trefoil icons, no striped floor tape, no danger banners. Do not print alert words on walls, floors, labels, or posters. Only neutral room names and product typography.",Captions MUST be only about KPV / BPC-157 / TB-500 / GHK-Cu (V-KLO-001) and https://www.palmbeach-vitality.store/products/klow-kpv-bpc-157-tb-500-ghk.,Active,357,,357,Dramatic,Nature Regeneration
LI-358,vid_gen_landscape_scenes,16:9,vial_10ml_scene,LI-358 — Longevity & Anti-Aging — MOTS-C,A glowing amber wellness vial in a miniature Zen garden where rake lines slowly rearrange themselves around it,"16:9 landscape cinematic framing, deep environmental context",Fun mood lighting,"10mL sterile injectable-style glass vial of MOTS-C with rubber stopper + aluminum crimp seal (NEVER black twist/screw cap); mid-ground in scene, not extreme macro","10mL sterile injectable-style glass vial with rubber stopper and aluminum crimp seal (NOT screw-cap, NOT black twist cap)",V-MOT-001,MOTS-C,https://www.palmbeach-vitality.store/products/mots-c-10mg-5ml-vial,"LANDSCAPE SCENE (16:9) for workflow vid_gen_landscape_scenes. Source visual+motion: A glowing amber wellness vial in a miniature Zen garden where rake lines slowly rearrange themselves around it, while the glass surface briefly shows flowing molecular structures then clears. Subtle particle systems (dust, pollen, mist) interact gracefully with the vial. Vibe: Fun. Theme: Longevity & Anti-Aging. Product lock: MOTS-C (V-MOT-001). Form: 10mL sterile injectable-style glass vial with rubber stopper and aluminum crimp seal (NOT screw-cap, NOT black twist cap). Camera: 16:9 landscape cinematic framing, deep environmental context. Keep product as part of a full environmental scene — not an isolated void packshot. VIAL SPEC: 10mL sterile injectable-style clear glass vial, rubber stopper + aluminum crimp seal only. FORBIDDEN: black twist caps, screw caps, dropper bottles. SIGNAGE RULE: premium clean research lab only. No safety placards, no industrial alert graphics, no trefoil icons, no striped floor tape, no danger banners. Do not print alert words on walls, floors, labels, or posters. Only neutral room names and product typography.",Captions MUST be only about MOTS-C (V-MOT-001) and https://www.palmbeach-vitality.store/products/mots-c-10mg-5ml-vial.,Active,358,,358,Fun,Longevity & Anti-Aging
LI-359,vid_gen_landscape_scenes,16:9,vial_10ml_scene,LI-359 — Beach & Ocean — NAD+,A crystal-clear recovery vial in a soft sandstorm that settles into perfect geometric patterns around it,"16:9 landscape cinematic framing, deep environmental context",Fun mood lighting,"10mL sterile injectable-style glass vial of NAD+ with rubber stopper + aluminum crimp seal (NEVER black twist/screw cap); mid-ground in scene, not extreme macro","10mL sterile injectable-style glass vial with rubber stopper and aluminum crimp seal (NOT screw-cap, NOT black twist cap)",V-NAD-001,NAD+,https://www.palmbeach-vitality.store/products/nad-1,"LANDSCAPE SCENE (16:9) for workflow vid_gen_landscape_scenes. Source visual+motion: A crystal-clear recovery vial in a soft sandstorm that settles into perfect geometric patterns around it, as hundreds of tiny light points stream into it from all directions. Reflections and refractions in the glass create secondary visual interest. Vibe: Fun. Theme: Beach & Ocean. Product lock: NAD+ (V-NAD-001). Form: 10mL sterile injectable-style glass vial with rubber stopper and aluminum crimp seal (NOT screw-cap, NOT black twist cap). Camera: 16:9 landscape cinematic framing, deep environmental context. Keep product as part of a full environmental scene — not an isolated void packshot. VIAL SPEC: 10mL sterile injectable-style clear glass vial, rubber stopper + aluminum crimp seal only. FORBIDDEN: black twist caps, screw caps, dropper bottles. SIGNAGE RULE: premium clean research lab only. No safety placards, no industrial alert graphics, no trefoil icons, no striped floor tape, no danger banners. Do not print alert words on walls, floors, labels, or posters. Only neutral room names and product typography.",Captions MUST be only about NAD+ (V-NAD-001) and https://www.palmbeach-vitality.store/products/nad-1.,Active,359,,359,Fun,Beach & Ocean
LI-360,vid_gen_landscape_scenes,16:9,vial_10ml_scene,LI-360 — Abstract Cellular — PT-141,A crystal-clear recovery vial next to a fading photograph that regains color and sharpness,"16:9 landscape cinematic framing, deep environmental context",Dramatic mood lighting,"10mL sterile injectable-style glass vial of PT-141 with rubber stopper + aluminum crimp seal (NEVER black twist/screw cap); mid-ground in scene, not extreme macro","10mL sterile injectable-style glass vial with rubber stopper and aluminum crimp seal (NOT screw-cap, NOT black twist cap)",V-PT1-001,PT-141,https://www.palmbeach-vitality.store/products/pt-141,"LANDSCAPE SCENE (16:9) for workflow vid_gen_landscape_scenes. Source visual+motion: A crystal-clear recovery vial next to a fading photograph that regains color and sharpness, with the entire bottle briefly becoming translucent then solid again. Extreme slow-motion emphasizes every micro-movement of liquid and light. Vibe: Dramatic. Theme: Abstract Cellular. Product lock: PT-141 (V-PT1-001). Form: 10mL sterile injectable-style glass vial with rubber stopper and aluminum crimp seal (NOT screw-cap, NOT black twist cap). Camera: 16:9 landscape cinematic framing, deep environmental context. Keep product as part of a full environmental scene — not an isolated void packshot. VIAL SPEC: 10mL sterile injectable-style clear glass vial, rubber stopper + aluminum crimp seal only. FORBIDDEN: black twist caps, screw caps, dropper bottles. SIGNAGE RULE: premium clean research lab only. No safety placards, no industrial alert graphics, no trefoil icons, no striped floor tape, no danger banners. Do not print alert words on walls, floors, labels, or posters. Only neutral room names and product typography.",Captions MUST be only about PT-141 (V-PT1-001) and https://www.palmbeach-vitality.store/products/pt-141.,Active,360,,360,Dramatic,Abstract Cellular
LI-361,vid_gen_landscape_scenes,16:9,lab_scene,LI-361 — Recovery & Healing — Semax,A minimalist wellness bottle catching a single snowflake that melts the instant it lands,"16:9 landscape cinematic framing, deep environmental context",Fun mood lighting,scene product lock via typography / subtle mid-ground research material; no extreme close-up packshot,,P-SMX-001,Semax,https://www.palmbeach-vitality.store/products/semax-pen,"LANDSCAPE SCENE (16:9) for workflow vid_gen_landscape_scenes. Source visual+motion: A minimalist wellness bottle catching a single snowflake that melts the instant it lands, as it 'hides' behind a large leaf that keeps falling away to reveal it again. Soft volumetric god-rays cut through the scene. Vibe: Fun. Theme: Recovery & Healing. Product lock: Semax (P-SMX-001). Form: research catalog material. Camera: 16:9 landscape cinematic framing, deep environmental context. Keep product as part of a full environmental scene — not an isolated void packshot. SIGNAGE RULE: premium clean research lab only. No safety placards, no industrial alert graphics, no trefoil icons, no striped floor tape, no danger banners. Do not print alert words on walls, floors, labels, or posters. Only neutral room names and product typography.",Captions MUST be only about Semax (P-SMX-001) and https://www.palmbeach-vitality.store/products/semax-pen.,Active,361,,361,Fun,Recovery & Healing
LI-362,vid_gen_landscape_scenes,16:9,vial_10ml_scene,LI-362 — Fat Loss & Metabolism — Selank,A glowing amber wellness vial on a bed of white salt crystals that slowly rearrange,"16:9 landscape cinematic framing, deep environmental context",Funny mood lighting,"10mL sterile injectable-style glass vial of Selank with rubber stopper + aluminum crimp seal (NEVER black twist/screw cap); mid-ground in scene, not extreme macro","10mL sterile injectable-style glass vial with rubber stopper and aluminum crimp seal (NOT screw-cap, NOT black twist cap)",V-SEL-001,Selank,https://www.palmbeach-vitality.store/products/selank,"LANDSCAPE SCENE (16:9) for workflow vid_gen_landscape_scenes. Source visual+motion: A glowing amber wellness vial on a bed of white salt crystals that slowly rearrange, as the product seems to age backward — surface becomes cleaner and brighter. The scene has a quiet, almost sacred stillness interrupted only by intentional motion. Vibe: Funny. Theme: Fat Loss & Metabolism. Product lock: Selank (V-SEL-001). Form: 10mL sterile injectable-style glass vial with rubber stopper and aluminum crimp seal (NOT screw-cap, NOT black twist cap). Camera: 16:9 landscape cinematic framing, deep environmental context. Keep product as part of a full environmental scene — not an isolated void packshot. VIAL SPEC: 10mL sterile injectable-style clear glass vial, rubber stopper + aluminum crimp seal only. FORBIDDEN: black twist caps, screw caps, dropper bottles. SIGNAGE RULE: premium clean research lab only. No safety placards, no industrial alert graphics, no trefoil icons, no striped floor tape, no danger banners. Do not print alert words on walls, floors, labels, or posters. Only neutral room names and product typography.",Captions MUST be only about Selank (V-SEL-001) and https://www.palmbeach-vitality.store/products/selank.,Active,362,,362,Funny,Fat Loss & Metabolism
LI-363,vid_gen_landscape_scenes,16:9,vial_10ml_scene,LI-363 — Recovery & Healing — Sermorelin,A high-clarity research-grade vial inside a large clear ice block that slowly melts away,"16:9 landscape cinematic framing, deep environmental context",Cool mood lighting,"10mL sterile injectable-style glass vial of Sermorelin with rubber stopper + aluminum crimp seal (NEVER black twist/screw cap); mid-ground in scene, not extreme macro","10mL sterile injectable-style glass vial with rubber stopper and aluminum crimp seal (NOT screw-cap, NOT black twist cap)",V-SER-001,Sermorelin,https://www.palmbeach-vitality.store/products/sermorelin,"LANDSCAPE SCENE (16:9) for workflow vid_gen_landscape_scenes. Source visual+motion: A high-clarity research-grade vial inside a large clear ice block that slowly melts away, as the product casts a shadow that moves independently of the light source. Time-lapse growth and repair happens in the periphery only. Vibe: Cool. Theme: Recovery & Healing. Product lock: Sermorelin (V-SER-001). Form: 10mL sterile injectable-style glass vial with rubber stopper and aluminum crimp seal (NOT screw-cap, NOT black twist cap). Camera: 16:9 landscape cinematic framing, deep environmental context. Keep product as part of a full environmental scene — not an isolated void packshot. VIAL SPEC: 10mL sterile injectable-style clear glass vial, rubber stopper + aluminum crimp seal only. FORBIDDEN: black twist caps, screw caps, dropper bottles. SIGNAGE RULE: premium clean research lab only. No safety placards, no industrial alert graphics, no trefoil icons, no striped floor tape, no danger banners. Do not print alert words on walls, floors, labels, or posters. Only neutral room names and product typography.",Captions MUST be only about Sermorelin (V-SER-001) and https://www.palmbeach-vitality.store/products/sermorelin.,Active,363,,363,Cool,Recovery & Healing
LI-364,vid_gen_landscape_scenes,16:9,pen_3ml_scene,LI-364 — Beach & Ocean — KPV / BPC-157 / TB-500 / GHK-Cu,A frosted glass bottle of cellular support on wet Palm Beach sand as a gentle wave washes over and retreats,"16:9 landscape cinematic framing, deep environmental context",Cool mood lighting,"3mL research dosage pen of KPV / BPC-157 / TB-500 / GHK-Cu as mid-ground hero in the scene (not extreme macro; no injection act, no people)",3mL pre-filled research dosage pen,P-KLO-001,KPV / BPC-157 / TB-500 / GHK-Cu,https://www.palmbeach-vitality.store/products/klow-pen,"LANDSCAPE SCENE (16:9) for workflow vid_gen_landscape_scenes. Source visual+motion: A frosted glass bottle of cellular support on wet Palm Beach sand as a gentle wave washes over and retreats, while a soft pulse of light travels from bottom to top like a heartbeat. Time-lapse growth and repair happens in the periphery only. Vibe: Cool. Theme: Beach & Ocean. Product lock: KPV / BPC-157 / TB-500 / GHK-Cu (P-KLO-001). Form: 3mL pre-filled research dosage pen. Camera: 16:9 landscape cinematic framing, deep environmental context. Keep product as part of a full environmental scene — not an isolated void packshot. PEN SPEC: 3mL pre-filled research dosage pen. No injection act, no people, no needles in use. SIGNAGE RULE: premium clean research lab only. No safety placards, no industrial alert graphics, no trefoil icons, no striped floor tape, no danger banners. Do not print alert words on walls, floors, labels, or posters. Only neutral room names and product typography.",Captions MUST be only about KPV / BPC-157 / TB-500 / GHK-Cu (P-KLO-001) and https://www.palmbeach-vitality.store/products/klow-pen.,Active,364,,364,Cool,Beach & Ocean
LI-365,vid_gen_landscape_scenes,16:9,vial_10ml_scene,LI-365 — Focus & Clarity — SS-31,A high-clarity research-grade vial on a frozen surface that cracks in elegant patterns then seals,"16:9 landscape cinematic framing, deep environmental context",Dramatic mood lighting,"10mL sterile injectable-style glass vial of SS-31 with rubber stopper + aluminum crimp seal (NEVER black twist/screw cap); mid-ground in scene, not extreme macro","10mL sterile injectable-style glass vial with rubber stopper and aluminum crimp seal (NOT screw-cap, NOT black twist cap)",V-SS3-001,SS-31,https://www.palmbeach-vitality.store/products/ss-31,"LANDSCAPE SCENE (16:9) for workflow vid_gen_landscape_scenes. Source visual+motion: A high-clarity research-grade vial on a frozen surface that cracks in elegant patterns then seals, while a soft pulse of light travels from bottom to top like a heartbeat. Deep contrast between the sharp product and soft, dreamy background. Vibe: Dramatic. Theme: Focus & Clarity. Product lock: SS-31 (V-SS3-001). Form: 10mL sterile injectable-style glass vial with rubber stopper and aluminum crimp seal (NOT screw-cap, NOT black twist cap). Camera: 16:9 landscape cinematic framing, deep environmental context. Keep product as part of a full environmental scene — not an isolated void packshot. VIAL SPEC: 10mL sterile injectable-style clear glass vial, rubber stopper + aluminum crimp seal only. FORBIDDEN: black twist caps, screw caps, dropper bottles. SIGNAGE RULE: premium clean research lab only. No safety placards, no industrial alert graphics, no trefoil icons, no striped floor tape, no danger banners. Do not print alert words on walls, floors, labels, or posters. Only neutral room names and product typography.",Captions MUST be only about SS-31 (V-SS3-001) and https://www.palmbeach-vitality.store/products/ss-31.,Active,365,,365,Dramatic,Focus & Clarity
LI-366,vid_gen_landscape_scenes,16:9,vial_10ml_scene,LI-366 — Focus & Clarity — TB-500,A precision-dosed peptide vial on a circular platform of polished copper that warms with a soft glow,"16:9 landscape cinematic framing, deep environmental context",Fun mood lighting,"10mL sterile injectable-style glass vial of TB-500 with rubber stopper + aluminum crimp seal (NEVER black twist/screw cap); mid-ground in scene, not extreme macro","10mL sterile injectable-style glass vial with rubber stopper and aluminum crimp seal (NOT screw-cap, NOT black twist cap)",V-TB5-001,TB-500,https://www.palmbeach-vitality.store/products/tb-500,"LANDSCAPE SCENE (16:9) for workflow vid_gen_landscape_scenes. Source visual+motion: A precision-dosed peptide vial on a circular platform of polished copper that warms with a soft glow, with a soft white light pulsing once like a signal. Deep contrast between the sharp product and soft, dreamy background. Vibe: Fun. Theme: Focus & Clarity. Product lock: TB-500 (V-TB5-001). Form: 10mL sterile injectable-style glass vial with rubber stopper and aluminum crimp seal (NOT screw-cap, NOT black twist cap). Camera: 16:9 landscape cinematic framing, deep environmental context. Keep product as part of a full environmental scene — not an isolated void packshot. VIAL SPEC: 10mL sterile injectable-style clear glass vial, rubber stopper + aluminum crimp seal only. FORBIDDEN: black twist caps, screw caps, dropper bottles. SIGNAGE RULE: premium clean research lab only. No safety placards, no industrial alert graphics, no trefoil icons, no striped floor tape, no danger banners. Do not print alert words on walls, floors, labels, or posters. Only neutral room names and product typography.",Captions MUST be only about TB-500 (V-TB5-001) and https://www.palmbeach-vitality.store/products/tb-500.,Active,366,,366,Fun,Focus & Clarity
LI-367,vid_gen_landscape_scenes,16:9,vial_10ml_scene,LI-367 — Stacks & Synergy — Tesamorelin,A precision-dosed peptide vial on a kitchen counter as a stick of butter softens and fruit brightens nearby,"16:9 landscape cinematic framing, deep environmental context",Funny mood lighting,"10mL sterile injectable-style glass vial of Tesamorelin with rubber stopper + aluminum crimp seal (NEVER black twist/screw cap); mid-ground in scene, not extreme macro","10mL sterile injectable-style glass vial with rubber stopper and aluminum crimp seal (NOT screw-cap, NOT black twist cap)",V-TES-001,Tesamorelin,https://www.palmbeach-vitality.store/products/tesamorelin,"LANDSCAPE SCENE (16:9) for workflow vid_gen_landscape_scenes. Source visual+motion: A precision-dosed peptide vial on a kitchen counter as a stick of butter softens and fruit brightens nearby, while fine mist rises from the surface in elegant swirls. The environment feels charged, as if responding to the product's presence. Vibe: Funny. Theme: Stacks & Synergy. Product lock: Tesamorelin (V-TES-001). Form: 10mL sterile injectable-style glass vial with rubber stopper and aluminum crimp seal (NOT screw-cap, NOT black twist cap). Camera: 16:9 landscape cinematic framing, deep environmental context. Keep product as part of a full environmental scene — not an isolated void packshot. VIAL SPEC: 10mL sterile injectable-style clear glass vial, rubber stopper + aluminum crimp seal only. FORBIDDEN: black twist caps, screw caps, dropper bottles. SIGNAGE RULE: premium clean research lab only. No safety placards, no industrial alert graphics, no trefoil icons, no striped floor tape, no danger banners. Do not print alert words on walls, floors, labels, or posters. Only neutral room names and product typography.",Captions MUST be only about Tesamorelin (V-TES-001) and https://www.palmbeach-vitality.store/products/tesamorelin.,Active,367,,367,Funny,Stacks & Synergy
LI-368,vid_gen_landscape_scenes,16:9,pen_3ml_scene,LI-368 — Abstract Cellular — MOTS-C,A slim silver-capped peptide bottle amidst floating dandelion seeds that orbit then settle,"16:9 landscape cinematic framing, deep environmental context",Fun mood lighting,"3mL research dosage pen of MOTS-C as mid-ground hero in the scene (not extreme macro; no injection act, no people)",3mL pre-filled research dosage pen,P-MOT-001,MOTS-C,https://www.palmbeach-vitality.store/products/mots-c,"LANDSCAPE SCENE (16:9) for workflow vid_gen_landscape_scenes. Source visual+motion: A slim silver-capped peptide bottle amidst floating dandelion seeds that orbit then settle, as the bottle appears to 'surf' a wave of foam across a dark surface. Time-lapse growth and repair happens in the periphery only. Vibe: Fun. Theme: Abstract Cellular. Product lock: MOTS-C (P-MOT-001). Form: 3mL pre-filled research dosage pen. Camera: 16:9 landscape cinematic framing, deep environmental context. Keep product as part of a full environmental scene — not an isolated void packshot. PEN SPEC: 3mL pre-filled research dosage pen. No injection act, no people, no needles in use. SIGNAGE RULE: premium clean research lab only. No safety placards, no industrial alert graphics, no trefoil icons, no striped floor tape, no danger banners. Do not print alert words on walls, floors, labels, or posters. Only neutral room names and product typography.",Captions MUST be only about MOTS-C (P-MOT-001) and https://www.palmbeach-vitality.store/products/mots-c.,Active,368,,368,Fun,Abstract Cellular
LI-369,vid_gen_landscape_scenes,16:9,vial_10ml_scene,LI-369 — Energy & Cellular Power — BPC-157,A sleek glass peptide vial on a mirror surface that reflects infinite versions of itself,"16:9 landscape cinematic framing, deep environmental context",Dramatic mood lighting,"10mL sterile injectable-style glass vial of BPC-157 with rubber stopper + aluminum crimp seal (NEVER black twist/screw cap); mid-ground in scene, not extreme macro","10mL sterile injectable-style glass vial with rubber stopper and aluminum crimp seal (NOT screw-cap, NOT black twist cap)",V-BPC-001,BPC-157,https://www.palmbeach-vitality.store/products/bpc-157,"LANDSCAPE SCENE (16:9) for workflow vid_gen_landscape_scenes. Source visual+motion: A sleek glass peptide vial on a mirror surface that reflects infinite versions of itself, as surrounding particles are drawn inward like gravity. A gentle breeze moves surrounding elements without disturbing the product. Vibe: Dramatic. Theme: Energy & Cellular Power. Product lock: BPC-157 (V-BPC-001). Form: 10mL sterile injectable-style glass vial with rubber stopper and aluminum crimp seal (NOT screw-cap, NOT black twist cap). Camera: 16:9 landscape cinematic framing, deep environmental context. Keep product as part of a full environmental scene — not an isolated void packshot. VIAL SPEC: 10mL sterile injectable-style clear glass vial, rubber stopper + aluminum crimp seal only. FORBIDDEN: black twist caps, screw caps, dropper bottles. SIGNAGE RULE: premium clean research lab only. No safety placards, no industrial alert graphics, no trefoil icons, no striped floor tape, no danger banners. Do not print alert words on walls, floors, labels, or posters. Only neutral room names and product typography.",Captions MUST be only about BPC-157 (V-BPC-001) and https://www.palmbeach-vitality.store/products/bpc-157.,Active,369,,369,Dramatic,Energy & Cellular Power
LI-370,vid_gen_landscape_scenes,16:9,vial_10ml_scene,LI-370 — Resilience & Strength — BPC-157 / TB-500,A crystal-clear recovery vial on a dark reflective surface under a single sharp beam of light,"16:9 landscape cinematic framing, deep environmental context",Funny mood lighting,"10mL sterile injectable-style glass vial of BPC-157 / TB-500 with rubber stopper + aluminum crimp seal (NEVER black twist/screw cap); mid-ground in scene, not extreme macro","10mL sterile injectable-style glass vial with rubber stopper and aluminum crimp seal (NOT screw-cap, NOT black twist cap)",V-WOL-001,BPC-157 / TB-500,https://www.palmbeach-vitality.store/products/wolverine-stack,"LANDSCAPE SCENE (16:9) for workflow vid_gen_landscape_scenes. Source visual+motion: A crystal-clear recovery vial on a dark reflective surface under a single sharp beam of light, with two identical vials in a perfect staring contest, zero movement. Time-lapse growth and repair happens in the periphery only. Vibe: Funny. Theme: Resilience & Strength. Product lock: BPC-157 / TB-500 (V-WOL-001). Form: 10mL sterile injectable-style glass vial with rubber stopper and aluminum crimp seal (NOT screw-cap, NOT black twist cap). Camera: 16:9 landscape cinematic framing, deep environmental context. Keep product as part of a full environmental scene — not an isolated void packshot. VIAL SPEC: 10mL sterile injectable-style clear glass vial, rubber stopper + aluminum crimp seal only. FORBIDDEN: black twist caps, screw caps, dropper bottles. SIGNAGE RULE: premium clean research lab only. No safety placards, no industrial alert graphics, no trefoil icons, no striped floor tape, no danger banners. Do not print alert words on walls, floors, labels, or posters. Only neutral room names and product typography.",Captions MUST be only about BPC-157 / TB-500 (V-WOL-001) and https://www.palmbeach-vitality.store/products/wolverine-stack.,Active,370,,370,Funny,Resilience & Strength
LI-371,vid_gen_landscape_scenes,16:9,vial_10ml_scene,LI-371 — Stacks & Synergy — Cagrilinitide,A slim silver-capped peptide bottle inside a large empty glass terrarium with condensation forming,"16:9 landscape cinematic framing, deep environmental context",Fun mood lighting,"10mL sterile injectable-style glass vial of Cagrilinitide with rubber stopper + aluminum crimp seal (NEVER black twist/screw cap); mid-ground in scene, not extreme macro","10mL sterile injectable-style glass vial with rubber stopper and aluminum crimp seal (NOT screw-cap, NOT black twist cap)",V-CAG-001,Cagrilinitide,https://www.palmbeach-vitality.store/products/cargrilinitide,"LANDSCAPE SCENE (16:9) for workflow vid_gen_landscape_scenes. Source visual+motion: A slim silver-capped peptide bottle inside a large empty glass terrarium with condensation forming, with two identical vials in a perfect staring contest, zero movement. Extreme slow-motion emphasizes every micro-movement of liquid and light. Vibe: Fun. Theme: Stacks & Synergy. Product lock: Cagrilinitide (V-CAG-001). Form: 10mL sterile injectable-style glass vial with rubber stopper and aluminum crimp seal (NOT screw-cap, NOT black twist cap). Camera: 16:9 landscape cinematic framing, deep environmental context. Keep product as part of a full environmental scene — not an isolated void packshot. VIAL SPEC: 10mL sterile injectable-style clear glass vial, rubber stopper + aluminum crimp seal only. FORBIDDEN: black twist caps, screw caps, dropper bottles. SIGNAGE RULE: premium clean research lab only. No safety placards, no industrial alert graphics, no trefoil icons, no striped floor tape, no danger banners. Do not print alert words on walls, floors, labels, or posters. Only neutral room names and product typography.",Captions MUST be only about Cagrilinitide (V-CAG-001) and https://www.palmbeach-vitality.store/products/cargrilinitide.,Active,371,,371,Fun,Stacks & Synergy
LI-372,vid_gen_landscape_scenes,16:9,vial_10ml_scene,LI-372 — Recovery & Healing — CJC (no DAC),A crystal-clear recovery vial inside a large clear ice block that slowly melts away,"16:9 landscape cinematic framing, deep environmental context",Funny mood lighting,"10mL sterile injectable-style glass vial of CJC (no DAC) with rubber stopper + aluminum crimp seal (NEVER black twist/screw cap); mid-ground in scene, not extreme macro","10mL sterile injectable-style glass vial with rubber stopper and aluminum crimp seal (NOT screw-cap, NOT black twist cap)",V-CJC-001,CJC (no DAC),https://www.palmbeach-vitality.store/products/cjc,"LANDSCAPE SCENE (16:9) for workflow vid_gen_landscape_scenes. Source visual+motion: A crystal-clear recovery vial inside a large clear ice block that slowly melts away, while a much larger empty bottle tips over dramatically and the small one stays still. A gentle breeze moves surrounding elements without disturbing the product. Vibe: Funny. Theme: Recovery & Healing. Product lock: CJC (no DAC) (V-CJC-001). Form: 10mL sterile injectable-style glass vial with rubber stopper and aluminum crimp seal (NOT screw-cap, NOT black twist cap). Camera: 16:9 landscape cinematic framing, deep environmental context. Keep product as part of a full environmental scene — not an isolated void packshot. VIAL SPEC: 10mL sterile injectable-style clear glass vial, rubber stopper + aluminum crimp seal only. FORBIDDEN: black twist caps, screw caps, dropper bottles. SIGNAGE RULE: premium clean research lab only. No safety placards, no industrial alert graphics, no trefoil icons, no striped floor tape, no danger banners. Do not print alert words on walls, floors, labels, or posters. Only neutral room names and product typography.",Captions MUST be only about CJC (no DAC) (V-CJC-001) and https://www.palmbeach-vitality.store/products/cjc.,Active,372,,372,Funny,Recovery & Healing
LI-373,vid_gen_landscape_scenes,16:9,vial_10ml_scene,LI-373 — Beach & Ocean — CJC (no DAC)/Ipamorelin,A pure white ceramic-capped vial on volcanic black sand with distant soft lava glow (stylized),"16:9 landscape cinematic framing, deep environmental context",Cool mood lighting,"10mL sterile injectable-style glass vial of CJC (no DAC)/Ipamorelin with rubber stopper + aluminum crimp seal (NEVER black twist/screw cap); mid-ground in scene, not extreme macro","10mL sterile injectable-style glass vial with rubber stopper and aluminum crimp seal (NOT screw-cap, NOT black twist cap)",V-CII-001,CJC (no DAC)/Ipamorelin,https://www.palmbeach-vitality.store/products/cjc-ipamorelin,"LANDSCAPE SCENE (16:9) for workflow vid_gen_landscape_scenes. Source visual+motion: A pure white ceramic-capped vial on volcanic black sand with distant soft lava glow (stylized), as hundreds of tiny light points stream into it from all directions. Reflections and refractions in the glass create secondary visual interest. Vibe: Cool. Theme: Beach & Ocean. Product lock: CJC (no DAC)/Ipamorelin (V-CII-001). Form: 10mL sterile injectable-style glass vial with rubber stopper and aluminum crimp seal (NOT screw-cap, NOT black twist cap). Camera: 16:9 landscape cinematic framing, deep environmental context. Keep product as part of a full environmental scene — not an isolated void packshot. VIAL SPEC: 10mL sterile injectable-style clear glass vial, rubber stopper + aluminum crimp seal only. FORBIDDEN: black twist caps, screw caps, dropper bottles. SIGNAGE RULE: premium clean research lab only. No safety placards, no industrial alert graphics, no trefoil icons, no striped floor tape, no danger banners. Do not print alert words on walls, floors, labels, or posters. Only neutral room names and product typography.",Captions MUST be only about CJC (no DAC)/Ipamorelin (V-CII-001) and https://www.palmbeach-vitality.store/products/cjc-ipamorelin.,Active,373,,373,Cool,Beach & Ocean
LI-374,vid_gen_landscape_scenes,16:9,vial_10ml_scene,LI-374 — Longevity & Anti-Aging — GHK-Cu,A sleek glass peptide vial amidst floating dandelion seeds that orbit then settle,"16:9 landscape cinematic framing, deep environmental context",Dramatic mood lighting,"10mL sterile injectable-style glass vial of GHK-Cu with rubber stopper + aluminum crimp seal (NEVER black twist/screw cap); mid-ground in scene, not extreme macro","10mL sterile injectable-style glass vial with rubber stopper and aluminum crimp seal (NOT screw-cap, NOT black twist cap)",V-GHK-001,GHK-Cu,https://www.palmbeach-vitality.store/products/ghk-cu,"LANDSCAPE SCENE (16:9) for workflow vid_gen_landscape_scenes. Source visual+motion: A sleek glass peptide vial amidst floating dandelion seeds that orbit then settle, slowly rotating on its axis with liquid inside catching light. Deep contrast between the sharp product and soft, dreamy background. Vibe: Dramatic. Theme: Longevity & Anti-Aging. Product lock: GHK-Cu (V-GHK-001). Form: 10mL sterile injectable-style glass vial with rubber stopper and aluminum crimp seal (NOT screw-cap, NOT black twist cap). Camera: 16:9 landscape cinematic framing, deep environmental context. Keep product as part of a full environmental scene — not an isolated void packshot. VIAL SPEC: 10mL sterile injectable-style clear glass vial, rubber stopper + aluminum crimp seal only. FORBIDDEN: black twist caps, screw caps, dropper bottles. SIGNAGE RULE: premium clean research lab only. No safety placards, no industrial alert graphics, no trefoil icons, no striped floor tape, no danger banners. Do not print alert words on walls, floors, labels, or posters. Only neutral room names and product typography.",Captions MUST be only about GHK-Cu (V-GHK-001) and https://www.palmbeach-vitality.store/products/ghk-cu.,Active,374,,374,Dramatic,Longevity & Anti-Aging
LI-375,vid_gen_landscape_scenes,16:9,lab_scene,LI-375 — Focus & Clarity — Selank,A minimalist wellness bottle on a frozen surface that cracks in elegant patterns then seals,"16:9 landscape cinematic framing, deep environmental context",Dramatic mood lighting,scene product lock via typography / subtle mid-ground research material; no extreme close-up packshot,,P-SEL-001,Selank,https://www.palmbeach-vitality.store/products/selank-pen,"LANDSCAPE SCENE (16:9) for workflow vid_gen_landscape_scenes. Source visual+motion: A minimalist wellness bottle on a frozen surface that cracks in elegant patterns then seals, with its label slowly peeling back just enough to hint at a second layer underneath. Golden hour light slides across the surface creating long lens flares. Vibe: Dramatic. Theme: Focus & Clarity. Product lock: Selank (P-SEL-001). Form: research catalog material. Camera: 16:9 landscape cinematic framing, deep environmental context. Keep product as part of a full environmental scene — not an isolated void packshot. SIGNAGE RULE: premium clean research lab only. No safety placards, no industrial alert graphics, no trefoil icons, no striped floor tape, no danger banners. Do not print alert words on walls, floors, labels, or posters. Only neutral room names and product typography.",Captions MUST be only about Selank (P-SEL-001) and https://www.palmbeach-vitality.store/products/selank-pen.,Active,375,,375,Dramatic,Focus & Clarity
LI-376,vid_gen_landscape_scenes,16:9,lab_scene,LI-376 — Beach & Ocean — Sermorelin,A slim silver-capped peptide bottle beside an hourglass where the sand begins flowing upward,"16:9 landscape cinematic framing, deep environmental context",Cool mood lighting,scene product lock via typography / subtle mid-ground research material; no extreme close-up packshot,,P-SER-001,Sermorelin,https://www.palmbeach-vitality.store/products/sermorelin-pen,"LANDSCAPE SCENE (16:9) for workflow vid_gen_landscape_scenes. Source visual+motion: A slim silver-capped peptide bottle beside an hourglass where the sand begins flowing upward, as hundreds of tiny light points stream into it from all directions. The scene has a quiet, almost sacred stillness interrupted only by intentional motion. Vibe: Cool. Theme: Beach & Ocean. Product lock: Sermorelin (P-SER-001). Form: research catalog material. Camera: 16:9 landscape cinematic framing, deep environmental context. Keep product as part of a full environmental scene — not an isolated void packshot. SIGNAGE RULE: premium clean research lab only. No safety placards, no industrial alert graphics, no trefoil icons, no striped floor tape, no danger banners. Do not print alert words on walls, floors, labels, or posters. Only neutral room names and product typography.",Captions MUST be only about Sermorelin (P-SER-001) and https://www.palmbeach-vitality.store/products/sermorelin-pen.,Active,376,,376,Cool,Beach & Ocean
LI-377,vid_gen_landscape_scenes,16:9,vial_10ml_scene,LI-377 — Focus & Clarity — BPC-157 / TB-500 / GHK-Cu,A pure white ceramic-capped vial inside a large empty glass terrarium with condensation forming,"16:9 landscape cinematic framing, deep environmental context",Cool mood lighting,"10mL sterile injectable-style glass vial of BPC-157 / TB-500 / GHK-Cu with rubber stopper + aluminum crimp seal (NEVER black twist/screw cap); mid-ground in scene, not extreme macro","10mL sterile injectable-style glass vial with rubber stopper and aluminum crimp seal (NOT screw-cap, NOT black twist cap)",V-GLO-001,BPC-157 / TB-500 / GHK-Cu,https://www.palmbeach-vitality.store/products/glow,"LANDSCAPE SCENE (16:9) for workflow vid_gen_landscape_scenes. Source visual+motion: A pure white ceramic-capped vial inside a large empty glass terrarium with condensation forming, as a single red drop forms and slowly shapes itself into a heart before falling. Golden hour light slides across the surface creating long lens flares. Vibe: Cool. Theme: Focus & Clarity. Product lock: BPC-157 / TB-500 / GHK-Cu (V-GLO-001). Form: 10mL sterile injectable-style glass vial with rubber stopper and aluminum crimp seal (NOT screw-cap, NOT black twist cap). Camera: 16:9 landscape cinematic framing, deep environmental context. Keep product as part of a full environmental scene — not an isolated void packshot. VIAL SPEC: 10mL sterile injectable-style clear glass vial, rubber stopper + aluminum crimp seal only. FORBIDDEN: black twist caps, screw caps, dropper bottles. SIGNAGE RULE: premium clean research lab only. No safety placards, no industrial alert graphics, no trefoil icons, no striped floor tape, no danger banners. Do not print alert words on walls, floors, labels, or posters. Only neutral room names and product typography.",Captions MUST be only about BPC-157 / TB-500 / GHK-Cu (V-GLO-001) and https://www.palmbeach-vitality.store/products/glow.,Active,377,,377,Cool,Focus & Clarity
LI-378,vid_gen_landscape_scenes,16:9,lab_scene,LI-378 — Energy & Cellular Power — Thymosin Alpha-1,A frosted glass bottle of cellular support on a mountaintop rock with distant clouds drifting past,"16:9 landscape cinematic framing, deep environmental context",Fun mood lighting,scene product lock via typography / subtle mid-ground research material; no extreme close-up packshot,,P-TA1-001,Thymosin Alpha-1,https://www.palmbeach-vitality.store/products/ta-2,"LANDSCAPE SCENE (16:9) for workflow vid_gen_landscape_scenes. Source visual+motion: A frosted glass bottle of cellular support on a mountaintop rock with distant clouds drifting past, with a soft white light pulsing once like a signal. Golden hour light slides across the surface creating long lens flares. Vibe: Fun. Theme: Energy & Cellular Power. Product lock: Thymosin Alpha-1 (P-TA1-001). Form: research catalog material. Camera: 16:9 landscape cinematic framing, deep environmental context. Keep product as part of a full environmental scene — not an isolated void packshot. SIGNAGE RULE: premium clean research lab only. No safety placards, no industrial alert graphics, no trefoil icons, no striped floor tape, no danger banners. Do not print alert words on walls, floors, labels, or posters. Only neutral room names and product typography.",Captions MUST be only about Thymosin Alpha-1 (P-TA1-001) and https://www.palmbeach-vitality.store/products/ta-2.,Active,378,,378,Fun,Energy & Cellular Power
LI-379,vid_gen_landscape_scenes,16:9,lab_scene,LI-379 — Energy & Cellular Power — Tesamorelin,A minimalist wellness bottle nestled among vibrant green moss that densifies in time-lapse,"16:9 landscape cinematic framing, deep environmental context",Dramatic mood lighting,scene product lock via typography / subtle mid-ground research material; no extreme close-up packshot,,P-TES-001,Tesamorelin,https://www.palmbeach-vitality.store/products/tesamorelin-30mg-pen,"LANDSCAPE SCENE (16:9) for workflow vid_gen_landscape_scenes. Source visual+motion: A minimalist wellness bottle nestled among vibrant green moss that densifies in time-lapse, with a soft energy field of particles forming a protective sphere around it. A gentle breeze moves surrounding elements without disturbing the product. Vibe: Dramatic. Theme: Energy & Cellular Power. Product lock: Tesamorelin (P-TES-001). Form: research catalog material. Camera: 16:9 landscape cinematic framing, deep environmental context. Keep product as part of a full environmental scene — not an isolated void packshot. SIGNAGE RULE: premium clean research lab only. No safety placards, no industrial alert graphics, no trefoil icons, no striped floor tape, no danger banners. Do not print alert words on walls, floors, labels, or posters. Only neutral room names and product typography.",Captions MUST be only about Tesamorelin (P-TES-001) and https://www.palmbeach-vitality.store/products/tesamorelin-30mg-pen.,Active,379,,379,Dramatic,Energy & Cellular Power
LI-380,vid_gen_landscape_scenes,16:9,pen_3ml_scene,LI-380 — Recovery & Healing — NAD+,A frosted glass bottle of cellular support on a dark surface while a dim light bulb suddenly reaches full brightness,"16:9 landscape cinematic framing, deep environmental context",Dramatic mood lighting,"3mL research dosage pen of NAD+ as mid-ground hero in the scene (not extreme macro; no injection act, no people)",3mL pre-filled research dosage pen,P-NAD-001,NAD+,https://www.palmbeach-vitality.store/products/nad-pen-500mg,"LANDSCAPE SCENE (16:9) for workflow vid_gen_landscape_scenes. Source visual+motion: A frosted glass bottle of cellular support on a dark surface while a dim light bulb suddenly reaches full brightness, appearing to crack open like ice, revealing brighter liquid within. The environment feels charged, as if responding to the product's presence. Vibe: Dramatic. Theme: Recovery & Healing. Product lock: NAD+ (P-NAD-001). Form: 3mL pre-filled research dosage pen. Camera: 16:9 landscape cinematic framing, deep environmental context. Keep product as part of a full environmental scene — not an isolated void packshot. PEN SPEC: 3mL pre-filled research dosage pen. No injection act, no people, no needles in use. SIGNAGE RULE: premium clean research lab only. No safety placards, no industrial alert graphics, no trefoil icons, no striped floor tape, no danger banners. Do not print alert words on walls, floors, labels, or posters. Only neutral room names and product typography.",Captions MUST be only about NAD+ (P-NAD-001) and https://www.palmbeach-vitality.store/products/nad-pen-500mg.,Active,380,,380,Dramatic,Recovery & Healing
LI-381,vid_gen_landscape_scenes,16:9,pen_3ml_scene,LI-381 — Recovery & Healing — PT-141,A matte-black peptide pen on a kitchen counter as a stick of butter softens and fruit brightens nearby,"16:9 landscape cinematic framing, deep environmental context",Cool mood lighting,"3mL research dosage pen of PT-141 as mid-ground hero in the scene (not extreme macro; no injection act, no people)",3mL pre-filled research dosage pen,P-PT1-001,PT-141,https://www.palmbeach-vitality.store/products/pt-141-pen,"LANDSCAPE SCENE (16:9) for workflow vid_gen_landscape_scenes. Source visual+motion: A matte-black peptide pen on a kitchen counter as a stick of butter softens and fruit brightens nearby, appearing to crack open like ice, revealing brighter liquid within. Golden hour light slides across the surface creating long lens flares. Vibe: Cool. Theme: Recovery & Healing. Product lock: PT-141 (P-PT1-001). Form: 3mL pre-filled research dosage pen. Camera: 16:9 landscape cinematic framing, deep environmental context. Keep product as part of a full environmental scene — not an isolated void packshot. PEN SPEC: 3mL pre-filled research dosage pen. No injection act, no people, no needles in use. SIGNAGE RULE: premium clean research lab only. No safety placards, no industrial alert graphics, no trefoil icons, no striped floor tape, no danger banners. Do not print alert words on walls, floors, labels, or posters. Only neutral room names and product typography.",Captions MUST be only about PT-141 (P-PT1-001) and https://www.palmbeach-vitality.store/products/pt-141-pen.,Active,381,,381,Cool,Recovery & Healing
LI-382,vid_gen_landscape_scenes,16:9,vial_10ml_scene,LI-382 — Energy & Cellular Power — Thymosin Alpha-1,A glowing amber wellness vial inside a large empty glass terrarium with condensation forming,"16:9 landscape cinematic framing, deep environmental context",Cool mood lighting,"10mL sterile injectable-style glass vial of Thymosin Alpha-1 with rubber stopper + aluminum crimp seal (NEVER black twist/screw cap); mid-ground in scene, not extreme macro","10mL sterile injectable-style glass vial with rubber stopper and aluminum crimp seal (NOT screw-cap, NOT black twist cap)",V-TA1-001,Thymosin Alpha-1,https://www.palmbeach-vitality.store/products/ta-1,"LANDSCAPE SCENE (16:9) for workflow vid_gen_landscape_scenes. Source visual+motion: A glowing amber wellness vial inside a large empty glass terrarium with condensation forming, with the bottle standing firm as a small wave repeatedly tries and fails to knock it over. Golden hour light slides across the surface creating long lens flares. Vibe: Cool. Theme: Energy & Cellular Power. Product lock: Thymosin Alpha-1 (V-TA1-001). Form: 10mL sterile injectable-style glass vial with rubber stopper and aluminum crimp seal (NOT screw-cap, NOT black twist cap). Camera: 16:9 landscape cinematic framing, deep environmental context. Keep product as part of a full environmental scene — not an isolated void packshot. VIAL SPEC: 10mL sterile injectable-style clear glass vial, rubber stopper + aluminum crimp seal only. FORBIDDEN: black twist caps, screw caps, dropper bottles. SIGNAGE RULE: premium clean research lab only. No safety placards, no industrial alert graphics, no trefoil icons, no striped floor tape, no danger banners. Do not print alert words on walls, floors, labels, or posters. Only neutral room names and product typography.",Captions MUST be only about Thymosin Alpha-1 (V-TA1-001) and https://www.palmbeach-vitality.store/products/ta-1.,Active,382,,382,Cool,Energy & Cellular Power
LI-383,vid_gen_landscape_scenes,16:9,vial_10ml_scene,LI-383 — Focus & Clarity — AOD-9604,A minimalist wellness bottle on polished black spa stones with steam rising gently,"16:9 landscape cinematic framing, deep environmental context",Cool mood lighting,"10mL sterile injectable-style glass vial of AOD-9604 with rubber stopper + aluminum crimp seal (NEVER black twist/screw cap); mid-ground in scene, not extreme macro","10mL sterile injectable-style glass vial with rubber stopper and aluminum crimp seal (NOT screw-cap, NOT black twist cap)",V-AOD-001,AOD-9604,https://www.palmbeach-vitality.store/products/aod-9604,"LANDSCAPE SCENE (16:9) for workflow vid_gen_landscape_scenes. Source visual+motion: A minimalist wellness bottle on polished black spa stones with steam rising gently, with three vials arranged in a triangle and soft light circulating between them like a circuit. The environment feels charged, as if responding to the product's presence. Vibe: Cool. Theme: Focus & Clarity. Product lock: AOD-9604 (V-AOD-001). Form: 10mL sterile injectable-style glass vial with rubber stopper and aluminum crimp seal (NOT screw-cap, NOT black twist cap). Camera: 16:9 landscape cinematic framing, deep environmental context. Keep product as part of a full environmental scene — not an isolated void packshot. VIAL SPEC: 10mL sterile injectable-style clear glass vial, rubber stopper + aluminum crimp seal only. FORBIDDEN: black twist caps, screw caps, dropper bottles. SIGNAGE RULE: premium clean research lab only. No safety placards, no industrial alert graphics, no trefoil icons, no striped floor tape, no danger banners. Do not print alert words on walls, floors, labels, or posters. Only neutral room names and product typography.",Captions MUST be only about AOD-9604 (V-AOD-001) and https://www.palmbeach-vitality.store/products/aod-9604.,Active,383,,383,Cool,Focus & Clarity
LI-384,vid_gen_landscape_scenes,16:9,vial_10ml_scene,LI-384 — Nature Regeneration — Melanotan 2,A sleek glass peptide vial in complete darkness until a precise light beam illuminates only the label area,"16:9 landscape cinematic framing, deep environmental context",Fun mood lighting,"10mL sterile injectable-style glass vial of Melanotan 2 with rubber stopper + aluminum crimp seal (NEVER black twist/screw cap); mid-ground in scene, not extreme macro","10mL sterile injectable-style glass vial with rubber stopper and aluminum crimp seal (NOT screw-cap, NOT black twist cap)",V-MT2-001,Melanotan 2,https://www.palmbeach-vitality.store/products/melonotan,"LANDSCAPE SCENE (16:9) for workflow vid_gen_landscape_scenes. Source visual+motion: A sleek glass peptide vial in complete darkness until a precise light beam illuminates only the label area, while a soft pulse of light travels from bottom to top like a heartbeat. The scene has a quiet, almost sacred stillness interrupted only by intentional motion. Vibe: Fun. Theme: Nature Regeneration. Product lock: Melanotan 2 (V-MT2-001). Form: 10mL sterile injectable-style glass vial with rubber stopper and aluminum crimp seal (NOT screw-cap, NOT black twist cap). Camera: 16:9 landscape cinematic framing, deep environmental context. Keep product as part of a full environmental scene — not an isolated void packshot. VIAL SPEC: 10mL sterile injectable-style clear glass vial, rubber stopper + aluminum crimp seal only. FORBIDDEN: black twist caps, screw caps, dropper bottles. SIGNAGE RULE: premium clean research lab only. No safety placards, no industrial alert graphics, no trefoil icons, no striped floor tape, no danger banners. Do not print alert words on walls, floors, labels, or posters. Only neutral room names and product typography.",Captions MUST be only about Melanotan 2 (V-MT2-001) and https://www.palmbeach-vitality.store/products/melonotan.,Active,384,,384,Fun,Nature Regeneration
LI-385,vid_gen_landscape_scenes,16:9,vial_10ml_scene,LI-385 — Beach & Ocean — Retatrutide,A sleek glass peptide vial half-buried in fine sand until a soft breeze fully reveals it,"16:9 landscape cinematic framing, deep environmental context",Cool mood lighting,"10mL sterile injectable-style glass vial of Retatrutide with rubber stopper + aluminum crimp seal (NEVER black twist/screw cap); mid-ground in scene, not extreme macro","10mL sterile injectable-style glass vial with rubber stopper and aluminum crimp seal (NOT screw-cap, NOT black twist cap)",V-RET-001,Retatrutide,https://www.palmbeach-vitality.store/products/retatrutide,"LANDSCAPE SCENE (16:9) for workflow vid_gen_landscape_scenes. Source visual+motion: A sleek glass peptide vial half-buried in fine sand until a soft breeze fully reveals it, as the liquid inside becomes visibly thinner and more fluid in motion. Reflections and refractions in the glass create secondary visual interest. Vibe: Cool. Theme: Beach & Ocean. Product lock: Retatrutide (V-RET-001). Form: 10mL sterile injectable-style glass vial with rubber stopper and aluminum crimp seal (NOT screw-cap, NOT black twist cap). Camera: 16:9 landscape cinematic framing, deep environmental context. Keep product as part of a full environmental scene — not an isolated void packshot. VIAL SPEC: 10mL sterile injectable-style clear glass vial, rubber stopper + aluminum crimp seal only. FORBIDDEN: black twist caps, screw caps, dropper bottles. SIGNAGE RULE: premium clean research lab only. No safety placards, no industrial alert graphics, no trefoil icons, no striped floor tape, no danger banners. Do not print alert words on walls, floors, labels, or posters. Only neutral room names and product typography.",Captions MUST be only about Retatrutide (V-RET-001) and https://www.palmbeach-vitality.store/products/retatrutide.,Active,385,,385,Cool,Beach & Ocean
LI-386,vid_gen_landscape_scenes,16:9,vial_10ml_scene,LI-386 — Beach & Ocean — Tirzepatide,A precision-dosed peptide vial resting on a weathered wooden pier post at blue hour with water reflections,"16:9 landscape cinematic framing, deep environmental context",Dramatic mood lighting,"10mL sterile injectable-style glass vial of Tirzepatide with rubber stopper + aluminum crimp seal (NEVER black twist/screw cap); mid-ground in scene, not extreme macro","10mL sterile injectable-style glass vial with rubber stopper and aluminum crimp seal (NOT screw-cap, NOT black twist cap)",V-TIR-001,Tirzepatide,https://www.palmbeach-vitality.store/products/tirzepatide,"LANDSCAPE SCENE (16:9) for workflow vid_gen_landscape_scenes. Source visual+motion: A precision-dosed peptide vial resting on a weathered wooden pier post at blue hour with water reflections, while a soft pulse of light travels from bottom to top like a heartbeat. The scene has a quiet, almost sacred stillness interrupted only by intentional motion. Vibe: Dramatic. Theme: Beach & Ocean. Product lock: Tirzepatide (V-TIR-001). Form: 10mL sterile injectable-style glass vial with rubber stopper and aluminum crimp seal (NOT screw-cap, NOT black twist cap). Camera: 16:9 landscape cinematic framing, deep environmental context. Keep product as part of a full environmental scene — not an isolated void packshot. VIAL SPEC: 10mL sterile injectable-style clear glass vial, rubber stopper + aluminum crimp seal only. FORBIDDEN: black twist caps, screw caps, dropper bottles. SIGNAGE RULE: premium clean research lab only. No safety placards, no industrial alert graphics, no trefoil icons, no striped floor tape, no danger banners. Do not print alert words on walls, floors, labels, or posters. Only neutral room names and product typography.",Captions MUST be only about Tirzepatide (V-TIR-001) and https://www.palmbeach-vitality.store/products/tirzepatide.,Active,386,,386,Dramatic,Beach & Ocean
LI-387,vid_gen_landscape_scenes,16:9,pen_3ml_scene,LI-387 — Nature Regeneration — Semax,A frosted glass bottle of cellular support on a tree stump as soft mushrooms appear and grow in time-lapse nearby,"16:9 landscape cinematic framing, deep environmental context",Fun mood lighting,"3mL research dosage pen of Semax as mid-ground hero in the scene (not extreme macro; no injection act, no people)",3mL pre-filled research dosage pen,P-SMX-001,Semax,https://www.palmbeach-vitality.store/products/semax-pen,"LANDSCAPE SCENE (16:9) for workflow vid_gen_landscape_scenes. Source visual+motion: A frosted glass bottle of cellular support on a tree stump as soft mushrooms appear and grow in time-lapse nearby, with the bottle slowly spinning faster then abruptly stopping in perfect frame. Time-lapse growth and repair happens in the periphery only. Vibe: Fun. Theme: Nature Regeneration. Product lock: Semax (P-SMX-001). Form: 3mL pre-filled research dosage pen. Camera: 16:9 landscape cinematic framing, deep environmental context. Keep product as part of a full environmental scene — not an isolated void packshot. PEN SPEC: 3mL pre-filled research dosage pen. No injection act, no people, no needles in use. SIGNAGE RULE: premium clean research lab only. No safety placards, no industrial alert graphics, no trefoil icons, no striped floor tape, no danger banners. Do not print alert words on walls, floors, labels, or posters. Only neutral room names and product typography.",Captions MUST be only about Semax (P-SMX-001) and https://www.palmbeach-vitality.store/products/semax-pen.,Active,387,,387,Fun,Nature Regeneration
LI-388,vid_gen_landscape_scenes,16:9,vial_10ml_scene,LI-388 — Recovery & Healing — Semaglutide,A precision-dosed peptide vial next to a fading photograph that regains color and sharpness,"16:9 landscape cinematic framing, deep environmental context",Funny mood lighting,"10mL sterile injectable-style glass vial of Semaglutide with rubber stopper + aluminum crimp seal (NEVER black twist/screw cap); mid-ground in scene, not extreme macro","10mL sterile injectable-style glass vial with rubber stopper and aluminum crimp seal (NOT screw-cap, NOT black twist cap)",V-SEM-001,Semaglutide,https://www.palmbeach-vitality.store/products/semaglutide,"LANDSCAPE SCENE (16:9) for workflow vid_gen_landscape_scenes. Source visual+motion: A precision-dosed peptide vial next to a fading photograph that regains color and sharpness, leaning almost to the point of tipping then correcting itself. Soft volumetric god-rays cut through the scene. Vibe: Funny. Theme: Recovery & Healing. Product lock: Semaglutide (V-SEM-001). Form: 10mL sterile injectable-style glass vial with rubber stopper and aluminum crimp seal (NOT screw-cap, NOT black twist cap). Camera: 16:9 landscape cinematic framing, deep environmental context. Keep product as part of a full environmental scene — not an isolated void packshot. VIAL SPEC: 10mL sterile injectable-style clear glass vial, rubber stopper + aluminum crimp seal only. FORBIDDEN: black twist caps, screw caps, dropper bottles. SIGNAGE RULE: premium clean research lab only. No safety placards, no industrial alert graphics, no trefoil icons, no striped floor tape, no danger banners. Do not print alert words on walls, floors, labels, or posters. Only neutral room names and product typography.",Captions MUST be only about Semaglutide (V-SEM-001) and https://www.palmbeach-vitality.store/products/semaglutide.,Active,388,,388,Funny,Recovery & Healing
LI-389,vid_gen_landscape_scenes,16:9,vial_10ml_scene,LI-389 — Abstract Cellular — KPV / BPC-157 / TB-500 / GHK-Cu,A glowing amber wellness vial in complete darkness until a precise light beam illuminates only the label area,"16:9 landscape cinematic framing, deep environmental context",Fun mood lighting,"10mL sterile injectable-style glass vial of KPV / BPC-157 / TB-500 / GHK-Cu with rubber stopper + aluminum crimp seal (NEVER black twist/screw cap); mid-ground in scene, not extreme macro","10mL sterile injectable-style glass vial with rubber stopper and aluminum crimp seal (NOT screw-cap, NOT black twist cap)",V-KLO-001,KPV / BPC-157 / TB-500 / GHK-Cu,https://www.palmbeach-vitality.store/products/klow-kpv-bpc-157-tb-500-ghk,"LANDSCAPE SCENE (16:9) for workflow vid_gen_landscape_scenes. Source visual+motion: A glowing amber wellness vial in complete darkness until a precise light beam illuminates only the label area, while soft white powder explodes outward then reforms into the bottle shape. The environment feels charged, as if responding to the product's presence. Vibe: Fun. Theme: Abstract Cellular. Product lock: KPV / BPC-157 / TB-500 / GHK-Cu (V-KLO-001). Form: 10mL sterile injectable-style glass vial with rubber stopper and aluminum crimp seal (NOT screw-cap, NOT black twist cap). Camera: 16:9 landscape cinematic framing, deep environmental context. Keep product as part of a full environmental scene — not an isolated void packshot. VIAL SPEC: 10mL sterile injectable-style clear glass vial, rubber stopper + aluminum crimp seal only. FORBIDDEN: black twist caps, screw caps, dropper bottles. SIGNAGE RULE: premium clean research lab only. No safety placards, no industrial alert graphics, no trefoil icons, no striped floor tape, no danger banners. Do not print alert words on walls, floors, labels, or posters. Only neutral room names and product typography.",Captions MUST be only about KPV / BPC-157 / TB-500 / GHK-Cu (V-KLO-001) and https://www.palmbeach-vitality.store/products/klow-kpv-bpc-157-tb-500-ghk.,Active,389,,389,Fun,Abstract Cellular
LI-390,vid_gen_landscape_scenes,16:9,vial_10ml_scene,LI-390 — Longevity & Anti-Aging — MOTS-C,A sleek glass peptide vial in a field of tall grass that parts and sways around it,"16:9 landscape cinematic framing, deep environmental context",Fun mood lighting,"10mL sterile injectable-style glass vial of MOTS-C with rubber stopper + aluminum crimp seal (NEVER black twist/screw cap); mid-ground in scene, not extreme macro","10mL sterile injectable-style glass vial with rubber stopper and aluminum crimp seal (NOT screw-cap, NOT black twist cap)",V-MOT-001,MOTS-C,https://www.palmbeach-vitality.store/products/mots-c-10mg-5ml-vial,"LANDSCAPE SCENE (16:9) for workflow vid_gen_landscape_scenes. Source visual+motion: A sleek glass peptide vial in a field of tall grass that parts and sways around it, as the liquid inside becomes visibly thinner and more fluid in motion. Subtle particle systems (dust, pollen, mist) interact gracefully with the vial. Vibe: Fun. Theme: Longevity & Anti-Aging. Product lock: MOTS-C (V-MOT-001). Form: 10mL sterile injectable-style glass vial with rubber stopper and aluminum crimp seal (NOT screw-cap, NOT black twist cap). Camera: 16:9 landscape cinematic framing, deep environmental context. Keep product as part of a full environmental scene — not an isolated void packshot. VIAL SPEC: 10mL sterile injectable-style clear glass vial, rubber stopper + aluminum crimp seal only. FORBIDDEN: black twist caps, screw caps, dropper bottles. SIGNAGE RULE: premium clean research lab only. No safety placards, no industrial alert graphics, no trefoil icons, no striped floor tape, no danger banners. Do not print alert words on walls, floors, labels, or posters. Only neutral room names and product typography.",Captions MUST be only about MOTS-C (V-MOT-001) and https://www.palmbeach-vitality.store/products/mots-c-10mg-5ml-vial.,Active,390,,390,Fun,Longevity & Anti-Aging
LI-391,vid_gen_landscape_scenes,16:9,vial_10ml_scene,LI-391 — Resilience & Strength — NAD+,A precision-dosed peptide vial inside a large empty glass terrarium with condensation forming,"16:9 landscape cinematic framing, deep environmental context",Fun mood lighting,"10mL sterile injectable-style glass vial of NAD+ with rubber stopper + aluminum crimp seal (NEVER black twist/screw cap); mid-ground in scene, not extreme macro","10mL sterile injectable-style glass vial with rubber stopper and aluminum crimp seal (NOT screw-cap, NOT black twist cap)",V-NAD-001,NAD+,https://www.palmbeach-vitality.store/products/nad-1,"LANDSCAPE SCENE (16:9) for workflow vid_gen_landscape_scenes. Source visual+motion: A precision-dosed peptide vial inside a large empty glass terrarium with condensation forming, with the product perfectly balanced on the edge of a surface that looks unstable. Deep contrast between the sharp product and soft, dreamy background. Vibe: Fun. Theme: Resilience & Strength. Product lock: NAD+ (V-NAD-001). Form: 10mL sterile injectable-style glass vial with rubber stopper and aluminum crimp seal (NOT screw-cap, NOT black twist cap). Camera: 16:9 landscape cinematic framing, deep environmental context. Keep product as part of a full environmental scene — not an isolated void packshot. VIAL SPEC: 10mL sterile injectable-style clear glass vial, rubber stopper + aluminum crimp seal only. FORBIDDEN: black twist caps, screw caps, dropper bottles. SIGNAGE RULE: premium clean research lab only. No safety placards, no industrial alert graphics, no trefoil icons, no striped floor tape, no danger banners. Do not print alert words on walls, floors, labels, or posters. Only neutral room names and product typography.",Captions MUST be only about NAD+ (V-NAD-001) and https://www.palmbeach-vitality.store/products/nad-1.,Active,391,,391,Fun,Resilience & Strength
LI-392,vid_gen_landscape_scenes,16:9,lab_scene,LI-392 — Abstract Cellular — Tesamorelin/Ipamorelin,A minimalist wellness bottle on a circular platform of polished copper that warms with a soft glow,"16:9 landscape cinematic framing, deep environmental context",Dramatic mood lighting,scene product lock via typography / subtle mid-ground research material; no extreme close-up packshot,,P-TEI-001,Tesamorelin/Ipamorelin,https://www.palmbeach-vitality.store/products/tesamorelin-ipamorelin-pen,"LANDSCAPE SCENE (16:9) for workflow vid_gen_landscape_scenes. Source visual+motion: A minimalist wellness bottle on a circular platform of polished copper that warms with a soft glow, with fine gold leaf or particles adhering then releasing in slow motion. Extreme slow-motion emphasizes every micro-movement of liquid and light. Vibe: Dramatic. Theme: Abstract Cellular. Product lock: Tesamorelin/Ipamorelin (P-TEI-001). Form: research catalog material. Camera: 16:9 landscape cinematic framing, deep environmental context. Keep product as part of a full environmental scene — not an isolated void packshot. SIGNAGE RULE: premium clean research lab only. No safety placards, no industrial alert graphics, no trefoil icons, no striped floor tape, no danger banners. Do not print alert words on walls, floors, labels, or posters. Only neutral room names and product typography.",Captions MUST be only about Tesamorelin/Ipamorelin (P-TEI-001) and https://www.palmbeach-vitality.store/products/tesamorelin-ipamorelin-pen.,Active,392,,392,Dramatic,Abstract Cellular
LI-393,vid_gen_landscape_scenes,16:9,vial_10ml_scene,LI-393 — Abstract Cellular — PT-141,A crystal-clear recovery vial next to a fading photograph that regains color and sharpness,"16:9 landscape cinematic framing, deep environmental context",Funny mood lighting,"10mL sterile injectable-style glass vial of PT-141 with rubber stopper + aluminum crimp seal (NEVER black twist/screw cap); mid-ground in scene, not extreme macro","10mL sterile injectable-style glass vial with rubber stopper and aluminum crimp seal (NOT screw-cap, NOT black twist cap)",V-PT1-001,PT-141,https://www.palmbeach-vitality.store/products/pt-141,"LANDSCAPE SCENE (16:9) for workflow vid_gen_landscape_scenes. Source visual+motion: A crystal-clear recovery vial next to a fading photograph that regains color and sharpness, with its label slowly peeling back just enough to hint at a second layer underneath. Deep contrast between the sharp product and soft, dreamy background. Vibe: Funny. Theme: Abstract Cellular. Product lock: PT-141 (V-PT1-001). Form: 10mL sterile injectable-style glass vial with rubber stopper and aluminum crimp seal (NOT screw-cap, NOT black twist cap). Camera: 16:9 landscape cinematic framing, deep environmental context. Keep product as part of a full environmental scene — not an isolated void packshot. VIAL SPEC: 10mL sterile injectable-style clear glass vial, rubber stopper + aluminum crimp seal only. FORBIDDEN: black twist caps, screw caps, dropper bottles. SIGNAGE RULE: premium clean research lab only. No safety placards, no industrial alert graphics, no trefoil icons, no striped floor tape, no danger banners. Do not print alert words on walls, floors, labels, or posters. Only neutral room names and product typography.",Captions MUST be only about PT-141 (V-PT1-001) and https://www.palmbeach-vitality.store/products/pt-141.,Active,393,,393,Funny,Abstract Cellular
LI-394,vid_gen_landscape_scenes,16:9,lab_scene,LI-394 — Abstract Cellular — BPC-157,A minimalist wellness bottle on a smooth river stone while clear water flows in soft ribbons around it,"16:9 landscape cinematic framing, deep environmental context",Fun mood lighting,scene product lock via typography / subtle mid-ground research material; no extreme close-up packshot,,P-BPC-001,BPC-157,https://www.palmbeach-vitality.store/products/bpc-157-pen,"LANDSCAPE SCENE (16:9) for workflow vid_gen_landscape_scenes. Source visual+motion: A minimalist wellness bottle on a smooth river stone while clear water flows in soft ribbons around it, slowly rotating on its axis with liquid inside catching light. Extreme slow-motion emphasizes every micro-movement of liquid and light. Vibe: Fun. Theme: Abstract Cellular. Product lock: BPC-157 (P-BPC-001). Form: research catalog material. Camera: 16:9 landscape cinematic framing, deep environmental context. Keep product as part of a full environmental scene — not an isolated void packshot. SIGNAGE RULE: premium clean research lab only. No safety placards, no industrial alert graphics, no trefoil icons, no striped floor tape, no danger banners. Do not print alert words on walls, floors, labels, or posters. Only neutral room names and product typography.",Captions MUST be only about BPC-157 (P-BPC-001) and https://www.palmbeach-vitality.store/products/bpc-157-pen.,Active,394,,394,Fun,Abstract Cellular
LI-395,vid_gen_landscape_scenes,16:9,lab_scene,LI-395 — Nature Regeneration — BPC-157 / TB-500,A frosted glass bottle of cellular support nestled among vibrant green moss that densifies in time-lapse,"16:9 landscape cinematic framing, deep environmental context",Fun mood lighting,scene product lock via typography / subtle mid-ground research material; no extreme close-up packshot,,P-WOL-001,BPC-157 / TB-500,https://www.palmbeach-vitality.store/products/wolverine-pen,"LANDSCAPE SCENE (16:9) for workflow vid_gen_landscape_scenes. Source visual+motion: A frosted glass bottle of cellular support nestled among vibrant green moss that densifies in time-lapse, leaning almost to the point of tipping then correcting itself. Soft volumetric god-rays cut through the scene. Vibe: Fun. Theme: Nature Regeneration. Product lock: BPC-157 / TB-500 (P-WOL-001). Form: research catalog material. Camera: 16:9 landscape cinematic framing, deep environmental context. Keep product as part of a full environmental scene — not an isolated void packshot. SIGNAGE RULE: premium clean research lab only. No safety placards, no industrial alert graphics, no trefoil icons, no striped floor tape, no danger banners. Do not print alert words on walls, floors, labels, or posters. Only neutral room names and product typography.",Captions MUST be only about BPC-157 / TB-500 (P-WOL-001) and https://www.palmbeach-vitality.store/products/wolverine-pen.,Active,395,,395,Fun,Nature Regeneration
LI-396,vid_gen_landscape_scenes,16:9,vial_10ml_scene,LI-396 — Recovery & Healing — Selank,A pure white ceramic-capped vial inside a large empty glass terrarium with condensation forming,"16:9 landscape cinematic framing, deep environmental context",Cool mood lighting,"10mL sterile injectable-style glass vial of Selank with rubber stopper + aluminum crimp seal (NEVER black twist/screw cap); mid-ground in scene, not extreme macro","10mL sterile injectable-style glass vial with rubber stopper and aluminum crimp seal (NOT screw-cap, NOT black twist cap)",V-SEL-001,Selank,https://www.palmbeach-vitality.store/products/selank,"LANDSCAPE SCENE (16:9) for workflow vid_gen_landscape_scenes. Source visual+motion: A pure white ceramic-capped vial inside a large empty glass terrarium with condensation forming, as microscopic bubbles form, rise, and vanish in elegant patterns. Deep contrast between the sharp product and soft, dreamy background. Vibe: Cool. Theme: Recovery & Healing. Product lock: Selank (V-SEL-001). Form: 10mL sterile injectable-style glass vial with rubber stopper and aluminum crimp seal (NOT screw-cap, NOT black twist cap). Camera: 16:9 landscape cinematic framing, deep environmental context. Keep product as part of a full environmental scene — not an isolated void packshot. VIAL SPEC: 10mL sterile injectable-style clear glass vial, rubber stopper + aluminum crimp seal only. FORBIDDEN: black twist caps, screw caps, dropper bottles. SIGNAGE RULE: premium clean research lab only. No safety placards, no industrial alert graphics, no trefoil icons, no striped floor tape, no danger banners. Do not print alert words on walls, floors, labels, or posters. Only neutral room names and product typography.",Captions MUST be only about Selank (V-SEL-001) and https://www.palmbeach-vitality.store/products/selank.,Active,396,,396,Cool,Recovery & Healing
LI-397,vid_gen_landscape_scenes,16:9,vial_10ml_scene,LI-397 — Focus & Clarity — Sermorelin,A sleek glass peptide vial next to a cloudy glass of water that suddenly becomes crystal clear,"16:9 landscape cinematic framing, deep environmental context",Cool mood lighting,"10mL sterile injectable-style glass vial of Sermorelin with rubber stopper + aluminum crimp seal (NEVER black twist/screw cap); mid-ground in scene, not extreme macro","10mL sterile injectable-style glass vial with rubber stopper and aluminum crimp seal (NOT screw-cap, NOT black twist cap)",V-SER-001,Sermorelin,https://www.palmbeach-vitality.store/products/sermorelin,"LANDSCAPE SCENE (16:9) for workflow vid_gen_landscape_scenes. Source visual+motion: A sleek glass peptide vial next to a cloudy glass of water that suddenly becomes crystal clear, as a single red drop forms and slowly shapes itself into a heart before falling. Deep contrast between the sharp product and soft, dreamy background. Vibe: Cool. Theme: Focus & Clarity. Product lock: Sermorelin (V-SER-001). Form: 10mL sterile injectable-style glass vial with rubber stopper and aluminum crimp seal (NOT screw-cap, NOT black twist cap). Camera: 16:9 landscape cinematic framing, deep environmental context. Keep product as part of a full environmental scene — not an isolated void packshot. VIAL SPEC: 10mL sterile injectable-style clear glass vial, rubber stopper + aluminum crimp seal only. FORBIDDEN: black twist caps, screw caps, dropper bottles. SIGNAGE RULE: premium clean research lab only. No safety placards, no industrial alert graphics, no trefoil icons, no striped floor tape, no danger banners. Do not print alert words on walls, floors, labels, or posters. Only neutral room names and product typography.",Captions MUST be only about Sermorelin (V-SER-001) and https://www.palmbeach-vitality.store/products/sermorelin.,Active,397,,397,Cool,Focus & Clarity
LI-398,vid_gen_landscape_scenes,16:9,pen_3ml_scene,LI-398 — Abstract Cellular — Selank,A matte-black peptide pen on a mirror surface that reflects infinite versions of itself,"16:9 landscape cinematic framing, deep environmental context",Dramatic mood lighting,"3mL research dosage pen of Selank as mid-ground hero in the scene (not extreme macro; no injection act, no people)",3mL pre-filled research dosage pen,P-SEL-001,Selank,https://www.palmbeach-vitality.store/products/selank-pen,"LANDSCAPE SCENE (16:9) for workflow vid_gen_landscape_scenes. Source visual+motion: A matte-black peptide pen on a mirror surface that reflects infinite versions of itself, with a soft energy field of particles forming a protective sphere around it. A gentle breeze moves surrounding elements without disturbing the product. Vibe: Dramatic. Theme: Abstract Cellular. Product lock: Selank (P-SEL-001). Form: 3mL pre-filled research dosage pen. Camera: 16:9 landscape cinematic framing, deep environmental context. Keep product as part of a full environmental scene — not an isolated void packshot. PEN SPEC: 3mL pre-filled research dosage pen. No injection act, no people, no needles in use. SIGNAGE RULE: premium clean research lab only. No safety placards, no industrial alert graphics, no trefoil icons, no striped floor tape, no danger banners. Do not print alert words on walls, floors, labels, or posters. Only neutral room names and product typography.",Captions MUST be only about Selank (P-SEL-001) and https://www.palmbeach-vitality.store/products/selank-pen.,Active,398,,398,Dramatic,Abstract Cellular
LI-399,vid_gen_landscape_scenes,16:9,lab_scene,LI-399 — Recovery & Healing — CJC (no DAC)/Ipamorelin,A frosted glass bottle of cellular support beside a melting ice cube that reforms into a perfect clear sphere,"16:9 landscape cinematic framing, deep environmental context",Cool mood lighting,scene product lock via typography / subtle mid-ground research material; no extreme close-up packshot,,P-CII-001,CJC (no DAC)/Ipamorelin,https://www.palmbeach-vitality.store/products/cjc-ipamorelin-1,"LANDSCAPE SCENE (16:9) for workflow vid_gen_landscape_scenes. Source visual+motion: A frosted glass bottle of cellular support beside a melting ice cube that reforms into a perfect clear sphere, while the liquid level inside appears to rise slightly on its own. A gentle breeze moves surrounding elements without disturbing the product. Vibe: Cool. Theme: Recovery & Healing. Product lock: CJC (no DAC)/Ipamorelin (P-CII-001). Form: research catalog material. Camera: 16:9 landscape cinematic framing, deep environmental context. Keep product as part of a full environmental scene — not an isolated void packshot. SIGNAGE RULE: premium clean research lab only. No safety placards, no industrial alert graphics, no trefoil icons, no striped floor tape, no danger banners. Do not print alert words on walls, floors, labels, or posters. Only neutral room names and product typography.",Captions MUST be only about CJC (no DAC)/Ipamorelin (P-CII-001) and https://www.palmbeach-vitality.store/products/cjc-ipamorelin-1.,Active,399,,399,Cool,Recovery & Healing
LI-400,vid_gen_landscape_scenes,16:9,vial_10ml_scene,LI-400 — Abstract Cellular — SS-31,A frosted glass bottle of cellular support in light rain while every surrounding surface gets wet but the bottle stays dry,"16:9 landscape cinematic framing, deep environmental context",Cool mood lighting,"10mL sterile injectable-style glass vial of SS-31 with rubber stopper + aluminum crimp seal (NEVER black twist/screw cap); mid-ground in scene, not extreme macro","10mL sterile injectable-style glass vial with rubber stopper and aluminum crimp seal (NOT screw-cap, NOT black twist cap)",V-SS3-001,SS-31,https://www.palmbeach-vitality.store/products/ss-31,"LANDSCAPE SCENE (16:9) for workflow vid_gen_landscape_scenes. Source visual+motion: A frosted glass bottle of cellular support in light rain while every surrounding surface gets wet but the bottle stays dry, while the background subtly accelerates in time-lapse around the still product. Subtle particle systems (dust, pollen, mist) interact gracefully with the vial. Vibe: Cool. Theme: Abstract Cellular. Product lock: SS-31 (V-SS3-001). Form: 10mL sterile injectable-style glass vial with rubber stopper and aluminum crimp seal (NOT screw-cap, NOT black twist cap). Camera: 16:9 landscape cinematic framing, deep environmental context. Keep product as part of a full environmental scene — not an isolated void packshot. VIAL SPEC: 10mL sterile injectable-style clear glass vial, rubber stopper + aluminum crimp seal only. FORBIDDEN: black twist caps, screw caps, dropper bottles. SIGNAGE RULE: premium clean research lab only. No safety placards, no industrial alert graphics, no trefoil icons, no striped floor tape, no danger banners. Do not print alert words on walls, floors, labels, or posters. Only neutral room names and product typography.",Captions MUST be only about SS-31 (V-SS3-001) and https://www.palmbeach-vitality.store/products/ss-31.,Active,400,,400,Cool,Abstract Cellular
LI-401,vid_gen_landscape_scenes,16:9,lab_scene,LI-401 — Stacks & Synergy — DSIP,A frosted glass bottle of cellular support against a background that shifts from deep ocean blue to electric violet,"16:9 landscape cinematic framing, deep environmental context",Dramatic mood lighting,scene product lock via typography / subtle mid-ground research material; no extreme close-up packshot,,P-DSI-001,DSIP,https://www.palmbeach-vitality.store/products/dsip-pen,"LANDSCAPE SCENE (16:9) for workflow vid_gen_landscape_scenes. Source visual+motion: A frosted glass bottle of cellular support against a background that shifts from deep ocean blue to electric violet, while the liquid level inside appears to rise slightly on its own. The scene has a quiet, almost sacred stillness interrupted only by intentional motion. Vibe: Dramatic. Theme: Stacks & Synergy. Product lock: DSIP (P-DSI-001). Form: research catalog material. Camera: 16:9 landscape cinematic framing, deep environmental context. Keep product as part of a full environmental scene — not an isolated void packshot. SIGNAGE RULE: premium clean research lab only. No safety placards, no industrial alert graphics, no trefoil icons, no striped floor tape, no danger banners. Do not print alert words on walls, floors, labels, or posters. Only neutral room names and product typography.",Captions MUST be only about DSIP (P-DSI-001) and https://www.palmbeach-vitality.store/products/dsip-pen.,Active,401,,401,Dramatic,Stacks & Synergy
LI-402,vid_gen_landscape_scenes,16:9,lab_scene,LI-402 — Nature Regeneration — GHK-Cu,A minimalist wellness bottle on a cracked dry leaf that unfurls and turns lush green beside it,"16:9 landscape cinematic framing, deep environmental context",Fun mood lighting,scene product lock via typography / subtle mid-ground research material; no extreme close-up packshot,,P-GHK-001,GHK-Cu,https://www.palmbeach-vitality.store/products/ghk-cu-pen,"LANDSCAPE SCENE (16:9) for workflow vid_gen_landscape_scenes. Source visual+motion: A minimalist wellness bottle on a cracked dry leaf that unfurls and turns lush green beside it, while the background subtly accelerates in time-lapse around the still product. Golden hour light slides across the surface creating long lens flares. Vibe: Fun. Theme: Nature Regeneration. Product lock: GHK-Cu (P-GHK-001). Form: research catalog material. Camera: 16:9 landscape cinematic framing, deep environmental context. Keep product as part of a full environmental scene — not an isolated void packshot. SIGNAGE RULE: premium clean research lab only. No safety placards, no industrial alert graphics, no trefoil icons, no striped floor tape, no danger banners. Do not print alert words on walls, floors, labels, or posters. Only neutral room names and product typography.",Captions MUST be only about GHK-Cu (P-GHK-001) and https://www.palmbeach-vitality.store/products/ghk-cu-pen.,Active,402,,402,Fun,Nature Regeneration
LI-403,vid_gen_landscape_scenes,16:9,vial_10ml_scene,LI-403 — Beach & Ocean — TB-500,A high-clarity research-grade vial next to a fading photograph that regains color and sharpness,"16:9 landscape cinematic framing, deep environmental context",Funny mood lighting,"10mL sterile injectable-style glass vial of TB-500 with rubber stopper + aluminum crimp seal (NEVER black twist/screw cap); mid-ground in scene, not extreme macro","10mL sterile injectable-style glass vial with rubber stopper and aluminum crimp seal (NOT screw-cap, NOT black twist cap)",V-TB5-001,TB-500,https://www.palmbeach-vitality.store/products/tb-500,"LANDSCAPE SCENE (16:9) for workflow vid_gen_landscape_scenes. Source visual+motion: A high-clarity research-grade vial next to a fading photograph that regains color and sharpness, with two identical vials in a perfect staring contest, zero movement. Subtle particle systems (dust, pollen, mist) interact gracefully with the vial. Vibe: Funny. Theme: Beach & Ocean. Product lock: TB-500 (V-TB5-001). Form: 10mL sterile injectable-style glass vial with rubber stopper and aluminum crimp seal (NOT screw-cap, NOT black twist cap). Camera: 16:9 landscape cinematic framing, deep environmental context. Keep product as part of a full environmental scene — not an isolated void packshot. VIAL SPEC: 10mL sterile injectable-style clear glass vial, rubber stopper + aluminum crimp seal only. FORBIDDEN: black twist caps, screw caps, dropper bottles. SIGNAGE RULE: premium clean research lab only. No safety placards, no industrial alert graphics, no trefoil icons, no striped floor tape, no danger banners. Do not print alert words on walls, floors, labels, or posters. Only neutral room names and product typography.",Captions MUST be only about TB-500 (V-TB5-001) and https://www.palmbeach-vitality.store/products/tb-500.,Active,403,,403,Funny,Beach & Ocean
LI-404,vid_gen_landscape_scenes,16:9,pen_3ml_scene,LI-404 — Abstract Cellular — Sermorelin,A frosted glass bottle of cellular support beside a deflated balloon that slowly reinflates to full shape,"16:9 landscape cinematic framing, deep environmental context",Funny mood lighting,"3mL research dosage pen of Sermorelin as mid-ground hero in the scene (not extreme macro; no injection act, no people)",3mL pre-filled research dosage pen,P-SER-001,Sermorelin,https://www.palmbeach-vitality.store/products/sermorelin-pen,"LANDSCAPE SCENE (16:9) for workflow vid_gen_landscape_scenes. Source visual+motion: A frosted glass bottle of cellular support beside a deflated balloon that slowly reinflates to full shape, as the product seems to age backward — surface becomes cleaner and brighter. Time-lapse growth and repair happens in the periphery only. Vibe: Funny. Theme: Abstract Cellular. Product lock: Sermorelin (P-SER-001). Form: 3mL pre-filled research dosage pen. Camera: 16:9 landscape cinematic framing, deep environmental context. Keep product as part of a full environmental scene — not an isolated void packshot. PEN SPEC: 3mL pre-filled research dosage pen. No injection act, no people, no needles in use. SIGNAGE RULE: premium clean research lab only. No safety placards, no industrial alert graphics, no trefoil icons, no striped floor tape, no danger banners. Do not print alert words on walls, floors, labels, or posters. Only neutral room names and product typography.",Captions MUST be only about Sermorelin (P-SER-001) and https://www.palmbeach-vitality.store/products/sermorelin-pen.,Active,404,,404,Funny,Abstract Cellular
LI-405,vid_gen_landscape_scenes,16:9,vial_10ml_scene,LI-405 — Abstract Cellular — Tesamorelin,A glowing amber wellness vial beside a deflated balloon that slowly reinflates to full shape,"16:9 landscape cinematic framing, deep environmental context",Fun mood lighting,"10mL sterile injectable-style glass vial of Tesamorelin with rubber stopper + aluminum crimp seal (NEVER black twist/screw cap); mid-ground in scene, not extreme macro","10mL sterile injectable-style glass vial with rubber stopper and aluminum crimp seal (NOT screw-cap, NOT black twist cap)",V-TES-001,Tesamorelin,https://www.palmbeach-vitality.store/products/tesamorelin,"LANDSCAPE SCENE (16:9) for workflow vid_gen_landscape_scenes. Source visual+motion: A glowing amber wellness vial beside a deflated balloon that slowly reinflates to full shape, with a soft white light pulsing once like a signal. Subtle particle systems (dust, pollen, mist) interact gracefully with the vial. Vibe: Fun. Theme: Abstract Cellular. Product lock: Tesamorelin (V-TES-001). Form: 10mL sterile injectable-style glass vial with rubber stopper and aluminum crimp seal (NOT screw-cap, NOT black twist cap). Camera: 16:9 landscape cinematic framing, deep environmental context. Keep product as part of a full environmental scene — not an isolated void packshot. VIAL SPEC: 10mL sterile injectable-style clear glass vial, rubber stopper + aluminum crimp seal only. FORBIDDEN: black twist caps, screw caps, dropper bottles. SIGNAGE RULE: premium clean research lab only. No safety placards, no industrial alert graphics, no trefoil icons, no striped floor tape, no danger banners. Do not print alert words on walls, floors, labels, or posters. Only neutral room names and product typography.",Captions MUST be only about Tesamorelin (V-TES-001) and https://www.palmbeach-vitality.store/products/tesamorelin.,Active,405,,405,Fun,Abstract Cellular
LI-406,vid_gen_landscape_scenes,16:9,lab_scene,LI-406 — Resilience & Strength — 5-Amino-1MQ,A frosted glass bottle of cellular support on a dark surface while a dim light bulb suddenly reaches full brightness,"16:9 landscape cinematic framing, deep environmental context",Funny mood lighting,scene product lock via typography / subtle mid-ground research material; no extreme close-up packshot,,P-5AM-001,5-Amino-1MQ,https://www.palmbeach-vitality.store/products/5-amino-mq-pen,"LANDSCAPE SCENE (16:9) for workflow vid_gen_landscape_scenes. Source visual+motion: A frosted glass bottle of cellular support on a dark surface while a dim light bulb suddenly reaches full brightness, as it 'hides' behind a large leaf that keeps falling away to reveal it again. Soft volumetric god-rays cut through the scene. Vibe: Funny. Theme: Resilience & Strength. Product lock: 5-Amino-1MQ (P-5AM-001). Form: research catalog material. Camera: 16:9 landscape cinematic framing, deep environmental context. Keep product as part of a full environmental scene — not an isolated void packshot. SIGNAGE RULE: premium clean research lab only. No safety placards, no industrial alert graphics, no trefoil icons, no striped floor tape, no danger banners. Do not print alert words on walls, floors, labels, or posters. Only neutral room names and product typography.",Captions MUST be only about 5-Amino-1MQ (P-5AM-001) and https://www.palmbeach-vitality.store/products/5-amino-mq-pen.,Active,406,,406,Funny,Resilience & Strength
LI-407,vid_gen_landscape_scenes,16:9,vial_10ml_scene,LI-407 — Beach & Ocean — BPC-157,A pure white ceramic-capped vial resting on a weathered wooden pier post at blue hour with water reflections,"16:9 landscape cinematic framing, deep environmental context",Fun mood lighting,"10mL sterile injectable-style glass vial of BPC-157 with rubber stopper + aluminum crimp seal (NEVER black twist/screw cap); mid-ground in scene, not extreme macro","10mL sterile injectable-style glass vial with rubber stopper and aluminum crimp seal (NOT screw-cap, NOT black twist cap)",V-BPC-001,BPC-157,https://www.palmbeach-vitality.store/products/bpc-157,"LANDSCAPE SCENE (16:9) for workflow vid_gen_landscape_scenes. Source visual+motion: A pure white ceramic-capped vial resting on a weathered wooden pier post at blue hour with water reflections, as one central vial remains still while others orbit it in slow motion. Time-lapse growth and repair happens in the periphery only. Vibe: Fun. Theme: Beach & Ocean. Product lock: BPC-157 (V-BPC-001). Form: 10mL sterile injectable-style glass vial with rubber stopper and aluminum crimp seal (NOT screw-cap, NOT black twist cap). Camera: 16:9 landscape cinematic framing, deep environmental context. Keep product as part of a full environmental scene — not an isolated void packshot. VIAL SPEC: 10mL sterile injectable-style clear glass vial, rubber stopper + aluminum crimp seal only. FORBIDDEN: black twist caps, screw caps, dropper bottles. SIGNAGE RULE: premium clean research lab only. No safety placards, no industrial alert graphics, no trefoil icons, no striped floor tape, no danger banners. Do not print alert words on walls, floors, labels, or posters. Only neutral room names and product typography.",Captions MUST be only about BPC-157 (V-BPC-001) and https://www.palmbeach-vitality.store/products/bpc-157.,Active,407,,407,Fun,Beach & Ocean
LI-408,vid_gen_landscape_scenes,16:9,lab_scene,LI-408 — Longevity & Anti-Aging — BPC-157 / TB-500 / GHK-Cu,A minimalist wellness bottle in light rain while every surrounding surface gets wet but the bottle stays dry,"16:9 landscape cinematic framing, deep environmental context",Funny mood lighting,scene product lock via typography / subtle mid-ground research material; no extreme close-up packshot,,P-GLO-001,BPC-157 / TB-500 / GHK-Cu,https://www.palmbeach-vitality.store/products/glow-pen,"LANDSCAPE SCENE (16:9) for workflow vid_gen_landscape_scenes. Source visual+motion: A minimalist wellness bottle in light rain while every surrounding surface gets wet but the bottle stays dry, while the liquid level inside appears to rise slightly on its own. A gentle breeze moves surrounding elements without disturbing the product. Vibe: Funny. Theme: Longevity & Anti-Aging. Product lock: BPC-157 / TB-500 / GHK-Cu (P-GLO-001). Form: research catalog material. Camera: 16:9 landscape cinematic framing, deep environmental context. Keep product as part of a full environmental scene — not an isolated void packshot. SIGNAGE RULE: premium clean research lab only. No safety placards, no industrial alert graphics, no trefoil icons, no striped floor tape, no danger banners. Do not print alert words on walls, floors, labels, or posters. Only neutral room names and product typography.",Captions MUST be only about BPC-157 / TB-500 / GHK-Cu (P-GLO-001) and https://www.palmbeach-vitality.store/products/glow-pen.,Active,408,,408,Funny,Longevity & Anti-Aging
LI-409,vid_gen_landscape_scenes,16:9,lab_scene,LI-409 — Fat Loss & Metabolism — SS-31,A frosted glass bottle of cellular support resting in a nest of fresh eucalyptus leaves,"16:9 landscape cinematic framing, deep environmental context",Fun mood lighting,scene product lock via typography / subtle mid-ground research material; no extreme close-up packshot,,P-SS3-001,SS-31,https://www.palmbeach-vitality.store/products/ss-31-pen,"LANDSCAPE SCENE (16:9) for workflow vid_gen_landscape_scenes. Source visual+motion: A frosted glass bottle of cellular support resting in a nest of fresh eucalyptus leaves, with its label slowly peeling back just enough to hint at a second layer underneath. Deep contrast between the sharp product and soft, dreamy background. Vibe: Fun. Theme: Fat Loss & Metabolism. Product lock: SS-31 (P-SS3-001). Form: research catalog material. Camera: 16:9 landscape cinematic framing, deep environmental context. Keep product as part of a full environmental scene — not an isolated void packshot. SIGNAGE RULE: premium clean research lab only. No safety placards, no industrial alert graphics, no trefoil icons, no striped floor tape, no danger banners. Do not print alert words on walls, floors, labels, or posters. Only neutral room names and product typography.",Captions MUST be only about SS-31 (P-SS3-001) and https://www.palmbeach-vitality.store/products/ss-31-pen.,Active,409,,409,Fun,Fat Loss & Metabolism
LI-410,vid_gen_landscape_scenes,16:9,lab_scene,LI-410 — Focus & Clarity — KPV,A slim silver-capped peptide bottle on a scale platform that tips slightly toward the lighter side,"16:9 landscape cinematic framing, deep environmental context",Fun mood lighting,scene product lock via typography / subtle mid-ground research material; no extreme close-up packshot,,P-KPV-001,KPV,https://www.palmbeach-vitality.store/products/kpv,"LANDSCAPE SCENE (16:9) for workflow vid_gen_landscape_scenes. Source visual+motion: A slim silver-capped peptide bottle on a scale platform that tips slightly toward the lighter side, with the bottle standing firm as a small wave repeatedly tries and fails to knock it over. The scene has a quiet, almost sacred stillness interrupted only by intentional motion. Vibe: Fun. Theme: Focus & Clarity. Product lock: KPV (P-KPV-001). Form: research catalog material. Camera: 16:9 landscape cinematic framing, deep environmental context. Keep product as part of a full environmental scene — not an isolated void packshot. SIGNAGE RULE: premium clean research lab only. No safety placards, no industrial alert graphics, no trefoil icons, no striped floor tape, no danger banners. Do not print alert words on walls, floors, labels, or posters. Only neutral room names and product typography.",Captions MUST be only about KPV (P-KPV-001) and https://www.palmbeach-vitality.store/products/kpv.,Active,410,,410,Fun,Focus & Clarity
LI-411,vid_gen_landscape_scenes,16:9,vial_10ml_scene,LI-411 — Abstract Cellular — BPC-157 / TB-500,A pure white ceramic-capped vial floating just above a still black lake with perfect reflection,"16:9 landscape cinematic framing, deep environmental context",Cool mood lighting,"10mL sterile injectable-style glass vial of BPC-157 / TB-500 with rubber stopper + aluminum crimp seal (NEVER black twist/screw cap); mid-ground in scene, not extreme macro","10mL sterile injectable-style glass vial with rubber stopper and aluminum crimp seal (NOT screw-cap, NOT black twist cap)",V-WOL-001,BPC-157 / TB-500,https://www.palmbeach-vitality.store/products/wolverine-stack,"LANDSCAPE SCENE (16:9) for workflow vid_gen_landscape_scenes. Source visual+motion: A pure white ceramic-capped vial floating just above a still black lake with perfect reflection, as a single red drop forms and slowly shapes itself into a heart before falling. Reflections and refractions in the glass create secondary visual interest. Vibe: Cool. Theme: Abstract Cellular. Product lock: BPC-157 / TB-500 (V-WOL-001). Form: 10mL sterile injectable-style glass vial with rubber stopper and aluminum crimp seal (NOT screw-cap, NOT black twist cap). Camera: 16:9 landscape cinematic framing, deep environmental context. Keep product as part of a full environmental scene — not an isolated void packshot. VIAL SPEC: 10mL sterile injectable-style clear glass vial, rubber stopper + aluminum crimp seal only. FORBIDDEN: black twist caps, screw caps, dropper bottles. SIGNAGE RULE: premium clean research lab only. No safety placards, no industrial alert graphics, no trefoil icons, no striped floor tape, no danger banners. Do not print alert words on walls, floors, labels, or posters. Only neutral room names and product typography.",Captions MUST be only about BPC-157 / TB-500 (V-WOL-001) and https://www.palmbeach-vitality.store/products/wolverine-stack.,Active,411,,411,Cool,Abstract Cellular
LI-412,vid_gen_landscape_scenes,16:9,vial_10ml_scene,LI-412 — Recovery & Healing — Cagrilinitide,A pure white ceramic-capped vial on a scale platform that tips slightly toward the lighter side,"16:9 landscape cinematic framing, deep environmental context",Dramatic mood lighting,"10mL sterile injectable-style glass vial of Cagrilinitide with rubber stopper + aluminum crimp seal (NEVER black twist/screw cap); mid-ground in scene, not extreme macro","10mL sterile injectable-style glass vial with rubber stopper and aluminum crimp seal (NOT screw-cap, NOT black twist cap)",V-CAG-001,Cagrilinitide,https://www.palmbeach-vitality.store/products/cargrilinitide,"LANDSCAPE SCENE (16:9) for workflow vid_gen_landscape_scenes. Source visual+motion: A pure white ceramic-capped vial on a scale platform that tips slightly toward the lighter side, appearing to crack open like ice, revealing brighter liquid within. Soft volumetric god-rays cut through the scene. Vibe: Dramatic. Theme: Recovery & Healing. Product lock: Cagrilinitide (V-CAG-001). Form: 10mL sterile injectable-style glass vial with rubber stopper and aluminum crimp seal (NOT screw-cap, NOT black twist cap). Camera: 16:9 landscape cinematic framing, deep environmental context. Keep product as part of a full environmental scene — not an isolated void packshot. VIAL SPEC: 10mL sterile injectable-style clear glass vial, rubber stopper + aluminum crimp seal only. FORBIDDEN: black twist caps, screw caps, dropper bottles. SIGNAGE RULE: premium clean research lab only. No safety placards, no industrial alert graphics, no trefoil icons, no striped floor tape, no danger banners. Do not print alert words on walls, floors, labels, or posters. Only neutral room names and product typography.",Captions MUST be only about Cagrilinitide (V-CAG-001) and https://www.palmbeach-vitality.store/products/cargrilinitide.,Active,412,,412,Dramatic,Recovery & Healing
LI-413,vid_gen_landscape_scenes,16:9,vial_10ml_scene,LI-413 — Beach & Ocean — CJC (no DAC),A high-clarity research-grade vial floating upright in a clear tide pool while tiny fish dart past,"16:9 landscape cinematic framing, deep environmental context",Cool mood lighting,"10mL sterile injectable-style glass vial of CJC (no DAC) with rubber stopper + aluminum crimp seal (NEVER black twist/screw cap); mid-ground in scene, not extreme macro","10mL sterile injectable-style glass vial with rubber stopper and aluminum crimp seal (NOT screw-cap, NOT black twist cap)",V-CJC-001,CJC (no DAC),https://www.palmbeach-vitality.store/products/cjc,"LANDSCAPE SCENE (16:9) for workflow vid_gen_landscape_scenes. Source visual+motion: A high-clarity research-grade vial floating upright in a clear tide pool while tiny fish dart past, with the bottle slowly spinning faster then abruptly stopping in perfect frame. Deep contrast between the sharp product and soft, dreamy background. Vibe: Cool. Theme: Beach & Ocean. Product lock: CJC (no DAC) (V-CJC-001). Form: 10mL sterile injectable-style glass vial with rubber stopper and aluminum crimp seal (NOT screw-cap, NOT black twist cap). Camera: 16:9 landscape cinematic framing, deep environmental context. Keep product as part of a full environmental scene — not an isolated void packshot. VIAL SPEC: 10mL sterile injectable-style clear glass vial, rubber stopper + aluminum crimp seal only. FORBIDDEN: black twist caps, screw caps, dropper bottles. SIGNAGE RULE: premium clean research lab only. No safety placards, no industrial alert graphics, no trefoil icons, no striped floor tape, no danger banners. Do not print alert words on walls, floors, labels, or posters. Only neutral room names and product typography.",Captions MUST be only about CJC (no DAC) (V-CJC-001) and https://www.palmbeach-vitality.store/products/cjc.,Active,413,,413,Cool,Beach & Ocean
LI-414,vid_gen_landscape_scenes,16:9,lab_scene,LI-414 — Energy & Cellular Power — Semaglutide,A minimalist wellness bottle on an empty gym floor mat with a single chalk mark that slowly fades,"16:9 landscape cinematic framing, deep environmental context",Dramatic mood lighting,scene product lock via typography / subtle mid-ground research material; no extreme close-up packshot,,P-SEM-001,Semaglutide,https://www.palmbeach-vitality.store/products/semaglutide-1-5mg-pen,"LANDSCAPE SCENE (16:9) for workflow vid_gen_landscape_scenes. Source visual+motion: A minimalist wellness bottle on an empty gym floor mat with a single chalk mark that slowly fades, as surrounding particles are drawn inward like gravity. Reflections and refractions in the glass create secondary visual interest. Vibe: Dramatic. Theme: Energy & Cellular Power. Product lock: Semaglutide (P-SEM-001). Form: research catalog material. Camera: 16:9 landscape cinematic framing, deep environmental context. Keep product as part of a full environmental scene — not an isolated void packshot. SIGNAGE RULE: premium clean research lab only. No safety placards, no industrial alert graphics, no trefoil icons, no striped floor tape, no danger banners. Do not print alert words on walls, floors, labels, or posters. Only neutral room names and product typography.",Captions MUST be only about Semaglutide (P-SEM-001) and https://www.palmbeach-vitality.store/products/semaglutide-1-5mg-pen.,Active,414,,414,Dramatic,Energy & Cellular Power
LI-415,vid_gen_landscape_scenes,16:9,lab_scene,LI-415 — Abstract Cellular — Tirzepatide,A slim silver-capped peptide bottle on a circular platform of polished copper that warms with a soft glow,"16:9 landscape cinematic framing, deep environmental context",Dramatic mood lighting,scene product lock via typography / subtle mid-ground research material; no extreme close-up packshot,,P-TIR-001,Tirzepatide,https://www.palmbeach-vitality.store/products/tirzepatide-10mg-pen,"LANDSCAPE SCENE (16:9) for workflow vid_gen_landscape_scenes. Source visual+motion: A slim silver-capped peptide bottle on a circular platform of polished copper that warms with a soft glow, while surrounding water freezes in elegant crystals then melts cleanly. Reflections and refractions in the glass create secondary visual interest. Vibe: Dramatic. Theme: Abstract Cellular. Product lock: Tirzepatide (P-TIR-001). Form: research catalog material. Camera: 16:9 landscape cinematic framing, deep environmental context. Keep product as part of a full environmental scene — not an isolated void packshot. SIGNAGE RULE: premium clean research lab only. No safety placards, no industrial alert graphics, no trefoil icons, no striped floor tape, no danger banners. Do not print alert words on walls, floors, labels, or posters. Only neutral room names and product typography.",Captions MUST be only about Tirzepatide (P-TIR-001) and https://www.palmbeach-vitality.store/products/tirzepatide-10mg-pen.,Active,415,,415,Dramatic,Abstract Cellular
LI-416,vid_gen_landscape_scenes,16:9,vial_10ml_scene,LI-416 — Fat Loss & Metabolism — CJC (no DAC)/Ipamorelin,A sleek glass peptide vial underwater with slow-moving currents and light rays cutting through,"16:9 landscape cinematic framing, deep environmental context",Funny mood lighting,"10mL sterile injectable-style glass vial of CJC (no DAC)/Ipamorelin with rubber stopper + aluminum crimp seal (NEVER black twist/screw cap); mid-ground in scene, not extreme macro","10mL sterile injectable-style glass vial with rubber stopper and aluminum crimp seal (NOT screw-cap, NOT black twist cap)",V-CII-001,CJC (no DAC)/Ipamorelin,https://www.palmbeach-vitality.store/products/cjc-ipamorelin,"LANDSCAPE SCENE (16:9) for workflow vid_gen_landscape_scenes. Source visual+motion: A sleek glass peptide vial underwater with slow-moving currents and light rays cutting through, with the liquid surface forming perfect concentric circles from an invisible impact. Extreme slow-motion emphasizes every micro-movement of liquid and light. Vibe: Funny. Theme: Fat Loss & Metabolism. Product lock: CJC (no DAC)/Ipamorelin (V-CII-001). Form: 10mL sterile injectable-style glass vial with rubber stopper and aluminum crimp seal (NOT screw-cap, NOT black twist cap). Camera: 16:9 landscape cinematic framing, deep environmental context. Keep product as part of a full environmental scene — not an isolated void packshot. VIAL SPEC: 10mL sterile injectable-style clear glass vial, rubber stopper + aluminum crimp seal only. FORBIDDEN: black twist caps, screw caps, dropper bottles. SIGNAGE RULE: premium clean research lab only. No safety placards, no industrial alert graphics, no trefoil icons, no striped floor tape, no danger banners. Do not print alert words on walls, floors, labels, or posters. Only neutral room names and product typography.",Captions MUST be only about CJC (no DAC)/Ipamorelin (V-CII-001) and https://www.palmbeach-vitality.store/products/cjc-ipamorelin.,Active,416,,416,Funny,Fat Loss & Metabolism
LI-417,vid_gen_landscape_scenes,16:9,vial_10ml_scene,LI-417 — Nature Regeneration — GHK-Cu,A crystal-clear recovery vial next to a torn leaf that stitches itself back together fiber by fiber,"16:9 landscape cinematic framing, deep environmental context",Fun mood lighting,"10mL sterile injectable-style glass vial of GHK-Cu with rubber stopper + aluminum crimp seal (NEVER black twist/screw cap); mid-ground in scene, not extreme macro","10mL sterile injectable-style glass vial with rubber stopper and aluminum crimp seal (NOT screw-cap, NOT black twist cap)",V-GHK-001,GHK-Cu,https://www.palmbeach-vitality.store/products/ghk-cu,"LANDSCAPE SCENE (16:9) for workflow vid_gen_landscape_scenes. Source visual+motion: A crystal-clear recovery vial next to a torn leaf that stitches itself back together fiber by fiber, while the background subtly accelerates in time-lapse around the still product. The environment feels charged, as if responding to the product's presence. Vibe: Fun. Theme: Nature Regeneration. Product lock: GHK-Cu (V-GHK-001). Form: 10mL sterile injectable-style glass vial with rubber stopper and aluminum crimp seal (NOT screw-cap, NOT black twist cap). Camera: 16:9 landscape cinematic framing, deep environmental context. Keep product as part of a full environmental scene — not an isolated void packshot. VIAL SPEC: 10mL sterile injectable-style clear glass vial, rubber stopper + aluminum crimp seal only. FORBIDDEN: black twist caps, screw caps, dropper bottles. SIGNAGE RULE: premium clean research lab only. No safety placards, no industrial alert graphics, no trefoil icons, no striped floor tape, no danger banners. Do not print alert words on walls, floors, labels, or posters. Only neutral room names and product typography.",Captions MUST be only about GHK-Cu (V-GHK-001) and https://www.palmbeach-vitality.store/products/ghk-cu.,Active,417,,417,Fun,Nature Regeneration
LI-418,vid_gen_landscape_scenes,16:9,vial_10ml_scene,LI-418 — Beach & Ocean — BPC-157 / TB-500 / GHK-Cu,A precision-dosed peptide vial half-buried in fine sand until a soft breeze fully reveals it,"16:9 landscape cinematic framing, deep environmental context",Cool mood lighting,"10mL sterile injectable-style glass vial of BPC-157 / TB-500 / GHK-Cu with rubber stopper + aluminum crimp seal (NEVER black twist/screw cap); mid-ground in scene, not extreme macro","10mL sterile injectable-style glass vial with rubber stopper and aluminum crimp seal (NOT screw-cap, NOT black twist cap)",V-GLO-001,BPC-157 / TB-500 / GHK-Cu,https://www.palmbeach-vitality.store/products/glow,"LANDSCAPE SCENE (16:9) for workflow vid_gen_landscape_scenes. Source visual+motion: A precision-dosed peptide vial half-buried in fine sand until a soft breeze fully reveals it, while the background subtly accelerates in time-lapse around the still product. Golden hour light slides across the surface creating long lens flares. Vibe: Cool. Theme: Beach & Ocean. Product lock: BPC-157 / TB-500 / GHK-Cu (V-GLO-001). Form: 10mL sterile injectable-style glass vial with rubber stopper and aluminum crimp seal (NOT screw-cap, NOT black twist cap). Camera: 16:9 landscape cinematic framing, deep environmental context. Keep product as part of a full environmental scene — not an isolated void packshot. VIAL SPEC: 10mL sterile injectable-style clear glass vial, rubber stopper + aluminum crimp seal only. FORBIDDEN: black twist caps, screw caps, dropper bottles. SIGNAGE RULE: premium clean research lab only. No safety placards, no industrial alert graphics, no trefoil icons, no striped floor tape, no danger banners. Do not print alert words on walls, floors, labels, or posters. Only neutral room names and product typography.",Captions MUST be only about BPC-157 / TB-500 / GHK-Cu (V-GLO-001) and https://www.palmbeach-vitality.store/products/glow.,Active,418,,418,Cool,Beach & Ocean
LI-419,vid_gen_landscape_scenes,16:9,pen_3ml_scene,LI-419 — Abstract Cellular — Thymosin Alpha-1,A minimalist wellness bottle on a bed of white salt crystals that slowly rearrange,"16:9 landscape cinematic framing, deep environmental context",Dramatic mood lighting,"3mL research dosage pen of Thymosin Alpha-1 as mid-ground hero in the scene (not extreme macro; no injection act, no people)",3mL pre-filled research dosage pen,P-TA1-001,Thymosin Alpha-1,https://www.palmbeach-vitality.store/products/ta-2,"LANDSCAPE SCENE (16:9) for workflow vid_gen_landscape_scenes. Source visual+motion: A minimalist wellness bottle on a bed of white salt crystals that slowly rearrange, while the liquid inside briefly transforms into a swirling miniature galaxy. Time-lapse growth and repair happens in the periphery only. Vibe: Dramatic. Theme: Abstract Cellular. Product lock: Thymosin Alpha-1 (P-TA1-001). Form: 3mL pre-filled research dosage pen. Camera: 16:9 landscape cinematic framing, deep environmental context. Keep product as part of a full environmental scene — not an isolated void packshot. PEN SPEC: 3mL pre-filled research dosage pen. No injection act, no people, no needles in use. SIGNAGE RULE: premium clean research lab only. No safety placards, no industrial alert graphics, no trefoil icons, no striped floor tape, no danger banners. Do not print alert words on walls, floors, labels, or posters. Only neutral room names and product typography.",Captions MUST be only about Thymosin Alpha-1 (P-TA1-001) and https://www.palmbeach-vitality.store/products/ta-2.,Active,419,,419,Dramatic,Abstract Cellular
LI-420,vid_gen_landscape_scenes,16:9,vial_10ml_scene,LI-420 — Energy & Cellular Power — Thymosin Alpha-1,A pure white ceramic-capped vial in heavy fog that slowly parts only in a perfect circle around it,"16:9 landscape cinematic framing, deep environmental context",Fun mood lighting,"10mL sterile injectable-style glass vial of Thymosin Alpha-1 with rubber stopper + aluminum crimp seal (NEVER black twist/screw cap); mid-ground in scene, not extreme macro","10mL sterile injectable-style glass vial with rubber stopper and aluminum crimp seal (NOT screw-cap, NOT black twist cap)",V-TA1-001,Thymosin Alpha-1,https://www.palmbeach-vitality.store/products/ta-1,"LANDSCAPE SCENE (16:9) for workflow vid_gen_landscape_scenes. Source visual+motion: A pure white ceramic-capped vial in heavy fog that slowly parts only in a perfect circle around it, as one central vial remains still while others orbit it in slow motion. Time-lapse growth and repair happens in the periphery only. Vibe: Fun. Theme: Energy & Cellular Power. Product lock: Thymosin Alpha-1 (V-TA1-001). Form: 10mL sterile injectable-style glass vial with rubber stopper and aluminum crimp seal (NOT screw-cap, NOT black twist cap). Camera: 16:9 landscape cinematic framing, deep environmental context. Keep product as part of a full environmental scene — not an isolated void packshot. VIAL SPEC: 10mL sterile injectable-style clear glass vial, rubber stopper + aluminum crimp seal only. FORBIDDEN: black twist caps, screw caps, dropper bottles. SIGNAGE RULE: premium clean research lab only. No safety placards, no industrial alert graphics, no trefoil icons, no striped floor tape, no danger banners. Do not print alert words on walls, floors, labels, or posters. Only neutral room names and product typography.",Captions MUST be only about Thymosin Alpha-1 (V-TA1-001) and https://www.palmbeach-vitality.store/products/ta-1.,Active,420,,420,Fun,Energy & Cellular Power
LI-421,vid_gen_landscape_scenes,16:9,vial_10ml_scene,LI-421 — Resilience & Strength — AOD-9604,A crystal-clear recovery vial in a field of tall grass that parts and sways around it,"16:9 landscape cinematic framing, deep environmental context",Cool mood lighting,"10mL sterile injectable-style glass vial of AOD-9604 with rubber stopper + aluminum crimp seal (NEVER black twist/screw cap); mid-ground in scene, not extreme macro","10mL sterile injectable-style glass vial with rubber stopper and aluminum crimp seal (NOT screw-cap, NOT black twist cap)",V-AOD-001,AOD-9604,https://www.palmbeach-vitality.store/products/aod-9604,"LANDSCAPE SCENE (16:9) for workflow vid_gen_landscape_scenes. Source visual+motion: A crystal-clear recovery vial in a field of tall grass that parts and sways around it, with three vials arranged in a triangle and soft light circulating between them like a circuit. Deep contrast between the sharp product and soft, dreamy background. Vibe: Cool. Theme: Resilience & Strength. Product lock: AOD-9604 (V-AOD-001). Form: 10mL sterile injectable-style glass vial with rubber stopper and aluminum crimp seal (NOT screw-cap, NOT black twist cap). Camera: 16:9 landscape cinematic framing, deep environmental context. Keep product as part of a full environmental scene — not an isolated void packshot. VIAL SPEC: 10mL sterile injectable-style clear glass vial, rubber stopper + aluminum crimp seal only. FORBIDDEN: black twist caps, screw caps, dropper bottles. SIGNAGE RULE: premium clean research lab only. No safety placards, no industrial alert graphics, no trefoil icons, no striped floor tape, no danger banners. Do not print alert words on walls, floors, labels, or posters. Only neutral room names and product typography.",Captions MUST be only about AOD-9604 (V-AOD-001) and https://www.palmbeach-vitality.store/products/aod-9604.,Active,421,,421,Cool,Resilience & Strength
LI-422,vid_gen_landscape_scenes,16:9,pen_3ml_scene,LI-422 — Abstract Cellular — Tesamorelin,A matte-black peptide pen floating in pure black void while golden particles slowly orbit,"16:9 landscape cinematic framing, deep environmental context",Dramatic mood lighting,"3mL research dosage pen of Tesamorelin as mid-ground hero in the scene (not extreme macro; no injection act, no people)",3mL pre-filled research dosage pen,P-TES-001,Tesamorelin,https://www.palmbeach-vitality.store/products/tesamorelin-30mg-pen,"LANDSCAPE SCENE (16:9) for workflow vid_gen_landscape_scenes. Source visual+motion: A matte-black peptide pen floating in pure black void while golden particles slowly orbit, as the liquid inside becomes visibly thinner and more fluid in motion. Soft volumetric god-rays cut through the scene. Vibe: Dramatic. Theme: Abstract Cellular. Product lock: Tesamorelin (P-TES-001). Form: 3mL pre-filled research dosage pen. Camera: 16:9 landscape cinematic framing, deep environmental context. Keep product as part of a full environmental scene — not an isolated void packshot. PEN SPEC: 3mL pre-filled research dosage pen. No injection act, no people, no needles in use. SIGNAGE RULE: premium clean research lab only. No safety placards, no industrial alert graphics, no trefoil icons, no striped floor tape, no danger banners. Do not print alert words on walls, floors, labels, or posters. Only neutral room names and product typography.",Captions MUST be only about Tesamorelin (P-TES-001) and https://www.palmbeach-vitality.store/products/tesamorelin-30mg-pen.,Active,422,,422,Dramatic,Abstract Cellular
LI-423,vid_gen_landscape_scenes,16:9,vial_10ml_scene,LI-423 — Stacks & Synergy — Melanotan 2,A precision-dosed peptide vial on a dark reflective surface under a single sharp beam of light,"16:9 landscape cinematic framing, deep environmental context",Funny mood lighting,"10mL sterile injectable-style glass vial of Melanotan 2 with rubber stopper + aluminum crimp seal (NEVER black twist/screw cap); mid-ground in scene, not extreme macro","10mL sterile injectable-style glass vial with rubber stopper and aluminum crimp seal (NOT screw-cap, NOT black twist cap)",V-MT2-001,Melanotan 2,https://www.palmbeach-vitality.store/products/melonotan,"LANDSCAPE SCENE (16:9) for workflow vid_gen_landscape_scenes. Source visual+motion: A precision-dosed peptide vial on a dark reflective surface under a single sharp beam of light, as one central vial remains still while others orbit it in slow motion. Soft volumetric god-rays cut through the scene. Vibe: Funny. Theme: Stacks & Synergy. Product lock: Melanotan 2 (V-MT2-001). Form: 10mL sterile injectable-style glass vial with rubber stopper and aluminum crimp seal (NOT screw-cap, NOT black twist cap). Camera: 16:9 landscape cinematic framing, deep environmental context. Keep product as part of a full environmental scene — not an isolated void packshot. VIAL SPEC: 10mL sterile injectable-style clear glass vial, rubber stopper + aluminum crimp seal only. FORBIDDEN: black twist caps, screw caps, dropper bottles. SIGNAGE RULE: premium clean research lab only. No safety placards, no industrial alert graphics, no trefoil icons, no striped floor tape, no danger banners. Do not print alert words on walls, floors, labels, or posters. Only neutral room names and product typography.",Captions MUST be only about Melanotan 2 (V-MT2-001) and https://www.palmbeach-vitality.store/products/melonotan.,Active,423,,423,Funny,Stacks & Synergy
LI-424,vid_gen_landscape_scenes,16:9,vial_10ml_scene,LI-424 — Resilience & Strength — Retatrutide,A pure white ceramic-capped vial in a field of tall grass that parts and sways around it,"16:9 landscape cinematic framing, deep environmental context",Fun mood lighting,"10mL sterile injectable-style glass vial of Retatrutide with rubber stopper + aluminum crimp seal (NEVER black twist/screw cap); mid-ground in scene, not extreme macro","10mL sterile injectable-style glass vial with rubber stopper and aluminum crimp seal (NOT screw-cap, NOT black twist cap)",V-RET-001,Retatrutide,https://www.palmbeach-vitality.store/products/retatrutide,"LANDSCAPE SCENE (16:9) for workflow vid_gen_landscape_scenes. Source visual+motion: A pure white ceramic-capped vial in a field of tall grass that parts and sways around it, as the bottle appears to 'surf' a wave of foam across a dark surface. The scene has a quiet, almost sacred stillness interrupted only by intentional motion. Vibe: Fun. Theme: Resilience & Strength. Product lock: Retatrutide (V-RET-001). Form: 10mL sterile injectable-style glass vial with rubber stopper and aluminum crimp seal (NOT screw-cap, NOT black twist cap). Camera: 16:9 landscape cinematic framing, deep environmental context. Keep product as part of a full environmental scene — not an isolated void packshot. VIAL SPEC: 10mL sterile injectable-style clear glass vial, rubber stopper + aluminum crimp seal only. FORBIDDEN: black twist caps, screw caps, dropper bottles. SIGNAGE RULE: premium clean research lab only. No safety placards, no industrial alert graphics, no trefoil icons, no striped floor tape, no danger banners. Do not print alert words on walls, floors, labels, or posters. Only neutral room names and product typography.",Captions MUST be only about Retatrutide (V-RET-001) and https://www.palmbeach-vitality.store/products/retatrutide.,Active,424,,424,Fun,Resilience & Strength
LI-425,vid_gen_landscape_scenes,16:9,vial_10ml_scene,LI-425 — Resilience & Strength — Tirzepatide,A high-clarity research-grade vial framed by two large tropical leaves that slowly close then reopen like curtains,"16:9 landscape cinematic framing, deep environmental context",Funny mood lighting,"10mL sterile injectable-style glass vial of Tirzepatide with rubber stopper + aluminum crimp seal (NEVER black twist/screw cap); mid-ground in scene, not extreme macro","10mL sterile injectable-style glass vial with rubber stopper and aluminum crimp seal (NOT screw-cap, NOT black twist cap)",V-TIR-001,Tirzepatide,https://www.palmbeach-vitality.store/products/tirzepatide,"LANDSCAPE SCENE (16:9) for workflow vid_gen_landscape_scenes. Source visual+motion: A high-clarity research-grade vial framed by two large tropical leaves that slowly close then reopen like curtains, while a much larger empty bottle tips over dramatically and the small one stays still. The environment feels charged, as if responding to the product's presence. Vibe: Funny. Theme: Resilience & Strength. Product lock: Tirzepatide (V-TIR-001). Form: 10mL sterile injectable-style glass vial with rubber stopper and aluminum crimp seal (NOT screw-cap, NOT black twist cap). Camera: 16:9 landscape cinematic framing, deep environmental context. Keep product as part of a full environmental scene — not an isolated void packshot. VIAL SPEC: 10mL sterile injectable-style clear glass vial, rubber stopper + aluminum crimp seal only. FORBIDDEN: black twist caps, screw caps, dropper bottles. SIGNAGE RULE: premium clean research lab only. No safety placards, no industrial alert graphics, no trefoil icons, no striped floor tape, no danger banners. Do not print alert words on walls, floors, labels, or posters. Only neutral room names and product typography.",Captions MUST be only about Tirzepatide (V-TIR-001) and https://www.palmbeach-vitality.store/products/tirzepatide.,Active,425,,425,Funny,Resilience & Strength
LI-426,vid_gen_landscape_scenes,16:9,lab_scene,LI-426 — Abstract Cellular — Retatrutide,A frosted glass bottle of cellular support next to a foggy mirror surface that clears from the center outward,"16:9 landscape cinematic framing, deep environmental context",Dramatic mood lighting,scene product lock via typography / subtle mid-ground research material; no extreme close-up packshot,,P-RET-001,Retatrutide,https://www.palmbeach-vitality.store/products/retatrutride-8mg-pen,"LANDSCAPE SCENE (16:9) for workflow vid_gen_landscape_scenes. Source visual+motion: A frosted glass bottle of cellular support next to a foggy mirror surface that clears from the center outward, while surrounding water freezes in elegant crystals then melts cleanly. Soft volumetric god-rays cut through the scene. Vibe: Dramatic. Theme: Abstract Cellular. Product lock: Retatrutide (P-RET-001). Form: research catalog material. Camera: 16:9 landscape cinematic framing, deep environmental context. Keep product as part of a full environmental scene — not an isolated void packshot. SIGNAGE RULE: premium clean research lab only. No safety placards, no industrial alert graphics, no trefoil icons, no striped floor tape, no danger banners. Do not print alert words on walls, floors, labels, or posters. Only neutral room names and product typography.",Captions MUST be only about Retatrutide (P-RET-001) and https://www.palmbeach-vitality.store/products/retatrutride-8mg-pen.,Active,426,,426,Dramatic,Abstract Cellular
LI-427,vid_gen_landscape_scenes,16:9,lab_scene,LI-427 — Abstract Cellular — KPV / BPC-157 / TB-500 / GHK-Cu,A minimalist wellness bottle against a background that shifts from deep ocean blue to electric violet,"16:9 landscape cinematic framing, deep environmental context",Dramatic mood lighting,scene product lock via typography / subtle mid-ground research material; no extreme close-up packshot,,V-KLO-001,KPV / BPC-157 / TB-500 / GHK-Cu,https://www.palmbeach-vitality.store/products/klow-kpv-bpc-157-tb-500-ghk,"LANDSCAPE SCENE (16:9) for workflow vid_gen_landscape_scenes. Source visual+motion: A minimalist wellness bottle against a background that shifts from deep ocean blue to electric violet, while the background subtly accelerates in time-lapse around the still product. Soft volumetric god-rays cut through the scene. Vibe: Dramatic. Theme: Abstract Cellular. Product lock: KPV / BPC-157 / TB-500 / GHK-Cu (V-KLO-001). Form: research catalog material. Camera: 16:9 landscape cinematic framing, deep environmental context. Keep product as part of a full environmental scene — not an isolated void packshot. SIGNAGE RULE: premium clean research lab only. No safety placards, no industrial alert graphics, no trefoil icons, no striped floor tape, no danger banners. Do not print alert words on walls, floors, labels, or posters. Only neutral room names and product typography.",Captions MUST be only about KPV / BPC-157 / TB-500 / GHK-Cu (V-KLO-001) and https://www.palmbeach-vitality.store/products/klow-kpv-bpc-157-tb-500-ghk.,Active,427,,427,Dramatic,Abstract Cellular
LI-428,vid_gen_landscape_scenes,16:9,vial_10ml_scene,LI-428 — Resilience & Strength — Semaglutide,A crystal-clear recovery vial resting on a stack of smooth river rocks in shallow moving water,"16:9 landscape cinematic framing, deep environmental context",Fun mood lighting,"10mL sterile injectable-style glass vial of Semaglutide with rubber stopper + aluminum crimp seal (NEVER black twist/screw cap); mid-ground in scene, not extreme macro","10mL sterile injectable-style glass vial with rubber stopper and aluminum crimp seal (NOT screw-cap, NOT black twist cap)",V-SEM-001,Semaglutide,https://www.palmbeach-vitality.store/products/semaglutide,"LANDSCAPE SCENE (16:9) for workflow vid_gen_landscape_scenes. Source visual+motion: A crystal-clear recovery vial resting on a stack of smooth river rocks in shallow moving water, with the product perfectly balanced on the edge of a surface that looks unstable. Deep contrast between the sharp product and soft, dreamy background. Vibe: Fun. Theme: Resilience & Strength. Product lock: Semaglutide (V-SEM-001). Form: 10mL sterile injectable-style glass vial with rubber stopper and aluminum crimp seal (NOT screw-cap, NOT black twist cap). Camera: 16:9 landscape cinematic framing, deep environmental context. Keep product as part of a full environmental scene — not an isolated void packshot. VIAL SPEC: 10mL sterile injectable-style clear glass vial, rubber stopper + aluminum crimp seal only. FORBIDDEN: black twist caps, screw caps, dropper bottles. SIGNAGE RULE: premium clean research lab only. No safety placards, no industrial alert graphics, no trefoil icons, no striped floor tape, no danger banners. Do not print alert words on walls, floors, labels, or posters. Only neutral room names and product typography.",Captions MUST be only about Semaglutide (V-SEM-001) and https://www.palmbeach-vitality.store/products/semaglutide.,Active,428,,428,Fun,Resilience & Strength
LI-429,vid_gen_landscape_scenes,16:9,lab_scene,LI-429 — Stacks & Synergy — MOTS-C,A slim silver-capped peptide bottle next to a foggy mirror surface that clears from the center outward,"16:9 landscape cinematic framing, deep environmental context",Cool mood lighting,scene product lock via typography / subtle mid-ground research material; no extreme close-up packshot,,V-MOT-001,MOTS-C,https://www.palmbeach-vitality.store/products/mots-c-10mg-5ml-vial,"LANDSCAPE SCENE (16:9) for workflow vid_gen_landscape_scenes. Source visual+motion: A slim silver-capped peptide bottle next to a foggy mirror surface that clears from the center outward, as hundreds of tiny light points stream into it from all directions. The environment feels charged, as if responding to the product's presence. Vibe: Cool. Theme: Stacks & Synergy. Product lock: MOTS-C (V-MOT-001). Form: research catalog material. Camera: 16:9 landscape cinematic framing, deep environmental context. Keep product as part of a full environmental scene — not an isolated void packshot. SIGNAGE RULE: premium clean research lab only. No safety placards, no industrial alert graphics, no trefoil icons, no striped floor tape, no danger banners. Do not print alert words on walls, floors, labels, or posters. Only neutral room names and product typography.",Captions MUST be only about MOTS-C (V-MOT-001) and https://www.palmbeach-vitality.store/products/mots-c-10mg-5ml-vial.,Active,429,,429,Cool,Stacks & Synergy
LI-430,vid_gen_landscape_scenes,16:9,vial_10ml_scene,LI-430 — Beach & Ocean — KPV / BPC-157 / TB-500 / GHK-Cu,A crystal-clear recovery vial on a dark reflective surface under a single sharp beam of light,"16:9 landscape cinematic framing, deep environmental context",Fun mood lighting,"10mL sterile injectable-style glass vial of KPV / BPC-157 / TB-500 / GHK-Cu with rubber stopper + aluminum crimp seal (NEVER black twist/screw cap); mid-ground in scene, not extreme macro","10mL sterile injectable-style glass vial with rubber stopper and aluminum crimp seal (NOT screw-cap, NOT black twist cap)",V-KLO-001,KPV / BPC-157 / TB-500 / GHK-Cu,https://www.palmbeach-vitality.store/products/klow-kpv-bpc-157-tb-500-ghk,"LANDSCAPE SCENE (16:9) for workflow vid_gen_landscape_scenes. Source visual+motion: A crystal-clear recovery vial on a dark reflective surface under a single sharp beam of light, with the product perfectly balanced on the edge of a surface that looks unstable. Reflections and refractions in the glass create secondary visual interest. Vibe: Fun. Theme: Beach & Ocean. Product lock: KPV / BPC-157 / TB-500 / GHK-Cu (V-KLO-001). Form: 10mL sterile injectable-style glass vial with rubber stopper and aluminum crimp seal (NOT screw-cap, NOT black twist cap). Camera: 16:9 landscape cinematic framing, deep environmental context. Keep product as part of a full environmental scene — not an isolated void packshot. VIAL SPEC: 10mL sterile injectable-style clear glass vial, rubber stopper + aluminum crimp seal only. FORBIDDEN: black twist caps, screw caps, dropper bottles. SIGNAGE RULE: premium clean research lab only. No safety placards, no industrial alert graphics, no trefoil icons, no striped floor tape, no danger banners. Do not print alert words on walls, floors, labels, or posters. Only neutral room names and product typography.",Captions MUST be only about KPV / BPC-157 / TB-500 / GHK-Cu (V-KLO-001) and https://www.palmbeach-vitality.store/products/klow-kpv-bpc-157-tb-500-ghk.,Active,430,,430,Fun,Beach & Ocean
LI-431,vid_gen_landscape_scenes,16:9,vial_10ml_scene,LI-431 — Fat Loss & Metabolism — MOTS-C,A glowing amber wellness vial on a frozen surface that cracks in elegant patterns then seals,"16:9 landscape cinematic framing, deep environmental context",Dramatic mood lighting,"10mL sterile injectable-style glass vial of MOTS-C with rubber stopper + aluminum crimp seal (NEVER black twist/screw cap); mid-ground in scene, not extreme macro","10mL sterile injectable-style glass vial with rubber stopper and aluminum crimp seal (NOT screw-cap, NOT black twist cap)",V-MOT-001,MOTS-C,https://www.palmbeach-vitality.store/products/mots-c-10mg-5ml-vial,"LANDSCAPE SCENE (16:9) for workflow vid_gen_landscape_scenes. Source visual+motion: A glowing amber wellness vial on a frozen surface that cracks in elegant patterns then seals, while two vials slowly lean toward each other until labels almost touch. Subtle particle systems (dust, pollen, mist) interact gracefully with the vial. Vibe: Dramatic. Theme: Fat Loss & Metabolism. Product lock: MOTS-C (V-MOT-001). Form: 10mL sterile injectable-style glass vial with rubber stopper and aluminum crimp seal (NOT screw-cap, NOT black twist cap). Camera: 16:9 landscape cinematic framing, deep environmental context. Keep product as part of a full environmental scene — not an isolated void packshot. VIAL SPEC: 10mL sterile injectable-style clear glass vial, rubber stopper + aluminum crimp seal only. FORBIDDEN: black twist caps, screw caps, dropper bottles. SIGNAGE RULE: premium clean research lab only. No safety placards, no industrial alert graphics, no trefoil icons, no striped floor tape, no danger banners. Do not print alert words on walls, floors, labels, or posters. Only neutral room names and product typography.",Captions MUST be only about MOTS-C (V-MOT-001) and https://www.palmbeach-vitality.store/products/mots-c-10mg-5ml-vial.,Active,431,,431,Dramatic,Fat Loss & Metabolism
LI-432,vid_gen_landscape_scenes,16:9,vial_10ml_scene,LI-432 — Energy & Cellular Power — NAD+,A high-clarity research-grade vial resting on a weathered wooden pier post at blue hour with water reflections,"16:9 landscape cinematic framing, deep environmental context",Cool mood lighting,"10mL sterile injectable-style glass vial of NAD+ with rubber stopper + aluminum crimp seal (NEVER black twist/screw cap); mid-ground in scene, not extreme macro","10mL sterile injectable-style glass vial with rubber stopper and aluminum crimp seal (NOT screw-cap, NOT black twist cap)",V-NAD-001,NAD+,https://www.palmbeach-vitality.store/products/nad-1,"LANDSCAPE SCENE (16:9) for workflow vid_gen_landscape_scenes. Source visual+motion: A high-clarity research-grade vial resting on a weathered wooden pier post at blue hour with water reflections, as surrounding particles are drawn inward like gravity. Extreme slow-motion emphasizes every micro-movement of liquid and light. Vibe: Cool. Theme: Energy & Cellular Power. Product lock: NAD+ (V-NAD-001). Form: 10mL sterile injectable-style glass vial with rubber stopper and aluminum crimp seal (NOT screw-cap, NOT black twist cap). Camera: 16:9 landscape cinematic framing, deep environmental context. Keep product as part of a full environmental scene — not an isolated void packshot. VIAL SPEC: 10mL sterile injectable-style clear glass vial, rubber stopper + aluminum crimp seal only. FORBIDDEN: black twist caps, screw caps, dropper bottles. SIGNAGE RULE: premium clean research lab only. No safety placards, no industrial alert graphics, no trefoil icons, no striped floor tape, no danger banners. Do not print alert words on walls, floors, labels, or posters. Only neutral room names and product typography.",Captions MUST be only about NAD+ (V-NAD-001) and https://www.palmbeach-vitality.store/products/nad-1.,Active,432,,432,Cool,Energy & Cellular Power
LI-433,vid_gen_landscape_scenes,16:9,lab_scene,LI-433 — Resilience & Strength — NAD+,A slim silver-capped peptide bottle on a mirror surface that reflects infinite versions of itself,"16:9 landscape cinematic framing, deep environmental context",Cool mood lighting,scene product lock via typography / subtle mid-ground research material; no extreme close-up packshot,,V-NAD-001,NAD+,https://www.palmbeach-vitality.store/products/nad-1,"LANDSCAPE SCENE (16:9) for workflow vid_gen_landscape_scenes. Source visual+motion: A slim silver-capped peptide bottle on a mirror surface that reflects infinite versions of itself, while the liquid level inside appears to rise slightly on its own. Reflections and refractions in the glass create secondary visual interest. Vibe: Cool. Theme: Resilience & Strength. Product lock: NAD+ (V-NAD-001). Form: research catalog material. Camera: 16:9 landscape cinematic framing, deep environmental context. Keep product as part of a full environmental scene — not an isolated void packshot. SIGNAGE RULE: premium clean research lab only. No safety placards, no industrial alert graphics, no trefoil icons, no striped floor tape, no danger banners. Do not print alert words on walls, floors, labels, or posters. Only neutral room names and product typography.",Captions MUST be only about NAD+ (V-NAD-001) and https://www.palmbeach-vitality.store/products/nad-1.,Active,433,,433,Cool,Resilience & Strength
LI-434,vid_gen_landscape_scenes,16:9,lab_scene,LI-434 — Recovery & Healing — PT-141,A minimalist wellness bottle beside a melting ice cube that reforms into a perfect clear sphere,"16:9 landscape cinematic framing, deep environmental context",Fun mood lighting,scene product lock via typography / subtle mid-ground research material; no extreme close-up packshot,,V-PT1-001,PT-141,https://www.palmbeach-vitality.store/products/pt-141,"LANDSCAPE SCENE (16:9) for workflow vid_gen_landscape_scenes. Source visual+motion: A minimalist wellness bottle beside a melting ice cube that reforms into a perfect clear sphere, while the glass surface briefly shows flowing molecular structures then clears. The environment feels charged, as if responding to the product's presence. Vibe: Fun. Theme: Recovery & Healing. Product lock: PT-141 (V-PT1-001). Form: research catalog material. Camera: 16:9 landscape cinematic framing, deep environmental context. Keep product as part of a full environmental scene — not an isolated void packshot. SIGNAGE RULE: premium clean research lab only. No safety placards, no industrial alert graphics, no trefoil icons, no striped floor tape, no danger banners. Do not print alert words on walls, floors, labels, or posters. Only neutral room names and product typography.",Captions MUST be only about PT-141 (V-PT1-001) and https://www.palmbeach-vitality.store/products/pt-141.,Active,434,,434,Fun,Recovery & Healing
LI-435,vid_gen_landscape_scenes,16:9,lab_scene,LI-435 — Stacks & Synergy — Selank,A minimalist wellness bottle on a piece of weathered driftwood with ocean spray misting past,"16:9 landscape cinematic framing, deep environmental context",Cool mood lighting,scene product lock via typography / subtle mid-ground research material; no extreme close-up packshot,,V-SEL-001,Selank,https://www.palmbeach-vitality.store/products/selank,"LANDSCAPE SCENE (16:9) for workflow vid_gen_landscape_scenes. Source visual+motion: A minimalist wellness bottle on a piece of weathered driftwood with ocean spray misting past, with the entire bottle briefly becoming translucent then solid again. Extreme slow-motion emphasizes every micro-movement of liquid and light. Vibe: Cool. Theme: Stacks & Synergy. Product lock: Selank (V-SEL-001). Form: research catalog material. Camera: 16:9 landscape cinematic framing, deep environmental context. Keep product as part of a full environmental scene — not an isolated void packshot. SIGNAGE RULE: premium clean research lab only. No safety placards, no industrial alert graphics, no trefoil icons, no striped floor tape, no danger banners. Do not print alert words on walls, floors, labels, or posters. Only neutral room names and product typography.",Captions MUST be only about Selank (V-SEL-001) and https://www.palmbeach-vitality.store/products/selank.,Active,435,,435,Cool,Stacks & Synergy
LI-436,vid_gen_landscape_scenes,16:9,vial_10ml_scene,LI-436 — Recovery & Healing — PT-141,A frosted glass bottle of cellular support next to a torn leaf that stitches itself back together fiber by fiber,"16:9 landscape cinematic framing, deep environmental context",Dramatic mood lighting,"10mL sterile injectable-style glass vial of PT-141 with rubber stopper + aluminum crimp seal (NEVER black twist/screw cap); mid-ground in scene, not extreme macro","10mL sterile injectable-style glass vial with rubber stopper and aluminum crimp seal (NOT screw-cap, NOT black twist cap)",V-PT1-001,PT-141,https://www.palmbeach-vitality.store/products/pt-141,"LANDSCAPE SCENE (16:9) for workflow vid_gen_landscape_scenes. Source visual+motion: A frosted glass bottle of cellular support next to a torn leaf that stitches itself back together fiber by fiber, appearing to crack open like ice, revealing brighter liquid within. Subtle particle systems (dust, pollen, mist) interact gracefully with the vial. Vibe: Dramatic. Theme: Recovery & Healing. Product lock: PT-141 (V-PT1-001). Form: 10mL sterile injectable-style glass vial with rubber stopper and aluminum crimp seal (NOT screw-cap, NOT black twist cap). Camera: 16:9 landscape cinematic framing, deep environmental context. Keep product as part of a full environmental scene — not an isolated void packshot. VIAL SPEC: 10mL sterile injectable-style clear glass vial, rubber stopper + aluminum crimp seal only. FORBIDDEN: black twist caps, screw caps, dropper bottles. SIGNAGE RULE: premium clean research lab only. No safety placards, no industrial alert graphics, no trefoil icons, no striped floor tape, no danger banners. Do not print alert words on walls, floors, labels, or posters. Only neutral room names and product typography.",Captions MUST be only about PT-141 (V-PT1-001) and https://www.palmbeach-vitality.store/products/pt-141.,Active,436,,436,Dramatic,Recovery & Healing
LI-437,vid_gen_landscape_scenes,16:9,vial_10ml_scene,LI-437 — Energy & Cellular Power — Selank,A high-clarity research-grade vial floating just above a still black lake with perfect reflection,"16:9 landscape cinematic framing, deep environmental context",Funny mood lighting,"10mL sterile injectable-style glass vial of Selank with rubber stopper + aluminum crimp seal (NEVER black twist/screw cap); mid-ground in scene, not extreme macro","10mL sterile injectable-style glass vial with rubber stopper and aluminum crimp seal (NOT screw-cap, NOT black twist cap)",V-SEL-001,Selank,https://www.palmbeach-vitality.store/products/selank,"LANDSCAPE SCENE (16:9) for workflow vid_gen_landscape_scenes. Source visual+motion: A high-clarity research-grade vial floating just above a still black lake with perfect reflection, while a much larger empty bottle tips over dramatically and the small one stays still. The scene has a quiet, almost sacred stillness interrupted only by intentional motion. Vibe: Funny. Theme: Energy & Cellular Power. Product lock: Selank (V-SEL-001). Form: 10mL sterile injectable-style glass vial with rubber stopper and aluminum crimp seal (NOT screw-cap, NOT black twist cap). Camera: 16:9 landscape cinematic framing, deep environmental context. Keep product as part of a full environmental scene — not an isolated void packshot. VIAL SPEC: 10mL sterile injectable-style clear glass vial, rubber stopper + aluminum crimp seal only. FORBIDDEN: black twist caps, screw caps, dropper bottles. SIGNAGE RULE: premium clean research lab only. No safety placards, no industrial alert graphics, no trefoil icons, no striped floor tape, no danger banners. Do not print alert words on walls, floors, labels, or posters. Only neutral room names and product typography.",Captions MUST be only about Selank (V-SEL-001) and https://www.palmbeach-vitality.store/products/selank.,Active,437,,437,Funny,Energy & Cellular Power
LI-438,vid_gen_landscape_scenes,16:9,pen_3ml_scene,LI-438 — Energy & Cellular Power — Tesamorelin/Ipamorelin,A matte-black peptide pen floating in pure black void while golden particles slowly orbit,"16:9 landscape cinematic framing, deep environmental context",Cool mood lighting,"3mL research dosage pen of Tesamorelin/Ipamorelin as mid-ground hero in the scene (not extreme macro; no injection act, no people)",3mL pre-filled research dosage pen,P-TEI-001,Tesamorelin/Ipamorelin,https://www.palmbeach-vitality.store/products/tesamorelin-ipamorelin-pen,"LANDSCAPE SCENE (16:9) for workflow vid_gen_landscape_scenes. Source visual+motion: A matte-black peptide pen floating in pure black void while golden particles slowly orbit, as hundreds of tiny light points stream into it from all directions. The scene has a quiet, almost sacred stillness interrupted only by intentional motion. Vibe: Cool. Theme: Energy & Cellular Power. Product lock: Tesamorelin/Ipamorelin (P-TEI-001). Form: 3mL pre-filled research dosage pen. Camera: 16:9 landscape cinematic framing, deep environmental context. Keep product as part of a full environmental scene — not an isolated void packshot. PEN SPEC: 3mL pre-filled research dosage pen. No injection act, no people, no needles in use. SIGNAGE RULE: premium clean research lab only. No safety placards, no industrial alert graphics, no trefoil icons, no striped floor tape, no danger banners. Do not print alert words on walls, floors, labels, or posters. Only neutral room names and product typography.",Captions MUST be only about Tesamorelin/Ipamorelin (P-TEI-001) and https://www.palmbeach-vitality.store/products/tesamorelin-ipamorelin-pen.,Active,438,,438,Cool,Energy & Cellular Power
LI-439,vid_gen_landscape_scenes,16:9,vial_10ml_scene,LI-439 — Focus & Clarity — Sermorelin,A precision-dosed peptide vial on a frozen surface that cracks in elegant patterns then seals,"16:9 landscape cinematic framing, deep environmental context",Funny mood lighting,"10mL sterile injectable-style glass vial of Sermorelin with rubber stopper + aluminum crimp seal (NEVER black twist/screw cap); mid-ground in scene, not extreme macro","10mL sterile injectable-style glass vial with rubber stopper and aluminum crimp seal (NOT screw-cap, NOT black twist cap)",V-SER-001,Sermorelin,https://www.palmbeach-vitality.store/products/sermorelin,"LANDSCAPE SCENE (16:9) for workflow vid_gen_landscape_scenes. Source visual+motion: A precision-dosed peptide vial on a frozen surface that cracks in elegant patterns then seals, with a soft white light pulsing once like a signal. Extreme slow-motion emphasizes every micro-movement of liquid and light. Vibe: Funny. Theme: Focus & Clarity. Product lock: Sermorelin (V-SER-001). Form: 10mL sterile injectable-style glass vial with rubber stopper and aluminum crimp seal (NOT screw-cap, NOT black twist cap). Camera: 16:9 landscape cinematic framing, deep environmental context. Keep product as part of a full environmental scene — not an isolated void packshot. VIAL SPEC: 10mL sterile injectable-style clear glass vial, rubber stopper + aluminum crimp seal only. FORBIDDEN: black twist caps, screw caps, dropper bottles. SIGNAGE RULE: premium clean research lab only. No safety placards, no industrial alert graphics, no trefoil icons, no striped floor tape, no danger banners. Do not print alert words on walls, floors, labels, or posters. Only neutral room names and product typography.",Captions MUST be only about Sermorelin (V-SER-001) and https://www.palmbeach-vitality.store/products/sermorelin.,Active,439,,439,Funny,Focus & Clarity
LI-440,vid_gen_landscape_scenes,16:9,lab_scene,LI-440 — Nature Regeneration — Sermorelin,A minimalist wellness bottle on a cracked dry leaf that unfurls and turns lush green beside it,"16:9 landscape cinematic framing, deep environmental context",Funny mood lighting,scene product lock via typography / subtle mid-ground research material; no extreme close-up packshot,,V-SER-001,Sermorelin,https://www.palmbeach-vitality.store/products/sermorelin,"LANDSCAPE SCENE (16:9) for workflow vid_gen_landscape_scenes. Source visual+motion: A minimalist wellness bottle on a cracked dry leaf that unfurls and turns lush green beside it, as a single red drop forms and slowly shapes itself into a heart before falling. Golden hour light slides across the surface creating long lens flares. Vibe: Funny. Theme: Nature Regeneration. Product lock: Sermorelin (V-SER-001). Form: research catalog material. Camera: 16:9 landscape cinematic framing, deep environmental context. Keep product as part of a full environmental scene — not an isolated void packshot. SIGNAGE RULE: premium clean research lab only. No safety placards, no industrial alert graphics, no trefoil icons, no striped floor tape, no danger banners. Do not print alert words on walls, floors, labels, or posters. Only neutral room names and product typography.",Captions MUST be only about Sermorelin (V-SER-001) and https://www.palmbeach-vitality.store/products/sermorelin.,Active,440,,440,Funny,Nature Regeneration
LI-441,vid_gen_landscape_scenes,16:9,vial_10ml_scene,LI-441 — Beach & Ocean — SS-31,A crystal-clear recovery vial against a background that shifts from deep ocean blue to electric violet,"16:9 landscape cinematic framing, deep environmental context",Dramatic mood lighting,"10mL sterile injectable-style glass vial of SS-31 with rubber stopper + aluminum crimp seal (NEVER black twist/screw cap); mid-ground in scene, not extreme macro","10mL sterile injectable-style glass vial with rubber stopper and aluminum crimp seal (NOT screw-cap, NOT black twist cap)",V-SS3-001,SS-31,https://www.palmbeach-vitality.store/products/ss-31,"LANDSCAPE SCENE (16:9) for workflow vid_gen_landscape_scenes. Source visual+motion: A crystal-clear recovery vial against a background that shifts from deep ocean blue to electric violet, with its label slowly peeling back just enough to hint at a second layer underneath. The environment feels charged, as if responding to the product's presence. Vibe: Dramatic. Theme: Beach & Ocean. Product lock: SS-31 (V-SS3-001). Form: 10mL sterile injectable-style glass vial with rubber stopper and aluminum crimp seal (NOT screw-cap, NOT black twist cap). Camera: 16:9 landscape cinematic framing, deep environmental context. Keep product as part of a full environmental scene — not an isolated void packshot. VIAL SPEC: 10mL sterile injectable-style clear glass vial, rubber stopper + aluminum crimp seal only. FORBIDDEN: black twist caps, screw caps, dropper bottles. SIGNAGE RULE: premium clean research lab only. No safety placards, no industrial alert graphics, no trefoil icons, no striped floor tape, no danger banners. Do not print alert words on walls, floors, labels, or posters. Only neutral room names and product typography.",Captions MUST be only about SS-31 (V-SS3-001) and https://www.palmbeach-vitality.store/products/ss-31.,Active,441,,441,Dramatic,Beach & Ocean
LI-442,vid_gen_landscape_scenes,16:9,lab_scene,LI-442 — Nature Regeneration — SS-31,A slim silver-capped peptide bottle beside a wilting fern that visibly brightens and lifts,"16:9 landscape cinematic framing, deep environmental context",Fun mood lighting,scene product lock via typography / subtle mid-ground research material; no extreme close-up packshot,,V-SS3-001,SS-31,https://www.palmbeach-vitality.store/products/ss-31,"LANDSCAPE SCENE (16:9) for workflow vid_gen_landscape_scenes. Source visual+motion: A slim silver-capped peptide bottle beside a wilting fern that visibly brightens and lifts, with the bottle slowly spinning faster then abruptly stopping in perfect frame. Extreme slow-motion emphasizes every micro-movement of liquid and light. Vibe: Fun. Theme: Nature Regeneration. Product lock: SS-31 (V-SS3-001). Form: research catalog material. Camera: 16:9 landscape cinematic framing, deep environmental context. Keep product as part of a full environmental scene — not an isolated void packshot. SIGNAGE RULE: premium clean research lab only. No safety placards, no industrial alert graphics, no trefoil icons, no striped floor tape, no danger banners. Do not print alert words on walls, floors, labels, or posters. Only neutral room names and product typography.",Captions MUST be only about SS-31 (V-SS3-001) and https://www.palmbeach-vitality.store/products/ss-31.,Active,442,,442,Fun,Nature Regeneration
LI-443,vid_gen_landscape_scenes,16:9,pen_3ml_scene,LI-443 — Recovery & Healing — BPC-157,A slim silver-capped peptide bottle half-buried in fine sand until a soft breeze fully reveals it,"16:9 landscape cinematic framing, deep environmental context",Cool mood lighting,"3mL research dosage pen of BPC-157 as mid-ground hero in the scene (not extreme macro; no injection act, no people)",3mL pre-filled research dosage pen,P-BPC-001,BPC-157,https://www.palmbeach-vitality.store/products/bpc-157-pen,"LANDSCAPE SCENE (16:9) for workflow vid_gen_landscape_scenes. Source visual+motion: A slim silver-capped peptide bottle half-buried in fine sand until a soft breeze fully reveals it, appearing to crack open like ice, revealing brighter liquid within. Deep contrast between the sharp product and soft, dreamy background. Vibe: Cool. Theme: Recovery & Healing. Product lock: BPC-157 (P-BPC-001). Form: 3mL pre-filled research dosage pen. Camera: 16:9 landscape cinematic framing, deep environmental context. Keep product as part of a full environmental scene — not an isolated void packshot. PEN SPEC: 3mL pre-filled research dosage pen. No injection act, no people, no needles in use. SIGNAGE RULE: premium clean research lab only. No safety placards, no industrial alert graphics, no trefoil icons, no striped floor tape, no danger banners. Do not print alert words on walls, floors, labels, or posters. Only neutral room names and product typography.",Captions MUST be only about BPC-157 (P-BPC-001) and https://www.palmbeach-vitality.store/products/bpc-157-pen.,Active,443,,443,Cool,Recovery & Healing
LI-444,vid_gen_landscape_scenes,16:9,vial_10ml_scene,LI-444 — Abstract Cellular — TB-500,A precision-dosed peptide vial beside a single candle whose flame burns taller and cleaner,"16:9 landscape cinematic framing, deep environmental context",Fun mood lighting,"10mL sterile injectable-style glass vial of TB-500 with rubber stopper + aluminum crimp seal (NEVER black twist/screw cap); mid-ground in scene, not extreme macro","10mL sterile injectable-style glass vial with rubber stopper and aluminum crimp seal (NOT screw-cap, NOT black twist cap)",V-TB5-001,TB-500,https://www.palmbeach-vitality.store/products/tb-500,"LANDSCAPE SCENE (16:9) for workflow vid_gen_landscape_scenes. Source visual+motion: A precision-dosed peptide vial beside a single candle whose flame burns taller and cleaner, slowly rotating on its axis with liquid inside catching light. Soft volumetric god-rays cut through the scene. Vibe: Fun. Theme: Abstract Cellular. Product lock: TB-500 (V-TB5-001). Form: 10mL sterile injectable-style glass vial with rubber stopper and aluminum crimp seal (NOT screw-cap, NOT black twist cap). Camera: 16:9 landscape cinematic framing, deep environmental context. Keep product as part of a full environmental scene — not an isolated void packshot. VIAL SPEC: 10mL sterile injectable-style clear glass vial, rubber stopper + aluminum crimp seal only. FORBIDDEN: black twist caps, screw caps, dropper bottles. SIGNAGE RULE: premium clean research lab only. No safety placards, no industrial alert graphics, no trefoil icons, no striped floor tape, no danger banners. Do not print alert words on walls, floors, labels, or posters. Only neutral room names and product typography.",Captions MUST be only about TB-500 (V-TB5-001) and https://www.palmbeach-vitality.store/products/tb-500.,Active,444,,444,Fun,Abstract Cellular
LI-445,vid_gen_landscape_scenes,16:9,pen_3ml_scene,LI-445 — Longevity & Anti-Aging — BPC-157 / TB-500,A minimalist wellness bottle on a mountaintop rock with distant clouds drifting past,"16:9 landscape cinematic framing, deep environmental context",Fun mood lighting,"3mL research dosage pen of BPC-157 / TB-500 as mid-ground hero in the scene (not extreme macro; no injection act, no people)",3mL pre-filled research dosage pen,P-WOL-001,BPC-157 / TB-500,https://www.palmbeach-vitality.store/products/wolverine-pen,"LANDSCAPE SCENE (16:9) for workflow vid_gen_landscape_scenes. Source visual+motion: A minimalist wellness bottle on a mountaintop rock with distant clouds drifting past, while soft chalk dust or powder settles into clean lines around it. Time-lapse growth and repair happens in the periphery only. Vibe: Fun. Theme: Longevity & Anti-Aging. Product lock: BPC-157 / TB-500 (P-WOL-001). Form: 3mL pre-filled research dosage pen. Camera: 16:9 landscape cinematic framing, deep environmental context. Keep product as part of a full environmental scene — not an isolated void packshot. PEN SPEC: 3mL pre-filled research dosage pen. No injection act, no people, no needles in use. SIGNAGE RULE: premium clean research lab only. No safety placards, no industrial alert graphics, no trefoil icons, no striped floor tape, no danger banners. Do not print alert words on walls, floors, labels, or posters. Only neutral room names and product typography.",Captions MUST be only about BPC-157 / TB-500 (P-WOL-001) and https://www.palmbeach-vitality.store/products/wolverine-pen.,Active,445,,445,Fun,Longevity & Anti-Aging
LI-446,vid_gen_landscape_scenes,16:9,lab_scene,LI-446 — Recovery & Healing — TB-500,A slim silver-capped peptide bottle beside a melting ice cube that reforms into a perfect clear sphere,"16:9 landscape cinematic framing, deep environmental context",Fun mood lighting,scene product lock via typography / subtle mid-ground research material; no extreme close-up packshot,,V-TB5-001,TB-500,https://www.palmbeach-vitality.store/products/tb-500,"LANDSCAPE SCENE (16:9) for workflow vid_gen_landscape_scenes. Source visual+motion: A slim silver-capped peptide bottle beside a melting ice cube that reforms into a perfect clear sphere, as the bottle appears to 'surf' a wave of foam across a dark surface. Extreme slow-motion emphasizes every micro-movement of liquid and light. Vibe: Fun. Theme: Recovery & Healing. Product lock: TB-500 (V-TB5-001). Form: research catalog material. Camera: 16:9 landscape cinematic framing, deep environmental context. Keep product as part of a full environmental scene — not an isolated void packshot. SIGNAGE RULE: premium clean research lab only. No safety placards, no industrial alert graphics, no trefoil icons, no striped floor tape, no danger banners. Do not print alert words on walls, floors, labels, or posters. Only neutral room names and product typography.",Captions MUST be only about TB-500 (V-TB5-001) and https://www.palmbeach-vitality.store/products/tb-500.,Active,446,,446,Fun,Recovery & Healing
LI-447,vid_gen_landscape_scenes,16:9,vial_10ml_scene,LI-447 — Stacks & Synergy — Tesamorelin,A precision-dosed peptide vial on a bed of white salt crystals that slowly rearrange,"16:9 landscape cinematic framing, deep environmental context",Cool mood lighting,"10mL sterile injectable-style glass vial of Tesamorelin with rubber stopper + aluminum crimp seal (NEVER black twist/screw cap); mid-ground in scene, not extreme macro","10mL sterile injectable-style glass vial with rubber stopper and aluminum crimp seal (NOT screw-cap, NOT black twist cap)",V-TES-001,Tesamorelin,https://www.palmbeach-vitality.store/products/tesamorelin,"LANDSCAPE SCENE (16:9) for workflow vid_gen_landscape_scenes. Source visual+motion: A precision-dosed peptide vial on a bed of white salt crystals that slowly rearrange, as hundreds of tiny light points stream into it from all directions. Golden hour light slides across the surface creating long lens flares. Vibe: Cool. Theme: Stacks & Synergy. Product lock: Tesamorelin (V-TES-001). Form: 10mL sterile injectable-style glass vial with rubber stopper and aluminum crimp seal (NOT screw-cap, NOT black twist cap). Camera: 16:9 landscape cinematic framing, deep environmental context. Keep product as part of a full environmental scene — not an isolated void packshot. VIAL SPEC: 10mL sterile injectable-style clear glass vial, rubber stopper + aluminum crimp seal only. FORBIDDEN: black twist caps, screw caps, dropper bottles. SIGNAGE RULE: premium clean research lab only. No safety placards, no industrial alert graphics, no trefoil icons, no striped floor tape, no danger banners. Do not print alert words on walls, floors, labels, or posters. Only neutral room names and product typography.",Captions MUST be only about Tesamorelin (V-TES-001) and https://www.palmbeach-vitality.store/products/tesamorelin.,Active,447,,447,Cool,Stacks & Synergy
LI-448,vid_gen_landscape_scenes,16:9,vial_10ml_scene,LI-448 — Energy & Cellular Power — BPC-157,A sleek glass peptide vial framed by two large tropical leaves that slowly close then reopen like curtains,"16:9 landscape cinematic framing, deep environmental context",Cool mood lighting,"10mL sterile injectable-style glass vial of BPC-157 with rubber stopper + aluminum crimp seal (NEVER black twist/screw cap); mid-ground in scene, not extreme macro","10mL sterile injectable-style glass vial with rubber stopper and aluminum crimp seal (NOT screw-cap, NOT black twist cap)",V-BPC-001,BPC-157,https://www.palmbeach-vitality.store/products/bpc-157,"LANDSCAPE SCENE (16:9) for workflow vid_gen_landscape_scenes. Source visual+motion: A sleek glass peptide vial framed by two large tropical leaves that slowly close then reopen like curtains, while the liquid inside briefly transforms into a swirling miniature galaxy. Subtle particle systems (dust, pollen, mist) interact gracefully with the vial. Vibe: Cool. Theme: Energy & Cellular Power. Product lock: BPC-157 (V-BPC-001). Form: 10mL sterile injectable-style glass vial with rubber stopper and aluminum crimp seal (NOT screw-cap, NOT black twist cap). Camera: 16:9 landscape cinematic framing, deep environmental context. Keep product as part of a full environmental scene — not an isolated void packshot. VIAL SPEC: 10mL sterile injectable-style clear glass vial, rubber stopper + aluminum crimp seal only. FORBIDDEN: black twist caps, screw caps, dropper bottles. SIGNAGE RULE: premium clean research lab only. No safety placards, no industrial alert graphics, no trefoil icons, no striped floor tape, no danger banners. Do not print alert words on walls, floors, labels, or posters. Only neutral room names and product typography.",Captions MUST be only about BPC-157 (V-BPC-001) and https://www.palmbeach-vitality.store/products/bpc-157.,Active,448,,448,Cool,Energy & Cellular Power
LI-449,vid_gen_landscape_scenes,16:9,vial_10ml_scene,LI-449 — Beach & Ocean — BPC-157 / TB-500,A crystal-clear recovery vial on volcanic black sand with distant soft lava glow (stylized),"16:9 landscape cinematic framing, deep environmental context",Funny mood lighting,"10mL sterile injectable-style glass vial of BPC-157 / TB-500 with rubber stopper + aluminum crimp seal (NEVER black twist/screw cap); mid-ground in scene, not extreme macro","10mL sterile injectable-style glass vial with rubber stopper and aluminum crimp seal (NOT screw-cap, NOT black twist cap)",V-WOL-001,BPC-157 / TB-500,https://www.palmbeach-vitality.store/products/wolverine-stack,"LANDSCAPE SCENE (16:9) for workflow vid_gen_landscape_scenes. Source visual+motion: A crystal-clear recovery vial on volcanic black sand with distant soft lava glow (stylized), while the background subtly accelerates in time-lapse around the still product. A gentle breeze moves surrounding elements without disturbing the product. Vibe: Funny. Theme: Beach & Ocean. Product lock: BPC-157 / TB-500 (V-WOL-001). Form: 10mL sterile injectable-style glass vial with rubber stopper and aluminum crimp seal (NOT screw-cap, NOT black twist cap). Camera: 16:9 landscape cinematic framing, deep environmental context. Keep product as part of a full environmental scene — not an isolated void packshot. VIAL SPEC: 10mL sterile injectable-style clear glass vial, rubber stopper + aluminum crimp seal only. FORBIDDEN: black twist caps, screw caps, dropper bottles. SIGNAGE RULE: premium clean research lab only. No safety placards, no industrial alert graphics, no trefoil icons, no striped floor tape, no danger banners. Do not print alert words on walls, floors, labels, or posters. Only neutral room names and product typography.",Captions MUST be only about BPC-157 / TB-500 (V-WOL-001) and https://www.palmbeach-vitality.store/products/wolverine-stack.,Active,449,,449,Funny,Beach & Ocean
LI-450,vid_gen_landscape_scenes,16:9,pen_3ml_scene,LI-450 — Recovery & Healing — CJC (no DAC)/Ipamorelin,A matte-black peptide pen in heavy fog that slowly parts only in a perfect circle around it,"16:9 landscape cinematic framing, deep environmental context",Cool mood lighting,"3mL research dosage pen of CJC (no DAC)/Ipamorelin as mid-ground hero in the scene (not extreme macro; no injection act, no people)",3mL pre-filled research dosage pen,P-CII-001,CJC (no DAC)/Ipamorelin,https://www.palmbeach-vitality.store/products/cjc-ipamorelin-1,"LANDSCAPE SCENE (16:9) for workflow vid_gen_landscape_scenes. Source visual+motion: A matte-black peptide pen in heavy fog that slowly parts only in a perfect circle around it, appearing to crack open like ice, revealing brighter liquid within. Soft volumetric god-rays cut through the scene. Vibe: Cool. Theme: Recovery & Healing. Product lock: CJC (no DAC)/Ipamorelin (P-CII-001). Form: 3mL pre-filled research dosage pen. Camera: 16:9 landscape cinematic framing, deep environmental context. Keep product as part of a full environmental scene — not an isolated void packshot. PEN SPEC: 3mL pre-filled research dosage pen. No injection act, no people, no needles in use. SIGNAGE RULE: premium clean research lab only. No safety placards, no industrial alert graphics, no trefoil icons, no striped floor tape, no danger banners. Do not print alert words on walls, floors, labels, or posters. Only neutral room names and product typography.",Captions MUST be only about CJC (no DAC)/Ipamorelin (P-CII-001) and https://www.palmbeach-vitality.store/products/cjc-ipamorelin-1.,Active,450,,450,Cool,Recovery & Healing
LI-451,vid_gen_landscape_scenes,16:9,pen_3ml_scene,LI-451 — Nature Regeneration — DSIP,A minimalist wellness bottle on a cracked dry leaf that unfurls and turns lush green beside it,"16:9 landscape cinematic framing, deep environmental context",Fun mood lighting,"3mL research dosage pen of DSIP as mid-ground hero in the scene (not extreme macro; no injection act, no people)",3mL pre-filled research dosage pen,P-DSI-001,DSIP,https://www.palmbeach-vitality.store/products/dsip-pen,"LANDSCAPE SCENE (16:9) for workflow vid_gen_landscape_scenes. Source visual+motion: A minimalist wellness bottle on a cracked dry leaf that unfurls and turns lush green beside it, while surrounding water freezes in elegant crystals then melts cleanly. Time-lapse growth and repair happens in the periphery only. Vibe: Fun. Theme: Nature Regeneration. Product lock: DSIP (P-DSI-001). Form: 3mL pre-filled research dosage pen. Camera: 16:9 landscape cinematic framing, deep environmental context. Keep product as part of a full environmental scene — not an isolated void packshot. PEN SPEC: 3mL pre-filled research dosage pen. No injection act, no people, no needles in use. SIGNAGE RULE: premium clean research lab only. No safety placards, no industrial alert graphics, no trefoil icons, no striped floor tape, no danger banners. Do not print alert words on walls, floors, labels, or posters. Only neutral room names and product typography.",Captions MUST be only about DSIP (P-DSI-001) and https://www.palmbeach-vitality.store/products/dsip-pen.,Active,451,,451,Fun,Nature Regeneration
LI-452,vid_gen_landscape_scenes,16:9,vial_10ml_scene,LI-452 — Energy & Cellular Power — Cagrilinitide,A sleek glass peptide vial floating just above a still black lake with perfect reflection,"16:9 landscape cinematic framing, deep environmental context",Fun mood lighting,"10mL sterile injectable-style glass vial of Cagrilinitide with rubber stopper + aluminum crimp seal (NEVER black twist/screw cap); mid-ground in scene, not extreme macro","10mL sterile injectable-style glass vial with rubber stopper and aluminum crimp seal (NOT screw-cap, NOT black twist cap)",V-CAG-001,Cagrilinitide,https://www.palmbeach-vitality.store/products/cargrilinitide,"LANDSCAPE SCENE (16:9) for workflow vid_gen_landscape_scenes. Source visual+motion: A sleek glass peptide vial floating just above a still black lake with perfect reflection, with two identical vials in a perfect staring contest, zero movement. Soft volumetric god-rays cut through the scene. Vibe: Fun. Theme: Energy & Cellular Power. Product lock: Cagrilinitide (V-CAG-001). Form: 10mL sterile injectable-style glass vial with rubber stopper and aluminum crimp seal (NOT screw-cap, NOT black twist cap). Camera: 16:9 landscape cinematic framing, deep environmental context. Keep product as part of a full environmental scene — not an isolated void packshot. VIAL SPEC: 10mL sterile injectable-style clear glass vial, rubber stopper + aluminum crimp seal only. FORBIDDEN: black twist caps, screw caps, dropper bottles. SIGNAGE RULE: premium clean research lab only. No safety placards, no industrial alert graphics, no trefoil icons, no striped floor tape, no danger banners. Do not print alert words on walls, floors, labels, or posters. Only neutral room names and product typography.",Captions MUST be only about Cagrilinitide (V-CAG-001) and https://www.palmbeach-vitality.store/products/cargrilinitide.,Active,452,,452,Fun,Energy & Cellular Power
LI-453,vid_gen_landscape_scenes,16:9,lab_scene,LI-453 — Fat Loss & Metabolism — Tesamorelin,A minimalist wellness bottle in complete darkness until a precise light beam illuminates only the label area,"16:9 landscape cinematic framing, deep environmental context",Fun mood lighting,scene product lock via typography / subtle mid-ground research material; no extreme close-up packshot,,V-TES-001,Tesamorelin,https://www.palmbeach-vitality.store/products/tesamorelin,"LANDSCAPE SCENE (16:9) for workflow vid_gen_landscape_scenes. Source visual+motion: A minimalist wellness bottle in complete darkness until a precise light beam illuminates only the label area, with the product perfectly balanced on the edge of a surface that looks unstable. Soft volumetric god-rays cut through the scene. Vibe: Fun. Theme: Fat Loss & Metabolism. Product lock: Tesamorelin (V-TES-001). Form: research catalog material. Camera: 16:9 landscape cinematic framing, deep environmental context. Keep product as part of a full environmental scene — not an isolated void packshot. SIGNAGE RULE: premium clean research lab only. No safety placards, no industrial alert graphics, no trefoil icons, no striped floor tape, no danger banners. Do not print alert words on walls, floors, labels, or posters. Only neutral room names and product typography.",Captions MUST be only about Tesamorelin (V-TES-001) and https://www.palmbeach-vitality.store/products/tesamorelin.,Active,453,,453,Fun,Fat Loss & Metabolism
LI-454,vid_gen_landscape_scenes,16:9,vial_10ml_scene,LI-454 — Energy & Cellular Power — CJC (no DAC),A precision-dosed peptide vial on a kitchen counter as a stick of butter softens and fruit brightens nearby,"16:9 landscape cinematic framing, deep environmental context",Funny mood lighting,"10mL sterile injectable-style glass vial of CJC (no DAC) with rubber stopper + aluminum crimp seal (NEVER black twist/screw cap); mid-ground in scene, not extreme macro","10mL sterile injectable-style glass vial with rubber stopper and aluminum crimp seal (NOT screw-cap, NOT black twist cap)",V-CJC-001,CJC (no DAC),https://www.palmbeach-vitality.store/products/cjc,"LANDSCAPE SCENE (16:9) for workflow vid_gen_landscape_scenes. Source visual+motion: A precision-dosed peptide vial on a kitchen counter as a stick of butter softens and fruit brightens nearby, leaning almost to the point of tipping then correcting itself. Deep contrast between the sharp product and soft, dreamy background. Vibe: Funny. Theme: Energy & Cellular Power. Product lock: CJC (no DAC) (V-CJC-001). Form: 10mL sterile injectable-style glass vial with rubber stopper and aluminum crimp seal (NOT screw-cap, NOT black twist cap). Camera: 16:9 landscape cinematic framing, deep environmental context. Keep product as part of a full environmental scene — not an isolated void packshot. VIAL SPEC: 10mL sterile injectable-style clear glass vial, rubber stopper + aluminum crimp seal only. FORBIDDEN: black twist caps, screw caps, dropper bottles. SIGNAGE RULE: premium clean research lab only. No safety placards, no industrial alert graphics, no trefoil icons, no striped floor tape, no danger banners. Do not print alert words on walls, floors, labels, or posters. Only neutral room names and product typography.",Captions MUST be only about CJC (no DAC) (V-CJC-001) and https://www.palmbeach-vitality.store/products/cjc.,Active,454,,454,Funny,Energy & Cellular Power
LI-455,vid_gen_landscape_scenes,16:9,vial_10ml_scene,LI-455 — Stacks & Synergy — CJC (no DAC)/Ipamorelin,A pure white ceramic-capped vial on a mirror surface that reflects infinite versions of itself,"16:9 landscape cinematic framing, deep environmental context",Dramatic mood lighting,"10mL sterile injectable-style glass vial of CJC (no DAC)/Ipamorelin with rubber stopper + aluminum crimp seal (NEVER black twist/screw cap); mid-ground in scene, not extreme macro","10mL sterile injectable-style glass vial with rubber stopper and aluminum crimp seal (NOT screw-cap, NOT black twist cap)",V-CII-001,CJC (no DAC)/Ipamorelin,https://www.palmbeach-vitality.store/products/cjc-ipamorelin,"LANDSCAPE SCENE (16:9) for workflow vid_gen_landscape_scenes. Source visual+motion: A pure white ceramic-capped vial on a mirror surface that reflects infinite versions of itself, slowly rotating on its axis with liquid inside catching light. The scene has a quiet, almost sacred stillness interrupted only by intentional motion. Vibe: Dramatic. Theme: Stacks & Synergy. Product lock: CJC (no DAC)/Ipamorelin (V-CII-001). Form: 10mL sterile injectable-style glass vial with rubber stopper and aluminum crimp seal (NOT screw-cap, NOT black twist cap). Camera: 16:9 landscape cinematic framing, deep environmental context. Keep product as part of a full environmental scene — not an isolated void packshot. VIAL SPEC: 10mL sterile injectable-style clear glass vial, rubber stopper + aluminum crimp seal only. FORBIDDEN: black twist caps, screw caps, dropper bottles. SIGNAGE RULE: premium clean research lab only. No safety placards, no industrial alert graphics, no trefoil icons, no striped floor tape, no danger banners. Do not print alert words on walls, floors, labels, or posters. Only neutral room names and product typography.",Captions MUST be only about CJC (no DAC)/Ipamorelin (V-CII-001) and https://www.palmbeach-vitality.store/products/cjc-ipamorelin.,Active,455,,455,Dramatic,Stacks & Synergy
LI-456,vid_gen_landscape_scenes,16:9,vial_10ml_scene,LI-456 — Recovery & Healing — GHK-Cu,A precision-dosed peptide vial inside a large clear ice block that slowly melts away,"16:9 landscape cinematic framing, deep environmental context",Cool mood lighting,"10mL sterile injectable-style glass vial of GHK-Cu with rubber stopper + aluminum crimp seal (NEVER black twist/screw cap); mid-ground in scene, not extreme macro","10mL sterile injectable-style glass vial with rubber stopper and aluminum crimp seal (NOT screw-cap, NOT black twist cap)",V-GHK-001,GHK-Cu,https://www.palmbeach-vitality.store/products/ghk-cu,"LANDSCAPE SCENE (16:9) for workflow vid_gen_landscape_scenes. Source visual+motion: A precision-dosed peptide vial inside a large clear ice block that slowly melts away, while a soft pulse of light travels from bottom to top like a heartbeat. A gentle breeze moves surrounding elements without disturbing the product. Vibe: Cool. Theme: Recovery & Healing. Product lock: GHK-Cu (V-GHK-001). Form: 10mL sterile injectable-style glass vial with rubber stopper and aluminum crimp seal (NOT screw-cap, NOT black twist cap). Camera: 16:9 landscape cinematic framing, deep environmental context. Keep product as part of a full environmental scene — not an isolated void packshot. VIAL SPEC: 10mL sterile injectable-style clear glass vial, rubber stopper + aluminum crimp seal only. FORBIDDEN: black twist caps, screw caps, dropper bottles. SIGNAGE RULE: premium clean research lab only. No safety placards, no industrial alert graphics, no trefoil icons, no striped floor tape, no danger banners. Do not print alert words on walls, floors, labels, or posters. Only neutral room names and product typography.",Captions MUST be only about GHK-Cu (V-GHK-001) and https://www.palmbeach-vitality.store/products/ghk-cu.,Active,456,,456,Cool,Recovery & Healing
LI-457,vid_gen_landscape_scenes,16:9,pen_3ml_scene,LI-457 — Resilience & Strength — GHK-Cu,A matte-black peptide pen on a smooth river stone while clear water flows in soft ribbons around it,"16:9 landscape cinematic framing, deep environmental context",Fun mood lighting,"3mL research dosage pen of GHK-Cu as mid-ground hero in the scene (not extreme macro; no injection act, no people)",3mL pre-filled research dosage pen,P-GHK-001,GHK-Cu,https://www.palmbeach-vitality.store/products/ghk-cu-pen,"LANDSCAPE SCENE (16:9) for workflow vid_gen_landscape_scenes. Source visual+motion: A matte-black peptide pen on a smooth river stone while clear water flows in soft ribbons around it, with the liquid surface forming perfect concentric circles from an invisible impact. A gentle breeze moves surrounding elements without disturbing the product. Vibe: Fun. Theme: Resilience & Strength. Product lock: GHK-Cu (P-GHK-001). Form: 3mL pre-filled research dosage pen. Camera: 16:9 landscape cinematic framing, deep environmental context. Keep product as part of a full environmental scene — not an isolated void packshot. PEN SPEC: 3mL pre-filled research dosage pen. No injection act, no people, no needles in use. SIGNAGE RULE: premium clean research lab only. No safety placards, no industrial alert graphics, no trefoil icons, no striped floor tape, no danger banners. Do not print alert words on walls, floors, labels, or posters. Only neutral room names and product typography.",Captions MUST be only about GHK-Cu (P-GHK-001) and https://www.palmbeach-vitality.store/products/ghk-cu-pen.,Active,457,,457,Fun,Resilience & Strength
LI-458,vid_gen_landscape_scenes,16:9,pen_3ml_scene,LI-458 — Recovery & Healing — 5-Amino-1MQ,A matte-black peptide pen inside a large empty glass terrarium with condensation forming,"16:9 landscape cinematic framing, deep environmental context",Fun mood lighting,"3mL research dosage pen of 5-Amino-1MQ as mid-ground hero in the scene (not extreme macro; no injection act, no people)",3mL pre-filled research dosage pen,P-5AM-001,5-Amino-1MQ,https://www.palmbeach-vitality.store/products/5-amino-mq-pen,"LANDSCAPE SCENE (16:9) for workflow vid_gen_landscape_scenes. Source visual+motion: A matte-black peptide pen inside a large empty glass terrarium with condensation forming, as the product seems to age backward — surface becomes cleaner and brighter. The scene has a quiet, almost sacred stillness interrupted only by intentional motion. Vibe: Fun. Theme: Recovery & Healing. Product lock: 5-Amino-1MQ (P-5AM-001). Form: 3mL pre-filled research dosage pen. Camera: 16:9 landscape cinematic framing, deep environmental context. Keep product as part of a full environmental scene — not an isolated void packshot. PEN SPEC: 3mL pre-filled research dosage pen. No injection act, no people, no needles in use. SIGNAGE RULE: premium clean research lab only. No safety placards, no industrial alert graphics, no trefoil icons, no striped floor tape, no danger banners. Do not print alert words on walls, floors, labels, or posters. Only neutral room names and product typography.",Captions MUST be only about 5-Amino-1MQ (P-5AM-001) and https://www.palmbeach-vitality.store/products/5-amino-mq-pen.,Active,458,,458,Fun,Recovery & Healing
LI-459,vid_gen_landscape_scenes,16:9,pen_3ml_scene,LI-459 — Beach & Ocean — BPC-157 / TB-500 / GHK-Cu,A matte-black peptide pen in a desert landscape of fine sand with heat shimmer rising,"16:9 landscape cinematic framing, deep environmental context",Funny mood lighting,"3mL research dosage pen of BPC-157 / TB-500 / GHK-Cu as mid-ground hero in the scene (not extreme macro; no injection act, no people)",3mL pre-filled research dosage pen,P-GLO-001,BPC-157 / TB-500 / GHK-Cu,https://www.palmbeach-vitality.store/products/glow-pen,"LANDSCAPE SCENE (16:9) for workflow vid_gen_landscape_scenes. Source visual+motion: A matte-black peptide pen in a desert landscape of fine sand with heat shimmer rising, as the product seems to age backward — surface becomes cleaner and brighter. Reflections and refractions in the glass create secondary visual interest. Vibe: Funny. Theme: Beach & Ocean. Product lock: BPC-157 / TB-500 / GHK-Cu (P-GLO-001). Form: 3mL pre-filled research dosage pen. Camera: 16:9 landscape cinematic framing, deep environmental context. Keep product as part of a full environmental scene — not an isolated void packshot. PEN SPEC: 3mL pre-filled research dosage pen. No injection act, no people, no needles in use. SIGNAGE RULE: premium clean research lab only. No safety placards, no industrial alert graphics, no trefoil icons, no striped floor tape, no danger banners. Do not print alert words on walls, floors, labels, or posters. Only neutral room names and product typography.",Captions MUST be only about BPC-157 / TB-500 / GHK-Cu (P-GLO-001) and https://www.palmbeach-vitality.store/products/glow-pen.,Active,459,,459,Funny,Beach & Ocean
LI-460,vid_gen_landscape_scenes,16:9,pen_3ml_scene,LI-460 — Stacks & Synergy — SS-31,A matte-black peptide pen on polished black spa stones with steam rising gently,"16:9 landscape cinematic framing, deep environmental context",Funny mood lighting,"3mL research dosage pen of SS-31 as mid-ground hero in the scene (not extreme macro; no injection act, no people)",3mL pre-filled research dosage pen,P-SS3-001,SS-31,https://www.palmbeach-vitality.store/products/ss-31-pen,"LANDSCAPE SCENE (16:9) for workflow vid_gen_landscape_scenes. Source visual+motion: A matte-black peptide pen on polished black spa stones with steam rising gently, with the product perfectly balanced on the edge of a surface that looks unstable. Soft volumetric god-rays cut through the scene. Vibe: Funny. Theme: Stacks & Synergy. Product lock: SS-31 (P-SS3-001). Form: 3mL pre-filled research dosage pen. Camera: 16:9 landscape cinematic framing, deep environmental context. Keep product as part of a full environmental scene — not an isolated void packshot. PEN SPEC: 3mL pre-filled research dosage pen. No injection act, no people, no needles in use. SIGNAGE RULE: premium clean research lab only. No safety placards, no industrial alert graphics, no trefoil icons, no striped floor tape, no danger banners. Do not print alert words on walls, floors, labels, or posters. Only neutral room names and product typography.",Captions MUST be only about SS-31 (P-SS3-001) and https://www.palmbeach-vitality.store/products/ss-31-pen.,Active,460,,460,Funny,Stacks & Synergy
LI-461,vid_gen_landscape_scenes,16:9,vial_10ml_scene,LI-461 — Beach & Ocean — BPC-157 / TB-500 / GHK-Cu,A pure white ceramic-capped vial on wet Palm Beach sand as a gentle wave washes over and retreats,"16:9 landscape cinematic framing, deep environmental context",Fun mood lighting,"10mL sterile injectable-style glass vial of BPC-157 / TB-500 / GHK-Cu with rubber stopper + aluminum crimp seal (NEVER black twist/screw cap); mid-ground in scene, not extreme macro","10mL sterile injectable-style glass vial with rubber stopper and aluminum crimp seal (NOT screw-cap, NOT black twist cap)",V-GLO-001,BPC-157 / TB-500 / GHK-Cu,https://www.palmbeach-vitality.store/products/glow,"LANDSCAPE SCENE (16:9) for workflow vid_gen_landscape_scenes. Source visual+motion: A pure white ceramic-capped vial on wet Palm Beach sand as a gentle wave washes over and retreats, as it 'hides' behind a large leaf that keeps falling away to reveal it again. The environment feels charged, as if responding to the product's presence. Vibe: Fun. Theme: Beach & Ocean. Product lock: BPC-157 / TB-500 / GHK-Cu (V-GLO-001). Form: 10mL sterile injectable-style glass vial with rubber stopper and aluminum crimp seal (NOT screw-cap, NOT black twist cap). Camera: 16:9 landscape cinematic framing, deep environmental context. Keep product as part of a full environmental scene — not an isolated void packshot. VIAL SPEC: 10mL sterile injectable-style clear glass vial, rubber stopper + aluminum crimp seal only. FORBIDDEN: black twist caps, screw caps, dropper bottles. SIGNAGE RULE: premium clean research lab only. No safety placards, no industrial alert graphics, no trefoil icons, no striped floor tape, no danger banners. Do not print alert words on walls, floors, labels, or posters. Only neutral room names and product typography.",Captions MUST be only about BPC-157 / TB-500 / GHK-Cu (V-GLO-001) and https://www.palmbeach-vitality.store/products/glow.,Active,461,,461,Fun,Beach & Ocean
LI-462,vid_gen_landscape_scenes,16:9,vial_10ml_scene,LI-462 — Recovery & Healing — Thymosin Alpha-1,A precision-dosed peptide vial on a mountaintop rock with distant clouds drifting past,"16:9 landscape cinematic framing, deep environmental context",Cool mood lighting,"10mL sterile injectable-style glass vial of Thymosin Alpha-1 with rubber stopper + aluminum crimp seal (NEVER black twist/screw cap); mid-ground in scene, not extreme macro","10mL sterile injectable-style glass vial with rubber stopper and aluminum crimp seal (NOT screw-cap, NOT black twist cap)",V-TA1-001,Thymosin Alpha-1,https://www.palmbeach-vitality.store/products/ta-1,"LANDSCAPE SCENE (16:9) for workflow vid_gen_landscape_scenes. Source visual+motion: A precision-dosed peptide vial on a mountaintop rock with distant clouds drifting past, as condensation forms and rolls down in slow motion. Subtle particle systems (dust, pollen, mist) interact gracefully with the vial. Vibe: Cool. Theme: Recovery & Healing. Product lock: Thymosin Alpha-1 (V-TA1-001). Form: 10mL sterile injectable-style glass vial with rubber stopper and aluminum crimp seal (NOT screw-cap, NOT black twist cap). Camera: 16:9 landscape cinematic framing, deep environmental context. Keep product as part of a full environmental scene — not an isolated void packshot. VIAL SPEC: 10mL sterile injectable-style clear glass vial, rubber stopper + aluminum crimp seal only. FORBIDDEN: black twist caps, screw caps, dropper bottles. SIGNAGE RULE: premium clean research lab only. No safety placards, no industrial alert graphics, no trefoil icons, no striped floor tape, no danger banners. Do not print alert words on walls, floors, labels, or posters. Only neutral room names and product typography.",Captions MUST be only about Thymosin Alpha-1 (V-TA1-001) and https://www.palmbeach-vitality.store/products/ta-1.,Active,462,,462,Cool,Recovery & Healing
LI-463,vid_gen_landscape_scenes,16:9,vial_10ml_scene,LI-463 — Beach & Ocean — AOD-9604,A high-clarity research-grade vial half-buried in fine sand until a soft breeze fully reveals it,"16:9 landscape cinematic framing, deep environmental context",Dramatic mood lighting,"10mL sterile injectable-style glass vial of AOD-9604 with rubber stopper + aluminum crimp seal (NEVER black twist/screw cap); mid-ground in scene, not extreme macro","10mL sterile injectable-style glass vial with rubber stopper and aluminum crimp seal (NOT screw-cap, NOT black twist cap)",V-AOD-001,AOD-9604,https://www.palmbeach-vitality.store/products/aod-9604,"LANDSCAPE SCENE (16:9) for workflow vid_gen_landscape_scenes. Source visual+motion: A high-clarity research-grade vial half-buried in fine sand until a soft breeze fully reveals it, slowly rotating on its axis with liquid inside catching light. Extreme slow-motion emphasizes every micro-movement of liquid and light. Vibe: Dramatic. Theme: Beach & Ocean. Product lock: AOD-9604 (V-AOD-001). Form: 10mL sterile injectable-style glass vial with rubber stopper and aluminum crimp seal (NOT screw-cap, NOT black twist cap). Camera: 16:9 landscape cinematic framing, deep environmental context. Keep product as part of a full environmental scene — not an isolated void packshot. VIAL SPEC: 10mL sterile injectable-style clear glass vial, rubber stopper + aluminum crimp seal only. FORBIDDEN: black twist caps, screw caps, dropper bottles. SIGNAGE RULE: premium clean research lab only. No safety placards, no industrial alert graphics, no trefoil icons, no striped floor tape, no danger banners. Do not print alert words on walls, floors, labels, or posters. Only neutral room names and product typography.",Captions MUST be only about AOD-9604 (V-AOD-001) and https://www.palmbeach-vitality.store/products/aod-9604.,Active,463,,463,Dramatic,Beach & Ocean
LI-464,vid_gen_landscape_scenes,16:9,vial_10ml_scene,LI-464 — Beach & Ocean — Melanotan 2,A glowing amber wellness vial resting on a stack of smooth river rocks in shallow moving water,"16:9 landscape cinematic framing, deep environmental context",Fun mood lighting,"10mL sterile injectable-style glass vial of Melanotan 2 with rubber stopper + aluminum crimp seal (NEVER black twist/screw cap); mid-ground in scene, not extreme macro","10mL sterile injectable-style glass vial with rubber stopper and aluminum crimp seal (NOT screw-cap, NOT black twist cap)",V-MT2-001,Melanotan 2,https://www.palmbeach-vitality.store/products/melonotan,"LANDSCAPE SCENE (16:9) for workflow vid_gen_landscape_scenes. Source visual+motion: A glowing amber wellness vial resting on a stack of smooth river rocks in shallow moving water, with a soft white light pulsing once like a signal. Reflections and refractions in the glass create secondary visual interest. Vibe: Fun. Theme: Beach & Ocean. Product lock: Melanotan 2 (V-MT2-001). Form: 10mL sterile injectable-style glass vial with rubber stopper and aluminum crimp seal (NOT screw-cap, NOT black twist cap). Camera: 16:9 landscape cinematic framing, deep environmental context. Keep product as part of a full environmental scene — not an isolated void packshot. VIAL SPEC: 10mL sterile injectable-style clear glass vial, rubber stopper + aluminum crimp seal only. FORBIDDEN: black twist caps, screw caps, dropper bottles. SIGNAGE RULE: premium clean research lab only. No safety placards, no industrial alert graphics, no trefoil icons, no striped floor tape, no danger banners. Do not print alert words on walls, floors, labels, or posters. Only neutral room names and product typography.",Captions MUST be only about Melanotan 2 (V-MT2-001) and https://www.palmbeach-vitality.store/products/melonotan.,Active,464,,464,Fun,Beach & Ocean
LI-465,vid_gen_landscape_scenes,16:9,vial_10ml_scene,LI-465 — Nature Regeneration — Retatrutide,A glowing amber wellness vial on a smooth river stone while clear water flows in soft ribbons around it,"16:9 landscape cinematic framing, deep environmental context",Funny mood lighting,"10mL sterile injectable-style glass vial of Retatrutide with rubber stopper + aluminum crimp seal (NEVER black twist/screw cap); mid-ground in scene, not extreme macro","10mL sterile injectable-style glass vial with rubber stopper and aluminum crimp seal (NOT screw-cap, NOT black twist cap)",V-RET-001,Retatrutide,https://www.palmbeach-vitality.store/products/retatrutide,"LANDSCAPE SCENE (16:9) for workflow vid_gen_landscape_scenes. Source visual+motion: A glowing amber wellness vial on a smooth river stone while clear water flows in soft ribbons around it, while the glass surface briefly shows flowing molecular structures then clears. Reflections and refractions in the glass create secondary visual interest. Vibe: Funny. Theme: Nature Regeneration. Product lock: Retatrutide (V-RET-001). Form: 10mL sterile injectable-style glass vial with rubber stopper and aluminum crimp seal (NOT screw-cap, NOT black twist cap). Camera: 16:9 landscape cinematic framing, deep environmental context. Keep product as part of a full environmental scene — not an isolated void packshot. VIAL SPEC: 10mL sterile injectable-style clear glass vial, rubber stopper + aluminum crimp seal only. FORBIDDEN: black twist caps, screw caps, dropper bottles. SIGNAGE RULE: premium clean research lab only. No safety placards, no industrial alert graphics, no trefoil icons, no striped floor tape, no danger banners. Do not print alert words on walls, floors, labels, or posters. Only neutral room names and product typography.",Captions MUST be only about Retatrutide (V-RET-001) and https://www.palmbeach-vitality.store/products/retatrutide.,Active,465,,465,Funny,Nature Regeneration
LI-466,vid_gen_landscape_scenes,16:9,vial_10ml_scene,LI-466 — Beach & Ocean — Tirzepatide,A precision-dosed peptide vial on a dark surface while a dim light bulb suddenly reaches full brightness,"16:9 landscape cinematic framing, deep environmental context",Funny mood lighting,"10mL sterile injectable-style glass vial of Tirzepatide with rubber stopper + aluminum crimp seal (NEVER black twist/screw cap); mid-ground in scene, not extreme macro","10mL sterile injectable-style glass vial with rubber stopper and aluminum crimp seal (NOT screw-cap, NOT black twist cap)",V-TIR-001,Tirzepatide,https://www.palmbeach-vitality.store/products/tirzepatide,"LANDSCAPE SCENE (16:9) for workflow vid_gen_landscape_scenes. Source visual+motion: A precision-dosed peptide vial on a dark surface while a dim light bulb suddenly reaches full brightness, while surrounding water freezes in elegant crystals then melts cleanly. Soft volumetric god-rays cut through the scene. Vibe: Funny. Theme: Beach & Ocean. Product lock: Tirzepatide (V-TIR-001). Form: 10mL sterile injectable-style glass vial with rubber stopper and aluminum crimp seal (NOT screw-cap, NOT black twist cap). Camera: 16:9 landscape cinematic framing, deep environmental context. Keep product as part of a full environmental scene — not an isolated void packshot. VIAL SPEC: 10mL sterile injectable-style clear glass vial, rubber stopper + aluminum crimp seal only. FORBIDDEN: black twist caps, screw caps, dropper bottles. SIGNAGE RULE: premium clean research lab only. No safety placards, no industrial alert graphics, no trefoil icons, no striped floor tape, no danger banners. Do not print alert words on walls, floors, labels, or posters. Only neutral room names and product typography.",Captions MUST be only about Tirzepatide (V-TIR-001) and https://www.palmbeach-vitality.store/products/tirzepatide.,Active,466,,466,Funny,Beach & Ocean
LI-467,vid_gen_landscape_scenes,16:9,pen_3ml_scene,LI-467 — Beach & Ocean — KPV,A matte-black peptide pen standing in soft white sand with moving palm-frond shadows,"16:9 landscape cinematic framing, deep environmental context",Fun mood lighting,"3mL research dosage pen of KPV as mid-ground hero in the scene (not extreme macro; no injection act, no people)",3mL pre-filled research dosage pen,P-KPV-001,KPV,https://www.palmbeach-vitality.store/products/kpv,"LANDSCAPE SCENE (16:9) for workflow vid_gen_landscape_scenes. Source visual+motion: A matte-black peptide pen standing in soft white sand with moving palm-frond shadows, with the entire bottle briefly becoming translucent then solid again. Soft volumetric god-rays cut through the scene. Vibe: Fun. Theme: Beach & Ocean. Product lock: KPV (P-KPV-001). Form: 3mL pre-filled research dosage pen. Camera: 16:9 landscape cinematic framing, deep environmental context. Keep product as part of a full environmental scene — not an isolated void packshot. PEN SPEC: 3mL pre-filled research dosage pen. No injection act, no people, no needles in use. SIGNAGE RULE: premium clean research lab only. No safety placards, no industrial alert graphics, no trefoil icons, no striped floor tape, no danger banners. Do not print alert words on walls, floors, labels, or posters. Only neutral room names and product typography.",Captions MUST be only about KPV (P-KPV-001) and https://www.palmbeach-vitality.store/products/kpv.,Active,467,,467,Fun,Beach & Ocean
LI-468,vid_gen_landscape_scenes,16:9,vial_10ml_scene,LI-468 — Beach & Ocean — Semaglutide,A high-clarity research-grade vial standing in soft white sand with moving palm-frond shadows,"16:9 landscape cinematic framing, deep environmental context",Cool mood lighting,"10mL sterile injectable-style glass vial of Semaglutide with rubber stopper + aluminum crimp seal (NEVER black twist/screw cap); mid-ground in scene, not extreme macro","10mL sterile injectable-style glass vial with rubber stopper and aluminum crimp seal (NOT screw-cap, NOT black twist cap)",V-SEM-001,Semaglutide,https://www.palmbeach-vitality.store/products/semaglutide,"LANDSCAPE SCENE (16:9) for workflow vid_gen_landscape_scenes. Source visual+motion: A high-clarity research-grade vial standing in soft white sand with moving palm-frond shadows, while the background subtly accelerates in time-lapse around the still product. A gentle breeze moves surrounding elements without disturbing the product. Vibe: Cool. Theme: Beach & Ocean. Product lock: Semaglutide (V-SEM-001). Form: 10mL sterile injectable-style glass vial with rubber stopper and aluminum crimp seal (NOT screw-cap, NOT black twist cap). Camera: 16:9 landscape cinematic framing, deep environmental context. Keep product as part of a full environmental scene — not an isolated void packshot. VIAL SPEC: 10mL sterile injectable-style clear glass vial, rubber stopper + aluminum crimp seal only. FORBIDDEN: black twist caps, screw caps, dropper bottles. SIGNAGE RULE: premium clean research lab only. No safety placards, no industrial alert graphics, no trefoil icons, no striped floor tape, no danger banners. Do not print alert words on walls, floors, labels, or posters. Only neutral room names and product typography.",Captions MUST be only about Semaglutide (V-SEM-001) and https://www.palmbeach-vitality.store/products/semaglutide.,Active,468,,468,Cool,Beach & Ocean
LI-469,vid_gen_landscape_scenes,16:9,vial_10ml_scene,LI-469 — Nature Regeneration — KPV / BPC-157 / TB-500 / GHK-Cu,A sleek glass peptide vial on a tree stump as soft mushrooms appear and grow in time-lapse nearby,"16:9 landscape cinematic framing, deep environmental context",Funny mood lighting,"10mL sterile injectable-style glass vial of KPV / BPC-157 / TB-500 / GHK-Cu with rubber stopper + aluminum crimp seal (NEVER black twist/screw cap); mid-ground in scene, not extreme macro","10mL sterile injectable-style glass vial with rubber stopper and aluminum crimp seal (NOT screw-cap, NOT black twist cap)",V-KLO-001,KPV / BPC-157 / TB-500 / GHK-Cu,https://www.palmbeach-vitality.store/products/klow-kpv-bpc-157-tb-500-ghk,"LANDSCAPE SCENE (16:9) for workflow vid_gen_landscape_scenes. Source visual+motion: A sleek glass peptide vial on a tree stump as soft mushrooms appear and grow in time-lapse nearby, while the liquid level inside appears to rise slightly on its own. The environment feels charged, as if responding to the product's presence. Vibe: Funny. Theme: Nature Regeneration. Product lock: KPV / BPC-157 / TB-500 / GHK-Cu (V-KLO-001). Form: 10mL sterile injectable-style glass vial with rubber stopper and aluminum crimp seal (NOT screw-cap, NOT black twist cap). Camera: 16:9 landscape cinematic framing, deep environmental context. Keep product as part of a full environmental scene — not an isolated void packshot. VIAL SPEC: 10mL sterile injectable-style clear glass vial, rubber stopper + aluminum crimp seal only. FORBIDDEN: black twist caps, screw caps, dropper bottles. SIGNAGE RULE: premium clean research lab only. No safety placards, no industrial alert graphics, no trefoil icons, no striped floor tape, no danger banners. Do not print alert words on walls, floors, labels, or posters. Only neutral room names and product typography.",Captions MUST be only about KPV / BPC-157 / TB-500 / GHK-Cu (V-KLO-001) and https://www.palmbeach-vitality.store/products/klow-kpv-bpc-157-tb-500-ghk.,Active,469,,469,Funny,Nature Regeneration
LI-470,vid_gen_landscape_scenes,16:9,vial_10ml_scene,LI-470 — Nature Regeneration — MOTS-C,A precision-dosed peptide vial on a cracked dry leaf that unfurls and turns lush green beside it,"16:9 landscape cinematic framing, deep environmental context",Cool mood lighting,"10mL sterile injectable-style glass vial of MOTS-C with rubber stopper + aluminum crimp seal (NEVER black twist/screw cap); mid-ground in scene, not extreme macro","10mL sterile injectable-style glass vial with rubber stopper and aluminum crimp seal (NOT screw-cap, NOT black twist cap)",V-MOT-001,MOTS-C,https://www.palmbeach-vitality.store/products/mots-c-10mg-5ml-vial,"LANDSCAPE SCENE (16:9) for workflow vid_gen_landscape_scenes. Source visual+motion: A precision-dosed peptide vial on a cracked dry leaf that unfurls and turns lush green beside it, as the liquid inside becomes visibly thinner and more fluid in motion. Soft volumetric god-rays cut through the scene. Vibe: Cool. Theme: Nature Regeneration. Product lock: MOTS-C (V-MOT-001). Form: 10mL sterile injectable-style glass vial with rubber stopper and aluminum crimp seal (NOT screw-cap, NOT black twist cap). Camera: 16:9 landscape cinematic framing, deep environmental context. Keep product as part of a full environmental scene — not an isolated void packshot. VIAL SPEC: 10mL sterile injectable-style clear glass vial, rubber stopper + aluminum crimp seal only. FORBIDDEN: black twist caps, screw caps, dropper bottles. SIGNAGE RULE: premium clean research lab only. No safety placards, no industrial alert graphics, no trefoil icons, no striped floor tape, no danger banners. Do not print alert words on walls, floors, labels, or posters. Only neutral room names and product typography.",Captions MUST be only about MOTS-C (V-MOT-001) and https://www.palmbeach-vitality.store/products/mots-c-10mg-5ml-vial.,Active,470,,470,Cool,Nature Regeneration
LI-471,vid_gen_landscape_scenes,16:9,vial_10ml_scene,LI-471 — Recovery & Healing — NAD+,A glowing amber wellness vial beside a melting ice cube that reforms into a perfect clear sphere,"16:9 landscape cinematic framing, deep environmental context",Cool mood lighting,"10mL sterile injectable-style glass vial of NAD+ with rubber stopper + aluminum crimp seal (NEVER black twist/screw cap); mid-ground in scene, not extreme macro","10mL sterile injectable-style glass vial with rubber stopper and aluminum crimp seal (NOT screw-cap, NOT black twist cap)",V-NAD-001,NAD+,https://www.palmbeach-vitality.store/products/nad-1,"LANDSCAPE SCENE (16:9) for workflow vid_gen_landscape_scenes. Source visual+motion: A glowing amber wellness vial beside a melting ice cube that reforms into a perfect clear sphere, with a soft energy field of particles forming a protective sphere around it. Soft volumetric god-rays cut through the scene. Vibe: Cool. Theme: Recovery & Healing. Product lock: NAD+ (V-NAD-001). Form: 10mL sterile injectable-style glass vial with rubber stopper and aluminum crimp seal (NOT screw-cap, NOT black twist cap). Camera: 16:9 landscape cinematic framing, deep environmental context. Keep product as part of a full environmental scene — not an isolated void packshot. VIAL SPEC: 10mL sterile injectable-style clear glass vial, rubber stopper + aluminum crimp seal only. FORBIDDEN: black twist caps, screw caps, dropper bottles. SIGNAGE RULE: premium clean research lab only. No safety placards, no industrial alert graphics, no trefoil icons, no striped floor tape, no danger banners. Do not print alert words on walls, floors, labels, or posters. Only neutral room names and product typography.",Captions MUST be only about NAD+ (V-NAD-001) and https://www.palmbeach-vitality.store/products/nad-1.,Active,471,,471,Cool,Recovery & Healing
LI-472,vid_gen_landscape_scenes,16:9,vial_10ml_scene,LI-472 — Beach & Ocean — PT-141,A pure white ceramic-capped vial beside an hourglass where the sand begins flowing upward,"16:9 landscape cinematic framing, deep environmental context",Cool mood lighting,"10mL sterile injectable-style glass vial of PT-141 with rubber stopper + aluminum crimp seal (NEVER black twist/screw cap); mid-ground in scene, not extreme macro","10mL sterile injectable-style glass vial with rubber stopper and aluminum crimp seal (NOT screw-cap, NOT black twist cap)",V-PT1-001,PT-141,https://www.palmbeach-vitality.store/products/pt-141,"LANDSCAPE SCENE (16:9) for workflow vid_gen_landscape_scenes. Source visual+motion: A pure white ceramic-capped vial beside an hourglass where the sand begins flowing upward, as hundreds of tiny light points stream into it from all directions. Subtle particle systems (dust, pollen, mist) interact gracefully with the vial. Vibe: Cool. Theme: Beach & Ocean. Product lock: PT-141 (V-PT1-001). Form: 10mL sterile injectable-style glass vial with rubber stopper and aluminum crimp seal (NOT screw-cap, NOT black twist cap). Camera: 16:9 landscape cinematic framing, deep environmental context. Keep product as part of a full environmental scene — not an isolated void packshot. VIAL SPEC: 10mL sterile injectable-style clear glass vial, rubber stopper + aluminum crimp seal only. FORBIDDEN: black twist caps, screw caps, dropper bottles. SIGNAGE RULE: premium clean research lab only. No safety placards, no industrial alert graphics, no trefoil icons, no striped floor tape, no danger banners. Do not print alert words on walls, floors, labels, or posters. Only neutral room names and product typography.",Captions MUST be only about PT-141 (V-PT1-001) and https://www.palmbeach-vitality.store/products/pt-141.,Active,472,,472,Cool,Beach & Ocean
LI-473,vid_gen_landscape_scenes,16:9,pen_3ml_scene,LI-473 — Recovery & Healing — Semaglutide,A minimalist wellness bottle on a mirror surface that reflects infinite versions of itself,"16:9 landscape cinematic framing, deep environmental context",Cool mood lighting,"3mL research dosage pen of Semaglutide as mid-ground hero in the scene (not extreme macro; no injection act, no people)",3mL pre-filled research dosage pen,P-SEM-001,Semaglutide,https://www.palmbeach-vitality.store/products/semaglutide-1-5mg-pen,"LANDSCAPE SCENE (16:9) for workflow vid_gen_landscape_scenes. Source visual+motion: A minimalist wellness bottle on a mirror surface that reflects infinite versions of itself, as a single dramatic water droplet hangs from the bottom, refusing to fall. Time-lapse growth and repair happens in the periphery only. Vibe: Cool. Theme: Recovery & Healing. Product lock: Semaglutide (P-SEM-001). Form: 3mL pre-filled research dosage pen. Camera: 16:9 landscape cinematic framing, deep environmental context. Keep product as part of a full environmental scene — not an isolated void packshot. PEN SPEC: 3mL pre-filled research dosage pen. No injection act, no people, no needles in use. SIGNAGE RULE: premium clean research lab only. No safety placards, no industrial alert graphics, no trefoil icons, no striped floor tape, no danger banners. Do not print alert words on walls, floors, labels, or posters. Only neutral room names and product typography.",Captions MUST be only about Semaglutide (P-SEM-001) and https://www.palmbeach-vitality.store/products/semaglutide-1-5mg-pen.,Active,473,,473,Cool,Recovery & Healing
LI-474,vid_gen_landscape_scenes,16:9,vial_10ml_scene,LI-474 — Abstract Cellular — Selank,A sleek glass peptide vial against a background that shifts from deep ocean blue to electric violet,"16:9 landscape cinematic framing, deep environmental context",Cool mood lighting,"10mL sterile injectable-style glass vial of Selank with rubber stopper + aluminum crimp seal (NEVER black twist/screw cap); mid-ground in scene, not extreme macro","10mL sterile injectable-style glass vial with rubber stopper and aluminum crimp seal (NOT screw-cap, NOT black twist cap)",V-SEL-001,Selank,https://www.palmbeach-vitality.store/products/selank,"LANDSCAPE SCENE (16:9) for workflow vid_gen_landscape_scenes. Source visual+motion: A sleek glass peptide vial against a background that shifts from deep ocean blue to electric violet, with liquid inside beginning to glow softly from the core outward. Subtle particle systems (dust, pollen, mist) interact gracefully with the vial. Vibe: Cool. Theme: Abstract Cellular. Product lock: Selank (V-SEL-001). Form: 10mL sterile injectable-style glass vial with rubber stopper and aluminum crimp seal (NOT screw-cap, NOT black twist cap). Camera: 16:9 landscape cinematic framing, deep environmental context. Keep product as part of a full environmental scene — not an isolated void packshot. VIAL SPEC: 10mL sterile injectable-style clear glass vial, rubber stopper + aluminum crimp seal only. FORBIDDEN: black twist caps, screw caps, dropper bottles. SIGNAGE RULE: premium clean research lab only. No safety placards, no industrial alert graphics, no trefoil icons, no striped floor tape, no danger banners. Do not print alert words on walls, floors, labels, or posters. Only neutral room names and product typography.",Captions MUST be only about Selank (V-SEL-001) and https://www.palmbeach-vitality.store/products/selank.,Active,474,,474,Cool,Abstract Cellular
LI-475,vid_gen_landscape_scenes,16:9,vial_10ml_scene,LI-475 — Longevity & Anti-Aging — Sermorelin,A sleek glass peptide vial inside a large empty glass terrarium with condensation forming,"16:9 landscape cinematic framing, deep environmental context",Funny mood lighting,"10mL sterile injectable-style glass vial of Sermorelin with rubber stopper + aluminum crimp seal (NEVER black twist/screw cap); mid-ground in scene, not extreme macro","10mL sterile injectable-style glass vial with rubber stopper and aluminum crimp seal (NOT screw-cap, NOT black twist cap)",V-SER-001,Sermorelin,https://www.palmbeach-vitality.store/products/sermorelin,"LANDSCAPE SCENE (16:9) for workflow vid_gen_landscape_scenes. Source visual+motion: A sleek glass peptide vial inside a large empty glass terrarium with condensation forming, as a single red drop forms and slowly shapes itself into a heart before falling. Time-lapse growth and repair happens in the periphery only. Vibe: Funny. Theme: Longevity & Anti-Aging. Product lock: Sermorelin (V-SER-001). Form: 10mL sterile injectable-style glass vial with rubber stopper and aluminum crimp seal (NOT screw-cap, NOT black twist cap). Camera: 16:9 landscape cinematic framing, deep environmental context. Keep product as part of a full environmental scene — not an isolated void packshot. VIAL SPEC: 10mL sterile injectable-style clear glass vial, rubber stopper + aluminum crimp seal only. FORBIDDEN: black twist caps, screw caps, dropper bottles. SIGNAGE RULE: premium clean research lab only. No safety placards, no industrial alert graphics, no trefoil icons, no striped floor tape, no danger banners. Do not print alert words on walls, floors, labels, or posters. Only neutral room names and product typography.",Captions MUST be only about Sermorelin (V-SER-001) and https://www.palmbeach-vitality.store/products/sermorelin.,Active,475,,475,Funny,Longevity & Anti-Aging
LI-476,vid_gen_landscape_scenes,16:9,vial_10ml_scene,LI-476 — Recovery & Healing — SS-31,A glowing amber wellness vial inside a large clear ice block that slowly melts away,"16:9 landscape cinematic framing, deep environmental context",Funny mood lighting,"10mL sterile injectable-style glass vial of SS-31 with rubber stopper + aluminum crimp seal (NEVER black twist/screw cap); mid-ground in scene, not extreme macro","10mL sterile injectable-style glass vial with rubber stopper and aluminum crimp seal (NOT screw-cap, NOT black twist cap)",V-SS3-001,SS-31,https://www.palmbeach-vitality.store/products/ss-31,"LANDSCAPE SCENE (16:9) for workflow vid_gen_landscape_scenes. Source visual+motion: A glowing amber wellness vial inside a large clear ice block that slowly melts away, as the bottle appears to 'surf' a wave of foam across a dark surface. Extreme slow-motion emphasizes every micro-movement of liquid and light. Vibe: Funny. Theme: Recovery & Healing. Product lock: SS-31 (V-SS3-001). Form: 10mL sterile injectable-style glass vial with rubber stopper and aluminum crimp seal (NOT screw-cap, NOT black twist cap). Camera: 16:9 landscape cinematic framing, deep environmental context. Keep product as part of a full environmental scene — not an isolated void packshot. VIAL SPEC: 10mL sterile injectable-style clear glass vial, rubber stopper + aluminum crimp seal only. FORBIDDEN: black twist caps, screw caps, dropper bottles. SIGNAGE RULE: premium clean research lab only. No safety placards, no industrial alert graphics, no trefoil icons, no striped floor tape, no danger banners. Do not print alert words on walls, floors, labels, or posters. Only neutral room names and product typography.",Captions MUST be only about SS-31 (V-SS3-001) and https://www.palmbeach-vitality.store/products/ss-31.,Active,476,,476,Funny,Recovery & Healing
LI-477,vid_gen_landscape_scenes,16:9,vial_10ml_scene,LI-477 — Focus & Clarity — TB-500,A pure white ceramic-capped vial on a bed of white salt crystals that slowly rearrange,"16:9 landscape cinematic framing, deep environmental context",Dramatic mood lighting,"10mL sterile injectable-style glass vial of TB-500 with rubber stopper + aluminum crimp seal (NEVER black twist/screw cap); mid-ground in scene, not extreme macro","10mL sterile injectable-style glass vial with rubber stopper and aluminum crimp seal (NOT screw-cap, NOT black twist cap)",V-TB5-001,TB-500,https://www.palmbeach-vitality.store/products/tb-500,"LANDSCAPE SCENE (16:9) for workflow vid_gen_landscape_scenes. Source visual+motion: A pure white ceramic-capped vial on a bed of white salt crystals that slowly rearrange, as hundreds of tiny light points stream into it from all directions. A gentle breeze moves surrounding elements without disturbing the product. Vibe: Dramatic. Theme: Focus & Clarity. Product lock: TB-500 (V-TB5-001). Form: 10mL sterile injectable-style glass vial with rubber stopper and aluminum crimp seal (NOT screw-cap, NOT black twist cap). Camera: 16:9 landscape cinematic framing, deep environmental context. Keep product as part of a full environmental scene — not an isolated void packshot. VIAL SPEC: 10mL sterile injectable-style clear glass vial, rubber stopper + aluminum crimp seal only. FORBIDDEN: black twist caps, screw caps, dropper bottles. SIGNAGE RULE: premium clean research lab only. No safety placards, no industrial alert graphics, no trefoil icons, no striped floor tape, no danger banners. Do not print alert words on walls, floors, labels, or posters. Only neutral room names and product typography.",Captions MUST be only about TB-500 (V-TB5-001) and https://www.palmbeach-vitality.store/products/tb-500.,Active,477,,477,Dramatic,Focus & Clarity
LI-478,vid_gen_landscape_scenes,16:9,vial_10ml_scene,LI-478 — Nature Regeneration — Tesamorelin,A sleek glass peptide vial on a dark surface while a dim light bulb suddenly reaches full brightness,"16:9 landscape cinematic framing, deep environmental context",Funny mood lighting,"10mL sterile injectable-style glass vial of Tesamorelin with rubber stopper + aluminum crimp seal (NEVER black twist/screw cap); mid-ground in scene, not extreme macro","10mL sterile injectable-style glass vial with rubber stopper and aluminum crimp seal (NOT screw-cap, NOT black twist cap)",V-TES-001,Tesamorelin,https://www.palmbeach-vitality.store/products/tesamorelin,"LANDSCAPE SCENE (16:9) for workflow vid_gen_landscape_scenes. Source visual+motion: A sleek glass peptide vial on a dark surface while a dim light bulb suddenly reaches full brightness, while soft white powder explodes outward then reforms into the bottle shape. Subtle particle systems (dust, pollen, mist) interact gracefully with the vial. Vibe: Funny. Theme: Nature Regeneration. Product lock: Tesamorelin (V-TES-001). Form: 10mL sterile injectable-style glass vial with rubber stopper and aluminum crimp seal (NOT screw-cap, NOT black twist cap). Camera: 16:9 landscape cinematic framing, deep environmental context. Keep product as part of a full environmental scene — not an isolated void packshot. VIAL SPEC: 10mL sterile injectable-style clear glass vial, rubber stopper + aluminum crimp seal only. FORBIDDEN: black twist caps, screw caps, dropper bottles. SIGNAGE RULE: premium clean research lab only. No safety placards, no industrial alert graphics, no trefoil icons, no striped floor tape, no danger banners. Do not print alert words on walls, floors, labels, or posters. Only neutral room names and product typography.",Captions MUST be only about Tesamorelin (V-TES-001) and https://www.palmbeach-vitality.store/products/tesamorelin.,Active,478,,478,Funny,Nature Regeneration
LI-479,vid_gen_landscape_scenes,16:9,vial_10ml_scene,LI-479 — Abstract Cellular — BPC-157,A precision-dosed peptide vial on a smooth river stone while clear water flows in soft ribbons around it,"16:9 landscape cinematic framing, deep environmental context",Cool mood lighting,"10mL sterile injectable-style glass vial of BPC-157 with rubber stopper + aluminum crimp seal (NEVER black twist/screw cap); mid-ground in scene, not extreme macro","10mL sterile injectable-style glass vial with rubber stopper and aluminum crimp seal (NOT screw-cap, NOT black twist cap)",V-BPC-001,BPC-157,https://www.palmbeach-vitality.store/products/bpc-157,"LANDSCAPE SCENE (16:9) for workflow vid_gen_landscape_scenes. Source visual+motion: A precision-dosed peptide vial on a smooth river stone while clear water flows in soft ribbons around it, as the product casts a shadow that moves independently of the light source. Subtle particle systems (dust, pollen, mist) interact gracefully with the vial. Vibe: Cool. Theme: Abstract Cellular. Product lock: BPC-157 (V-BPC-001). Form: 10mL sterile injectable-style glass vial with rubber stopper and aluminum crimp seal (NOT screw-cap, NOT black twist cap). Camera: 16:9 landscape cinematic framing, deep environmental context. Keep product as part of a full environmental scene — not an isolated void packshot. VIAL SPEC: 10mL sterile injectable-style clear glass vial, rubber stopper + aluminum crimp seal only. FORBIDDEN: black twist caps, screw caps, dropper bottles. SIGNAGE RULE: premium clean research lab only. No safety placards, no industrial alert graphics, no trefoil icons, no striped floor tape, no danger banners. Do not print alert words on walls, floors, labels, or posters. Only neutral room names and product typography.",Captions MUST be only about BPC-157 (V-BPC-001) and https://www.palmbeach-vitality.store/products/bpc-157.,Active,479,,479,Cool,Abstract Cellular
LI-480,vid_gen_landscape_scenes,16:9,pen_3ml_scene,LI-480 — Stacks & Synergy — Tirzepatide,A matte-black peptide pen next to a cloudy glass of water that suddenly becomes crystal clear,"16:9 landscape cinematic framing, deep environmental context",Dramatic mood lighting,"3mL research dosage pen of Tirzepatide as mid-ground hero in the scene (not extreme macro; no injection act, no people)",3mL pre-filled research dosage pen,P-TIR-001,Tirzepatide,https://www.palmbeach-vitality.store/products/tirzepatide-10mg-pen,"LANDSCAPE SCENE (16:9) for workflow vid_gen_landscape_scenes. Source visual+motion: A matte-black peptide pen next to a cloudy glass of water that suddenly becomes crystal clear, with the bottle slowly spinning faster then abruptly stopping in perfect frame. Extreme slow-motion emphasizes every micro-movement of liquid and light. Vibe: Dramatic. Theme: Stacks & Synergy. Product lock: Tirzepatide (P-TIR-001). Form: 3mL pre-filled research dosage pen. Camera: 16:9 landscape cinematic framing, deep environmental context. Keep product as part of a full environmental scene — not an isolated void packshot. PEN SPEC: 3mL pre-filled research dosage pen. No injection act, no people, no needles in use. SIGNAGE RULE: premium clean research lab only. No safety placards, no industrial alert graphics, no trefoil icons, no striped floor tape, no danger banners. Do not print alert words on walls, floors, labels, or posters. Only neutral room names and product typography.",Captions MUST be only about Tirzepatide (P-TIR-001) and https://www.palmbeach-vitality.store/products/tirzepatide-10mg-pen.,Active,480,,480,Dramatic,Stacks & Synergy
LI-481,vid_gen_landscape_scenes,16:9,vial_10ml_scene,LI-481 — Energy & Cellular Power — BPC-157 / TB-500,A precision-dosed peptide vial beside a single candle whose flame burns taller and cleaner,"16:9 landscape cinematic framing, deep environmental context",Dramatic mood lighting,"10mL sterile injectable-style glass vial of BPC-157 / TB-500 with rubber stopper + aluminum crimp seal (NEVER black twist/screw cap); mid-ground in scene, not extreme macro","10mL sterile injectable-style glass vial with rubber stopper and aluminum crimp seal (NOT screw-cap, NOT black twist cap)",V-WOL-001,BPC-157 / TB-500,https://www.palmbeach-vitality.store/products/wolverine-stack,"LANDSCAPE SCENE (16:9) for workflow vid_gen_landscape_scenes. Source visual+motion: A precision-dosed peptide vial beside a single candle whose flame burns taller and cleaner, while the liquid level inside appears to rise slightly on its own. Time-lapse growth and repair happens in the periphery only. Vibe: Dramatic. Theme: Energy & Cellular Power. Product lock: BPC-157 / TB-500 (V-WOL-001). Form: 10mL sterile injectable-style glass vial with rubber stopper and aluminum crimp seal (NOT screw-cap, NOT black twist cap). Camera: 16:9 landscape cinematic framing, deep environmental context. Keep product as part of a full environmental scene — not an isolated void packshot. VIAL SPEC: 10mL sterile injectable-style clear glass vial, rubber stopper + aluminum crimp seal only. FORBIDDEN: black twist caps, screw caps, dropper bottles. SIGNAGE RULE: premium clean research lab only. No safety placards, no industrial alert graphics, no trefoil icons, no striped floor tape, no danger banners. Do not print alert words on walls, floors, labels, or posters. Only neutral room names and product typography.",Captions MUST be only about BPC-157 / TB-500 (V-WOL-001) and https://www.palmbeach-vitality.store/products/wolverine-stack.,Active,481,,481,Dramatic,Energy & Cellular Power
LI-482,vid_gen_landscape_scenes,16:9,vial_10ml_scene,LI-482 — Recovery & Healing — Cagrilinitide,A sleek glass peptide vial in light rain while every surrounding surface gets wet but the bottle stays dry,"16:9 landscape cinematic framing, deep environmental context",Funny mood lighting,"10mL sterile injectable-style glass vial of Cagrilinitide with rubber stopper + aluminum crimp seal (NEVER black twist/screw cap); mid-ground in scene, not extreme macro","10mL sterile injectable-style glass vial with rubber stopper and aluminum crimp seal (NOT screw-cap, NOT black twist cap)",V-CAG-001,Cagrilinitide,https://www.palmbeach-vitality.store/products/cargrilinitide,"LANDSCAPE SCENE (16:9) for workflow vid_gen_landscape_scenes. Source visual+motion: A sleek glass peptide vial in light rain while every surrounding surface gets wet but the bottle stays dry, gently floating upward a few centimeters then settling back down. Time-lapse growth and repair happens in the periphery only. Vibe: Funny. Theme: Recovery & Healing. Product lock: Cagrilinitide (V-CAG-001). Form: 10mL sterile injectable-style glass vial with rubber stopper and aluminum crimp seal (NOT screw-cap, NOT black twist cap). Camera: 16:9 landscape cinematic framing, deep environmental context. Keep product as part of a full environmental scene — not an isolated void packshot. VIAL SPEC: 10mL sterile injectable-style clear glass vial, rubber stopper + aluminum crimp seal only. FORBIDDEN: black twist caps, screw caps, dropper bottles. SIGNAGE RULE: premium clean research lab only. No safety placards, no industrial alert graphics, no trefoil icons, no striped floor tape, no danger banners. Do not print alert words on walls, floors, labels, or posters. Only neutral room names and product typography.",Captions MUST be only about Cagrilinitide (V-CAG-001) and https://www.palmbeach-vitality.store/products/cargrilinitide.,Active,482,,482,Funny,Recovery & Healing
LI-483,vid_gen_landscape_scenes,16:9,vial_10ml_scene,LI-483 — Beach & Ocean — CJC (no DAC),A precision-dosed peptide vial on wet Palm Beach sand as a gentle wave washes over and retreats,"16:9 landscape cinematic framing, deep environmental context",Funny mood lighting,"10mL sterile injectable-style glass vial of CJC (no DAC) with rubber stopper + aluminum crimp seal (NEVER black twist/screw cap); mid-ground in scene, not extreme macro","10mL sterile injectable-style glass vial with rubber stopper and aluminum crimp seal (NOT screw-cap, NOT black twist cap)",V-CJC-001,CJC (no DAC),https://www.palmbeach-vitality.store/products/cjc,"LANDSCAPE SCENE (16:9) for workflow vid_gen_landscape_scenes. Source visual+motion: A precision-dosed peptide vial on wet Palm Beach sand as a gentle wave washes over and retreats, with the product perfectly balanced on the edge of a surface that looks unstable. Extreme slow-motion emphasizes every micro-movement of liquid and light. Vibe: Funny. Theme: Beach & Ocean. Product lock: CJC (no DAC) (V-CJC-001). Form: 10mL sterile injectable-style glass vial with rubber stopper and aluminum crimp seal (NOT screw-cap, NOT black twist cap). Camera: 16:9 landscape cinematic framing, deep environmental context. Keep product as part of a full environmental scene — not an isolated void packshot. VIAL SPEC: 10mL sterile injectable-style clear glass vial, rubber stopper + aluminum crimp seal only. FORBIDDEN: black twist caps, screw caps, dropper bottles. SIGNAGE RULE: premium clean research lab only. No safety placards, no industrial alert graphics, no trefoil icons, no striped floor tape, no danger banners. Do not print alert words on walls, floors, labels, or posters. Only neutral room names and product typography.",Captions MUST be only about CJC (no DAC) (V-CJC-001) and https://www.palmbeach-vitality.store/products/cjc.,Active,483,,483,Funny,Beach & Ocean
LI-484,vid_gen_landscape_scenes,16:9,vial_10ml_scene,LI-484 — Fat Loss & Metabolism — CJC (no DAC)/Ipamorelin,A glowing amber wellness vial on polished black spa stones with steam rising gently,"16:9 landscape cinematic framing, deep environmental context",Funny mood lighting,"10mL sterile injectable-style glass vial of CJC (no DAC)/Ipamorelin with rubber stopper + aluminum crimp seal (NEVER black twist/screw cap); mid-ground in scene, not extreme macro","10mL sterile injectable-style glass vial with rubber stopper and aluminum crimp seal (NOT screw-cap, NOT black twist cap)",V-CII-001,CJC (no DAC)/Ipamorelin,https://www.palmbeach-vitality.store/products/cjc-ipamorelin,"LANDSCAPE SCENE (16:9) for workflow vid_gen_landscape_scenes. Source visual+motion: A glowing amber wellness vial on polished black spa stones with steam rising gently, as hundreds of tiny light points stream into it from all directions. A gentle breeze moves surrounding elements without disturbing the product. Vibe: Funny. Theme: Fat Loss & Metabolism. Product lock: CJC (no DAC)/Ipamorelin (V-CII-001). Form: 10mL sterile injectable-style glass vial with rubber stopper and aluminum crimp seal (NOT screw-cap, NOT black twist cap). Camera: 16:9 landscape cinematic framing, deep environmental context. Keep product as part of a full environmental scene — not an isolated void packshot. VIAL SPEC: 10mL sterile injectable-style clear glass vial, rubber stopper + aluminum crimp seal only. FORBIDDEN: black twist caps, screw caps, dropper bottles. SIGNAGE RULE: premium clean research lab only. No safety placards, no industrial alert graphics, no trefoil icons, no striped floor tape, no danger banners. Do not print alert words on walls, floors, labels, or posters. Only neutral room names and product typography.",Captions MUST be only about CJC (no DAC)/Ipamorelin (V-CII-001) and https://www.palmbeach-vitality.store/products/cjc-ipamorelin.,Active,484,,484,Funny,Fat Loss & Metabolism
LI-485,vid_gen_landscape_scenes,16:9,vial_10ml_scene,LI-485 — Abstract Cellular — GHK-Cu,A sleek glass peptide vial in complete darkness until a precise light beam illuminates only the label area,"16:9 landscape cinematic framing, deep environmental context",Cool mood lighting,"10mL sterile injectable-style glass vial of GHK-Cu with rubber stopper + aluminum crimp seal (NEVER black twist/screw cap); mid-ground in scene, not extreme macro","10mL sterile injectable-style glass vial with rubber stopper and aluminum crimp seal (NOT screw-cap, NOT black twist cap)",V-GHK-001,GHK-Cu,https://www.palmbeach-vitality.store/products/ghk-cu,"LANDSCAPE SCENE (16:9) for workflow vid_gen_landscape_scenes. Source visual+motion: A sleek glass peptide vial in complete darkness until a precise light beam illuminates only the label area, with a soft energy field of particles forming a protective sphere around it. Deep contrast between the sharp product and soft, dreamy background. Vibe: Cool. Theme: Abstract Cellular. Product lock: GHK-Cu (V-GHK-001). Form: 10mL sterile injectable-style glass vial with rubber stopper and aluminum crimp seal (NOT screw-cap, NOT black twist cap). Camera: 16:9 landscape cinematic framing, deep environmental context. Keep product as part of a full environmental scene — not an isolated void packshot. VIAL SPEC: 10mL sterile injectable-style clear glass vial, rubber stopper + aluminum crimp seal only. FORBIDDEN: black twist caps, screw caps, dropper bottles. SIGNAGE RULE: premium clean research lab only. No safety placards, no industrial alert graphics, no trefoil icons, no striped floor tape, no danger banners. Do not print alert words on walls, floors, labels, or posters. Only neutral room names and product typography.",Captions MUST be only about GHK-Cu (V-GHK-001) and https://www.palmbeach-vitality.store/products/ghk-cu.,Active,485,,485,Cool,Abstract Cellular
LI-486,vid_gen_landscape_scenes,16:9,vial_10ml_scene,LI-486 — Nature Regeneration — BPC-157 / TB-500 / GHK-Cu,A pure white ceramic-capped vial on a cracked dry leaf that unfurls and turns lush green beside it,"16:9 landscape cinematic framing, deep environmental context",Cool mood lighting,"10mL sterile injectable-style glass vial of BPC-157 / TB-500 / GHK-Cu with rubber stopper + aluminum crimp seal (NEVER black twist/screw cap); mid-ground in scene, not extreme macro","10mL sterile injectable-style glass vial with rubber stopper and aluminum crimp seal (NOT screw-cap, NOT black twist cap)",V-GLO-001,BPC-157 / TB-500 / GHK-Cu,https://www.palmbeach-vitality.store/products/glow,"LANDSCAPE SCENE (16:9) for workflow vid_gen_landscape_scenes. Source visual+motion: A pure white ceramic-capped vial on a cracked dry leaf that unfurls and turns lush green beside it, while soft chalk dust or powder settles into clean lines around it. Soft volumetric god-rays cut through the scene. Vibe: Cool. Theme: Nature Regeneration. Product lock: BPC-157 / TB-500 / GHK-Cu (V-GLO-001). Form: 10mL sterile injectable-style glass vial with rubber stopper and aluminum crimp seal (NOT screw-cap, NOT black twist cap). Camera: 16:9 landscape cinematic framing, deep environmental context. Keep product as part of a full environmental scene — not an isolated void packshot. VIAL SPEC: 10mL sterile injectable-style clear glass vial, rubber stopper + aluminum crimp seal only. FORBIDDEN: black twist caps, screw caps, dropper bottles. SIGNAGE RULE: premium clean research lab only. No safety placards, no industrial alert graphics, no trefoil icons, no striped floor tape, no danger banners. Do not print alert words on walls, floors, labels, or posters. Only neutral room names and product typography.",Captions MUST be only about BPC-157 / TB-500 / GHK-Cu (V-GLO-001) and https://www.palmbeach-vitality.store/products/glow.,Active,486,,486,Cool,Nature Regeneration
LI-487,vid_gen_landscape_scenes,16:9,vial_10ml_scene,LI-487 — Beach & Ocean — Thymosin Alpha-1,A crystal-clear recovery vial against a background that shifts from deep ocean blue to electric violet,"16:9 landscape cinematic framing, deep environmental context",Funny mood lighting,"10mL sterile injectable-style glass vial of Thymosin Alpha-1 with rubber stopper + aluminum crimp seal (NEVER black twist/screw cap); mid-ground in scene, not extreme macro","10mL sterile injectable-style glass vial with rubber stopper and aluminum crimp seal (NOT screw-cap, NOT black twist cap)",V-TA1-001,Thymosin Alpha-1,https://www.palmbeach-vitality.store/products/ta-1,"LANDSCAPE SCENE (16:9) for workflow vid_gen_landscape_scenes. Source visual+motion: A crystal-clear recovery vial against a background that shifts from deep ocean blue to electric violet, with a soft white light pulsing once like a signal. Extreme slow-motion emphasizes every micro-movement of liquid and light. Vibe: Funny. Theme: Beach & Ocean. Product lock: Thymosin Alpha-1 (V-TA1-001). Form: 10mL sterile injectable-style glass vial with rubber stopper and aluminum crimp seal (NOT screw-cap, NOT black twist cap). Camera: 16:9 landscape cinematic framing, deep environmental context. Keep product as part of a full environmental scene — not an isolated void packshot. VIAL SPEC: 10mL sterile injectable-style clear glass vial, rubber stopper + aluminum crimp seal only. FORBIDDEN: black twist caps, screw caps, dropper bottles. SIGNAGE RULE: premium clean research lab only. No safety placards, no industrial alert graphics, no trefoil icons, no striped floor tape, no danger banners. Do not print alert words on walls, floors, labels, or posters. Only neutral room names and product typography.",Captions MUST be only about Thymosin Alpha-1 (V-TA1-001) and https://www.palmbeach-vitality.store/products/ta-1.,Active,487,,487,Funny,Beach & Ocean
LI-488,vid_gen_landscape_scenes,16:9,vial_10ml_scene,LI-488 — Fat Loss & Metabolism — AOD-9604,A precision-dosed peptide vial beside a deflated balloon that slowly reinflates to full shape,"16:9 landscape cinematic framing, deep environmental context",Funny mood lighting,"10mL sterile injectable-style glass vial of AOD-9604 with rubber stopper + aluminum crimp seal (NEVER black twist/screw cap); mid-ground in scene, not extreme macro","10mL sterile injectable-style glass vial with rubber stopper and aluminum crimp seal (NOT screw-cap, NOT black twist cap)",V-AOD-001,AOD-9604,https://www.palmbeach-vitality.store/products/aod-9604,"LANDSCAPE SCENE (16:9) for workflow vid_gen_landscape_scenes. Source visual+motion: A precision-dosed peptide vial beside a deflated balloon that slowly reinflates to full shape, while two vials slowly lean toward each other until labels almost touch. Extreme slow-motion emphasizes every micro-movement of liquid and light. Vibe: Funny. Theme: Fat Loss & Metabolism. Product lock: AOD-9604 (V-AOD-001). Form: 10mL sterile injectable-style glass vial with rubber stopper and aluminum crimp seal (NOT screw-cap, NOT black twist cap). Camera: 16:9 landscape cinematic framing, deep environmental context. Keep product as part of a full environmental scene — not an isolated void packshot. VIAL SPEC: 10mL sterile injectable-style clear glass vial, rubber stopper + aluminum crimp seal only. FORBIDDEN: black twist caps, screw caps, dropper bottles. SIGNAGE RULE: premium clean research lab only. No safety placards, no industrial alert graphics, no trefoil icons, no striped floor tape, no danger banners. Do not print alert words on walls, floors, labels, or posters. Only neutral room names and product typography.",Captions MUST be only about AOD-9604 (V-AOD-001) and https://www.palmbeach-vitality.store/products/aod-9604.,Active,488,,488,Funny,Fat Loss & Metabolism
LI-489,vid_gen_landscape_scenes,16:9,vial_10ml_scene,LI-489 — Fat Loss & Metabolism — Melanotan 2,A crystal-clear recovery vial on a circular platform of polished copper that warms with a soft glow,"16:9 landscape cinematic framing, deep environmental context",Dramatic mood lighting,"10mL sterile injectable-style glass vial of Melanotan 2 with rubber stopper + aluminum crimp seal (NEVER black twist/screw cap); mid-ground in scene, not extreme macro","10mL sterile injectable-style glass vial with rubber stopper and aluminum crimp seal (NOT screw-cap, NOT black twist cap)",V-MT2-001,Melanotan 2,https://www.palmbeach-vitality.store/products/melonotan,"LANDSCAPE SCENE (16:9) for workflow vid_gen_landscape_scenes. Source visual+motion: A crystal-clear recovery vial on a circular platform of polished copper that warms with a soft glow, while surrounding water freezes in elegant crystals then melts cleanly. Soft volumetric god-rays cut through the scene. Vibe: Dramatic. Theme: Fat Loss & Metabolism. Product lock: Melanotan 2 (V-MT2-001). Form: 10mL sterile injectable-style glass vial with rubber stopper and aluminum crimp seal (NOT screw-cap, NOT black twist cap). Camera: 16:9 landscape cinematic framing, deep environmental context. Keep product as part of a full environmental scene — not an isolated void packshot. VIAL SPEC: 10mL sterile injectable-style clear glass vial, rubber stopper + aluminum crimp seal only. FORBIDDEN: black twist caps, screw caps, dropper bottles. SIGNAGE RULE: premium clean research lab only. No safety placards, no industrial alert graphics, no trefoil icons, no striped floor tape, no danger banners. Do not print alert words on walls, floors, labels, or posters. Only neutral room names and product typography.",Captions MUST be only about Melanotan 2 (V-MT2-001) and https://www.palmbeach-vitality.store/products/melonotan.,Active,489,,489,Dramatic,Fat Loss & Metabolism
LI-490,vid_gen_landscape_scenes,16:9,vial_10ml_scene,LI-490 — Fat Loss & Metabolism — Retatrutide,A crystal-clear recovery vial catching a single snowflake that melts the instant it lands,"16:9 landscape cinematic framing, deep environmental context",Fun mood lighting,"10mL sterile injectable-style glass vial of Retatrutide with rubber stopper + aluminum crimp seal (NEVER black twist/screw cap); mid-ground in scene, not extreme macro","10mL sterile injectable-style glass vial with rubber stopper and aluminum crimp seal (NOT screw-cap, NOT black twist cap)",V-RET-001,Retatrutide,https://www.palmbeach-vitality.store/products/retatrutide,"LANDSCAPE SCENE (16:9) for workflow vid_gen_landscape_scenes. Source visual+motion: A crystal-clear recovery vial catching a single snowflake that melts the instant it lands, as one central vial remains still while others orbit it in slow motion. The environment feels charged, as if responding to the product's presence. Vibe: Fun. Theme: Fat Loss & Metabolism. Product lock: Retatrutide (V-RET-001). Form: 10mL sterile injectable-style glass vial with rubber stopper and aluminum crimp seal (NOT screw-cap, NOT black twist cap). Camera: 16:9 landscape cinematic framing, deep environmental context. Keep product as part of a full environmental scene — not an isolated void packshot. VIAL SPEC: 10mL sterile injectable-style clear glass vial, rubber stopper + aluminum crimp seal only. FORBIDDEN: black twist caps, screw caps, dropper bottles. SIGNAGE RULE: premium clean research lab only. No safety placards, no industrial alert graphics, no trefoil icons, no striped floor tape, no danger banners. Do not print alert words on walls, floors, labels, or posters. Only neutral room names and product typography.",Captions MUST be only about Retatrutide (V-RET-001) and https://www.palmbeach-vitality.store/products/retatrutide.,Active,490,,490,Fun,Fat Loss & Metabolism
LI-491,vid_gen_landscape_scenes,16:9,vial_10ml_scene,LI-491 — Nature Regeneration — Tirzepatide,A pure white ceramic-capped vial next to a torn leaf that stitches itself back together fiber by fiber,"16:9 landscape cinematic framing, deep environmental context",Funny mood lighting,"10mL sterile injectable-style glass vial of Tirzepatide with rubber stopper + aluminum crimp seal (NEVER black twist/screw cap); mid-ground in scene, not extreme macro","10mL sterile injectable-style glass vial with rubber stopper and aluminum crimp seal (NOT screw-cap, NOT black twist cap)",V-TIR-001,Tirzepatide,https://www.palmbeach-vitality.store/products/tirzepatide,"LANDSCAPE SCENE (16:9) for workflow vid_gen_landscape_scenes. Source visual+motion: A pure white ceramic-capped vial next to a torn leaf that stitches itself back together fiber by fiber, while a soft pulse of light travels from bottom to top like a heartbeat. Subtle particle systems (dust, pollen, mist) interact gracefully with the vial. Vibe: Funny. Theme: Nature Regeneration. Product lock: Tirzepatide (V-TIR-001). Form: 10mL sterile injectable-style glass vial with rubber stopper and aluminum crimp seal (NOT screw-cap, NOT black twist cap). Camera: 16:9 landscape cinematic framing, deep environmental context. Keep product as part of a full environmental scene — not an isolated void packshot. VIAL SPEC: 10mL sterile injectable-style clear glass vial, rubber stopper + aluminum crimp seal only. FORBIDDEN: black twist caps, screw caps, dropper bottles. SIGNAGE RULE: premium clean research lab only. No safety placards, no industrial alert graphics, no trefoil icons, no striped floor tape, no danger banners. Do not print alert words on walls, floors, labels, or posters. Only neutral room names and product typography.",Captions MUST be only about Tirzepatide (V-TIR-001) and https://www.palmbeach-vitality.store/products/tirzepatide.,Active,491,,491,Funny,Nature Regeneration
LI-492,vid_gen_landscape_scenes,16:9,pen_3ml_scene,LI-492 — Recovery & Healing — Retatrutide,A frosted glass bottle of cellular support framed by two large tropical leaves that slowly close then reopen like curtains,"16:9 landscape cinematic framing, deep environmental context",Dramatic mood lighting,"3mL research dosage pen of Retatrutide as mid-ground hero in the scene (not extreme macro; no injection act, no people)",3mL pre-filled research dosage pen,P-RET-001,Retatrutide,https://www.palmbeach-vitality.store/products/retatrutride-8mg-pen,"LANDSCAPE SCENE (16:9) for workflow vid_gen_landscape_scenes. Source visual+motion: A frosted glass bottle of cellular support framed by two large tropical leaves that slowly close then reopen like curtains, appearing to crack open like ice, revealing brighter liquid within. A gentle breeze moves surrounding elements without disturbing the product. Vibe: Dramatic. Theme: Recovery & Healing. Product lock: Retatrutide (P-RET-001). Form: 3mL pre-filled research dosage pen. Camera: 16:9 landscape cinematic framing, deep environmental context. Keep product as part of a full environmental scene — not an isolated void packshot. PEN SPEC: 3mL pre-filled research dosage pen. No injection act, no people, no needles in use. SIGNAGE RULE: premium clean research lab only. No safety placards, no industrial alert graphics, no trefoil icons, no striped floor tape, no danger banners. Do not print alert words on walls, floors, labels, or posters. Only neutral room names and product typography.",Captions MUST be only about Retatrutide (P-RET-001) and https://www.palmbeach-vitality.store/products/retatrutride-8mg-pen.,Active,492,,492,Dramatic,Recovery & Healing
LI-493,vid_gen_landscape_scenes,16:9,pen_3ml_scene,LI-493 — Abstract Cellular — KPV / BPC-157 / TB-500 / GHK-Cu,A matte-black peptide pen beside a deflated balloon that slowly reinflates to full shape,"16:9 landscape cinematic framing, deep environmental context",Fun mood lighting,"3mL research dosage pen of KPV / BPC-157 / TB-500 / GHK-Cu as mid-ground hero in the scene (not extreme macro; no injection act, no people)",3mL pre-filled research dosage pen,P-KLO-001,KPV / BPC-157 / TB-500 / GHK-Cu,https://www.palmbeach-vitality.store/products/klow-pen,"LANDSCAPE SCENE (16:9) for workflow vid_gen_landscape_scenes. Source visual+motion: A matte-black peptide pen beside a deflated balloon that slowly reinflates to full shape, with its label slowly peeling back just enough to hint at a second layer underneath. Soft volumetric god-rays cut through the scene. Vibe: Fun. Theme: Abstract Cellular. Product lock: KPV / BPC-157 / TB-500 / GHK-Cu (P-KLO-001). Form: 3mL pre-filled research dosage pen. Camera: 16:9 landscape cinematic framing, deep environmental context. Keep product as part of a full environmental scene — not an isolated void packshot. PEN SPEC: 3mL pre-filled research dosage pen. No injection act, no people, no needles in use. SIGNAGE RULE: premium clean research lab only. No safety placards, no industrial alert graphics, no trefoil icons, no striped floor tape, no danger banners. Do not print alert words on walls, floors, labels, or posters. Only neutral room names and product typography.",Captions MUST be only about KPV / BPC-157 / TB-500 / GHK-Cu (P-KLO-001) and https://www.palmbeach-vitality.store/products/klow-pen.,Active,493,,493,Fun,Abstract Cellular
LI-494,vid_gen_landscape_scenes,16:9,vial_10ml_scene,LI-494 — Beach & Ocean — Semaglutide,A pure white ceramic-capped vial standing in soft white sand with moving palm-frond shadows,"16:9 landscape cinematic framing, deep environmental context",Dramatic mood lighting,"10mL sterile injectable-style glass vial of Semaglutide with rubber stopper + aluminum crimp seal (NEVER black twist/screw cap); mid-ground in scene, not extreme macro","10mL sterile injectable-style glass vial with rubber stopper and aluminum crimp seal (NOT screw-cap, NOT black twist cap)",V-SEM-001,Semaglutide,https://www.palmbeach-vitality.store/products/semaglutide,"LANDSCAPE SCENE (16:9) for workflow vid_gen_landscape_scenes. Source visual+motion: A pure white ceramic-capped vial standing in soft white sand with moving palm-frond shadows, while the background subtly accelerates in time-lapse around the still product. Extreme slow-motion emphasizes every micro-movement of liquid and light. Vibe: Dramatic. Theme: Beach & Ocean. Product lock: Semaglutide (V-SEM-001). Form: 10mL sterile injectable-style glass vial with rubber stopper and aluminum crimp seal (NOT screw-cap, NOT black twist cap). Camera: 16:9 landscape cinematic framing, deep environmental context. Keep product as part of a full environmental scene — not an isolated void packshot. VIAL SPEC: 10mL sterile injectable-style clear glass vial, rubber stopper + aluminum crimp seal only. FORBIDDEN: black twist caps, screw caps, dropper bottles. SIGNAGE RULE: premium clean research lab only. No safety placards, no industrial alert graphics, no trefoil icons, no striped floor tape, no danger banners. Do not print alert words on walls, floors, labels, or posters. Only neutral room names and product typography.",Captions MUST be only about Semaglutide (V-SEM-001) and https://www.palmbeach-vitality.store/products/semaglutide.,Active,494,,494,Dramatic,Beach & Ocean
LI-495,vid_gen_landscape_scenes,16:9,pen_3ml_scene,LI-495 — Stacks & Synergy — MOTS-C,A slim silver-capped peptide bottle inside a large empty glass terrarium with condensation forming,"16:9 landscape cinematic framing, deep environmental context",Cool mood lighting,"3mL research dosage pen of MOTS-C as mid-ground hero in the scene (not extreme macro; no injection act, no people)",3mL pre-filled research dosage pen,P-MOT-001,MOTS-C,https://www.palmbeach-vitality.store/products/mots-c,"LANDSCAPE SCENE (16:9) for workflow vid_gen_landscape_scenes. Source visual+motion: A slim silver-capped peptide bottle inside a large empty glass terrarium with condensation forming, as the product casts a shadow that moves independently of the light source. Time-lapse growth and repair happens in the periphery only. Vibe: Cool. Theme: Stacks & Synergy. Product lock: MOTS-C (P-MOT-001). Form: 3mL pre-filled research dosage pen. Camera: 16:9 landscape cinematic framing, deep environmental context. Keep product as part of a full environmental scene — not an isolated void packshot. PEN SPEC: 3mL pre-filled research dosage pen. No injection act, no people, no needles in use. SIGNAGE RULE: premium clean research lab only. No safety placards, no industrial alert graphics, no trefoil icons, no striped floor tape, no danger banners. Do not print alert words on walls, floors, labels, or posters. Only neutral room names and product typography.",Captions MUST be only about MOTS-C (P-MOT-001) and https://www.palmbeach-vitality.store/products/mots-c.,Active,495,,495,Cool,Stacks & Synergy
LI-496,vid_gen_landscape_scenes,16:9,lab_scene,LI-496 — Nature Regeneration — BPC-157,A minimalist wellness bottle on a cracked dry leaf that unfurls and turns lush green beside it,"16:9 landscape cinematic framing, deep environmental context",Cool mood lighting,scene product lock via typography / subtle mid-ground research material; no extreme close-up packshot,,V-BPC-001,BPC-157,https://www.palmbeach-vitality.store/products/bpc-157,"LANDSCAPE SCENE (16:9) for workflow vid_gen_landscape_scenes. Source visual+motion: A minimalist wellness bottle on a cracked dry leaf that unfurls and turns lush green beside it, as a single dramatic water droplet hangs from the bottom, refusing to fall. Golden hour light slides across the surface creating long lens flares. Vibe: Cool. Theme: Nature Regeneration. Product lock: BPC-157 (V-BPC-001). Form: research catalog material. Camera: 16:9 landscape cinematic framing, deep environmental context. Keep product as part of a full environmental scene — not an isolated void packshot. SIGNAGE RULE: premium clean research lab only. No safety placards, no industrial alert graphics, no trefoil icons, no striped floor tape, no danger banners. Do not print alert words on walls, floors, labels, or posters. Only neutral room names and product typography.",Captions MUST be only about BPC-157 (V-BPC-001) and https://www.palmbeach-vitality.store/products/bpc-157.,Active,496,,496,Cool,Nature Regeneration
LI-497,vid_gen_landscape_scenes,16:9,vial_10ml_scene,LI-497 — Resilience & Strength — KPV / BPC-157 / TB-500 / GHK-Cu,A crystal-clear recovery vial on a dark reflective surface under a single sharp beam of light,"16:9 landscape cinematic framing, deep environmental context",Cool mood lighting,"10mL sterile injectable-style glass vial of KPV / BPC-157 / TB-500 / GHK-Cu with rubber stopper + aluminum crimp seal (NEVER black twist/screw cap); mid-ground in scene, not extreme macro","10mL sterile injectable-style glass vial with rubber stopper and aluminum crimp seal (NOT screw-cap, NOT black twist cap)",V-KLO-001,KPV / BPC-157 / TB-500 / GHK-Cu,https://www.palmbeach-vitality.store/products/klow-kpv-bpc-157-tb-500-ghk,"LANDSCAPE SCENE (16:9) for workflow vid_gen_landscape_scenes. Source visual+motion: A crystal-clear recovery vial on a dark reflective surface under a single sharp beam of light, while soft chalk dust or powder settles into clean lines around it. The environment feels charged, as if responding to the product's presence. Vibe: Cool. Theme: Resilience & Strength. Product lock: KPV / BPC-157 / TB-500 / GHK-Cu (V-KLO-001). Form: 10mL sterile injectable-style glass vial with rubber stopper and aluminum crimp seal (NOT screw-cap, NOT black twist cap). Camera: 16:9 landscape cinematic framing, deep environmental context. Keep product as part of a full environmental scene — not an isolated void packshot. VIAL SPEC: 10mL sterile injectable-style clear glass vial, rubber stopper + aluminum crimp seal only. FORBIDDEN: black twist caps, screw caps, dropper bottles. SIGNAGE RULE: premium clean research lab only. No safety placards, no industrial alert graphics, no trefoil icons, no striped floor tape, no danger banners. Do not print alert words on walls, floors, labels, or posters. Only neutral room names and product typography.",Captions MUST be only about KPV / BPC-157 / TB-500 / GHK-Cu (V-KLO-001) and https://www.palmbeach-vitality.store/products/klow-kpv-bpc-157-tb-500-ghk.,Active,497,,497,Cool,Resilience & Strength
LI-498,vid_gen_landscape_scenes,16:9,vial_10ml_scene,LI-498 — Longevity & Anti-Aging — MOTS-C,A high-clarity research-grade vial on an empty gym floor mat with a single chalk mark that slowly fades,"16:9 landscape cinematic framing, deep environmental context",Cool mood lighting,"10mL sterile injectable-style glass vial of MOTS-C with rubber stopper + aluminum crimp seal (NEVER black twist/screw cap); mid-ground in scene, not extreme macro","10mL sterile injectable-style glass vial with rubber stopper and aluminum crimp seal (NOT screw-cap, NOT black twist cap)",V-MOT-001,MOTS-C,https://www.palmbeach-vitality.store/products/mots-c-10mg-5ml-vial,"LANDSCAPE SCENE (16:9) for workflow vid_gen_landscape_scenes. Source visual+motion: A high-clarity research-grade vial on an empty gym floor mat with a single chalk mark that slowly fades, while soft white powder explodes outward then reforms into the bottle shape. Golden hour light slides across the surface creating long lens flares. Vibe: Cool. Theme: Longevity & Anti-Aging. Product lock: MOTS-C (V-MOT-001). Form: 10mL sterile injectable-style glass vial with rubber stopper and aluminum crimp seal (NOT screw-cap, NOT black twist cap). Camera: 16:9 landscape cinematic framing, deep environmental context. Keep product as part of a full environmental scene — not an isolated void packshot. VIAL SPEC: 10mL sterile injectable-style clear glass vial, rubber stopper + aluminum crimp seal only. FORBIDDEN: black twist caps, screw caps, dropper bottles. SIGNAGE RULE: premium clean research lab only. No safety placards, no industrial alert graphics, no trefoil icons, no striped floor tape, no danger banners. Do not print alert words on walls, floors, labels, or posters. Only neutral room names and product typography.",Captions MUST be only about MOTS-C (V-MOT-001) and https://www.palmbeach-vitality.store/products/mots-c-10mg-5ml-vial.,Active,498,,498,Cool,Longevity & Anti-Aging
LI-499,vid_gen_landscape_scenes,16:9,pen_3ml_scene,LI-499 — Recovery & Healing — NAD+,A slim silver-capped peptide bottle on a cracked dry leaf that unfurls and turns lush green beside it,"16:9 landscape cinematic framing, deep environmental context",Cool mood lighting,"3mL research dosage pen of NAD+ as mid-ground hero in the scene (not extreme macro; no injection act, no people)",3mL pre-filled research dosage pen,P-NAD-001,NAD+,https://www.palmbeach-vitality.store/products/nad-pen-500mg,"LANDSCAPE SCENE (16:9) for workflow vid_gen_landscape_scenes. Source visual+motion: A slim silver-capped peptide bottle on a cracked dry leaf that unfurls and turns lush green beside it, appearing to crack open like ice, revealing brighter liquid within. The environment feels charged, as if responding to the product's presence. Vibe: Cool. Theme: Recovery & Healing. Product lock: NAD+ (P-NAD-001). Form: 3mL pre-filled research dosage pen. Camera: 16:9 landscape cinematic framing, deep environmental context. Keep product as part of a full environmental scene — not an isolated void packshot. PEN SPEC: 3mL pre-filled research dosage pen. No injection act, no people, no needles in use. SIGNAGE RULE: premium clean research lab only. No safety placards, no industrial alert graphics, no trefoil icons, no striped floor tape, no danger banners. Do not print alert words on walls, floors, labels, or posters. Only neutral room names and product typography.",Captions MUST be only about NAD+ (P-NAD-001) and https://www.palmbeach-vitality.store/products/nad-pen-500mg.,Active,499,,499,Cool,Recovery & Healing
LI-500,vid_gen_landscape_scenes,16:9,vial_10ml_scene,LI-500 — Nature Regeneration — NAD+,A sleek glass peptide vial on a tree stump as soft mushrooms appear and grow in time-lapse nearby,"16:9 landscape cinematic framing, deep environmental context",Fun mood lighting,"10mL sterile injectable-style glass vial of NAD+ with rubber stopper + aluminum crimp seal (NEVER black twist/screw cap); mid-ground in scene, not extreme macro","10mL sterile injectable-style glass vial with rubber stopper and aluminum crimp seal (NOT screw-cap, NOT black twist cap)",V-NAD-001,NAD+,https://www.palmbeach-vitality.store/products/nad-1,"LANDSCAPE SCENE (16:9) for workflow vid_gen_landscape_scenes. Source visual+motion: A sleek glass peptide vial on a tree stump as soft mushrooms appear and grow in time-lapse nearby, with the bottle slowly spinning faster then abruptly stopping in perfect frame. Deep contrast between the sharp product and soft, dreamy background. Vibe: Fun. Theme: Nature Regeneration. Product lock: NAD+ (V-NAD-001). Form: 10mL sterile injectable-style glass vial with rubber stopper and aluminum crimp seal (NOT screw-cap, NOT black twist cap). Camera: 16:9 landscape cinematic framing, deep environmental context. Keep product as part of a full environmental scene — not an isolated void packshot. VIAL SPEC: 10mL sterile injectable-style clear glass vial, rubber stopper + aluminum crimp seal only. FORBIDDEN: black twist caps, screw caps, dropper bottles. SIGNAGE RULE: premium clean research lab only. No safety placards, no industrial alert graphics, no trefoil icons, no striped floor tape, no danger banners. Do not print alert words on walls, floors, labels, or posters. Only neutral room names and product typography.",Captions MUST be only about NAD+ (V-NAD-001) and https://www.palmbeach-vitality.store/products/nad-1.,Active,500,,500,Fun,Nature Regeneration
